/////////////////////////////////   ARMV4  ////////////////////////////////////////

// ******** Vendor  ********
INSERT INTO Vendor VALUES ('{35583C00-7208-11D3-99F3-00105A0DF099}','Microsoft','Microsoft' )
INSERT INTO Vendor VALUES ('{35583C04-7208-11D3-99F3-00105A0DF099}','ARM','Advanced Risc Machines' )

// ******** CPUFamily  ********
INSERT INTO CPUFamily VALUES ('{FFEF61B0-6C93-11D3-843A-005004848CBA}','ARM','Arm family','5','ARM') 

// ******** IdeFamily  ********
INSERT INTO IDEFamily VALUES ('{9223DBE8-426E-4dc6-A333-B36C370082A7}','ARMV4',NULL,'Win32 (WCE ARMV4)','163','vc60.pdb','ARMV4',FALSE)             

// ******** CPU  ********
INSERT INTO CPU VALUES ('{ECBEA43D-CD7B-4852-AD55-D4227B5D624B}','{35583C04-7208-11D3-99F3-00105A0DF099}','ARMV4','ARMV4 32-bit','{FFEF61B0-6C93-11D3-843A-005004848CBA}','{9223DBE8-426E-4dc6-A333-B36C370082A7}','2577','0','0','448','ARMV4' )

// ******** PID  ********
INSERT INTO ObjAttr VALUES ('ProductID','{ECBEA43D-CD7B-4852-AD55-D4227B5D624B}','ProductID','ProductID',2,0,'PID',0)

// ******** Tool  ********
INSERT INTO Tool VALUES ('{58936260-9DF5-11D5-96F8-00207802C01C}','{35583C00-7208-11D3-99F3-00105A0DF099}','CLARMV4','ARMV4 source compiler','clarm.exe',NULL )
INSERT INTO Tool VALUES ('{58936261-9DF5-11D5-96F8-00207802C01C}','{35583C00-7208-11D3-99F3-00105A0DF099}','LINKARMV4','ARMV4 Linker','link.exe',NULL )
INSERT INTO Tool VALUES ('{58936262-9DF5-11D5-96F8-00207802C01C}','{35583C00-7208-11D3-99F3-00105A0DF099}','VCRCARMV4','baseline resource compiler','rc.exe',NULL )
INSERT INTO Tool VALUES ('{58936263-9DF5-11D5-96F8-00207802C01C}','{35583C00-7208-11D3-99F3-00105A0DF099}','MIDLARMV4','ARMV4 middle compiler','midl.exe','COMMON\VCCE\BIN' )
INSERT INTO Tool VALUES ('{58936264-9DF5-11D5-96F8-00207802C01C}','{35583C00-7208-11D3-99F3-00105A0DF099}','BSCARMV4','ARMV4 browser compiler','bscmake.exe','COMMON\VCCE\BIN' )
INSERT INTO Tool VALUES ('{58936265-9DF5-11D5-96F8-00207802C01C}','{35583C00-7208-11D3-99F3-00105A0DF099}','COFFARMV4','ARMV4 coff','link.exe',NULL )
INSERT INTO Tool VALUES ('{58936266-9DF5-11D5-96F8-00207802C01C}','{35583C00-7208-11D3-99F3-00105A0DF099}','DBGARMV4','ARMV4 debugger','odar4',NULL )
INSERT INTO Tool VALUES ('{58936267-9DF5-11D5-96F8-00207802C01C}','{35583C00-7208-11D3-99F3-00105A0DF099}','LIBARMV4','ARMV4 library manager','link.exe',NULL )
INSERT INTO Tool VALUES ('{58936268-9DF5-11D5-96F8-00207802C01C}','{35583C00-7208-11D3-99F3-00105A0DF099}','DBGCEFARMV4','CEF debugger for ARMV4','odcefarm',NULL )

// ******** ObjAttr  ********
// DBGARMV4
INSERT INTO ObjAttr VALUES ('IsEmulation',	'{58936266-9DF5-11D5-96F8-00207802C01C}','Emulation','Specifies whether this is for emulation','1','0',NULL,NULL )
INSERT INTO ObjAttr VALUES ('STSupport',		'{58936266-9DF5-11D5-96F8-00207802C01C}','ST Support','The type of ST support','1','1',NULL,NULL )
INSERT INTO ObjAttr VALUES ('SupportsATP',	'{58936266-9DF5-11D5-96F8-00207802C01C}','Supports ATP','Specifies whether ATP is supported','1','0',NULL,NULL )
INSERT INTO ObjAttr VALUES ('SupportsSINH',	'{58936266-9DF5-11D5-96F8-00207802C01C}','Supports SINH','Specifies whether SINH is supported','1','0',NULL,NULL )
INSERT INTO ObjAttr VALUES ('TargetUP',		'{58936266-9DF5-11D5-96F8-00207802C01C}','?','Specifies the target UP','1','133',NULL,NULL )
INSERT INTO ObjAttr VALUES ('EE',				'{58936266-9DF5-11D5-96F8-00207802C01C}','EE','The EE for this debugger','2','0','EECXXCE',NULL )
INSERT INTO ObjAttr VALUES ('EM',				'{58936266-9DF5-11D5-96F8-00207802C01C}','EM','The EM for this debugger','2','0','EMCE',NULL )
INSERT INTO ObjAttr VALUES ('SH',				'{58936266-9DF5-11D5-96F8-00207802C01C}','SH','The SH for this debugger','2','0','SHCVCE',NULL )
// CLARMV4
INSERT INTO ObjAttr VALUES ('Input',	'{58936260-9DF5-11D5-96F8-00207802C01C}','Input','The extension of files take','2','0','*.c;*.cpp;*.cxx',NULL )
INSERT INTO ObjAttr VALUES ('Prefix','{58936260-9DF5-11D5-96F8-00207802C01C}','Prefix','The prefix of the tool','2','0','CPP',NULL )
// LINKARMV4
INSERT INTO ObjAttr VALUES ('Input',	'{58936261-9DF5-11D5-96F8-00207802C01C}','Input','The extension of files take','2','0','*.obj;*.res;*.lib;*.def;*.rsc',NULL )
INSERT INTO ObjAttr VALUES ('Prefix','{58936261-9DF5-11D5-96F8-00207802C01C}','Prefix','The prefix of the tool','2','0','LINK32',NULL )
// LIBARMV4
INSERT INTO ObjAttr VALUES ('Input',	'{58936267-9DF5-11D5-96F8-00207802C01C}','Input','The extension of files take','2','0','*.obj;*.res;*.lib',NULL )
INSERT INTO ObjAttr VALUES ('Prefix','{58936267-9DF5-11D5-96F8-00207802C01C}','Prefix','The prefix of the tool','2','0','LIB32',NULL )
// DBGCEFARMV4
INSERT INTO ObjAttr VALUES ('NativeDebugger','{58936268-9DF5-11D5-96F8-00207802C01C}','DBGARMV4','ARMV4 native debugger','3','0',NULL,'{58936266-9DF5-11D5-96F8-00207802C01C}' )

// ******** OS  ********
INSERT INTO OS VALUES ('{42CA0006-5AA4-11D3-99E7-00105A0DF099}','{35583C00-7208-11D3-99F3-00105A0DF099}','Default','Default','0.00','0','0' )

// ******** Platform  ********
INSERT INTO Platform VALUES ('{8A9A2F80-6887-11D3-842E-005004848CBA}','{35583C00-7208-11D3-99F3-00105A0DF099}','Default','Default','{42CA0006-5AA4-11D3-99E7-00105A0DF099}',NULL,'0','0' )

// ******** ToolEntry  ********
// ARMV4                       // Platform                              // OS                                     // CPU                                   //TOOL                             // Tool Type
INSERT INTO ToolEntry VALUES ('{8A9A2F80-6887-11D3-842E-005004848CBA}','{42CA0006-5AA4-11D3-99E7-00105A0DF099}','{ECBEA43D-CD7B-4852-AD55-D4227B5D624B}','{58936260-9DF5-11D5-96F8-00207802C01C}','1' )
INSERT INTO ToolEntry VALUES ('{8A9A2F80-6887-11D3-842E-005004848CBA}','{42CA0006-5AA4-11D3-99E7-00105A0DF099}','{ECBEA43D-CD7B-4852-AD55-D4227B5D624B}','{58936261-9DF5-11D5-96F8-00207802C01C}','4' )
INSERT INTO ToolEntry VALUES ('{8A9A2F80-6887-11D3-842E-005004848CBA}','{42CA0006-5AA4-11D3-99E7-00105A0DF099}','{ECBEA43D-CD7B-4852-AD55-D4227B5D624B}','{58936262-9DF5-11D5-96F8-00207802C01C}','3' )
INSERT INTO ToolEntry VALUES ('{8A9A2F80-6887-11D3-842E-005004848CBA}','{42CA0006-5AA4-11D3-99E7-00105A0DF099}','{ECBEA43D-CD7B-4852-AD55-D4227B5D624B}','{58936263-9DF5-11D5-96F8-00207802C01C}','7' )
INSERT INTO ToolEntry VALUES ('{8A9A2F80-6887-11D3-842E-005004848CBA}','{42CA0006-5AA4-11D3-99E7-00105A0DF099}','{ECBEA43D-CD7B-4852-AD55-D4227B5D624B}','{58936264-9DF5-11D5-96F8-00207802C01C}','8' )
INSERT INTO ToolEntry VALUES ('{8A9A2F80-6887-11D3-842E-005004848CBA}','{42CA0006-5AA4-11D3-99E7-00105A0DF099}','{ECBEA43D-CD7B-4852-AD55-D4227B5D624B}','{58936265-9DF5-11D5-96F8-00207802C01C}','9' )
INSERT INTO ToolEntry VALUES ('{8A9A2F80-6887-11D3-842E-005004848CBA}','{42CA0006-5AA4-11D3-99E7-00105A0DF099}','{ECBEA43D-CD7B-4852-AD55-D4227B5D624B}','{58936266-9DF5-11D5-96F8-00207802C01C}','2' )
INSERT INTO ToolEntry VALUES ('{8A9A2F80-6887-11D3-842E-005004848CBA}','{42CA0006-5AA4-11D3-99E7-00105A0DF099}','{ECBEA43D-CD7B-4852-AD55-D4227B5D624B}','{58936267-9DF5-11D5-96F8-00207802C01C}','5' )
INSERT INTO ToolEntry VALUES ('{8A9A2F80-6887-11D3-842E-005004848CBA}','{42CA0006-5AA4-11D3-99E7-00105A0DF099}','{ECBEA43D-CD7B-4852-AD55-D4227B5D624B}','{58936268-9DF5-11D5-96F8-00207802C01C}','6' )
 
// ******** ToolOption  ********
                // CL
INSERT INTO ToolOption VALUES ('{58936327-9DF5-11D5-96F8-00207802C01C}','{58936260-9DF5-11D5-96F8-00207802C01C}','ASSEMBLY_LISTING_ARMV4','UI configure assembly listing','2','1000','/FA',FALSE)       
INSERT INTO ToolOption VALUES ('{58936326-9DF5-11D5-96F8-00207802C01C}','{58936260-9DF5-11D5-96F8-00207802C01C}','PRECOMPILE_HEADER_ARMV4','UI support precompile header','2','1003',NULL,FALSE)         
INSERT INTO ToolOption VALUES ('{58936325-9DF5-11D5-96F8-00207802C01C}','{58936260-9DF5-11D5-96F8-00207802C01C}','DISABLE_CONSTRUCTION_DISPLACEMENT_ARMV4','UI disable construction displacement','2','1001','/vd0',FALSE)
INSERT INTO ToolOption VALUES ('{58936324-9DF5-11D5-96F8-00207802C01C}','{58936260-9DF5-11D5-96F8-00207802C01C}','GENERAL_PURPOSE_ALWAYS_ARMV4','UI pointer to member presentation method','2','1002','/vmg',FALSE)    
INSERT INTO ToolOption VALUES ('{58936323-9DF5-11D5-96F8-00207802C01C}','{58936260-9DF5-11D5-96F8-00207802C01C}','ARMV4DISABLE_OPTIMIZATIONS','Disables all compiler optimizations','2',NULL,'/Od',FALSE)       
INSERT INTO ToolOption VALUES ('{58936322-9DF5-11D5-96F8-00207802C01C}','{58936260-9DF5-11D5-96F8-00207802C01C}','ARMV4_MAXIMUM_OPTIMIZATION','maximum opts. (/Ogityb1 /Gs)','2',NULL,'/O2',FALSE)  
INSERT INTO ToolOption VALUES ('{58936321-9DF5-11D5-96F8-00207802C01C}','{58936260-9DF5-11D5-96F8-00207802C01C}','CECRTMT_ARMV4','Release Lib Macro','2',NULL,'/M$(CECrtMT)',FALSE) 
INSERT INTO ToolOption VALUES ('{58936320-9DF5-11D5-96F8-00207802C01C}','{58936260-9DF5-11D5-96F8-00207802C01C}','CECRTMTDEBUG_ARMV4','Debug Lib Macro','2',NULL,'/M$(CECrtMTDebug)',FALSE)       
INSERT INTO ToolOption VALUES ('{5893631F-9DF5-11D5-96F8-00207802C01C}','{58936260-9DF5-11D5-96F8-00207802C01C}','UNICODE_ARMV4','Turn on Unicode','2',NULL,'/D UNICODE /D _UNICODE',FALSE)       
INSERT INTO ToolOption VALUES ('{5893631E-9DF5-11D5-96F8-00207802C01C}','{58936260-9DF5-11D5-96F8-00207802C01C}','AFXDLL_ARMV4','Define _AFXDLL for dynamic linking to MFC','2',NULL,'/D _AFXDLL',FALSE)       
INSERT INTO ToolOption VALUES ('{5893631D-9DF5-11D5-96F8-00207802C01C}','{58936260-9DF5-11D5-96F8-00207802C01C}','ATL_STATIC_REGISTRY_ARMV4','Define _ATL_STATIC_REGISTRY','2',NULL,'/D _ATL_STATIC_REGISTRY',FALSE)          
INSERT INTO ToolOption VALUES ('{5893631C-9DF5-11D5-96F8-00207802C01C}','{58936260-9DF5-11D5-96F8-00207802C01C}','NDEBUG_ARMV4','the NDEBUG define for release prjs','2',NULL,'/D NDEBUG',FALSE)  
INSERT INTO ToolOption VALUES ('{5893631B-9DF5-11D5-96F8-00207802C01C}','{58936260-9DF5-11D5-96F8-00207802C01C}','ARMV4_CPLR_DBG','IDS_ARMV4_CPLR_DBG','2','1','/DDEBUG',FALSE)       
INSERT INTO ToolOption VALUES ('{5893631A-9DF5-11D5-96F8-00207802C01C}','{58936260-9DF5-11D5-96F8-00207802C01C}','ARMV4EXE_CPLR_DBG','IDS_ARMV4EXE_CPLR_DBG','2','1','/Zi  /DARM /D_ARM_ /DARMV4 /DUNDER_CE=$(CEVersion) /D_WIN32_WCE=$(CEVersion)',FALSE)          
INSERT INTO ToolOption VALUES ('{58936319-9DF5-11D5-96F8-00207802C01C}','{58936260-9DF5-11D5-96F8-00207802C01C}','ARMV4_CPLR_COMMON','IDS_ARMV4_CPLR_COMMON','2','1','/c /nologo /D_WIN32_WCE=$(CEVersion) /D $(CePlatform)',FALSE)   
INSERT INTO ToolOption VALUES ('{58936318-9DF5-11D5-96F8-00207802C01C}','{58936260-9DF5-11D5-96F8-00207802C01C}','ARMV4DLL_CPLR_DBG','IDS_ARMV4DLL_CPLR_DBG','2','1','/Zi  /DARM /D_ARM_ /DARMV4 /DUNDER_CE=$(CEVersion) /D_WIN32_WCE=$(CEVersion)',FALSE)          
INSERT INTO ToolOption VALUES ('{58936317-9DF5-11D5-96F8-00207802C01C}','{58936260-9DF5-11D5-96F8-00207802C01C}','ARMV4CON_CPLR_DBG','IDS_ARMV4CON_CPLR_DBG','2','1','/Zi  /DARM /D_ARM_ /DARMV4 /DUNDER_CE=$(CEVersion) /D_WIN32_WCE=$(CEVersion)',FALSE)          
INSERT INTO ToolOption VALUES ('{58936316-9DF5-11D5-96F8-00207802C01C}','{58936260-9DF5-11D5-96F8-00207802C01C}','ARMV4LIB_CPLR_DBG','IDS_ARMV4LIB_CPLR_DBG','2','1','/Zi  /DARM /D_ARM_ /DARMV4 /DUNDER_CE=$(CEVersion) /D_WIN32_WCE=$(CEVersion)',FALSE)          
INSERT INTO ToolOption VALUES ('{58936315-9DF5-11D5-96F8-00207802C01C}','{58936264-9DF5-11D5-96F8-00207802C01C}','ARMV4_BSC_COMMON','IDS_ARMV4_BSC_COMMON','2','1','/nologo',FALSE)   
INSERT INTO ToolOption VALUES ('{58936314-9DF5-11D5-96F8-00207802C01C}','{58936260-9DF5-11D5-96F8-00207802C01C}','ARMV4EXE_CPLR_REL','IDS_ARMV4EXE_CPLR_REL','2','1','/DARM /D_ARM_ /DARMV4 /DUNDER_CE=$(CEVersion) /D_WIN32_WCE=$(CEVersion)',FALSE) 
INSERT INTO ToolOption VALUES ('{58936313-9DF5-11D5-96F8-00207802C01C}','{58936260-9DF5-11D5-96F8-00207802C01C}','ARMV4DLL_CPLR_REL','IDS_ARMV4DLL_CPLR_REL','2','1','/DARM /D_ARM_ /DARMV4 /DUNDER_CE=$(CEVersion) /D_WIN32_WCE=$(CEVersion)',FALSE) 
INSERT INTO ToolOption VALUES ('{58936312-9DF5-11D5-96F8-00207802C01C}','{58936260-9DF5-11D5-96F8-00207802C01C}','ARMV4CON_CPLR_REL','IDS_ARMV4CON_CPLR_REL','2','1','/DARM /D_ARM_ /DARMV4 /DUNDER_CE=$(CEVersion) /D_WIN32_WCE=$(CEVersion)',FALSE) 
INSERT INTO ToolOption VALUES ('{58936311-9DF5-11D5-96F8-00207802C01C}','{58936260-9DF5-11D5-96F8-00207802C01C}','ARMV4LIB_CPLR_REL','IDS_ARMV4LIB_CPLR_REL','2','1','/DARM /D_ARM_ /DARMV4 /DUNDER_CE=$(CEVersion) /D_WIN32_WCE=$(CEVersion)',FALSE) 
INSERT INTO ToolOption VALUES ('{58936310-9DF5-11D5-96F8-00207802C01C}','{58936260-9DF5-11D5-96F8-00207802C01C}','ARMV4ATL_CPLR_DBG','Specific flags for ARMV4 Compiler (ATL DBG build)','2','1','/D _USRDLL',FALSE) 
INSERT INTO ToolOption VALUES ('{5893630F-9DF5-11D5-96F8-00207802C01C}','{58936260-9DF5-11D5-96F8-00207802C01C}','ARMV4MFC_CPLR_COMMON',NULL,'2','1','/c /nologo /D_WIN32_WCE=$(CEVersion) /D $(CePlatform)',FALSE)       
INSERT INTO ToolOption VALUES ('{5893630E-9DF5-11D5-96F8-00207802C01C}','{58936260-9DF5-11D5-96F8-00207802C01C}','ARMV4ATL_CPLR_COMMON',NULL,'2','1','/D _USRDLL /c /D $(CePlatform)',FALSE)      
INSERT INTO ToolOption VALUES ('{5893630D-9DF5-11D5-96F8-00207802C01C}','{58936260-9DF5-11D5-96F8-00207802C01C}','ARMV4ATL_CPLR_REL',NULL,'2','1','/nologo /DARM /D_ARM_ /DARMV4 /DUNDER_CE=$(CEVersion) /D_WIN32_WCE=$(CEVersion)',FALSE)          
INSERT INTO ToolOption VALUES ('{5893630C-9DF5-11D5-96F8-00207802C01C}','{58936260-9DF5-11D5-96F8-00207802C01C}','ARMV4ACTIVEX_CPLR_COMMON',NULL,'2','1','/GX-',FALSE)   
INSERT INTO ToolOption VALUES ('{5893630B-9DF5-11D5-96F8-00207802C01C}','{58936260-9DF5-11D5-96F8-00207802C01C}','AUTOMATIC PRECOMPILED HEADERS_ARMV4','Use automatic precompiled headers','2','1','/YX',FALSE)     
INSERT INTO ToolOption VALUES ('{5893630A-9DF5-11D5-96F8-00207802C01C}','{58936260-9DF5-11D5-96F8-00207802C01C}','WARNING_LEVEL','Use Warning Level 3','2','1','/W3',FALSE)
INSERT INTO ToolOption VALUES ('{58936309-9DF5-11D5-96F8-00207802C01C}','{58936260-9DF5-11D5-96F8-00207802C01C}','ARMV4ASSUME_NO_ALIASING','IDS_SH3_ASSUME_NO_ALIASING','2','1007','/Oa',FALSE)

                // LIB
INSERT INTO ToolOption VALUES ('{58936308-9DF5-11D5-96F8-00207802C01C}','{58936267-9DF5-11D5-96F8-00207802C01C}','ARMV4_LIB_COMMON',NULL,'2',NULL,'/nologo',FALSE)    

                // COFF
INSERT INTO ToolOption VALUES ('{58936307-9DF5-11D5-96F8-00207802C01C}','{58936265-9DF5-11D5-96F8-00207802C01C}','ARMV4_COFF_COMMON','IDS_ARMV4LIB_LINK','2','1','/nologo',FALSE)     

                // LINK
INSERT INTO ToolOption VALUES ('{58936306-9DF5-11D5-96F8-00207802C01C}','{58936261-9DF5-11D5-96F8-00207802C01C}','LINKDBG_FORMAT_COFF_ARMV4','UI debug format COFF','2','1004','/debugtype:coff',FALSE)  
INSERT INTO ToolOption VALUES ('{58936305-9DF5-11D5-96F8-00207802C01C}','{58936261-9DF5-11D5-96F8-00207802C01C}','ARMV4_LINKALIGN','/align','2','1',' /align:',TRUE)  
INSERT INTO ToolOption VALUES ('{58936304-9DF5-11D5-96F8-00207802C01C}','{58936261-9DF5-11D5-96F8-00207802C01C}','BASE_TENTHOUSAND_ARMV4','/base flag for .exe proj types','2',NULL,'/base:0x00010000',FALSE)   
INSERT INTO ToolOption VALUES ('{58936303-9DF5-11D5-96F8-00207802C01C}','{58936261-9DF5-11D5-96F8-00207802C01C}','STACK_ARMV4','standard /STACK setting','2',NULL,'/STACK:65536,4096',FALSE)      
INSERT INTO ToolOption VALUES ('{58936302-9DF5-11D5-96F8-00207802C01C}','{58936261-9DF5-11D5-96F8-00207802C01C}','BASE_100K_ARMV4','/base flag for .dll proj types','2',NULL,'/base:0x00100000',FALSE)          
INSERT INTO ToolOption VALUES ('{58936301-9DF5-11D5-96F8-00207802C01C}','{58936261-9DF5-11D5-96F8-00207802C01C}','MACHINE_ARMV4','set machine type for linker','2',NULL,'/MACHINE:ARM',FALSE)     
INSERT INTO ToolOption VALUES ('{58936300-9DF5-11D5-96F8-00207802C01C}','{58936261-9DF5-11D5-96F8-00207802C01C}','NO_INCREMENTAL_LINKING_ARMV4','Incremental Linking Flag','2','1006','/INCREMENTAL:NO',FALSE)   
INSERT INTO ToolOption VALUES ('{589362FF-9DF5-11D5-96F8-00207802C01C}','{58936261-9DF5-11D5-96F8-00207802C01C}','ARMV4_LINK_ARMV4_COMMON','IDS_ARMV4_LINK_ARMV4_COMMON','2','1','/NOLOGO /subsystem:$(CESubsystem) /nodefaultlib:$(CENoDefaultLib)',FALSE)     
INSERT INTO ToolOption VALUES ('{589362FE-9DF5-11D5-96F8-00207802C01C}','{58936261-9DF5-11D5-96F8-00207802C01C}','ARMV4_LINK_DBG','IDS_ARMV4_LINK_DBG','2','1','/DEBUG /DEBUGTYPE:CV',FALSE)        
INSERT INTO ToolOption VALUES ('{589362FD-9DF5-11D5-96F8-00207802C01C}','{58936261-9DF5-11D5-96F8-00207802C01C}','ARMV4EXE_LINK_DBG','IDS_ARMV4EXE_LINK_DBG','2','1','/entry:WinMainCRTStartup',FALSE) 
INSERT INTO ToolOption VALUES ('{589362FC-9DF5-11D5-96F8-00207802C01C}','{58936261-9DF5-11D5-96F8-00207802C01C}','ARMV4_LIB_DBG','IDS_ARMV4_LIB_DBG','2','1','commctrl.lib coredll.lib ',FALSE)      
INSERT INTO ToolOption VALUES ('{589362FB-9DF5-11D5-96F8-00207802C01C}','{58936261-9DF5-11D5-96F8-00207802C01C}','INCREMENTAL_LINKING_ARMV4','Incremental Linking Flag','2','1006','/INCREMENTAL:YES',FALSE)     
INSERT INTO ToolOption VALUES ('{589362FA-9DF5-11D5-96F8-00207802C01C}','{58936261-9DF5-11D5-96F8-00207802C01C}','ARMV4DLL_LINK_DBG','IDS_ARMV4DLL_LINK_DBG','2','1','/DLL /entry:_DllMainCRTStartup',FALSE)      
INSERT INTO ToolOption VALUES ('{589362F9-9DF5-11D5-96F8-00207802C01C}','{58936261-9DF5-11D5-96F8-00207802C01C}','ARMV4_CONLIB','IDS_ARMV4_CONLIB','2','1','commctrl.lib coredll.lib ',FALSE)        
INSERT INTO ToolOption VALUES ('{589362F8-9DF5-11D5-96F8-00207802C01C}','{58936261-9DF5-11D5-96F8-00207802C01C}','ARMV4CON_LINK_DBG','IDS_ARMV4CON_LINK_DBG','2','1','/entry:WinMainCRTStartup',FALSE) 
INSERT INTO ToolOption VALUES ('{589362F7-9DF5-11D5-96F8-00207802C01C}','{58936261-9DF5-11D5-96F8-00207802C01C}','ARMV4MFCEXE_LINK_DBG','Specific flags for ARMV4 Linker (MFC EXE Debug build)','2','1','/DEBUG /entry:wWinMainCRTStartup',FALSE)
INSERT INTO ToolOption VALUES ('{589362F6-9DF5-11D5-96F8-00207802C01C}','{58936261-9DF5-11D5-96F8-00207802C01C}','ARMV4MFCDLL_LINK_DBG','Specific flags for ARMV4 Linker (MFC DLL Debug build)','2','1','/DEBUG',FALSE)         
INSERT INTO ToolOption VALUES ('{589362F5-9DF5-11D5-96F8-00207802C01C}','{58936261-9DF5-11D5-96F8-00207802C01C}','ARMV4MFCEXE_LINK_COMMON','ARMV4_LINK_ARMV4_COMMON without defaultlib','2','1','/NOLOGO /subsystem:$(CESubsystem)',FALSE)      
INSERT INTO ToolOption VALUES ('{589362F4-9DF5-11D5-96F8-00207802C01C}','{58936261-9DF5-11D5-96F8-00207802C01C}','ARMV4EXE_LINK_REL','IDS_ARMV4EXE_LINK_REL','2','1','/entry:WinMainCRTStartup',FALSE) 
INSERT INTO ToolOption VALUES ('{589362F3-9DF5-11D5-96F8-00207802C01C}','{58936261-9DF5-11D5-96F8-00207802C01C}','ARMV4_LINK_REL','IDS_ARMV4_LINK_REL','2','1',NULL,FALSE) 
INSERT INTO ToolOption VALUES ('{589362F2-9DF5-11D5-96F8-00207802C01C}','{58936261-9DF5-11D5-96F8-00207802C01C}','ARMV4_LIB_REL','IDS_ARMV4_LIB_REL','2','1','commctrl.lib coredll.lib ',FALSE)      
INSERT INTO ToolOption VALUES ('{589362F1-9DF5-11D5-96F8-00207802C01C}','{58936261-9DF5-11D5-96F8-00207802C01C}','ARMV4DLL_LINK_REL','IDS_ARMV4DLL_LINK_REL','2','1','/DLL /entry:_DllMainCRTStartup',FALSE)      
INSERT INTO ToolOption VALUES ('{589362F0-9DF5-11D5-96F8-00207802C01C}','{58936261-9DF5-11D5-96F8-00207802C01C}','ARMV4_LINK_REL','IDS_ARMV4_LINK_REL','2','1',NULL,FALSE) 
INSERT INTO ToolOption VALUES ('{589362EF-9DF5-11D5-96F8-00207802C01C}','{58936261-9DF5-11D5-96F8-00207802C01C}','ARMV4CON_LINK_REL','IDS_ARMV4CON_LINK_REL','2','1','/entry:WinMainCRTStartup',FALSE) 
INSERT INTO ToolOption VALUES ('{589362EE-9DF5-11D5-96F8-00207802C01C}','{58936261-9DF5-11D5-96F8-00207802C01C}','ARMV4_LINK_REL','IDS_ARMV4_LINK_REL','2','1',NULL,FALSE) 
INSERT INTO ToolOption VALUES ('{589362ED-9DF5-11D5-96F8-00207802C01C}','{58936261-9DF5-11D5-96F8-00207802C01C}','ARMV4LIB_LINK','IDS_ARMV4LIB_LINK','2','1','/NOLOGO',FALSE)         
INSERT INTO ToolOption VALUES ('{589362EC-9DF5-11D5-96F8-00207802C01C}','{58936261-9DF5-11D5-96F8-00207802C01C}','ARMV4MFCEXE_LINK_REL','Specific flags for ARMV4 Linker (MFC EXE Release build)','2','1','/entry:wWinMainCRTStartup',FALSE)  
INSERT INTO ToolOption VALUES ('{589362EB-9DF5-11D5-96F8-00207802C01C}','{58936261-9DF5-11D5-96F8-00207802C01C}','ARMV4MFCDLL_LINK_COMMON','ARMV4_LINK_ARMV4_COMMON without defaultlib','2','1','/NOLOGO /subsystem:$(CESubsystem)',FALSE)      

                // VCRC
INSERT INTO ToolOption VALUES ('{589362EA-9DF5-11D5-96F8-00207802C01C}','{58936262-9DF5-11D5-96F8-00207802C01C}','DEFINE_DEBUG','Define DEBUG','2','1','/D DEBUG',FALSE)         
INSERT INTO ToolOption VALUES ('{589362E9-9DF5-11D5-96F8-00207802C01C}','{58936262-9DF5-11D5-96F8-00207802C01C}','DARMV4_RC_COMMON','IDS_DARMV4_RC_COMMON','2','1','/r /DUNDER_CE=$(CEVersion) /D_WIN32_WCE=$(CEVersion)',FALSE)   
INSERT INTO ToolOption VALUES ('{589362E8-9DF5-11D5-96F8-00207802C01C}','{58936262-9DF5-11D5-96F8-00207802C01C}','DEFINE_NDEBUG','Define NDEBUG','2','1','/D NDEBUG',FALSE)        
INSERT INTO ToolOption VALUES ('{589362E7-9DF5-11D5-96F8-00207802C01C}','{58936262-9DF5-11D5-96F8-00207802C01C}','CEPLATFORM','CePlatform Macro','2','1','/D $(CePlatform)',FALSE)
INSERT INTO ToolOption VALUES ('{589362E6-9DF5-11D5-96F8-00207802C01C}','{58936262-9DF5-11D5-96F8-00207802C01C}','PROCESSOR_DEFINE','Processor Define','2','1','/D ARM /D _ARM_ /DARMV4',FALSE)
INSERT INTO ToolOption VALUES ('{589362E5-9DF5-11D5-96F8-00207802C01C}','{58936262-9DF5-11D5-96F8-00207802C01C}','DEFINE_UNICODE','Define Unicode','2','1','/D UNICODE /D _UNICODE',FALSE)

                // MIDL
INSERT INTO ToolOption VALUES ('{589362E4-9DF5-11D5-96F8-00207802C01C}','{58936263-9DF5-11D5-96F8-00207802C01C}','DEFINE_NDEBUG','Define NDEBUG','2','1','/D NDEBUG',FALSE)       
INSERT INTO ToolOption VALUES ('{589362E3-9DF5-11D5-96F8-00207802C01C}','{58936263-9DF5-11D5-96F8-00207802C01C}','ARMV4_MTL_COMMON','IDS_ARMV4_MTL_COMMON','2','1','/nologo /mktyplib203 /win32',FALSE)    
INSERT INTO ToolOption VALUES ('{589362E2-9DF5-11D5-96F8-00207802C01C}','{58936263-9DF5-11D5-96F8-00207802C01C}','DEFINE_DEBUG','Define DEBUG','2','1','/D DEBUG',FALSE)       

 
// ******** OptionValue  ********
// LINK ARMV4
INSERT INTO OptionValue VALUES ('{00F9000D-C95B-11D3-9A06-00105A0DF099}','{58936305-9DF5-11D5-96F8-00207802C01C}','/align:"4096"','/align:"4096"','"4096"',TRUE)  

// ******** ToolOptionSet  ********
// LIB ARMV4
INSERT INTO ToolOptionSet VALUES ('{58936267-9DF5-11D5-96F8-00207802C01C}','67108864','{58936308-9DF5-11D5-96F8-00207802C01C}',NULL)       
INSERT INTO ToolOptionSet VALUES ('{58936267-9DF5-11D5-96F8-00207802C01C}','67109120','{58936308-9DF5-11D5-96F8-00207802C01C}',NULL)       

// CL ARMV4
	//EXE Release settings
INSERT INTO ToolOptionSet VALUES ('{58936260-9DF5-11D5-96F8-00207802C01C}','16777216','{58936319-9DF5-11D5-96F8-00207802C01C}',NULL)       
INSERT INTO ToolOptionSet VALUES ('{58936260-9DF5-11D5-96F8-00207802C01C}','16777216','{58936314-9DF5-11D5-96F8-00207802C01C}',NULL)       
INSERT INTO ToolOptionSet VALUES ('{58936260-9DF5-11D5-96F8-00207802C01C}','16777216','{58936322-9DF5-11D5-96F8-00207802C01C}',NULL)       
INSERT INTO ToolOptionSet VALUES ('{58936260-9DF5-11D5-96F8-00207802C01C}','16777216','{5893631F-9DF5-11D5-96F8-00207802C01C}',NULL)       
INSERT INTO ToolOptionSet VALUES ('{58936260-9DF5-11D5-96F8-00207802C01C}','16777216','{5893631C-9DF5-11D5-96F8-00207802C01C}',NULL)       
INSERT INTO ToolOptionSet VALUES ('{58936260-9DF5-11D5-96F8-00207802C01C}','16777216','{58936321-9DF5-11D5-96F8-00207802C01C}',NULL)       
INSERT INTO ToolOptionSet VALUES ('{58936260-9DF5-11D5-96F8-00207802C01C}','16777216','{5893630B-9DF5-11D5-96F8-00207802C01C}',NULL)        
INSERT INTO ToolOptionSet VALUES ('{58936260-9DF5-11D5-96F8-00207802C01C}','16777216','{5893630A-9DF5-11D5-96F8-00207802C01C}',NULL)        
	//MFC EXE Release settings
INSERT INTO ToolOptionSet VALUES ('{58936260-9DF5-11D5-96F8-00207802C01C}','16777232','{58936314-9DF5-11D5-96F8-00207802C01C}',NULL)       
INSERT INTO ToolOptionSet VALUES ('{58936260-9DF5-11D5-96F8-00207802C01C}','16777232','{5893630F-9DF5-11D5-96F8-00207802C01C}',NULL)       
INSERT INTO ToolOptionSet VALUES ('{58936260-9DF5-11D5-96F8-00207802C01C}','16777232','{58936322-9DF5-11D5-96F8-00207802C01C}',NULL)       
INSERT INTO ToolOptionSet VALUES ('{58936260-9DF5-11D5-96F8-00207802C01C}','16777232','{5893631F-9DF5-11D5-96F8-00207802C01C}',NULL)       
INSERT INTO ToolOptionSet VALUES ('{58936260-9DF5-11D5-96F8-00207802C01C}','16777232','{5893631C-9DF5-11D5-96F8-00207802C01C}',NULL)       
INSERT INTO ToolOptionSet VALUES ('{58936260-9DF5-11D5-96F8-00207802C01C}','16777232','{58936321-9DF5-11D5-96F8-00207802C01C}',NULL)       
INSERT INTO ToolOptionSet VALUES ('{58936260-9DF5-11D5-96F8-00207802C01C}','16777232','{5893631E-9DF5-11D5-96F8-00207802C01C}',NULL)      
INSERT INTO ToolOptionSet VALUES ('{58936260-9DF5-11D5-96F8-00207802C01C}','16777232','{5893630B-9DF5-11D5-96F8-00207802C01C}',NULL)        
INSERT INTO ToolOptionSet VALUES ('{58936260-9DF5-11D5-96F8-00207802C01C}','16777232','{5893630A-9DF5-11D5-96F8-00207802C01C}',NULL)        
	// EXE Debug settings
INSERT INTO ToolOptionSet VALUES ('{58936260-9DF5-11D5-96F8-00207802C01C}','16777472','{5893631B-9DF5-11D5-96F8-00207802C01C}',NULL)       
INSERT INTO ToolOptionSet VALUES ('{58936260-9DF5-11D5-96F8-00207802C01C}','16777472','{5893631A-9DF5-11D5-96F8-00207802C01C}',NULL)       
INSERT INTO ToolOptionSet VALUES ('{58936260-9DF5-11D5-96F8-00207802C01C}','16777472','{58936319-9DF5-11D5-96F8-00207802C01C}',NULL)       
INSERT INTO ToolOptionSet VALUES ('{58936260-9DF5-11D5-96F8-00207802C01C}','16777472','{58936323-9DF5-11D5-96F8-00207802C01C}',NULL)       
INSERT INTO ToolOptionSet VALUES ('{58936260-9DF5-11D5-96F8-00207802C01C}','16777472','{5893631F-9DF5-11D5-96F8-00207802C01C}',NULL)       
INSERT INTO ToolOptionSet VALUES ('{58936260-9DF5-11D5-96F8-00207802C01C}','16777472','{58936320-9DF5-11D5-96F8-00207802C01C}',NULL)       
INSERT INTO ToolOptionSet VALUES ('{58936260-9DF5-11D5-96F8-00207802C01C}','16777472','{5893630B-9DF5-11D5-96F8-00207802C01C}',NULL)        
INSERT INTO ToolOptionSet VALUES ('{58936260-9DF5-11D5-96F8-00207802C01C}','16777472','{5893630A-9DF5-11D5-96F8-00207802C01C}',NULL)        
	//MFC EXE Debug settings
INSERT INTO ToolOptionSet VALUES ('{58936260-9DF5-11D5-96F8-00207802C01C}','16777488','{5893631B-9DF5-11D5-96F8-00207802C01C}',NULL)       
INSERT INTO ToolOptionSet VALUES ('{58936260-9DF5-11D5-96F8-00207802C01C}','16777488','{5893631A-9DF5-11D5-96F8-00207802C01C}',NULL)       
INSERT INTO ToolOptionSet VALUES ('{58936260-9DF5-11D5-96F8-00207802C01C}','16777488','{5893630F-9DF5-11D5-96F8-00207802C01C}',NULL)       
INSERT INTO ToolOptionSet VALUES ('{58936260-9DF5-11D5-96F8-00207802C01C}','16777488','{58936323-9DF5-11D5-96F8-00207802C01C}',NULL)       
INSERT INTO ToolOptionSet VALUES ('{58936260-9DF5-11D5-96F8-00207802C01C}','16777488','{5893631F-9DF5-11D5-96F8-00207802C01C}',NULL)       
INSERT INTO ToolOptionSet VALUES ('{58936260-9DF5-11D5-96F8-00207802C01C}','16777488','{58936320-9DF5-11D5-96F8-00207802C01C}',NULL)       
INSERT INTO ToolOptionSet VALUES ('{58936260-9DF5-11D5-96F8-00207802C01C}','16777488','{5893631E-9DF5-11D5-96F8-00207802C01C}',NULL)      
INSERT INTO ToolOptionSet VALUES ('{58936260-9DF5-11D5-96F8-00207802C01C}','16777488','{5893630B-9DF5-11D5-96F8-00207802C01C}',NULL)        
INSERT INTO ToolOptionSet VALUES ('{58936260-9DF5-11D5-96F8-00207802C01C}','16777488','{5893630A-9DF5-11D5-96F8-00207802C01C}',NULL)        
	//DLL Release settings
INSERT INTO ToolOptionSet VALUES ('{58936260-9DF5-11D5-96F8-00207802C01C}','33554432','{58936319-9DF5-11D5-96F8-00207802C01C}',NULL)       
INSERT INTO ToolOptionSet VALUES ('{58936260-9DF5-11D5-96F8-00207802C01C}','33554432','{58936313-9DF5-11D5-96F8-00207802C01C}',NULL)       
INSERT INTO ToolOptionSet VALUES ('{58936260-9DF5-11D5-96F8-00207802C01C}','33554432','{58936322-9DF5-11D5-96F8-00207802C01C}',NULL)       
INSERT INTO ToolOptionSet VALUES ('{58936260-9DF5-11D5-96F8-00207802C01C}','33554432','{5893631F-9DF5-11D5-96F8-00207802C01C}',NULL)       
INSERT INTO ToolOptionSet VALUES ('{58936260-9DF5-11D5-96F8-00207802C01C}','33554432','{5893631C-9DF5-11D5-96F8-00207802C01C}',NULL)       
INSERT INTO ToolOptionSet VALUES ('{58936260-9DF5-11D5-96F8-00207802C01C}','33554432','{58936321-9DF5-11D5-96F8-00207802C01C}',NULL)       
INSERT INTO ToolOptionSet VALUES ('{58936260-9DF5-11D5-96F8-00207802C01C}','33554432','{5893630B-9DF5-11D5-96F8-00207802C01C}',NULL)        
INSERT INTO ToolOptionSet VALUES ('{58936260-9DF5-11D5-96F8-00207802C01C}','33554432','{5893630A-9DF5-11D5-96F8-00207802C01C}',NULL)        
	//ATL DLL Release MinSize settings
INSERT INTO ToolOptionSet VALUES ('{58936260-9DF5-11D5-96F8-00207802C01C}','33554433','{5893630E-9DF5-11D5-96F8-00207802C01C}',NULL)       
INSERT INTO ToolOptionSet VALUES ('{58936260-9DF5-11D5-96F8-00207802C01C}','33554433','{5893630D-9DF5-11D5-96F8-00207802C01C}',NULL)       
INSERT INTO ToolOptionSet VALUES ('{58936260-9DF5-11D5-96F8-00207802C01C}','33554433','{58936322-9DF5-11D5-96F8-00207802C01C}',NULL)       
INSERT INTO ToolOptionSet VALUES ('{58936260-9DF5-11D5-96F8-00207802C01C}','33554433','{5893631F-9DF5-11D5-96F8-00207802C01C}',NULL)       
INSERT INTO ToolOptionSet VALUES ('{58936260-9DF5-11D5-96F8-00207802C01C}','33554433','{5893631C-9DF5-11D5-96F8-00207802C01C}',NULL)       
INSERT INTO ToolOptionSet VALUES ('{58936260-9DF5-11D5-96F8-00207802C01C}','33554433','{58936321-9DF5-11D5-96F8-00207802C01C}',NULL)       
INSERT INTO ToolOptionSet VALUES ('{58936260-9DF5-11D5-96F8-00207802C01C}','33554433','{5893630B-9DF5-11D5-96F8-00207802C01C}',NULL)        
INSERT INTO ToolOptionSet VALUES ('{58936260-9DF5-11D5-96F8-00207802C01C}','33554433','{5893630A-9DF5-11D5-96F8-00207802C01C}',NULL)        
	//ATL DLL Release MinDep settings
INSERT INTO ToolOptionSet VALUES ('{58936260-9DF5-11D5-96F8-00207802C01C}','33554434','{5893630E-9DF5-11D5-96F8-00207802C01C}',NULL)       
INSERT INTO ToolOptionSet VALUES ('{58936260-9DF5-11D5-96F8-00207802C01C}','33554434','{5893630D-9DF5-11D5-96F8-00207802C01C}',NULL)       
INSERT INTO ToolOptionSet VALUES ('{58936260-9DF5-11D5-96F8-00207802C01C}','33554434','{58936322-9DF5-11D5-96F8-00207802C01C}',NULL)       
INSERT INTO ToolOptionSet VALUES ('{58936260-9DF5-11D5-96F8-00207802C01C}','33554434','{5893631F-9DF5-11D5-96F8-00207802C01C}',NULL)       
INSERT INTO ToolOptionSet VALUES ('{58936260-9DF5-11D5-96F8-00207802C01C}','33554434','{5893631D-9DF5-11D5-96F8-00207802C01C}',NULL)       
INSERT INTO ToolOptionSet VALUES ('{58936260-9DF5-11D5-96F8-00207802C01C}','33554434','{5893631C-9DF5-11D5-96F8-00207802C01C}',NULL)       
INSERT INTO ToolOptionSet VALUES ('{58936260-9DF5-11D5-96F8-00207802C01C}','33554434','{58936321-9DF5-11D5-96F8-00207802C01C}',NULL)       
INSERT INTO ToolOptionSet VALUES ('{58936260-9DF5-11D5-96F8-00207802C01C}','33554434','{5893630B-9DF5-11D5-96F8-00207802C01C}',NULL)        
INSERT INTO ToolOptionSet VALUES ('{58936260-9DF5-11D5-96F8-00207802C01C}','33554434','{5893630A-9DF5-11D5-96F8-00207802C01C}',NULL)        
	// ATL EXE Release MinSize Settings
INSERT INTO ToolOptionSet VALUES ('{58936260-9DF5-11D5-96F8-00207802C01C}','16777217','{5893630F-9DF5-11D5-96F8-00207802C01C}',NULL)       
INSERT INTO ToolOptionSet VALUES ('{58936260-9DF5-11D5-96F8-00207802C01C}','16777217','{5893630D-9DF5-11D5-96F8-00207802C01C}',NULL)       	
INSERT INTO ToolOptionSet VALUES ('{58936260-9DF5-11D5-96F8-00207802C01C}','16777217','{58936322-9DF5-11D5-96F8-00207802C01C}',NULL)       
INSERT INTO ToolOptionSet VALUES ('{58936260-9DF5-11D5-96F8-00207802C01C}','16777217','{5893631F-9DF5-11D5-96F8-00207802C01C}',NULL)       
INSERT INTO ToolOptionSet VALUES ('{58936260-9DF5-11D5-96F8-00207802C01C}','16777217','{5893631C-9DF5-11D5-96F8-00207802C01C}',NULL)       
INSERT INTO ToolOptionSet VALUES ('{58936260-9DF5-11D5-96F8-00207802C01C}','16777217','{58936321-9DF5-11D5-96F8-00207802C01C}',NULL)       
INSERT INTO ToolOptionSet VALUES ('{58936260-9DF5-11D5-96F8-00207802C01C}','16777217','{5893630B-9DF5-11D5-96F8-00207802C01C}',NULL)        
INSERT INTO ToolOptionSet VALUES ('{58936260-9DF5-11D5-96F8-00207802C01C}','16777217','{5893630A-9DF5-11D5-96F8-00207802C01C}',NULL)        
	// ATL EXE Release MinDep Settings                                   
INSERT INTO ToolOptionSet VALUES ('{58936260-9DF5-11D5-96F8-00207802C01C}','16777218','{5893630F-9DF5-11D5-96F8-00207802C01C}',NULL)       
INSERT INTO ToolOptionSet VALUES ('{58936260-9DF5-11D5-96F8-00207802C01C}','16777218','{5893630D-9DF5-11D5-96F8-00207802C01C}',NULL)       	
INSERT INTO ToolOptionSet VALUES ('{58936260-9DF5-11D5-96F8-00207802C01C}','16777218','{58936322-9DF5-11D5-96F8-00207802C01C}',NULL)       
INSERT INTO ToolOptionSet VALUES ('{58936260-9DF5-11D5-96F8-00207802C01C}','16777218','{5893631F-9DF5-11D5-96F8-00207802C01C}',NULL)       
INSERT INTO ToolOptionSet VALUES ('{58936260-9DF5-11D5-96F8-00207802C01C}','16777218','{5893631D-9DF5-11D5-96F8-00207802C01C}',NULL)       
INSERT INTO ToolOptionSet VALUES ('{58936260-9DF5-11D5-96F8-00207802C01C}','16777218','{5893631C-9DF5-11D5-96F8-00207802C01C}',NULL)       
INSERT INTO ToolOptionSet VALUES ('{58936260-9DF5-11D5-96F8-00207802C01C}','16777218','{58936321-9DF5-11D5-96F8-00207802C01C}',NULL)       
INSERT INTO ToolOptionSet VALUES ('{58936260-9DF5-11D5-96F8-00207802C01C}','16777218','{5893630B-9DF5-11D5-96F8-00207802C01C}',NULL)        
INSERT INTO ToolOptionSet VALUES ('{58936260-9DF5-11D5-96F8-00207802C01C}','16777218','{5893630A-9DF5-11D5-96F8-00207802C01C}',NULL)        
	//MFC DLL Release settings
INSERT INTO ToolOptionSet VALUES ('{58936260-9DF5-11D5-96F8-00207802C01C}','33554448','{58936313-9DF5-11D5-96F8-00207802C01C}',NULL)       
INSERT INTO ToolOptionSet VALUES ('{58936260-9DF5-11D5-96F8-00207802C01C}','33554448','{5893630F-9DF5-11D5-96F8-00207802C01C}',NULL)       
INSERT INTO ToolOptionSet VALUES ('{58936260-9DF5-11D5-96F8-00207802C01C}','33554448','{58936322-9DF5-11D5-96F8-00207802C01C}',NULL)       
INSERT INTO ToolOptionSet VALUES ('{58936260-9DF5-11D5-96F8-00207802C01C}','33554448','{5893631F-9DF5-11D5-96F8-00207802C01C}',NULL)       
INSERT INTO ToolOptionSet VALUES ('{58936260-9DF5-11D5-96F8-00207802C01C}','33554448','{5893631C-9DF5-11D5-96F8-00207802C01C}',NULL)       
INSERT INTO ToolOptionSet VALUES ('{58936260-9DF5-11D5-96F8-00207802C01C}','33554448','{58936321-9DF5-11D5-96F8-00207802C01C}',NULL)       
INSERT INTO ToolOptionSet VALUES ('{58936260-9DF5-11D5-96F8-00207802C01C}','33554448','{5893631E-9DF5-11D5-96F8-00207802C01C}',NULL)      
INSERT INTO ToolOptionSet VALUES ('{58936260-9DF5-11D5-96F8-00207802C01C}','33554448','{5893630B-9DF5-11D5-96F8-00207802C01C}',NULL)        
INSERT INTO ToolOptionSet VALUES ('{58936260-9DF5-11D5-96F8-00207802C01C}','33554448','{5893630A-9DF5-11D5-96F8-00207802C01C}',NULL)        
	// DLL Debug settings
INSERT INTO ToolOptionSet VALUES ('{58936260-9DF5-11D5-96F8-00207802C01C}','33554688','{5893631B-9DF5-11D5-96F8-00207802C01C}',NULL)       
INSERT INTO ToolOptionSet VALUES ('{58936260-9DF5-11D5-96F8-00207802C01C}','33554688','{58936319-9DF5-11D5-96F8-00207802C01C}',NULL)       
INSERT INTO ToolOptionSet VALUES ('{58936260-9DF5-11D5-96F8-00207802C01C}','33554688','{58936318-9DF5-11D5-96F8-00207802C01C}',NULL)       
INSERT INTO ToolOptionSet VALUES ('{58936260-9DF5-11D5-96F8-00207802C01C}','33554688','{58936323-9DF5-11D5-96F8-00207802C01C}',NULL)       
INSERT INTO ToolOptionSet VALUES ('{58936260-9DF5-11D5-96F8-00207802C01C}','33554688','{5893631F-9DF5-11D5-96F8-00207802C01C}',NULL)       
INSERT INTO ToolOptionSet VALUES ('{58936260-9DF5-11D5-96F8-00207802C01C}','33554688','{58936320-9DF5-11D5-96F8-00207802C01C}',NULL)       
INSERT INTO ToolOptionSet VALUES ('{58936260-9DF5-11D5-96F8-00207802C01C}','33554688','{5893630B-9DF5-11D5-96F8-00207802C01C}',NULL)        
INSERT INTO ToolOptionSet VALUES ('{58936260-9DF5-11D5-96F8-00207802C01C}','33554688','{5893630A-9DF5-11D5-96F8-00207802C01C}',NULL)        
	// ATL DLL Debug settings
INSERT INTO ToolOptionSet VALUES ('{58936260-9DF5-11D5-96F8-00207802C01C}','33554689','{5893631B-9DF5-11D5-96F8-00207802C01C}',NULL)       
INSERT INTO ToolOptionSet VALUES ('{58936260-9DF5-11D5-96F8-00207802C01C}','33554689','{58936318-9DF5-11D5-96F8-00207802C01C}',NULL)       
INSERT INTO ToolOptionSet VALUES ('{58936260-9DF5-11D5-96F8-00207802C01C}','33554689','{58936310-9DF5-11D5-96F8-00207802C01C}',NULL)       
INSERT INTO ToolOptionSet VALUES ('{58936260-9DF5-11D5-96F8-00207802C01C}','33554689','{5893630F-9DF5-11D5-96F8-00207802C01C}',NULL)       
INSERT INTO ToolOptionSet VALUES ('{58936260-9DF5-11D5-96F8-00207802C01C}','33554689','{58936323-9DF5-11D5-96F8-00207802C01C}',NULL)       
INSERT INTO ToolOptionSet VALUES ('{58936260-9DF5-11D5-96F8-00207802C01C}','33554689','{5893631F-9DF5-11D5-96F8-00207802C01C}',NULL)       
INSERT INTO ToolOptionSet VALUES ('{58936260-9DF5-11D5-96F8-00207802C01C}','33554689','{58936320-9DF5-11D5-96F8-00207802C01C}',NULL)       
INSERT INTO ToolOptionSet VALUES ('{58936260-9DF5-11D5-96F8-00207802C01C}','33554689','{5893630B-9DF5-11D5-96F8-00207802C01C}',NULL)        
INSERT INTO ToolOptionSet VALUES ('{58936260-9DF5-11D5-96F8-00207802C01C}','33554689','{5893630A-9DF5-11D5-96F8-00207802C01C}',NULL)        
	// ATL EXE Debug Settings
INSERT INTO ToolOptionSet VALUES ('{58936260-9DF5-11D5-96F8-00207802C01C}','16777473','{5893631B-9DF5-11D5-96F8-00207802C01C}',NULL)       
INSERT INTO ToolOptionSet VALUES ('{58936260-9DF5-11D5-96F8-00207802C01C}','16777473','{5893631A-9DF5-11D5-96F8-00207802C01C}',NULL)       
INSERT INTO ToolOptionSet VALUES ('{58936260-9DF5-11D5-96F8-00207802C01C}','16777473','{5893630F-9DF5-11D5-96F8-00207802C01C}',NULL)       
INSERT INTO ToolOptionSet VALUES ('{58936260-9DF5-11D5-96F8-00207802C01C}','16777473','{58936323-9DF5-11D5-96F8-00207802C01C}',NULL)       
INSERT INTO ToolOptionSet VALUES ('{58936260-9DF5-11D5-96F8-00207802C01C}','16777473','{5893631F-9DF5-11D5-96F8-00207802C01C}',NULL)       
INSERT INTO ToolOptionSet VALUES ('{58936260-9DF5-11D5-96F8-00207802C01C}','16777473','{58936320-9DF5-11D5-96F8-00207802C01C}',NULL)       
INSERT INTO ToolOptionSet VALUES ('{58936260-9DF5-11D5-96F8-00207802C01C}','16777473','{5893630B-9DF5-11D5-96F8-00207802C01C}',NULL)        
INSERT INTO ToolOptionSet VALUES ('{58936260-9DF5-11D5-96F8-00207802C01C}','16777473','{5893630A-9DF5-11D5-96F8-00207802C01C}',NULL)        
	// MFC DLL Debug settings
INSERT INTO ToolOptionSet VALUES ('{58936260-9DF5-11D5-96F8-00207802C01C}','33554704','{5893631B-9DF5-11D5-96F8-00207802C01C}',NULL)       
INSERT INTO ToolOptionSet VALUES ('{58936260-9DF5-11D5-96F8-00207802C01C}','33554704','{58936318-9DF5-11D5-96F8-00207802C01C}',NULL)       
INSERT INTO ToolOptionSet VALUES ('{58936260-9DF5-11D5-96F8-00207802C01C}','33554704','{5893630F-9DF5-11D5-96F8-00207802C01C}',NULL)       
INSERT INTO ToolOptionSet VALUES ('{58936260-9DF5-11D5-96F8-00207802C01C}','33554704','{58936323-9DF5-11D5-96F8-00207802C01C}',NULL)       
INSERT INTO ToolOptionSet VALUES ('{58936260-9DF5-11D5-96F8-00207802C01C}','33554704','{5893631F-9DF5-11D5-96F8-00207802C01C}',NULL)       
INSERT INTO ToolOptionSet VALUES ('{58936260-9DF5-11D5-96F8-00207802C01C}','33554704','{58936320-9DF5-11D5-96F8-00207802C01C}',NULL)       
INSERT INTO ToolOptionSet VALUES ('{58936260-9DF5-11D5-96F8-00207802C01C}','33554704','{5893631E-9DF5-11D5-96F8-00207802C01C}',NULL)      
INSERT INTO ToolOptionSet VALUES ('{58936260-9DF5-11D5-96F8-00207802C01C}','33554704','{5893630B-9DF5-11D5-96F8-00207802C01C}',NULL)        
INSERT INTO ToolOptionSet VALUES ('{58936260-9DF5-11D5-96F8-00207802C01C}','33554704','{5893630A-9DF5-11D5-96F8-00207802C01C}',NULL)        
	// MFC ActiveX Control release settings
INSERT INTO ToolOptionSet VALUES ('{58936260-9DF5-11D5-96F8-00207802C01C}','33558544','{58936313-9DF5-11D5-96F8-00207802C01C}',NULL)       
INSERT INTO ToolOptionSet VALUES ('{58936260-9DF5-11D5-96F8-00207802C01C}','33558544','{5893630F-9DF5-11D5-96F8-00207802C01C}',NULL)       
INSERT INTO ToolOptionSet VALUES ('{58936260-9DF5-11D5-96F8-00207802C01C}','33558544','{5893630C-9DF5-11D5-96F8-00207802C01C}',NULL)       
INSERT INTO ToolOptionSet VALUES ('{58936260-9DF5-11D5-96F8-00207802C01C}','33558544','{58936322-9DF5-11D5-96F8-00207802C01C}',NULL)       
INSERT INTO ToolOptionSet VALUES ('{58936260-9DF5-11D5-96F8-00207802C01C}','33558544','{5893631F-9DF5-11D5-96F8-00207802C01C}',NULL)       
INSERT INTO ToolOptionSet VALUES ('{58936260-9DF5-11D5-96F8-00207802C01C}','33558544','{5893631C-9DF5-11D5-96F8-00207802C01C}',NULL)       
INSERT INTO ToolOptionSet VALUES ('{58936260-9DF5-11D5-96F8-00207802C01C}','33558544','{58936321-9DF5-11D5-96F8-00207802C01C}',NULL)       
INSERT INTO ToolOptionSet VALUES ('{58936260-9DF5-11D5-96F8-00207802C01C}','33558544','{5893631E-9DF5-11D5-96F8-00207802C01C}',NULL)      
INSERT INTO ToolOptionSet VALUES ('{58936260-9DF5-11D5-96F8-00207802C01C}','33558544','{5893630B-9DF5-11D5-96F8-00207802C01C}',NULL)        
INSERT INTO ToolOptionSet VALUES ('{58936260-9DF5-11D5-96F8-00207802C01C}','33558544','{5893630A-9DF5-11D5-96F8-00207802C01C}',NULL)        
	// MFC ActiveX Control debug settings
INSERT INTO ToolOptionSet VALUES ('{58936260-9DF5-11D5-96F8-00207802C01C}','33558800','{5893631B-9DF5-11D5-96F8-00207802C01C}',NULL)       
INSERT INTO ToolOptionSet VALUES ('{58936260-9DF5-11D5-96F8-00207802C01C}','33558800','{58936318-9DF5-11D5-96F8-00207802C01C}',NULL)       
INSERT INTO ToolOptionSet VALUES ('{58936260-9DF5-11D5-96F8-00207802C01C}','33558800','{5893630F-9DF5-11D5-96F8-00207802C01C}',NULL)       
INSERT INTO ToolOptionSet VALUES ('{58936260-9DF5-11D5-96F8-00207802C01C}','33558800','{5893630C-9DF5-11D5-96F8-00207802C01C}',NULL)       
INSERT INTO ToolOptionSet VALUES ('{58936260-9DF5-11D5-96F8-00207802C01C}','33558800','{58936323-9DF5-11D5-96F8-00207802C01C}',NULL)       
INSERT INTO ToolOptionSet VALUES ('{58936260-9DF5-11D5-96F8-00207802C01C}','33558800','{5893631F-9DF5-11D5-96F8-00207802C01C}',NULL)       
INSERT INTO ToolOptionSet VALUES ('{58936260-9DF5-11D5-96F8-00207802C01C}','33558800','{58936320-9DF5-11D5-96F8-00207802C01C}',NULL)       
INSERT INTO ToolOptionSet VALUES ('{58936260-9DF5-11D5-96F8-00207802C01C}','33558800','{5893631E-9DF5-11D5-96F8-00207802C01C}',NULL)      
INSERT INTO ToolOptionSet VALUES ('{58936260-9DF5-11D5-96F8-00207802C01C}','33558800','{5893630B-9DF5-11D5-96F8-00207802C01C}',NULL)        
INSERT INTO ToolOptionSet VALUES ('{58936260-9DF5-11D5-96F8-00207802C01C}','33558800','{5893630A-9DF5-11D5-96F8-00207802C01C}',NULL)        
	// Concole application release settings
INSERT INTO ToolOptionSet VALUES ('{58936260-9DF5-11D5-96F8-00207802C01C}','50331648','{58936319-9DF5-11D5-96F8-00207802C01C}',NULL)       
INSERT INTO ToolOptionSet VALUES ('{58936260-9DF5-11D5-96F8-00207802C01C}','50331648','{58936312-9DF5-11D5-96F8-00207802C01C}',NULL)       
INSERT INTO ToolOptionSet VALUES ('{58936260-9DF5-11D5-96F8-00207802C01C}','50331648','{58936322-9DF5-11D5-96F8-00207802C01C}',NULL)       
INSERT INTO ToolOptionSet VALUES ('{58936260-9DF5-11D5-96F8-00207802C01C}','50331648','{5893631F-9DF5-11D5-96F8-00207802C01C}',NULL)       
INSERT INTO ToolOptionSet VALUES ('{58936260-9DF5-11D5-96F8-00207802C01C}','50331648','{5893631C-9DF5-11D5-96F8-00207802C01C}',NULL)       
INSERT INTO ToolOptionSet VALUES ('{58936260-9DF5-11D5-96F8-00207802C01C}','50331648','{58936321-9DF5-11D5-96F8-00207802C01C}',NULL)       
INSERT INTO ToolOptionSet VALUES ('{58936260-9DF5-11D5-96F8-00207802C01C}','50331648','{5893630B-9DF5-11D5-96F8-00207802C01C}',NULL)        
INSERT INTO ToolOptionSet VALUES ('{58936260-9DF5-11D5-96F8-00207802C01C}','50331648','{5893630A-9DF5-11D5-96F8-00207802C01C}',NULL)        
	// Concole application debug settings
INSERT INTO ToolOptionSet VALUES ('{58936260-9DF5-11D5-96F8-00207802C01C}','50331904','{5893631B-9DF5-11D5-96F8-00207802C01C}',NULL)       
INSERT INTO ToolOptionSet VALUES ('{58936260-9DF5-11D5-96F8-00207802C01C}','50331904','{58936319-9DF5-11D5-96F8-00207802C01C}',NULL)       
INSERT INTO ToolOptionSet VALUES ('{58936260-9DF5-11D5-96F8-00207802C01C}','50331904','{58936323-9DF5-11D5-96F8-00207802C01C}',NULL)       
INSERT INTO ToolOptionSet VALUES ('{58936260-9DF5-11D5-96F8-00207802C01C}','50331904','{5893631F-9DF5-11D5-96F8-00207802C01C}',NULL)       
INSERT INTO ToolOptionSet VALUES ('{58936260-9DF5-11D5-96F8-00207802C01C}','50331904','{58936320-9DF5-11D5-96F8-00207802C01C}',NULL)       
INSERT INTO ToolOptionSet VALUES ('{58936260-9DF5-11D5-96F8-00207802C01C}','50331904','{5893630B-9DF5-11D5-96F8-00207802C01C}',NULL)        
INSERT INTO ToolOptionSet VALUES ('{58936260-9DF5-11D5-96F8-00207802C01C}','50331904','{5893630A-9DF5-11D5-96F8-00207802C01C}',NULL)        
	// Static Library release settings
INSERT INTO ToolOptionSet VALUES ('{58936260-9DF5-11D5-96F8-00207802C01C}','67108864','{58936319-9DF5-11D5-96F8-00207802C01C}',NULL)       
INSERT INTO ToolOptionSet VALUES ('{58936260-9DF5-11D5-96F8-00207802C01C}','67108864','{5893631C-9DF5-11D5-96F8-00207802C01C}',NULL)       
INSERT INTO ToolOptionSet VALUES ('{58936260-9DF5-11D5-96F8-00207802C01C}','67108864','{58936311-9DF5-11D5-96F8-00207802C01C}',NULL)       
INSERT INTO ToolOptionSet VALUES ('{58936260-9DF5-11D5-96F8-00207802C01C}','67108864','{58936322-9DF5-11D5-96F8-00207802C01C}',NULL)       
INSERT INTO ToolOptionSet VALUES ('{58936260-9DF5-11D5-96F8-00207802C01C}','67108864','{5893631F-9DF5-11D5-96F8-00207802C01C}',NULL)       
INSERT INTO ToolOptionSet VALUES ('{58936260-9DF5-11D5-96F8-00207802C01C}','67108864','{58936321-9DF5-11D5-96F8-00207802C01C}',NULL)       
INSERT INTO ToolOptionSet VALUES ('{58936260-9DF5-11D5-96F8-00207802C01C}','67108864','{5893630B-9DF5-11D5-96F8-00207802C01C}',NULL)        
INSERT INTO ToolOptionSet VALUES ('{58936260-9DF5-11D5-96F8-00207802C01C}','67108864','{5893630A-9DF5-11D5-96F8-00207802C01C}',NULL)        
	// Static Library debug settings
INSERT INTO ToolOptionSet VALUES ('{58936260-9DF5-11D5-96F8-00207802C01C}','67109120','{5893631B-9DF5-11D5-96F8-00207802C01C}',NULL)       
INSERT INTO ToolOptionSet VALUES ('{58936260-9DF5-11D5-96F8-00207802C01C}','67109120','{58936319-9DF5-11D5-96F8-00207802C01C}',NULL)       
INSERT INTO ToolOptionSet VALUES ('{58936260-9DF5-11D5-96F8-00207802C01C}','67109120','{58936316-9DF5-11D5-96F8-00207802C01C}',NULL)       
INSERT INTO ToolOptionSet VALUES ('{58936260-9DF5-11D5-96F8-00207802C01C}','67109120','{58936323-9DF5-11D5-96F8-00207802C01C}',NULL)       
INSERT INTO ToolOptionSet VALUES ('{58936260-9DF5-11D5-96F8-00207802C01C}','67109120','{5893631F-9DF5-11D5-96F8-00207802C01C}',NULL)       
INSERT INTO ToolOptionSet VALUES ('{58936260-9DF5-11D5-96F8-00207802C01C}','67109120','{58936320-9DF5-11D5-96F8-00207802C01C}',NULL)       
INSERT INTO ToolOptionSet VALUES ('{58936260-9DF5-11D5-96F8-00207802C01C}','67109120','{5893630B-9DF5-11D5-96F8-00207802C01C}',NULL)        
INSERT INTO ToolOptionSet VALUES ('{58936260-9DF5-11D5-96F8-00207802C01C}','67109120','{5893630A-9DF5-11D5-96F8-00207802C01C}',NULL)        


// LINK ARMV4
	//EXE Release settings
INSERT INTO ToolOptionSet VALUES ('{58936261-9DF5-11D5-96F8-00207802C01C}','16777216','{589362FF-9DF5-11D5-96F8-00207802C01C}',NULL)       
INSERT INTO ToolOptionSet VALUES ('{58936261-9DF5-11D5-96F8-00207802C01C}','16777216','{589362F4-9DF5-11D5-96F8-00207802C01C}',NULL)       
INSERT INTO ToolOptionSet VALUES ('{58936261-9DF5-11D5-96F8-00207802C01C}','16777216','{589362F2-9DF5-11D5-96F8-00207802C01C}',NULL)       
INSERT INTO ToolOptionSet VALUES ('{58936261-9DF5-11D5-96F8-00207802C01C}','16777216','{58936305-9DF5-11D5-96F8-00207802C01C}','{00F9000D-C95B-11D3-9A06-00105A0DF099}')       
INSERT INTO ToolOptionSet VALUES ('{58936261-9DF5-11D5-96F8-00207802C01C}','16777216','{58936304-9DF5-11D5-96F8-00207802C01C}',NULL)       
INSERT INTO ToolOptionSet VALUES ('{58936261-9DF5-11D5-96F8-00207802C01C}','16777216','{58936303-9DF5-11D5-96F8-00207802C01C}',NULL)       
INSERT INTO ToolOptionSet VALUES ('{58936261-9DF5-11D5-96F8-00207802C01C}','16777216','{58936301-9DF5-11D5-96F8-00207802C01C}',NULL)       
INSERT INTO ToolOptionSet VALUES ('{58936261-9DF5-11D5-96F8-00207802C01C}','16777216','{58936300-9DF5-11D5-96F8-00207802C01C}',NULL)      
	//MFC EXE Release settings 
INSERT INTO ToolOptionSet VALUES ('{58936261-9DF5-11D5-96F8-00207802C01C}','16777232','{589362F5-9DF5-11D5-96F8-00207802C01C}',NULL)       
INSERT INTO ToolOptionSet VALUES ('{58936261-9DF5-11D5-96F8-00207802C01C}','16777232','{589362EC-9DF5-11D5-96F8-00207802C01C}',NULL)       
INSERT INTO ToolOptionSet VALUES ('{58936261-9DF5-11D5-96F8-00207802C01C}','16777232','{58936305-9DF5-11D5-96F8-00207802C01C}','{00F9000D-C95B-11D3-9A06-00105A0DF099}')       
INSERT INTO ToolOptionSet VALUES ('{58936261-9DF5-11D5-96F8-00207802C01C}','16777232','{58936304-9DF5-11D5-96F8-00207802C01C}',NULL)       
INSERT INTO ToolOptionSet VALUES ('{58936261-9DF5-11D5-96F8-00207802C01C}','16777232','{58936303-9DF5-11D5-96F8-00207802C01C}',NULL)       
INSERT INTO ToolOptionSet VALUES ('{58936261-9DF5-11D5-96F8-00207802C01C}','16777232','{58936301-9DF5-11D5-96F8-00207802C01C}',NULL)       
INSERT INTO ToolOptionSet VALUES ('{58936261-9DF5-11D5-96F8-00207802C01C}','16777232','{58936300-9DF5-11D5-96F8-00207802C01C}',NULL)      
	// EXE Debug settings
INSERT INTO ToolOptionSet VALUES ('{58936261-9DF5-11D5-96F8-00207802C01C}','16777472','{589362FF-9DF5-11D5-96F8-00207802C01C}',NULL)       
INSERT INTO ToolOptionSet VALUES ('{58936261-9DF5-11D5-96F8-00207802C01C}','16777472','{589362FE-9DF5-11D5-96F8-00207802C01C}',NULL)       
INSERT INTO ToolOptionSet VALUES ('{58936261-9DF5-11D5-96F8-00207802C01C}','16777472','{589362FD-9DF5-11D5-96F8-00207802C01C}',NULL)       
INSERT INTO ToolOptionSet VALUES ('{58936261-9DF5-11D5-96F8-00207802C01C}','16777472','{589362FC-9DF5-11D5-96F8-00207802C01C}',NULL)       
INSERT INTO ToolOptionSet VALUES ('{58936261-9DF5-11D5-96F8-00207802C01C}','16777472','{58936305-9DF5-11D5-96F8-00207802C01C}','{00F9000D-C95B-11D3-9A06-00105A0DF099}')       
INSERT INTO ToolOptionSet VALUES ('{58936261-9DF5-11D5-96F8-00207802C01C}','16777472','{58936304-9DF5-11D5-96F8-00207802C01C}',NULL)       
INSERT INTO ToolOptionSet VALUES ('{58936261-9DF5-11D5-96F8-00207802C01C}','16777472','{58936303-9DF5-11D5-96F8-00207802C01C}',NULL)       
INSERT INTO ToolOptionSet VALUES ('{58936261-9DF5-11D5-96F8-00207802C01C}','16777472','{58936301-9DF5-11D5-96F8-00207802C01C}',NULL)       
INSERT INTO ToolOptionSet VALUES ('{58936261-9DF5-11D5-96F8-00207802C01C}','16777472','{589362FB-9DF5-11D5-96F8-00207802C01C}',NULL)      
	//MFC EXE Debug settings
INSERT INTO ToolOptionSet VALUES ('{58936261-9DF5-11D5-96F8-00207802C01C}','16777488','{589362F7-9DF5-11D5-96F8-00207802C01C}',NULL)       
INSERT INTO ToolOptionSet VALUES ('{58936261-9DF5-11D5-96F8-00207802C01C}','16777488','{589362F5-9DF5-11D5-96F8-00207802C01C}',NULL)       
INSERT INTO ToolOptionSet VALUES ('{58936261-9DF5-11D5-96F8-00207802C01C}','16777488','{58936305-9DF5-11D5-96F8-00207802C01C}','{00F9000D-C95B-11D3-9A06-00105A0DF099}')       
INSERT INTO ToolOptionSet VALUES ('{58936261-9DF5-11D5-96F8-00207802C01C}','16777488','{58936304-9DF5-11D5-96F8-00207802C01C}',NULL)       
INSERT INTO ToolOptionSet VALUES ('{58936261-9DF5-11D5-96F8-00207802C01C}','16777488','{58936303-9DF5-11D5-96F8-00207802C01C}',NULL)       
INSERT INTO ToolOptionSet VALUES ('{58936261-9DF5-11D5-96F8-00207802C01C}','16777488','{58936301-9DF5-11D5-96F8-00207802C01C}',NULL)       
INSERT INTO ToolOptionSet VALUES ('{58936261-9DF5-11D5-96F8-00207802C01C}','16777488','{589362FB-9DF5-11D5-96F8-00207802C01C}',NULL)      
	//DLL Release settings
INSERT INTO ToolOptionSet VALUES ('{58936261-9DF5-11D5-96F8-00207802C01C}','33554432','{589362FF-9DF5-11D5-96F8-00207802C01C}',NULL)       
INSERT INTO ToolOptionSet VALUES ('{58936261-9DF5-11D5-96F8-00207802C01C}','33554432','{589362F2-9DF5-11D5-96F8-00207802C01C}',NULL)       
INSERT INTO ToolOptionSet VALUES ('{58936261-9DF5-11D5-96F8-00207802C01C}','33554432','{589362F1-9DF5-11D5-96F8-00207802C01C}',NULL)       
INSERT INTO ToolOptionSet VALUES ('{58936261-9DF5-11D5-96F8-00207802C01C}','33554432','{58936305-9DF5-11D5-96F8-00207802C01C}','{00F9000D-C95B-11D3-9A06-00105A0DF099}')       
INSERT INTO ToolOptionSet VALUES ('{58936261-9DF5-11D5-96F8-00207802C01C}','33554432','{58936302-9DF5-11D5-96F8-00207802C01C}',NULL)       
INSERT INTO ToolOptionSet VALUES ('{58936261-9DF5-11D5-96F8-00207802C01C}','33554432','{58936303-9DF5-11D5-96F8-00207802C01C}',NULL)       
INSERT INTO ToolOptionSet VALUES ('{58936261-9DF5-11D5-96F8-00207802C01C}','33554432','{58936301-9DF5-11D5-96F8-00207802C01C}',NULL)       
INSERT INTO ToolOptionSet VALUES ('{58936261-9DF5-11D5-96F8-00207802C01C}','33554432','{58936300-9DF5-11D5-96F8-00207802C01C}',NULL)      
	//ATL DLL Release MinSize settings
INSERT INTO ToolOptionSet VALUES ('{58936261-9DF5-11D5-96F8-00207802C01C}','33554433','{589362F1-9DF5-11D5-96F8-00207802C01C}',NULL)       
INSERT INTO ToolOptionSet VALUES ('{58936261-9DF5-11D5-96F8-00207802C01C}','33554433','{589362EB-9DF5-11D5-96F8-00207802C01C}',NULL)       
INSERT INTO ToolOptionSet VALUES ('{58936261-9DF5-11D5-96F8-00207802C01C}','33554433','{58936305-9DF5-11D5-96F8-00207802C01C}','{00F9000D-C95B-11D3-9A06-00105A0DF099}')       
INSERT INTO ToolOptionSet VALUES ('{58936261-9DF5-11D5-96F8-00207802C01C}','33554433','{58936302-9DF5-11D5-96F8-00207802C01C}',NULL)       
INSERT INTO ToolOptionSet VALUES ('{58936261-9DF5-11D5-96F8-00207802C01C}','33554433','{58936303-9DF5-11D5-96F8-00207802C01C}',NULL)       
INSERT INTO ToolOptionSet VALUES ('{58936261-9DF5-11D5-96F8-00207802C01C}','33554433','{58936301-9DF5-11D5-96F8-00207802C01C}',NULL)       
INSERT INTO ToolOptionSet VALUES ('{58936261-9DF5-11D5-96F8-00207802C01C}','33554433','{58936300-9DF5-11D5-96F8-00207802C01C}',NULL)      
	//ATL DLL Release MinDep settings
INSERT INTO ToolOptionSet VALUES ('{58936261-9DF5-11D5-96F8-00207802C01C}','33554434','{589362F1-9DF5-11D5-96F8-00207802C01C}',NULL)       
INSERT INTO ToolOptionSet VALUES ('{58936261-9DF5-11D5-96F8-00207802C01C}','33554434','{589362EB-9DF5-11D5-96F8-00207802C01C}',NULL)       
INSERT INTO ToolOptionSet VALUES ('{58936261-9DF5-11D5-96F8-00207802C01C}','33554434','{58936305-9DF5-11D5-96F8-00207802C01C}','{00F9000D-C95B-11D3-9A06-00105A0DF099}')       
INSERT INTO ToolOptionSet VALUES ('{58936261-9DF5-11D5-96F8-00207802C01C}','33554434','{58936302-9DF5-11D5-96F8-00207802C01C}',NULL)       
INSERT INTO ToolOptionSet VALUES ('{58936261-9DF5-11D5-96F8-00207802C01C}','33554434','{58936303-9DF5-11D5-96F8-00207802C01C}',NULL)       
INSERT INTO ToolOptionSet VALUES ('{58936261-9DF5-11D5-96F8-00207802C01C}','33554434','{58936301-9DF5-11D5-96F8-00207802C01C}',NULL)       
INSERT INTO ToolOptionSet VALUES ('{58936261-9DF5-11D5-96F8-00207802C01C}','33554434','{58936300-9DF5-11D5-96F8-00207802C01C}',NULL)      
	// ATL EXE Release MinSize Settings
INSERT INTO ToolOptionSet VALUES ('{58936261-9DF5-11D5-96F8-00207802C01C}','16777217','{589362F4-9DF5-11D5-96F8-00207802C01C}',NULL)       
INSERT INTO ToolOptionSet VALUES ('{58936261-9DF5-11D5-96F8-00207802C01C}','16777217','{589362EB-9DF5-11D5-96F8-00207802C01C}',NULL)       
INSERT INTO ToolOptionSet VALUES ('{58936261-9DF5-11D5-96F8-00207802C01C}','16777217','{58936305-9DF5-11D5-96F8-00207802C01C}','{00F9000D-C95B-11D3-9A06-00105A0DF099}')       
INSERT INTO ToolOptionSet VALUES ('{58936261-9DF5-11D5-96F8-00207802C01C}','16777217','{58936304-9DF5-11D5-96F8-00207802C01C}',NULL)       
INSERT INTO ToolOptionSet VALUES ('{58936261-9DF5-11D5-96F8-00207802C01C}','16777217','{58936303-9DF5-11D5-96F8-00207802C01C}',NULL)       
INSERT INTO ToolOptionSet VALUES ('{58936261-9DF5-11D5-96F8-00207802C01C}','16777217','{58936301-9DF5-11D5-96F8-00207802C01C}',NULL)       
INSERT INTO ToolOptionSet VALUES ('{58936261-9DF5-11D5-96F8-00207802C01C}','16777217','{58936300-9DF5-11D5-96F8-00207802C01C}',NULL)      
	// ATL EXE Release MinDep Settings                                   
INSERT INTO ToolOptionSet VALUES ('{58936261-9DF5-11D5-96F8-00207802C01C}','16777218','{589362F4-9DF5-11D5-96F8-00207802C01C}',NULL)       
INSERT INTO ToolOptionSet VALUES ('{58936261-9DF5-11D5-96F8-00207802C01C}','16777218','{589362EB-9DF5-11D5-96F8-00207802C01C}',NULL)       
INSERT INTO ToolOptionSet VALUES ('{58936261-9DF5-11D5-96F8-00207802C01C}','16777218','{58936305-9DF5-11D5-96F8-00207802C01C}','{00F9000D-C95B-11D3-9A06-00105A0DF099}')       
INSERT INTO ToolOptionSet VALUES ('{58936261-9DF5-11D5-96F8-00207802C01C}','16777218','{58936304-9DF5-11D5-96F8-00207802C01C}',NULL)       
INSERT INTO ToolOptionSet VALUES ('{58936261-9DF5-11D5-96F8-00207802C01C}','16777218','{58936303-9DF5-11D5-96F8-00207802C01C}',NULL)       
INSERT INTO ToolOptionSet VALUES ('{58936261-9DF5-11D5-96F8-00207802C01C}','16777218','{58936301-9DF5-11D5-96F8-00207802C01C}',NULL)       
INSERT INTO ToolOptionSet VALUES ('{58936261-9DF5-11D5-96F8-00207802C01C}','16777218','{58936300-9DF5-11D5-96F8-00207802C01C}',NULL)      
	//MFC DLL Release settings
INSERT INTO ToolOptionSet VALUES ('{58936261-9DF5-11D5-96F8-00207802C01C}','33554448','{589362F1-9DF5-11D5-96F8-00207802C01C}',NULL)       
INSERT INTO ToolOptionSet VALUES ('{58936261-9DF5-11D5-96F8-00207802C01C}','33554448','{589362EB-9DF5-11D5-96F8-00207802C01C}',NULL)       
INSERT INTO ToolOptionSet VALUES ('{58936261-9DF5-11D5-96F8-00207802C01C}','33554448','{58936305-9DF5-11D5-96F8-00207802C01C}','{00F9000D-C95B-11D3-9A06-00105A0DF099}')       
INSERT INTO ToolOptionSet VALUES ('{58936261-9DF5-11D5-96F8-00207802C01C}','33554448','{58936302-9DF5-11D5-96F8-00207802C01C}',NULL)       
INSERT INTO ToolOptionSet VALUES ('{58936261-9DF5-11D5-96F8-00207802C01C}','33554448','{58936303-9DF5-11D5-96F8-00207802C01C}',NULL)       
INSERT INTO ToolOptionSet VALUES ('{58936261-9DF5-11D5-96F8-00207802C01C}','33554448','{58936301-9DF5-11D5-96F8-00207802C01C}',NULL)       
INSERT INTO ToolOptionSet VALUES ('{58936261-9DF5-11D5-96F8-00207802C01C}','33554448','{58936300-9DF5-11D5-96F8-00207802C01C}',NULL)      
	// DLL Debug settings
INSERT INTO ToolOptionSet VALUES ('{58936261-9DF5-11D5-96F8-00207802C01C}','33554688','{589362FF-9DF5-11D5-96F8-00207802C01C}',NULL)       
INSERT INTO ToolOptionSet VALUES ('{58936261-9DF5-11D5-96F8-00207802C01C}','33554688','{589362FE-9DF5-11D5-96F8-00207802C01C}',NULL)       
INSERT INTO ToolOptionSet VALUES ('{58936261-9DF5-11D5-96F8-00207802C01C}','33554688','{589362FC-9DF5-11D5-96F8-00207802C01C}',NULL)       
INSERT INTO ToolOptionSet VALUES ('{58936261-9DF5-11D5-96F8-00207802C01C}','33554688','{589362FA-9DF5-11D5-96F8-00207802C01C}',NULL)       
INSERT INTO ToolOptionSet VALUES ('{58936261-9DF5-11D5-96F8-00207802C01C}','33554688','{58936305-9DF5-11D5-96F8-00207802C01C}','{00F9000D-C95B-11D3-9A06-00105A0DF099}')       
INSERT INTO ToolOptionSet VALUES ('{58936261-9DF5-11D5-96F8-00207802C01C}','33554688','{58936302-9DF5-11D5-96F8-00207802C01C}',NULL)       
INSERT INTO ToolOptionSet VALUES ('{58936261-9DF5-11D5-96F8-00207802C01C}','33554688','{58936303-9DF5-11D5-96F8-00207802C01C}',NULL)       
INSERT INTO ToolOptionSet VALUES ('{58936261-9DF5-11D5-96F8-00207802C01C}','33554688','{58936301-9DF5-11D5-96F8-00207802C01C}',NULL)       
INSERT INTO ToolOptionSet VALUES ('{58936261-9DF5-11D5-96F8-00207802C01C}','33554688','{589362FB-9DF5-11D5-96F8-00207802C01C}',NULL)      
	// ATL DLL Debug settings
INSERT INTO ToolOptionSet VALUES ('{58936261-9DF5-11D5-96F8-00207802C01C}','33554689','{589362FA-9DF5-11D5-96F8-00207802C01C}',NULL)       
INSERT INTO ToolOptionSet VALUES ('{58936261-9DF5-11D5-96F8-00207802C01C}','33554689','{589362F6-9DF5-11D5-96F8-00207802C01C}',NULL)       
INSERT INTO ToolOptionSet VALUES ('{58936261-9DF5-11D5-96F8-00207802C01C}','33554689','{589362EB-9DF5-11D5-96F8-00207802C01C}',NULL)       
INSERT INTO ToolOptionSet VALUES ('{58936261-9DF5-11D5-96F8-00207802C01C}','33554689','{58936305-9DF5-11D5-96F8-00207802C01C}','{00F9000D-C95B-11D3-9A06-00105A0DF099}')       
INSERT INTO ToolOptionSet VALUES ('{58936261-9DF5-11D5-96F8-00207802C01C}','33554689','{58936302-9DF5-11D5-96F8-00207802C01C}',NULL)       
INSERT INTO ToolOptionSet VALUES ('{58936261-9DF5-11D5-96F8-00207802C01C}','33554689','{58936303-9DF5-11D5-96F8-00207802C01C}',NULL)       
INSERT INTO ToolOptionSet VALUES ('{58936261-9DF5-11D5-96F8-00207802C01C}','33554689','{58936301-9DF5-11D5-96F8-00207802C01C}',NULL)       
INSERT INTO ToolOptionSet VALUES ('{58936261-9DF5-11D5-96F8-00207802C01C}','33554689','{589362FB-9DF5-11D5-96F8-00207802C01C}',NULL)      
	// ATL EXE Debug Settings
INSERT INTO ToolOptionSet VALUES ('{58936261-9DF5-11D5-96F8-00207802C01C}','16777473','{589362FD-9DF5-11D5-96F8-00207802C01C}',NULL)       
INSERT INTO ToolOptionSet VALUES ('{58936261-9DF5-11D5-96F8-00207802C01C}','16777473','{589362F6-9DF5-11D5-96F8-00207802C01C}',NULL)       
INSERT INTO ToolOptionSet VALUES ('{58936261-9DF5-11D5-96F8-00207802C01C}','16777473','{589362EB-9DF5-11D5-96F8-00207802C01C}',NULL)       
INSERT INTO ToolOptionSet VALUES ('{58936261-9DF5-11D5-96F8-00207802C01C}','16777473','{58936305-9DF5-11D5-96F8-00207802C01C}','{00F9000D-C95B-11D3-9A06-00105A0DF099}')       
INSERT INTO ToolOptionSet VALUES ('{58936261-9DF5-11D5-96F8-00207802C01C}','16777473','{58936304-9DF5-11D5-96F8-00207802C01C}',NULL)       
INSERT INTO ToolOptionSet VALUES ('{58936261-9DF5-11D5-96F8-00207802C01C}','16777473','{58936303-9DF5-11D5-96F8-00207802C01C}',NULL)       
INSERT INTO ToolOptionSet VALUES ('{58936261-9DF5-11D5-96F8-00207802C01C}','16777473','{58936301-9DF5-11D5-96F8-00207802C01C}',NULL)       
INSERT INTO ToolOptionSet VALUES ('{58936261-9DF5-11D5-96F8-00207802C01C}','16777473','{589362FB-9DF5-11D5-96F8-00207802C01C}',NULL)      
	// MFC DLL Debug settings
INSERT INTO ToolOptionSet VALUES ('{58936261-9DF5-11D5-96F8-00207802C01C}','33554704','{589362FA-9DF5-11D5-96F8-00207802C01C}',NULL)       
INSERT INTO ToolOptionSet VALUES ('{58936261-9DF5-11D5-96F8-00207802C01C}','33554704','{589362F6-9DF5-11D5-96F8-00207802C01C}',NULL)       
INSERT INTO ToolOptionSet VALUES ('{58936261-9DF5-11D5-96F8-00207802C01C}','33554704','{589362EB-9DF5-11D5-96F8-00207802C01C}',NULL)       
INSERT INTO ToolOptionSet VALUES ('{58936261-9DF5-11D5-96F8-00207802C01C}','33554704','{58936305-9DF5-11D5-96F8-00207802C01C}','{00F9000D-C95B-11D3-9A06-00105A0DF099}')       
INSERT INTO ToolOptionSet VALUES ('{58936261-9DF5-11D5-96F8-00207802C01C}','33554704','{58936302-9DF5-11D5-96F8-00207802C01C}',NULL)       
INSERT INTO ToolOptionSet VALUES ('{58936261-9DF5-11D5-96F8-00207802C01C}','33554704','{58936303-9DF5-11D5-96F8-00207802C01C}',NULL)       
INSERT INTO ToolOptionSet VALUES ('{58936261-9DF5-11D5-96F8-00207802C01C}','33554704','{58936301-9DF5-11D5-96F8-00207802C01C}',NULL)       
INSERT INTO ToolOptionSet VALUES ('{58936261-9DF5-11D5-96F8-00207802C01C}','33554704','{589362FB-9DF5-11D5-96F8-00207802C01C}',NULL)      
	// MFC ActiveX Control release settings
INSERT INTO ToolOptionSet VALUES ('{58936261-9DF5-11D5-96F8-00207802C01C}','33558544','{589362F1-9DF5-11D5-96F8-00207802C01C}',NULL)       
INSERT INTO ToolOptionSet VALUES ('{58936261-9DF5-11D5-96F8-00207802C01C}','33558544','{589362EB-9DF5-11D5-96F8-00207802C01C}',NULL)       
INSERT INTO ToolOptionSet VALUES ('{58936261-9DF5-11D5-96F8-00207802C01C}','33558544','{58936305-9DF5-11D5-96F8-00207802C01C}','{00F9000D-C95B-11D3-9A06-00105A0DF099}')       
INSERT INTO ToolOptionSet VALUES ('{58936261-9DF5-11D5-96F8-00207802C01C}','33558544','{58936302-9DF5-11D5-96F8-00207802C01C}',NULL)       
INSERT INTO ToolOptionSet VALUES ('{58936261-9DF5-11D5-96F8-00207802C01C}','33558544','{58936303-9DF5-11D5-96F8-00207802C01C}',NULL)       
INSERT INTO ToolOptionSet VALUES ('{58936261-9DF5-11D5-96F8-00207802C01C}','33558544','{58936301-9DF5-11D5-96F8-00207802C01C}',NULL)       
INSERT INTO ToolOptionSet VALUES ('{58936261-9DF5-11D5-96F8-00207802C01C}','33558544','{58936300-9DF5-11D5-96F8-00207802C01C}',NULL)      
	// MFC ActiveX Control debug settings
INSERT INTO ToolOptionSet VALUES ('{58936261-9DF5-11D5-96F8-00207802C01C}','33558800','{589362FA-9DF5-11D5-96F8-00207802C01C}',NULL)       
INSERT INTO ToolOptionSet VALUES ('{58936261-9DF5-11D5-96F8-00207802C01C}','33558800','{589362F6-9DF5-11D5-96F8-00207802C01C}',NULL)       
INSERT INTO ToolOptionSet VALUES ('{58936261-9DF5-11D5-96F8-00207802C01C}','33558800','{589362EB-9DF5-11D5-96F8-00207802C01C}',NULL)       
INSERT INTO ToolOptionSet VALUES ('{58936261-9DF5-11D5-96F8-00207802C01C}','33558800','{58936305-9DF5-11D5-96F8-00207802C01C}','{00F9000D-C95B-11D3-9A06-00105A0DF099}')       
INSERT INTO ToolOptionSet VALUES ('{58936261-9DF5-11D5-96F8-00207802C01C}','33558800','{58936302-9DF5-11D5-96F8-00207802C01C}',NULL)       
INSERT INTO ToolOptionSet VALUES ('{58936261-9DF5-11D5-96F8-00207802C01C}','33558800','{58936303-9DF5-11D5-96F8-00207802C01C}',NULL)       
INSERT INTO ToolOptionSet VALUES ('{58936261-9DF5-11D5-96F8-00207802C01C}','33558800','{58936301-9DF5-11D5-96F8-00207802C01C}',NULL)       
INSERT INTO ToolOptionSet VALUES ('{58936261-9DF5-11D5-96F8-00207802C01C}','33558800','{589362FB-9DF5-11D5-96F8-00207802C01C}',NULL)      
	// Concole application release settings
INSERT INTO ToolOptionSet VALUES ('{58936261-9DF5-11D5-96F8-00207802C01C}','50331648','{589362FF-9DF5-11D5-96F8-00207802C01C}',NULL)       
INSERT INTO ToolOptionSet VALUES ('{58936261-9DF5-11D5-96F8-00207802C01C}','50331648','{589362F9-9DF5-11D5-96F8-00207802C01C}',NULL)       
INSERT INTO ToolOptionSet VALUES ('{58936261-9DF5-11D5-96F8-00207802C01C}','50331648','{589362EF-9DF5-11D5-96F8-00207802C01C}',NULL)       
INSERT INTO ToolOptionSet VALUES ('{58936261-9DF5-11D5-96F8-00207802C01C}','50331648','{58936305-9DF5-11D5-96F8-00207802C01C}','{00F9000D-C95B-11D3-9A06-00105A0DF099}')       
INSERT INTO ToolOptionSet VALUES ('{58936261-9DF5-11D5-96F8-00207802C01C}','50331648','{58936304-9DF5-11D5-96F8-00207802C01C}',NULL)       
INSERT INTO ToolOptionSet VALUES ('{58936261-9DF5-11D5-96F8-00207802C01C}','50331648','{58936303-9DF5-11D5-96F8-00207802C01C}',NULL)       
INSERT INTO ToolOptionSet VALUES ('{58936261-9DF5-11D5-96F8-00207802C01C}','50331648','{58936301-9DF5-11D5-96F8-00207802C01C}',NULL)       
INSERT INTO ToolOptionSet VALUES ('{58936261-9DF5-11D5-96F8-00207802C01C}','50331648','{58936300-9DF5-11D5-96F8-00207802C01C}',NULL)      
	// Concole application debug settings
INSERT INTO ToolOptionSet VALUES ('{58936261-9DF5-11D5-96F8-00207802C01C}','50331904','{589362FF-9DF5-11D5-96F8-00207802C01C}',NULL)       
INSERT INTO ToolOptionSet VALUES ('{58936261-9DF5-11D5-96F8-00207802C01C}','50331904','{589362FE-9DF5-11D5-96F8-00207802C01C}',NULL)       
INSERT INTO ToolOptionSet VALUES ('{58936261-9DF5-11D5-96F8-00207802C01C}','50331904','{589362F9-9DF5-11D5-96F8-00207802C01C}',NULL)       
INSERT INTO ToolOptionSet VALUES ('{58936261-9DF5-11D5-96F8-00207802C01C}','50331904','{589362F8-9DF5-11D5-96F8-00207802C01C}',NULL)       
INSERT INTO ToolOptionSet VALUES ('{58936261-9DF5-11D5-96F8-00207802C01C}','50331904','{58936305-9DF5-11D5-96F8-00207802C01C}','{00F9000D-C95B-11D3-9A06-00105A0DF099}')       
INSERT INTO ToolOptionSet VALUES ('{58936261-9DF5-11D5-96F8-00207802C01C}','50331904','{58936304-9DF5-11D5-96F8-00207802C01C}',NULL)       
INSERT INTO ToolOptionSet VALUES ('{58936261-9DF5-11D5-96F8-00207802C01C}','50331904','{58936303-9DF5-11D5-96F8-00207802C01C}',NULL)       
INSERT INTO ToolOptionSet VALUES ('{58936261-9DF5-11D5-96F8-00207802C01C}','50331904','{58936301-9DF5-11D5-96F8-00207802C01C}',NULL)       
INSERT INTO ToolOptionSet VALUES ('{58936261-9DF5-11D5-96F8-00207802C01C}','50331904','{589362FB-9DF5-11D5-96F8-00207802C01C}',NULL)      

INSERT INTO ToolOptionSet VALUES ('{58936261-9DF5-11D5-96F8-00207802C01C}','67108864','{58936305-9DF5-11D5-96F8-00207802C01C}','{00F9000D-C95B-11D3-9A06-00105A0DF099}')       

INSERT INTO ToolOptionSet VALUES ('{58936261-9DF5-11D5-96F8-00207802C01C}','67109120','{58936305-9DF5-11D5-96F8-00207802C01C}','{00F9000D-C95B-11D3-9A06-00105A0DF099}')       

// VCRC ARMV4
	//EXE Release settings
INSERT INTO ToolOptionSet VALUES ('{58936262-9DF5-11D5-96F8-00207802C01C}','16777216','{589362E9-9DF5-11D5-96F8-00207802C01C}',NULL)       
INSERT INTO ToolOptionSet VALUES ('{58936262-9DF5-11D5-96F8-00207802C01C}','16777216','{589362E8-9DF5-11D5-96F8-00207802C01C}',NULL)       
INSERT INTO ToolOptionSet VALUES ('{58936262-9DF5-11D5-96F8-00207802C01C}','16777216','{589362E5-9DF5-11D5-96F8-00207802C01C}',NULL)        
INSERT INTO ToolOptionSet VALUES ('{58936262-9DF5-11D5-96F8-00207802C01C}','16777216','{589362E7-9DF5-11D5-96F8-00207802C01C}',NULL)        
INSERT INTO ToolOptionSet VALUES ('{58936262-9DF5-11D5-96F8-00207802C01C}','16777216','{589362E6-9DF5-11D5-96F8-00207802C01C}',NULL)        
	//MFC EXE Release settings 
INSERT INTO ToolOptionSet VALUES ('{58936262-9DF5-11D5-96F8-00207802C01C}','16777232','{589362E9-9DF5-11D5-96F8-00207802C01C}',NULL)       
INSERT INTO ToolOptionSet VALUES ('{58936262-9DF5-11D5-96F8-00207802C01C}','16777232','{589362E8-9DF5-11D5-96F8-00207802C01C}',NULL)       
INSERT INTO ToolOptionSet VALUES ('{58936262-9DF5-11D5-96F8-00207802C01C}','16777232','{589362E5-9DF5-11D5-96F8-00207802C01C}',NULL)        
INSERT INTO ToolOptionSet VALUES ('{58936262-9DF5-11D5-96F8-00207802C01C}','16777232','{589362E7-9DF5-11D5-96F8-00207802C01C}',NULL)        
INSERT INTO ToolOptionSet VALUES ('{58936262-9DF5-11D5-96F8-00207802C01C}','16777232','{589362E6-9DF5-11D5-96F8-00207802C01C}',NULL)        
	// EXE Debug settings
INSERT INTO ToolOptionSet VALUES ('{58936262-9DF5-11D5-96F8-00207802C01C}','16777472','{589362E9-9DF5-11D5-96F8-00207802C01C}',NULL)       
INSERT INTO ToolOptionSet VALUES ('{58936262-9DF5-11D5-96F8-00207802C01C}','16777472','{589362EA-9DF5-11D5-96F8-00207802C01C}',NULL)       
INSERT INTO ToolOptionSet VALUES ('{58936262-9DF5-11D5-96F8-00207802C01C}','16777472','{589362E5-9DF5-11D5-96F8-00207802C01C}',NULL)        
INSERT INTO ToolOptionSet VALUES ('{58936262-9DF5-11D5-96F8-00207802C01C}','16777472','{589362E7-9DF5-11D5-96F8-00207802C01C}',NULL)        
INSERT INTO ToolOptionSet VALUES ('{58936262-9DF5-11D5-96F8-00207802C01C}','16777472','{589362E6-9DF5-11D5-96F8-00207802C01C}',NULL)        
	//MFC EXE Debug settings
INSERT INTO ToolOptionSet VALUES ('{58936262-9DF5-11D5-96F8-00207802C01C}','16777488','{589362E9-9DF5-11D5-96F8-00207802C01C}',NULL)       
INSERT INTO ToolOptionSet VALUES ('{58936262-9DF5-11D5-96F8-00207802C01C}','16777488','{589362EA-9DF5-11D5-96F8-00207802C01C}',NULL)       
INSERT INTO ToolOptionSet VALUES ('{58936262-9DF5-11D5-96F8-00207802C01C}','16777488','{589362E5-9DF5-11D5-96F8-00207802C01C}',NULL)        
INSERT INTO ToolOptionSet VALUES ('{58936262-9DF5-11D5-96F8-00207802C01C}','16777488','{589362E7-9DF5-11D5-96F8-00207802C01C}',NULL)        
INSERT INTO ToolOptionSet VALUES ('{58936262-9DF5-11D5-96F8-00207802C01C}','16777488','{589362E6-9DF5-11D5-96F8-00207802C01C}',NULL)        
	//DLL Release settings
INSERT INTO ToolOptionSet VALUES ('{58936262-9DF5-11D5-96F8-00207802C01C}','33554432','{589362E9-9DF5-11D5-96F8-00207802C01C}',NULL)       
INSERT INTO ToolOptionSet VALUES ('{58936262-9DF5-11D5-96F8-00207802C01C}','33554432','{589362E8-9DF5-11D5-96F8-00207802C01C}',NULL)       
INSERT INTO ToolOptionSet VALUES ('{58936262-9DF5-11D5-96F8-00207802C01C}','33554432','{589362E5-9DF5-11D5-96F8-00207802C01C}',NULL)        
INSERT INTO ToolOptionSet VALUES ('{58936262-9DF5-11D5-96F8-00207802C01C}','33554432','{589362E7-9DF5-11D5-96F8-00207802C01C}',NULL)        
INSERT INTO ToolOptionSet VALUES ('{58936262-9DF5-11D5-96F8-00207802C01C}','33554432','{589362E6-9DF5-11D5-96F8-00207802C01C}',NULL)        
	//ATL DLL Release MinSize settings
INSERT INTO ToolOptionSet VALUES ('{58936262-9DF5-11D5-96F8-00207802C01C}','33554433','{589362E9-9DF5-11D5-96F8-00207802C01C}',NULL)       
INSERT INTO ToolOptionSet VALUES ('{58936262-9DF5-11D5-96F8-00207802C01C}','33554433','{589362E8-9DF5-11D5-96F8-00207802C01C}',NULL)       
INSERT INTO ToolOptionSet VALUES ('{58936262-9DF5-11D5-96F8-00207802C01C}','33554433','{589362E5-9DF5-11D5-96F8-00207802C01C}',NULL)        
INSERT INTO ToolOptionSet VALUES ('{58936262-9DF5-11D5-96F8-00207802C01C}','33554433','{589362E7-9DF5-11D5-96F8-00207802C01C}',NULL)        
INSERT INTO ToolOptionSet VALUES ('{58936262-9DF5-11D5-96F8-00207802C01C}','33554433','{589362E6-9DF5-11D5-96F8-00207802C01C}',NULL)        
	//ATL DLL Release MinDep settings
INSERT INTO ToolOptionSet VALUES ('{58936262-9DF5-11D5-96F8-00207802C01C}','33554434','{589362E9-9DF5-11D5-96F8-00207802C01C}',NULL)       
INSERT INTO ToolOptionSet VALUES ('{58936262-9DF5-11D5-96F8-00207802C01C}','33554434','{589362E8-9DF5-11D5-96F8-00207802C01C}',NULL)       
INSERT INTO ToolOptionSet VALUES ('{58936262-9DF5-11D5-96F8-00207802C01C}','33554434','{589362E5-9DF5-11D5-96F8-00207802C01C}',NULL)        
INSERT INTO ToolOptionSet VALUES ('{58936262-9DF5-11D5-96F8-00207802C01C}','33554434','{589362E7-9DF5-11D5-96F8-00207802C01C}',NULL)        
INSERT INTO ToolOptionSet VALUES ('{58936262-9DF5-11D5-96F8-00207802C01C}','33554434','{589362E6-9DF5-11D5-96F8-00207802C01C}',NULL)        
	// ATL EXE Release MinSize Settings
INSERT INTO ToolOptionSet VALUES ('{58936262-9DF5-11D5-96F8-00207802C01C}','16777217','{589362E9-9DF5-11D5-96F8-00207802C01C}',NULL)       
INSERT INTO ToolOptionSet VALUES ('{58936262-9DF5-11D5-96F8-00207802C01C}','16777217','{589362E8-9DF5-11D5-96F8-00207802C01C}',NULL)       
INSERT INTO ToolOptionSet VALUES ('{58936262-9DF5-11D5-96F8-00207802C01C}','16777217','{589362E5-9DF5-11D5-96F8-00207802C01C}',NULL)        
INSERT INTO ToolOptionSet VALUES ('{58936262-9DF5-11D5-96F8-00207802C01C}','16777217','{589362E7-9DF5-11D5-96F8-00207802C01C}',NULL)        
INSERT INTO ToolOptionSet VALUES ('{58936262-9DF5-11D5-96F8-00207802C01C}','16777217','{589362E6-9DF5-11D5-96F8-00207802C01C}',NULL)        
	// ATL EXE Release MinDep Settings                                   
INSERT INTO ToolOptionSet VALUES ('{58936262-9DF5-11D5-96F8-00207802C01C}','16777218','{589362E9-9DF5-11D5-96F8-00207802C01C}',NULL)       
INSERT INTO ToolOptionSet VALUES ('{58936262-9DF5-11D5-96F8-00207802C01C}','16777218','{589362E8-9DF5-11D5-96F8-00207802C01C}',NULL)       
INSERT INTO ToolOptionSet VALUES ('{58936262-9DF5-11D5-96F8-00207802C01C}','16777218','{589362E5-9DF5-11D5-96F8-00207802C01C}',NULL)        
INSERT INTO ToolOptionSet VALUES ('{58936262-9DF5-11D5-96F8-00207802C01C}','16777218','{589362E7-9DF5-11D5-96F8-00207802C01C}',NULL)        
INSERT INTO ToolOptionSet VALUES ('{58936262-9DF5-11D5-96F8-00207802C01C}','16777218','{589362E6-9DF5-11D5-96F8-00207802C01C}',NULL)        
	//MFC DLL Release settings
INSERT INTO ToolOptionSet VALUES ('{58936262-9DF5-11D5-96F8-00207802C01C}','33554448','{589362E9-9DF5-11D5-96F8-00207802C01C}',NULL)       
INSERT INTO ToolOptionSet VALUES ('{58936262-9DF5-11D5-96F8-00207802C01C}','33554448','{589362E8-9DF5-11D5-96F8-00207802C01C}',NULL)       
INSERT INTO ToolOptionSet VALUES ('{58936262-9DF5-11D5-96F8-00207802C01C}','33554448','{589362E5-9DF5-11D5-96F8-00207802C01C}',NULL)        
INSERT INTO ToolOptionSet VALUES ('{58936262-9DF5-11D5-96F8-00207802C01C}','33554448','{589362E7-9DF5-11D5-96F8-00207802C01C}',NULL)        
INSERT INTO ToolOptionSet VALUES ('{58936262-9DF5-11D5-96F8-00207802C01C}','33554448','{589362E6-9DF5-11D5-96F8-00207802C01C}',NULL)        
	// DLL Debug settings
INSERT INTO ToolOptionSet VALUES ('{58936262-9DF5-11D5-96F8-00207802C01C}','33554688','{589362E9-9DF5-11D5-96F8-00207802C01C}',NULL)       
INSERT INTO ToolOptionSet VALUES ('{58936262-9DF5-11D5-96F8-00207802C01C}','33554688','{589362EA-9DF5-11D5-96F8-00207802C01C}',NULL)       
INSERT INTO ToolOptionSet VALUES ('{58936262-9DF5-11D5-96F8-00207802C01C}','33554688','{589362E5-9DF5-11D5-96F8-00207802C01C}',NULL)        
INSERT INTO ToolOptionSet VALUES ('{58936262-9DF5-11D5-96F8-00207802C01C}','33554688','{589362E7-9DF5-11D5-96F8-00207802C01C}',NULL)        
INSERT INTO ToolOptionSet VALUES ('{58936262-9DF5-11D5-96F8-00207802C01C}','33554688','{589362E6-9DF5-11D5-96F8-00207802C01C}',NULL)        
	// ATL DLL Debug settings
INSERT INTO ToolOptionSet VALUES ('{58936262-9DF5-11D5-96F8-00207802C01C}','33554689','{589362E9-9DF5-11D5-96F8-00207802C01C}',NULL)       
INSERT INTO ToolOptionSet VALUES ('{58936262-9DF5-11D5-96F8-00207802C01C}','33554689','{589362EA-9DF5-11D5-96F8-00207802C01C}',NULL)       
INSERT INTO ToolOptionSet VALUES ('{58936262-9DF5-11D5-96F8-00207802C01C}','33554689','{589362E5-9DF5-11D5-96F8-00207802C01C}',NULL)        
INSERT INTO ToolOptionSet VALUES ('{58936262-9DF5-11D5-96F8-00207802C01C}','33554689','{589362E7-9DF5-11D5-96F8-00207802C01C}',NULL)        
INSERT INTO ToolOptionSet VALUES ('{58936262-9DF5-11D5-96F8-00207802C01C}','33554689','{589362E6-9DF5-11D5-96F8-00207802C01C}',NULL)        
	// ATL EXE Debug Settings
INSERT INTO ToolOptionSet VALUES ('{58936262-9DF5-11D5-96F8-00207802C01C}','16777473','{589362E9-9DF5-11D5-96F8-00207802C01C}',NULL)       
INSERT INTO ToolOptionSet VALUES ('{58936262-9DF5-11D5-96F8-00207802C01C}','16777473','{589362EA-9DF5-11D5-96F8-00207802C01C}',NULL)       
INSERT INTO ToolOptionSet VALUES ('{58936262-9DF5-11D5-96F8-00207802C01C}','16777473','{589362E5-9DF5-11D5-96F8-00207802C01C}',NULL)        
INSERT INTO ToolOptionSet VALUES ('{58936262-9DF5-11D5-96F8-00207802C01C}','16777473','{589362E7-9DF5-11D5-96F8-00207802C01C}',NULL)        
INSERT INTO ToolOptionSet VALUES ('{58936262-9DF5-11D5-96F8-00207802C01C}','16777473','{589362E6-9DF5-11D5-96F8-00207802C01C}',NULL)        
	// MFC DLL Debug settings
INSERT INTO ToolOptionSet VALUES ('{58936262-9DF5-11D5-96F8-00207802C01C}','33554704','{589362E9-9DF5-11D5-96F8-00207802C01C}',NULL)       
INSERT INTO ToolOptionSet VALUES ('{58936262-9DF5-11D5-96F8-00207802C01C}','33554704','{589362EA-9DF5-11D5-96F8-00207802C01C}',NULL)       
INSERT INTO ToolOptionSet VALUES ('{58936262-9DF5-11D5-96F8-00207802C01C}','33554704','{589362E5-9DF5-11D5-96F8-00207802C01C}',NULL)        
INSERT INTO ToolOptionSet VALUES ('{58936262-9DF5-11D5-96F8-00207802C01C}','33554704','{589362E7-9DF5-11D5-96F8-00207802C01C}',NULL)        
INSERT INTO ToolOptionSet VALUES ('{58936262-9DF5-11D5-96F8-00207802C01C}','33554704','{589362E6-9DF5-11D5-96F8-00207802C01C}',NULL)        
	// MFC ActiveX Control release settings
INSERT INTO ToolOptionSet VALUES ('{58936262-9DF5-11D5-96F8-00207802C01C}','33558544','{589362E9-9DF5-11D5-96F8-00207802C01C}',NULL)       
INSERT INTO ToolOptionSet VALUES ('{58936262-9DF5-11D5-96F8-00207802C01C}','33558544','{589362E8-9DF5-11D5-96F8-00207802C01C}',NULL)       
INSERT INTO ToolOptionSet VALUES ('{58936262-9DF5-11D5-96F8-00207802C01C}','33558544','{589362E5-9DF5-11D5-96F8-00207802C01C}',NULL)        
INSERT INTO ToolOptionSet VALUES ('{58936262-9DF5-11D5-96F8-00207802C01C}','33558544','{589362E7-9DF5-11D5-96F8-00207802C01C}',NULL)        
INSERT INTO ToolOptionSet VALUES ('{58936262-9DF5-11D5-96F8-00207802C01C}','33558544','{589362E6-9DF5-11D5-96F8-00207802C01C}',NULL)        
	// MFC ActiveX Control debug settings
INSERT INTO ToolOptionSet VALUES ('{58936262-9DF5-11D5-96F8-00207802C01C}','33558800','{589362E9-9DF5-11D5-96F8-00207802C01C}',NULL)       
INSERT INTO ToolOptionSet VALUES ('{58936262-9DF5-11D5-96F8-00207802C01C}','33558800','{589362EA-9DF5-11D5-96F8-00207802C01C}',NULL)       
INSERT INTO ToolOptionSet VALUES ('{58936262-9DF5-11D5-96F8-00207802C01C}','33558800','{589362E5-9DF5-11D5-96F8-00207802C01C}',NULL)        
INSERT INTO ToolOptionSet VALUES ('{58936262-9DF5-11D5-96F8-00207802C01C}','33558800','{589362E7-9DF5-11D5-96F8-00207802C01C}',NULL)        
INSERT INTO ToolOptionSet VALUES ('{58936262-9DF5-11D5-96F8-00207802C01C}','33558800','{589362E6-9DF5-11D5-96F8-00207802C01C}',NULL)        
	// Concole application release settings
INSERT INTO ToolOptionSet VALUES ('{58936262-9DF5-11D5-96F8-00207802C01C}','50331648','{589362E8-9DF5-11D5-96F8-00207802C01C}',NULL)       
INSERT INTO ToolOptionSet VALUES ('{58936262-9DF5-11D5-96F8-00207802C01C}','50331648','{589362E5-9DF5-11D5-96F8-00207802C01C}',NULL)        
INSERT INTO ToolOptionSet VALUES ('{58936262-9DF5-11D5-96F8-00207802C01C}','50331648','{589362E7-9DF5-11D5-96F8-00207802C01C}',NULL)        
INSERT INTO ToolOptionSet VALUES ('{58936262-9DF5-11D5-96F8-00207802C01C}','50331648','{589362E6-9DF5-11D5-96F8-00207802C01C}',NULL)       
	// Concole application debug settings
INSERT INTO ToolOptionSet VALUES ('{58936262-9DF5-11D5-96F8-00207802C01C}','50331904','{589362E9-9DF5-11D5-96F8-00207802C01C}',NULL)       
INSERT INTO ToolOptionSet VALUES ('{58936262-9DF5-11D5-96F8-00207802C01C}','50331904','{589362EA-9DF5-11D5-96F8-00207802C01C}',NULL)       
INSERT INTO ToolOptionSet VALUES ('{58936262-9DF5-11D5-96F8-00207802C01C}','50331904','{589362E5-9DF5-11D5-96F8-00207802C01C}',NULL)        
INSERT INTO ToolOptionSet VALUES ('{58936262-9DF5-11D5-96F8-00207802C01C}','50331904','{589362E7-9DF5-11D5-96F8-00207802C01C}',NULL)        
INSERT INTO ToolOptionSet VALUES ('{58936262-9DF5-11D5-96F8-00207802C01C}','50331904','{589362E6-9DF5-11D5-96F8-00207802C01C}',NULL)        
	// Static Library release settings
INSERT INTO ToolOptionSet VALUES ('{58936262-9DF5-11D5-96F8-00207802C01C}','67108864','{589362E5-9DF5-11D5-96F8-00207802C01C}',NULL)        
INSERT INTO ToolOptionSet VALUES ('{58936262-9DF5-11D5-96F8-00207802C01C}','67108864','{589362E7-9DF5-11D5-96F8-00207802C01C}',NULL)        
INSERT INTO ToolOptionSet VALUES ('{58936262-9DF5-11D5-96F8-00207802C01C}','67108864','{589362E6-9DF5-11D5-96F8-00207802C01C}',NULL)        
	// Static Library debug settings
INSERT INTO ToolOptionSet VALUES ('{58936262-9DF5-11D5-96F8-00207802C01C}','67109120','{589362E5-9DF5-11D5-96F8-00207802C01C}',NULL)        
INSERT INTO ToolOptionSet VALUES ('{58936262-9DF5-11D5-96F8-00207802C01C}','67109120','{589362E7-9DF5-11D5-96F8-00207802C01C}',NULL)        
INSERT INTO ToolOptionSet VALUES ('{58936262-9DF5-11D5-96F8-00207802C01C}','67109120','{589362E6-9DF5-11D5-96F8-00207802C01C}',NULL)        

				
// MIDL ARMV4
	//EXE Release settings
INSERT INTO ToolOptionSet VALUES ('{58936263-9DF5-11D5-96F8-00207802C01C}','16777216','{589362E3-9DF5-11D5-96F8-00207802C01C}',NULL)       
INSERT INTO ToolOptionSet VALUES ('{58936263-9DF5-11D5-96F8-00207802C01C}','16777216','{589362E4-9DF5-11D5-96F8-00207802C01C}',NULL)       
	//MFC EXE Release settings
INSERT INTO ToolOptionSet VALUES ('{58936263-9DF5-11D5-96F8-00207802C01C}','16777232','{589362E3-9DF5-11D5-96F8-00207802C01C}',NULL)       
INSERT INTO ToolOptionSet VALUES ('{58936263-9DF5-11D5-96F8-00207802C01C}','16777232','{589362E4-9DF5-11D5-96F8-00207802C01C}',NULL)       
	// EXE Debug settings
INSERT INTO ToolOptionSet VALUES ('{58936263-9DF5-11D5-96F8-00207802C01C}','16777472','{589362E3-9DF5-11D5-96F8-00207802C01C}',NULL)       
INSERT INTO ToolOptionSet VALUES ('{58936263-9DF5-11D5-96F8-00207802C01C}','16777472','{589362E2-9DF5-11D5-96F8-00207802C01C}',NULL)       
	//MFC EXE Debug settings
INSERT INTO ToolOptionSet VALUES ('{58936263-9DF5-11D5-96F8-00207802C01C}','16777488','{589362E3-9DF5-11D5-96F8-00207802C01C}',NULL)       
INSERT INTO ToolOptionSet VALUES ('{58936263-9DF5-11D5-96F8-00207802C01C}','16777488','{589362E2-9DF5-11D5-96F8-00207802C01C}',NULL)       
	//DLL Release settings
INSERT INTO ToolOptionSet VALUES ('{58936263-9DF5-11D5-96F8-00207802C01C}','33554432','{589362E3-9DF5-11D5-96F8-00207802C01C}',NULL)       
INSERT INTO ToolOptionSet VALUES ('{58936263-9DF5-11D5-96F8-00207802C01C}','33554432','{589362E4-9DF5-11D5-96F8-00207802C01C}',NULL)       
	//ATL DLL Release MinSize settings
INSERT INTO ToolOptionSet VALUES ('{58936263-9DF5-11D5-96F8-00207802C01C}','33554433','{589362E3-9DF5-11D5-96F8-00207802C01C}',NULL)       
INSERT INTO ToolOptionSet VALUES ('{58936263-9DF5-11D5-96F8-00207802C01C}','33554433','{589362E4-9DF5-11D5-96F8-00207802C01C}',NULL)       
	//ATL DLL Release MinDep settings
INSERT INTO ToolOptionSet VALUES ('{58936263-9DF5-11D5-96F8-00207802C01C}','33554434','{589362E3-9DF5-11D5-96F8-00207802C01C}',NULL)       
INSERT INTO ToolOptionSet VALUES ('{58936263-9DF5-11D5-96F8-00207802C01C}','33554434','{589362E4-9DF5-11D5-96F8-00207802C01C}',NULL)       
// ATL EXE Release MinSize Settings
INSERT INTO ToolOptionSet VALUES ('{58936263-9DF5-11D5-96F8-00207802C01C}','16777217','{589362E3-9DF5-11D5-96F8-00207802C01C}',NULL)       
INSERT INTO ToolOptionSet VALUES ('{58936263-9DF5-11D5-96F8-00207802C01C}','16777217','{589362E4-9DF5-11D5-96F8-00207802C01C}',NULL)       
// ATL EXE Release MinDep Settings                                   
INSERT INTO ToolOptionSet VALUES ('{58936263-9DF5-11D5-96F8-00207802C01C}','16777218','{589362E3-9DF5-11D5-96F8-00207802C01C}',NULL)       
INSERT INTO ToolOptionSet VALUES ('{58936263-9DF5-11D5-96F8-00207802C01C}','16777218','{589362E4-9DF5-11D5-96F8-00207802C01C}',NULL)       
	//MFC DLL Release settings
INSERT INTO ToolOptionSet VALUES ('{58936263-9DF5-11D5-96F8-00207802C01C}','33554448','{589362E3-9DF5-11D5-96F8-00207802C01C}',NULL)       
INSERT INTO ToolOptionSet VALUES ('{58936263-9DF5-11D5-96F8-00207802C01C}','33554448','{589362E4-9DF5-11D5-96F8-00207802C01C}',NULL)       
	// DLL Debug settings
INSERT INTO ToolOptionSet VALUES ('{58936263-9DF5-11D5-96F8-00207802C01C}','33554688','{589362E3-9DF5-11D5-96F8-00207802C01C}',NULL)       
INSERT INTO ToolOptionSet VALUES ('{58936263-9DF5-11D5-96F8-00207802C01C}','33554688','{589362E2-9DF5-11D5-96F8-00207802C01C}',NULL)       
	// ATL DLL Debug settings
INSERT INTO ToolOptionSet VALUES ('{58936263-9DF5-11D5-96F8-00207802C01C}','33554689','{589362E3-9DF5-11D5-96F8-00207802C01C}',NULL)       
INSERT INTO ToolOptionSet VALUES ('{58936263-9DF5-11D5-96F8-00207802C01C}','33554689','{589362E2-9DF5-11D5-96F8-00207802C01C}',NULL)       
	// ATL EXE Debug Settings
INSERT INTO ToolOptionSet VALUES ('{58936263-9DF5-11D5-96F8-00207802C01C}','16777473','{589362E3-9DF5-11D5-96F8-00207802C01C}',NULL)       
INSERT INTO ToolOptionSet VALUES ('{58936263-9DF5-11D5-96F8-00207802C01C}','16777473','{589362E2-9DF5-11D5-96F8-00207802C01C}',NULL)       
	// MFC DLL Debug settings
INSERT INTO ToolOptionSet VALUES ('{58936263-9DF5-11D5-96F8-00207802C01C}','33554704','{589362E3-9DF5-11D5-96F8-00207802C01C}',NULL)       
INSERT INTO ToolOptionSet VALUES ('{58936263-9DF5-11D5-96F8-00207802C01C}','33554704','{589362E2-9DF5-11D5-96F8-00207802C01C}',NULL)       
	// MFC ActiveX Control release settings
INSERT INTO ToolOptionSet VALUES ('{58936263-9DF5-11D5-96F8-00207802C01C}','33558544','{589362E3-9DF5-11D5-96F8-00207802C01C}',NULL)       
INSERT INTO ToolOptionSet VALUES ('{58936263-9DF5-11D5-96F8-00207802C01C}','33558544','{589362E4-9DF5-11D5-96F8-00207802C01C}',NULL)       
	// MFC ActiveX Control debug settings
INSERT INTO ToolOptionSet VALUES ('{58936263-9DF5-11D5-96F8-00207802C01C}','33558800','{589362E3-9DF5-11D5-96F8-00207802C01C}',NULL)       
INSERT INTO ToolOptionSet VALUES ('{58936263-9DF5-11D5-96F8-00207802C01C}','33558800','{589362E2-9DF5-11D5-96F8-00207802C01C}',NULL)       
	// Concole application release settings
INSERT INTO ToolOptionSet VALUES ('{58936263-9DF5-11D5-96F8-00207802C01C}','50331648','{589362E3-9DF5-11D5-96F8-00207802C01C}',NULL)       
INSERT INTO ToolOptionSet VALUES ('{58936263-9DF5-11D5-96F8-00207802C01C}','50331648','{589362E4-9DF5-11D5-96F8-00207802C01C}',NULL)       
	// Concole application debug settings
INSERT INTO ToolOptionSet VALUES ('{58936263-9DF5-11D5-96F8-00207802C01C}','50331904','{589362E3-9DF5-11D5-96F8-00207802C01C}',NULL)       
INSERT INTO ToolOptionSet VALUES ('{58936263-9DF5-11D5-96F8-00207802C01C}','50331904','{589362E2-9DF5-11D5-96F8-00207802C01C}',NULL)       


// BSC ARMV4
INSERT INTO ToolOptionSet VALUES ('{58936264-9DF5-11D5-96F8-00207802C01C}','16777216','{58936315-9DF5-11D5-96F8-00207802C01C}',NULL)       
INSERT INTO ToolOptionSet VALUES ('{58936264-9DF5-11D5-96F8-00207802C01C}','16777232','{58936315-9DF5-11D5-96F8-00207802C01C}',NULL)       
INSERT INTO ToolOptionSet VALUES ('{58936264-9DF5-11D5-96F8-00207802C01C}','16777472','{58936315-9DF5-11D5-96F8-00207802C01C}',NULL)       
INSERT INTO ToolOptionSet VALUES ('{58936264-9DF5-11D5-96F8-00207802C01C}','16777488','{58936315-9DF5-11D5-96F8-00207802C01C}',NULL)       
INSERT INTO ToolOptionSet VALUES ('{58936264-9DF5-11D5-96F8-00207802C01C}','33554432','{58936315-9DF5-11D5-96F8-00207802C01C}',NULL)       
INSERT INTO ToolOptionSet VALUES ('{58936264-9DF5-11D5-96F8-00207802C01C}','33554433','{589362E3-9DF5-11D5-96F8-00207802C01C}',NULL)       
INSERT INTO ToolOptionSet VALUES ('{58936264-9DF5-11D5-96F8-00207802C01C}','33554434','{589362E3-9DF5-11D5-96F8-00207802C01C}',NULL)       
// ATL EXE Release MinSize Settings
INSERT INTO ToolOptionSet VALUES ('{58936264-9DF5-11D5-96F8-00207802C01C}','16777217','{589362E3-9DF5-11D5-96F8-00207802C01C}',NULL)       
// ATL EXE Release MinDep Settings                                   
INSERT INTO ToolOptionSet VALUES ('{58936264-9DF5-11D5-96F8-00207802C01C}','16777218','{589362E3-9DF5-11D5-96F8-00207802C01C}',NULL)       
INSERT INTO ToolOptionSet VALUES ('{58936264-9DF5-11D5-96F8-00207802C01C}','33554448','{58936315-9DF5-11D5-96F8-00207802C01C}',NULL)       
INSERT INTO ToolOptionSet VALUES ('{58936264-9DF5-11D5-96F8-00207802C01C}','33554688','{58936315-9DF5-11D5-96F8-00207802C01C}',NULL)       
INSERT INTO ToolOptionSet VALUES ('{58936264-9DF5-11D5-96F8-00207802C01C}','33554689','{589362E3-9DF5-11D5-96F8-00207802C01C}',NULL)       
// ATL EXE Debug Settings
INSERT INTO ToolOptionSet VALUES ('{58936264-9DF5-11D5-96F8-00207802C01C}','16777473','{589362E3-9DF5-11D5-96F8-00207802C01C}',NULL)       
INSERT INTO ToolOptionSet VALUES ('{58936264-9DF5-11D5-96F8-00207802C01C}','33554704','{58936315-9DF5-11D5-96F8-00207802C01C}',NULL)       
INSERT INTO ToolOptionSet VALUES ('{58936264-9DF5-11D5-96F8-00207802C01C}','33558544','{58936315-9DF5-11D5-96F8-00207802C01C}',NULL)       
INSERT INTO ToolOptionSet VALUES ('{58936264-9DF5-11D5-96F8-00207802C01C}','33558800','{58936315-9DF5-11D5-96F8-00207802C01C}',NULL)       
INSERT INTO ToolOptionSet VALUES ('{58936264-9DF5-11D5-96F8-00207802C01C}','50331648','{58936315-9DF5-11D5-96F8-00207802C01C}',NULL)       
INSERT INTO ToolOptionSet VALUES ('{58936264-9DF5-11D5-96F8-00207802C01C}','50331904','{58936315-9DF5-11D5-96F8-00207802C01C}',NULL)       
INSERT INTO ToolOptionSet VALUES ('{58936264-9DF5-11D5-96F8-00207802C01C}','67108864','{58936315-9DF5-11D5-96F8-00207802C01C}',NULL)       


// COFF ARMV4
INSERT INTO ToolOptionSet VALUES ('{58936265-9DF5-11D5-96F8-00207802C01C}','67108864','{58936307-9DF5-11D5-96F8-00207802C01C}',NULL)       
INSERT INTO ToolOptionSet VALUES ('{58936265-9DF5-11D5-96F8-00207802C01C}','67109120','{58936307-9DF5-11D5-96F8-00207802C01C}',NULL)       
