/////////////////////////////////   ARMV4T  ////////////////////////////////////////

// ******** Vendor  ********
INSERT INTO Vendor VALUES ('{35583C00-7208-11D3-99F3-00105A0DF099}','Microsoft','Microsoft' )
INSERT INTO Vendor VALUES ('{35583C04-7208-11D3-99F3-00105A0DF099}','ARM','Advanced Risc Machines' )

// ******** CPUFamily  ********
INSERT INTO CPUFamily VALUES ('{FFEF61B0-6C93-11D3-843A-005004848CBA}','ARM','Arm family','5','ARM') 

// ******** IdeFamily  ********
INSERT INTO IDEFamily VALUES ('{E603A29A-2E04-4098-B16B-34C128208D83}','ARMV4T',NULL,'Win32 (WCE ARMV4T)','164','vc60.pdb','ARMV4T',FALSE)       

// ******** CPU  ********
INSERT INTO CPU VALUES ('{F52316A9-3B7C-4fe7-A67F-68350B41240D}','{35583C04-7208-11D3-99F3-00105A0DF099}','ARMV4T','ARMV4T 16-bit','{FFEF61B0-6C93-11D3-843A-005004848CBA}','{E603A29A-2E04-4098-B16B-34C128208D83}','1824','0','0','450','ARMV4T' ) 
INSERT INTO CPU VALUES ('{9DDC9602-3A5F-4583-93F5-DE4A3A093F0C}','{35583C04-7208-11D3-99F3-00105A0DF099}','ARMV4T','ARMV4T 16-bit','{FFEF61B0-6C93-11D3-843A-005004848CBA}','{E603A29A-2E04-4098-B16B-34C128208D83}','2080','0','0','450','ARMV4T' ) 
INSERT INTO CPU VALUES ('{6FA69EDA-6377-4ae1-884D-87492DE28A98}','{35583C04-7208-11D3-99F3-00105A0DF099}','ARMV4T','ARMV4T 16-bit','{FFEF61B0-6C93-11D3-843A-005004848CBA}','{E603A29A-2E04-4098-B16B-34C128208D83}','2336','0','0','450','ARMV4T' ) 

// ******** PID  ********
INSERT INTO ObjAttr VALUES ('ProductID','{F52316A9-3B7C-4fe7-A67F-68350B41240D}','ProductID','ProductID',2,0,'PID',0)
INSERT INTO ObjAttr VALUES ('ProductID','{9DDC9602-3A5F-4583-93F5-DE4A3A093F0C}','ProductID','ProductID',2,0,'PID',0)
INSERT INTO ObjAttr VALUES ('ProductID','{6FA69EDA-6377-4ae1-884D-87492DE28A98}','ProductID','ProductID',2,0,'PID',0)

// ******** Tool  ********
INSERT INTO Tool VALUES ('{5F6376C0-9DF5-11D5-96F8-00207802C01C}','{35583C00-7208-11D3-99F3-00105A0DF099}','CLARMV4T','ARMV4T source compiler','clthumb.exe',NULL )
INSERT INTO Tool VALUES ('{5F6376C1-9DF5-11D5-96F8-00207802C01C}','{35583C00-7208-11D3-99F3-00105A0DF099}','LINKARMV4T','ARMV4T Linker','link.exe',NULL )
INSERT INTO Tool VALUES ('{5F6376C2-9DF5-11D5-96F8-00207802C01C}','{35583C00-7208-11D3-99F3-00105A0DF099}','VCRCARMV4T','baseline resource compiler','rc.exe',NULL )
INSERT INTO Tool VALUES ('{5F6376C3-9DF5-11D5-96F8-00207802C01C}','{35583C00-7208-11D3-99F3-00105A0DF099}','MIDLARMV4T','ARMV4T middle compiler','midl.exe','COMMON\VCCE\BIN' )
INSERT INTO Tool VALUES ('{5F6376C4-9DF5-11D5-96F8-00207802C01C}','{35583C00-7208-11D3-99F3-00105A0DF099}','BSCARMV4T','ARMV4T browser compiler','bscmake.exe','COMMON\VCCE\BIN' )
INSERT INTO Tool VALUES ('{5F6376C5-9DF5-11D5-96F8-00207802C01C}','{35583C00-7208-11D3-99F3-00105A0DF099}','COFFARMV4T','ARMV4T coff','link.exe',NULL )
INSERT INTO Tool VALUES ('{5F6376C6-9DF5-11D5-96F8-00207802C01C}','{35583C00-7208-11D3-99F3-00105A0DF099}','DBGARMV4T','ARMV4T debugger','odarm4t',NULL )
INSERT INTO Tool VALUES ('{5F6376C7-9DF5-11D5-96F8-00207802C01C}','{35583C00-7208-11D3-99F3-00105A0DF099}','LIBARMV4T','ARMV4T library manager','link.exe',NULL )
INSERT INTO Tool VALUES ('{5F6376C8-9DF5-11D5-96F8-00207802C01C}','{35583C00-7208-11D3-99F3-00105A0DF099}','DBGCEFARMV4T','CEF debugger for ARMV4T','odcefthumb',NULL )

// ******** ObjAttr  ********
// DBGARMV4T
INSERT INTO ObjAttr VALUES ('IsEmulation',	'{5F6376C6-9DF5-11D5-96F8-00207802C01C}','Emulation','Specifies whether this is for emulation','1','0',NULL,NULL )
INSERT INTO ObjAttr VALUES ('STSupport',		'{5F6376C6-9DF5-11D5-96F8-00207802C01C}','ST Support','The type of ST support','1','1',NULL,NULL )
INSERT INTO ObjAttr VALUES ('SupportsATP',	'{5F6376C6-9DF5-11D5-96F8-00207802C01C}','Supports ATP','Specifies whether ATP is supported','1','0',NULL,NULL )
INSERT INTO ObjAttr VALUES ('SupportsSINH',	'{5F6376C6-9DF5-11D5-96F8-00207802C01C}','Supports SINH','Specifies whether SINH is supported','1','0',NULL,NULL )
INSERT INTO ObjAttr VALUES ('TargetUP',		'{5F6376C6-9DF5-11D5-96F8-00207802C01C}','?','Specifies the target UP','1','136',NULL,NULL )
INSERT INTO ObjAttr VALUES ('EE',				'{5F6376C6-9DF5-11D5-96F8-00207802C01C}','EE','The EE for this debugger','2','0','EECXXCE',NULL )
INSERT INTO ObjAttr VALUES ('EM',				'{5F6376C6-9DF5-11D5-96F8-00207802C01C}','EM','The EM for this debugger','2','0','EMCE',NULL )
INSERT INTO ObjAttr VALUES ('SH',				'{5F6376C6-9DF5-11D5-96F8-00207802C01C}','SH','The SH for this debugger','2','0','SHCVCE',NULL )
// LINKARMV4T
INSERT INTO ObjAttr VALUES ('Input',	'{5F6376C1-9DF5-11D5-96F8-00207802C01C}','Input','The extension of files take','2','0','*.obj;*.res;*.lib;*.def;*.rsc',NULL )
INSERT INTO ObjAttr VALUES ('Prefix','{5F6376C1-9DF5-11D5-96F8-00207802C01C}','Prefix','The prefix of the tool','2','0','LINK32',NULL )
// CLARMV4T
INSERT INTO ObjAttr VALUES ('Input',	'{5F6376C0-9DF5-11D5-96F8-00207802C01C}','Input','The extension of files take','2','0','*.c;*.cpp;*.cxx',NULL )
INSERT INTO ObjAttr VALUES ('Prefix','{5F6376C0-9DF5-11D5-96F8-00207802C01C}','Prefix','The prefix of the tool','2','0','CPP',NULL )
// LIBARMV4T
INSERT INTO ObjAttr VALUES ('Input',	'{5F6376C7-9DF5-11D5-96F8-00207802C01C}','Input','The extension of files take','2','0','*.obj;*.res;*.lib',NULL )
INSERT INTO ObjAttr VALUES ('Prefix','{5F6376C7-9DF5-11D5-96F8-00207802C01C}','Prefix','The prefix of the tool','2','0','LIB32',NULL )
// DBGCEFARMV4T
INSERT INTO ObjAttr VALUES ('NativeDebugger','{5F6376C8-9DF5-11D5-96F8-00207802C01C}','DBGARMV4T','ARMV4T native debugger','3','0',NULL,'{5F6376C6-9DF5-11D5-96F8-00207802C01C}' )

// ******** OS  ********
INSERT INTO OS VALUES ('{42CA0006-5AA4-11D3-99E7-00105A0DF099}','{35583C00-7208-11D3-99F3-00105A0DF099}','Default','Default','0.00','0','0' )

// ******** Platform  ********
INSERT INTO Platform VALUES ('{8A9A2F80-6887-11D3-842E-005004848CBA}','{35583C00-7208-11D3-99F3-00105A0DF099}','Default','Default','{42CA0006-5AA4-11D3-99E7-00105A0DF099}',NULL,'0','0' )

// ******** ToolEntry  ********
// ARMV4T (ARMV4T)            // Platform                              // OS                                     // CPU      720                             //TOOL                             // Tool Type
INSERT INTO ToolEntry VALUES ('{8A9A2F80-6887-11D3-842E-005004848CBA}','{42CA0006-5AA4-11D3-99E7-00105A0DF099}','{F52316A9-3B7C-4fe7-A67F-68350B41240D}','{5F6376C5-9DF5-11D5-96F8-00207802C01C}','9' )
INSERT INTO ToolEntry VALUES ('{8A9A2F80-6887-11D3-842E-005004848CBA}','{42CA0006-5AA4-11D3-99E7-00105A0DF099}','{F52316A9-3B7C-4fe7-A67F-68350B41240D}','{5F6376C6-9DF5-11D5-96F8-00207802C01C}','2' )
INSERT INTO ToolEntry VALUES ('{8A9A2F80-6887-11D3-842E-005004848CBA}','{42CA0006-5AA4-11D3-99E7-00105A0DF099}','{F52316A9-3B7C-4fe7-A67F-68350B41240D}','{5F6376C7-9DF5-11D5-96F8-00207802C01C}','5' )
INSERT INTO ToolEntry VALUES ('{8A9A2F80-6887-11D3-842E-005004848CBA}','{42CA0006-5AA4-11D3-99E7-00105A0DF099}','{F52316A9-3B7C-4fe7-A67F-68350B41240D}','{5F6376C4-9DF5-11D5-96F8-00207802C01C}','8' )
INSERT INTO ToolEntry VALUES ('{8A9A2F80-6887-11D3-842E-005004848CBA}','{42CA0006-5AA4-11D3-99E7-00105A0DF099}','{F52316A9-3B7C-4fe7-A67F-68350B41240D}','{5F6376C0-9DF5-11D5-96F8-00207802C01C}','1' )
INSERT INTO ToolEntry VALUES ('{8A9A2F80-6887-11D3-842E-005004848CBA}','{42CA0006-5AA4-11D3-99E7-00105A0DF099}','{F52316A9-3B7C-4fe7-A67F-68350B41240D}','{5F6376C1-9DF5-11D5-96F8-00207802C01C}','4' )
INSERT INTO ToolEntry VALUES ('{8A9A2F80-6887-11D3-842E-005004848CBA}','{42CA0006-5AA4-11D3-99E7-00105A0DF099}','{F52316A9-3B7C-4fe7-A67F-68350B41240D}','{5F6376C2-9DF5-11D5-96F8-00207802C01C}','3' )
INSERT INTO ToolEntry VALUES ('{8A9A2F80-6887-11D3-842E-005004848CBA}','{42CA0006-5AA4-11D3-99E7-00105A0DF099}','{F52316A9-3B7C-4fe7-A67F-68350B41240D}','{5F6376C3-9DF5-11D5-96F8-00207802C01C}','7' )
INSERT INTO ToolEntry VALUES ('{8A9A2F80-6887-11D3-842E-005004848CBA}','{42CA0006-5AA4-11D3-99E7-00105A0DF099}','{F52316A9-3B7C-4fe7-A67F-68350B41240D}','{5F6376C8-9DF5-11D5-96F8-00207802C01C}','6' )

// ARMV4T (ARMV4T)            // Platform                              // OS                                     // CPU      820                          //TOOL                             // Tool Type
INSERT INTO ToolEntry VALUES ('{8A9A2F80-6887-11D3-842E-005004848CBA}','{42CA0006-5AA4-11D3-99E7-00105A0DF099}','{9DDC9602-3A5F-4583-93F5-DE4A3A093F0C}','{5F6376C5-9DF5-11D5-96F8-00207802C01C}','9' )
INSERT INTO ToolEntry VALUES ('{8A9A2F80-6887-11D3-842E-005004848CBA}','{42CA0006-5AA4-11D3-99E7-00105A0DF099}','{9DDC9602-3A5F-4583-93F5-DE4A3A093F0C}','{5F6376C6-9DF5-11D5-96F8-00207802C01C}','2' )
INSERT INTO ToolEntry VALUES ('{8A9A2F80-6887-11D3-842E-005004848CBA}','{42CA0006-5AA4-11D3-99E7-00105A0DF099}','{9DDC9602-3A5F-4583-93F5-DE4A3A093F0C}','{5F6376C7-9DF5-11D5-96F8-00207802C01C}','5' )
INSERT INTO ToolEntry VALUES ('{8A9A2F80-6887-11D3-842E-005004848CBA}','{42CA0006-5AA4-11D3-99E7-00105A0DF099}','{9DDC9602-3A5F-4583-93F5-DE4A3A093F0C}','{5F6376C4-9DF5-11D5-96F8-00207802C01C}','8' )
INSERT INTO ToolEntry VALUES ('{8A9A2F80-6887-11D3-842E-005004848CBA}','{42CA0006-5AA4-11D3-99E7-00105A0DF099}','{9DDC9602-3A5F-4583-93F5-DE4A3A093F0C}','{5F6376C0-9DF5-11D5-96F8-00207802C01C}','1' )
INSERT INTO ToolEntry VALUES ('{8A9A2F80-6887-11D3-842E-005004848CBA}','{42CA0006-5AA4-11D3-99E7-00105A0DF099}','{9DDC9602-3A5F-4583-93F5-DE4A3A093F0C}','{5F6376C1-9DF5-11D5-96F8-00207802C01C}','4' )
INSERT INTO ToolEntry VALUES ('{8A9A2F80-6887-11D3-842E-005004848CBA}','{42CA0006-5AA4-11D3-99E7-00105A0DF099}','{9DDC9602-3A5F-4583-93F5-DE4A3A093F0C}','{5F6376C2-9DF5-11D5-96F8-00207802C01C}','3' )
INSERT INTO ToolEntry VALUES ('{8A9A2F80-6887-11D3-842E-005004848CBA}','{42CA0006-5AA4-11D3-99E7-00105A0DF099}','{9DDC9602-3A5F-4583-93F5-DE4A3A093F0C}','{5F6376C3-9DF5-11D5-96F8-00207802C01C}','7' )
INSERT INTO ToolEntry VALUES ('{8A9A2F80-6887-11D3-842E-005004848CBA}','{42CA0006-5AA4-11D3-99E7-00105A0DF099}','{9DDC9602-3A5F-4583-93F5-DE4A3A093F0C}','{5F6376C8-9DF5-11D5-96F8-00207802C01C}','6' )

// ARMV4T (ARMV4T)            // Platform                              // OS                                     // CPU      920                          //TOOL                             // Tool Type
INSERT INTO ToolEntry VALUES ('{8A9A2F80-6887-11D3-842E-005004848CBA}','{42CA0006-5AA4-11D3-99E7-00105A0DF099}','{6FA69EDA-6377-4ae1-884D-87492DE28A98}','{5F6376C5-9DF5-11D5-96F8-00207802C01C}','9' )
INSERT INTO ToolEntry VALUES ('{8A9A2F80-6887-11D3-842E-005004848CBA}','{42CA0006-5AA4-11D3-99E7-00105A0DF099}','{6FA69EDA-6377-4ae1-884D-87492DE28A98}','{5F6376C6-9DF5-11D5-96F8-00207802C01C}','2' )
INSERT INTO ToolEntry VALUES ('{8A9A2F80-6887-11D3-842E-005004848CBA}','{42CA0006-5AA4-11D3-99E7-00105A0DF099}','{6FA69EDA-6377-4ae1-884D-87492DE28A98}','{5F6376C7-9DF5-11D5-96F8-00207802C01C}','5' )
INSERT INTO ToolEntry VALUES ('{8A9A2F80-6887-11D3-842E-005004848CBA}','{42CA0006-5AA4-11D3-99E7-00105A0DF099}','{6FA69EDA-6377-4ae1-884D-87492DE28A98}','{5F6376C4-9DF5-11D5-96F8-00207802C01C}','8' )
INSERT INTO ToolEntry VALUES ('{8A9A2F80-6887-11D3-842E-005004848CBA}','{42CA0006-5AA4-11D3-99E7-00105A0DF099}','{6FA69EDA-6377-4ae1-884D-87492DE28A98}','{5F6376C0-9DF5-11D5-96F8-00207802C01C}','1' )
INSERT INTO ToolEntry VALUES ('{8A9A2F80-6887-11D3-842E-005004848CBA}','{42CA0006-5AA4-11D3-99E7-00105A0DF099}','{6FA69EDA-6377-4ae1-884D-87492DE28A98}','{5F6376C1-9DF5-11D5-96F8-00207802C01C}','4' )
INSERT INTO ToolEntry VALUES ('{8A9A2F80-6887-11D3-842E-005004848CBA}','{42CA0006-5AA4-11D3-99E7-00105A0DF099}','{6FA69EDA-6377-4ae1-884D-87492DE28A98}','{5F6376C2-9DF5-11D5-96F8-00207802C01C}','3' )
INSERT INTO ToolEntry VALUES ('{8A9A2F80-6887-11D3-842E-005004848CBA}','{42CA0006-5AA4-11D3-99E7-00105A0DF099}','{6FA69EDA-6377-4ae1-884D-87492DE28A98}','{5F6376C3-9DF5-11D5-96F8-00207802C01C}','7' )
INSERT INTO ToolEntry VALUES ('{8A9A2F80-6887-11D3-842E-005004848CBA}','{42CA0006-5AA4-11D3-99E7-00105A0DF099}','{6FA69EDA-6377-4ae1-884D-87492DE28A98}','{5F6376C8-9DF5-11D5-96F8-00207802C01C}','6' )


// ******** ToolOption  ********
                // CL           // ToolOptionID                           // Tool_GUID
INSERT INTO ToolOption VALUES ('{5F637787-9DF5-11D5-96F8-00207802C01C}','{5F6376C0-9DF5-11D5-96F8-00207802C01C}','ASSEMBLY_LISTING_ARMV4T','UI configure assembly listing','2','1000','/FA',FALSE)       
INSERT INTO ToolOption VALUES ('{5F637786-9DF5-11D5-96F8-00207802C01C}','{5F6376C0-9DF5-11D5-96F8-00207802C01C}','DISABLE_CONSTRUCTION_DISPLACEMENT_ARMV4T','UI disable construction displacement','2','1001','/vd0',FALSE)
INSERT INTO ToolOption VALUES ('{5F637785-9DF5-11D5-96F8-00207802C01C}','{5F6376C0-9DF5-11D5-96F8-00207802C01C}','GENERAL_PURPOSE_ALWAYS_ARMV4T','UI pointer to member presentation method','2','1002','/vmg',FALSE)    
INSERT INTO ToolOption VALUES ('{5F637784-9DF5-11D5-96F8-00207802C01C}','{5F6376C0-9DF5-11D5-96F8-00207802C01C}','PRECOMPILE_HEADER_ARMV4T','UI support precompile header','2','1003',NULL,FALSE)         
INSERT INTO ToolOption VALUES ('{5F637783-9DF5-11D5-96F8-00207802C01C}','{5F6376C0-9DF5-11D5-96F8-00207802C01C}','CECRTMTDEBUG_ARMV4T','Debug Lib Macro','2',NULL,'/M$(CECrtMTDebug)',FALSE)    
INSERT INTO ToolOption VALUES ('{5F637782-9DF5-11D5-96F8-00207802C01C}','{5F6376C0-9DF5-11D5-96F8-00207802C01C}','AFXDLL_ARMV4T','Define _AFXDLL for dynamic linking to MFC','2',NULL,'/D _AFXDLL',FALSE)     
INSERT INTO ToolOption VALUES ('{5F637781-9DF5-11D5-96F8-00207802C01C}','{5F6376C0-9DF5-11D5-96F8-00207802C01C}','ARMV4T_CPLR_DBG','IDS_ARMV4T_CPLR_DBG','2','1','/DDEBUG',FALSE)   
INSERT INTO ToolOption VALUES ('{5F637780-9DF5-11D5-96F8-00207802C01C}','{5F6376C0-9DF5-11D5-96F8-00207802C01C}','ARMV4TEXE_CPLR_DBG','IDS_ARMV4TEXE_CPLR_DBG','2','1','/Zi  /DTHUMB /D_THUMB_ /DARMV4T /DUNDER_CE=$(CEVersion) /D_WIN32_WCE=$(CEVersion)',FALSE)  
INSERT INTO ToolOption VALUES ('{5F63777F-9DF5-11D5-96F8-00207802C01C}','{5F6376C0-9DF5-11D5-96F8-00207802C01C}','ARMV4T_CPLR_COMMON','IDS_ARMV4T_CPLR_COMMON','2','1','/QRarch4T /QRinterwork-return /c /nologo /D_WIN32_WCE=$(CEVersion) /DARM /D_ARM_ /D $(CePlatform)',FALSE)
INSERT INTO ToolOption VALUES ('{5F63777E-9DF5-11D5-96F8-00207802C01C}','{5F6376C0-9DF5-11D5-96F8-00207802C01C}','ARMV4TDLL_CPLR_DBG','IDS_ARMV4TDLL_CPLR_DBG','2','1','/Zi  /DTHUMB /D_THUMB_ /DARMV4T /DUNDER_CE=$(CEVersion) /D_WIN32_WCE=$(CEVersion)',FALSE)  
INSERT INTO ToolOption VALUES ('{5F63777D-9DF5-11D5-96F8-00207802C01C}','{5F6376C0-9DF5-11D5-96F8-00207802C01C}','ARMV4TCON_CPLR_DBG','IDS_ARMV4TCON_CPLR_DBG','2','1','/Zi  /DTHUMB /D_THUMB_ /DARMV4T /DUNDER_CE=$(CEVersion) /D_WIN32_WCE=$(CEVersion)',FALSE)  
INSERT INTO ToolOption VALUES ('{5F63777C-9DF5-11D5-96F8-00207802C01C}','{5F6376C0-9DF5-11D5-96F8-00207802C01C}','ARMV4TLIB_CPLR_DBG','IDS_ARMV4TLIB_CPLR_DBG','2','1','/Zi  /DTHUMB /D_THUMB_ /DARMV4T /DUNDER_CE=$(CEVersion) /D_WIN32_WCE=$(CEVersion)',FALSE)  
INSERT INTO ToolOption VALUES ('{5F63777B-9DF5-11D5-96F8-00207802C01C}','{5F6376C0-9DF5-11D5-96F8-00207802C01C}','ARMV4TEXE_CPLR_REL','IDS_ARMV4TEXE_CPLR_REL','2','1','/DTHUMB /D_THUMB_ /DARMV4T /DUNDER_CE=$(CEVersion) /D_WIN32_WCE=$(CEVersion)',FALSE)       
INSERT INTO ToolOption VALUES ('{5F63777A-9DF5-11D5-96F8-00207802C01C}','{5F6376C0-9DF5-11D5-96F8-00207802C01C}','ARMV4TDLL_CPLR_REL','IDS_ARMV4TDLL_CPLR_REL','2','1','/DTHUMB /D_THUMB_ /DARMV4T /DUNDER_CE=$(CEVersion) /D_WIN32_WCE=$(CEVersion)',FALSE)       
INSERT INTO ToolOption VALUES ('{5F637779-9DF5-11D5-96F8-00207802C01C}','{5F6376C0-9DF5-11D5-96F8-00207802C01C}','ARMV4TCON_CPLR_REL','IDS_ARMV4TCON_CPLR_REL','2','1','/DTHUMB /D_THUMB_ /DARMV4T /DUNDER_CE=$(CEVersion) /D_WIN32_WCE=$(CEVersion)',FALSE)       
INSERT INTO ToolOption VALUES ('{5F637778-9DF5-11D5-96F8-00207802C01C}','{5F6376C0-9DF5-11D5-96F8-00207802C01C}','ARMV4TLIB_CPLR_REL','IDS_ARMV4TLIB_CPLR_REL','2','1','/DTHUMB /D_THUMB_ /DARMV4T /DUNDER_CE=$(CEVersion) /D_WIN32_WCE=$(CEVersion)',FALSE)       
INSERT INTO ToolOption VALUES ('{5F637777-9DF5-11D5-96F8-00207802C01C}','{5F6376C0-9DF5-11D5-96F8-00207802C01C}','ARMV4TATL_CPLR_DBG','Specific flags for ARMV4T Compiler (ATL DBG build)','2','1','/D _USRDLL',FALSE)        
INSERT INTO ToolOption VALUES ('{5F637776-9DF5-11D5-96F8-00207802C01C}','{5F6376C0-9DF5-11D5-96F8-00207802C01C}','ARMV4TMFC_CPLR_COMMON',NULL,'2','1','/QRarch4T /QRinterwork-return /c /nologo /D_WIN32_WCE=$(CEVersion) /DARM /D_ARM_ /D $(CePlatform)',FALSE)   
INSERT INTO ToolOption VALUES ('{5F637775-9DF5-11D5-96F8-00207802C01C}','{5F6376C0-9DF5-11D5-96F8-00207802C01C}','ARMV4TATL_CPLR_COMMON',NULL,'2','1','/QRarch4T /QRinterwork-return /D _USRDLL /c /DARM /D_ARM_ /D $(CePlatform)',FALSE)  
INSERT INTO ToolOption VALUES ('{5F637774-9DF5-11D5-96F8-00207802C01C}','{5F6376C0-9DF5-11D5-96F8-00207802C01C}','ARMV4TATL_CPLR_REL',NULL,'2','1','/nologo /DTHUMB /D_THUMB_ /DARMV4T /DUNDER_CE=$(CEVersion) /D_WIN32_WCE=$(CEVersion)',FALSE)    
INSERT INTO ToolOption VALUES ('{5F637773-9DF5-11D5-96F8-00207802C01C}','{5F6376C0-9DF5-11D5-96F8-00207802C01C}','ARMV4TACTIVEX_CPLR_COMMON',NULL,'2','1','/GX-',FALSE) 
INSERT INTO ToolOption VALUES ('{5F637772-9DF5-11D5-96F8-00207802C01C}','{5F6376C0-9DF5-11D5-96F8-00207802C01C}','NDEBUG_ARMV4T','the NDEBUG define for release prjs','2',NULL,'/D NDEBUG',FALSE)   
INSERT INTO ToolOption VALUES ('{5F637771-9DF5-11D5-96F8-00207802C01C}','{5F6376C0-9DF5-11D5-96F8-00207802C01C}','ATL_STATIC_REGISTRY_ARMV4T','Define _ATL_STATIC_REGISTRY','2',NULL,'/D _ATL_STATIC_REGISTRY',FALSE)        
INSERT INTO ToolOption VALUES ('{5F637770-9DF5-11D5-96F8-00207802C01C}','{5F6376C0-9DF5-11D5-96F8-00207802C01C}','UNICODE_ARMV4T','Turn on Unicode','2',NULL,'/D UNICODE /D _UNICODE',FALSE)     
INSERT INTO ToolOption VALUES ('{5F63776F-9DF5-11D5-96F8-00207802C01C}','{5F6376C0-9DF5-11D5-96F8-00207802C01C}','CECRTMT_ARMV4T','Release Lib Macro','2',NULL,'/M$(CECrtMT)',FALSE)  
INSERT INTO ToolOption VALUES ('{5F63776E-9DF5-11D5-96F8-00207802C01C}','{5F6376C0-9DF5-11D5-96F8-00207802C01C}','ARMV4T_MAXIMUM_OPTIMIZATION','maximum opts. (/Ogityb1 /Gs)','2',NULL,'/O2',FALSE)
INSERT INTO ToolOption VALUES ('{5F63776D-9DF5-11D5-96F8-00207802C01C}','{5F6376C0-9DF5-11D5-96F8-00207802C01C}','ARMV4TDISABLE_OPTIMIZATIONS','Disables all compiler optimizations','2',NULL,'/Od',FALSE)     
INSERT INTO ToolOption VALUES ('{5F63776C-9DF5-11D5-96F8-00207802C01C}','{5F6376C0-9DF5-11D5-96F8-00207802C01C}','ARMV4T_ASSUME_NO_ALIASING','Enables Assume no Aliasing','2',1007,'/Oa',FALSE)     

                // LINK
INSERT INTO ToolOption VALUES ('{5F63776B-9DF5-11D5-96F8-00207802C01C}','{5F6376C1-9DF5-11D5-96F8-00207802C01C}','LINKDBG_FORMAT_COFF_ARMV4T','UI debug format COFF','2','1004','/debugtype:coff',FALSE)  
INSERT INTO ToolOption VALUES ('{5F63776A-9DF5-11D5-96F8-00207802C01C}','{5F6376C1-9DF5-11D5-96F8-00207802C01C}','INCREMENTAL_LINKING_ARMV4T','Incremental Linking Flag','2','1006','/INCREMENTAL:YES',FALSE)   
INSERT INTO ToolOption VALUES ('{5F637769-9DF5-11D5-96F8-00207802C01C}','{5F6376C1-9DF5-11D5-96F8-00207802C01C}','ARMV4T_LINK_ARMV4T_COMMON','IDS_ARMV4T_LINK_ARMV4T_COMMON','2','1','/NOLOGO /subsystem:$(CESubsystem) /nodefaultlib:$(CENoDefaultLib)',FALSE)
INSERT INTO ToolOption VALUES ('{5F637768-9DF5-11D5-96F8-00207802C01C}','{5F6376C1-9DF5-11D5-96F8-00207802C01C}','ARMV4T_LINK_DBG','IDS_ARMV4T_LINK_DBG','2','1','/DEBUG /DEBUGTYPE:CV',FALSE)    
INSERT INTO ToolOption VALUES ('{5F637767-9DF5-11D5-96F8-00207802C01C}','{5F6376C1-9DF5-11D5-96F8-00207802C01C}','ARMV4TEXE_LINK_DBG','IDS_ARMV4TEXE_LINK_DBG','2','1','/entry:WinMainCRTStartup',FALSE)        
INSERT INTO ToolOption VALUES ('{5F637766-9DF5-11D5-96F8-00207802C01C}','{5F6376C1-9DF5-11D5-96F8-00207802C01C}','ARMV4T_LIB_DBG','IDS_ARMV4T_LIB_DBG','2','1','commctrl.lib coredll.lib ',FALSE)  
INSERT INTO ToolOption VALUES ('{5F637769-9DF5-11D5-96F8-00207802C01C}','{5F6376C1-9DF5-11D5-96F8-00207802C01C}','ARMV4T_LINK_ARMV4T_COMMON','IDS_ARMV4T_LINK_ARMV4T_COMMON','2','1','/NOLOGO /subsystem:$(CESubsystem) /nodefaultlib:$(CENoDefaultLib)',FALSE)
INSERT INTO ToolOption VALUES ('{5F637768-9DF5-11D5-96F8-00207802C01C}','{5F6376C1-9DF5-11D5-96F8-00207802C01C}','ARMV4T_LINK_DBG','IDS_ARMV4T_LINK_DBG','2','1','/DEBUG /DEBUGTYPE:CV',FALSE)    
INSERT INTO ToolOption VALUES ('{5F637767-9DF5-11D5-96F8-00207802C01C}','{5F6376C1-9DF5-11D5-96F8-00207802C01C}','ARMV4TEXE_LINK_DBG','IDS_ARMV4TEXE_LINK_DBG','2','1','/entry:WinMainCRTStartup',FALSE)        
INSERT INTO ToolOption VALUES ('{5F637766-9DF5-11D5-96F8-00207802C01C}','{5F6376C1-9DF5-11D5-96F8-00207802C01C}','ARMV4T_LIB_DBG','IDS_ARMV4T_LIB_DBG','2','1','commctrl.lib coredll.lib ',FALSE)  
INSERT INTO ToolOption VALUES ('{5F637761-9DF5-11D5-96F8-00207802C01C}','{5F6376C1-9DF5-11D5-96F8-00207802C01C}','ARMV4TDLL_LINK_DBG','IDS_ARMV4TDLL_LINK_DBG','2','1','/DLL /entry:_DllMainCRTStartup',FALSE)  
INSERT INTO ToolOption VALUES ('{5F637760-9DF5-11D5-96F8-00207802C01C}','{5F6376C1-9DF5-11D5-96F8-00207802C01C}','ARMV4T_CONLIB','IDS_ARMV4T_CONLIB','2','1','commctrl.lib coredll.lib ',FALSE)    
INSERT INTO ToolOption VALUES ('{5F63775F-9DF5-11D5-96F8-00207802C01C}','{5F6376C1-9DF5-11D5-96F8-00207802C01C}','ARMV4TCON_LINK_DBG','IDS_ARMV4TCON_LINK_DBG','2','1','/entry:WinMainCRTStartup',FALSE)        
INSERT INTO ToolOption VALUES ('{5F63775E-9DF5-11D5-96F8-00207802C01C}','{5F6376C1-9DF5-11D5-96F8-00207802C01C}','ARMV4TMFCEXE_LINK_DBG','Specific flags for ARMV4T Linker (MFC EXE Debug build)','2','1','/DEBUG /entry:wWinMainCRTStartup',FALSE)       
INSERT INTO ToolOption VALUES ('{5F63775D-9DF5-11D5-96F8-00207802C01C}','{5F6376C1-9DF5-11D5-96F8-00207802C01C}','ARMV4TMFCDLL_LINK_DBG','Specific flags for ARMV4T Linker (MFC DLL Debug build)','2','1','/DEBUG',FALSE)     
INSERT INTO ToolOption VALUES ('{5F63775C-9DF5-11D5-96F8-00207802C01C}','{5F6376C1-9DF5-11D5-96F8-00207802C01C}','ARMV4TMFCEXE_LINK_COMMON','ARMV4T_LINK_ARMV4T_COMMON without defaultlib','2','1','/NOLOGO /subsystem:$(CESubsystem)',FALSE)   
INSERT INTO ToolOption VALUES ('{5F63775B-9DF5-11D5-96F8-00207802C01C}','{5F6376C1-9DF5-11D5-96F8-00207802C01C}','ARMV4TEXE_LINK_REL','IDS_ARMV4TEXE_LINK_REL','2','1','/entry:WinMainCRTStartup',FALSE)        
INSERT INTO ToolOption VALUES ('{5F63775A-9DF5-11D5-96F8-00207802C01C}','{5F6376C1-9DF5-11D5-96F8-00207802C01C}','ARMV4T_LINK_REL','IDS_ARMV4T_LINK_REL','2','1',NULL,FALSE)        
INSERT INTO ToolOption VALUES ('{5F637759-9DF5-11D5-96F8-00207802C01C}','{5F6376C1-9DF5-11D5-96F8-00207802C01C}','ARMV4T_LIB_REL','IDS_ARMV4T_LIB_REL','2','1','commctrl.lib coredll.lib ',FALSE)  
INSERT INTO ToolOption VALUES ('{5F637758-9DF5-11D5-96F8-00207802C01C}','{5F6376C1-9DF5-11D5-96F8-00207802C01C}','ARMV4TDLL_LINK_REL','IDS_ARMV4TDLL_LINK_REL','2','1','/DLL /entry:_DllMainCRTStartup',FALSE)  
INSERT INTO ToolOption VALUES ('{5F637757-9DF5-11D5-96F8-00207802C01C}','{5F6376C1-9DF5-11D5-96F8-00207802C01C}','ARMV4T_LINK_REL','IDS_ARMV4T_LINK_REL','2','1',NULL,FALSE)        
INSERT INTO ToolOption VALUES ('{5F637756-9DF5-11D5-96F8-00207802C01C}','{5F6376C1-9DF5-11D5-96F8-00207802C01C}','ARMV4TCON_LINK_REL','IDS_ARMV4TCON_LINK_REL','2','1','/entry:WinMainCRTStartup',FALSE)        
INSERT INTO ToolOption VALUES ('{5F637755-9DF5-11D5-96F8-00207802C01C}','{5F6376C1-9DF5-11D5-96F8-00207802C01C}','ARMV4T_LINK_REL','IDS_ARMV4T_LINK_REL','2','1',NULL,FALSE)        
INSERT INTO ToolOption VALUES ('{5F637754-9DF5-11D5-96F8-00207802C01C}','{5F6376C1-9DF5-11D5-96F8-00207802C01C}','ARMV4TLIB_LINK','IDS_ARMV4TLIB_LINK','2','1','/NOLOGO',FALSE)     
INSERT INTO ToolOption VALUES ('{5F637753-9DF5-11D5-96F8-00207802C01C}','{5F6376C1-9DF5-11D5-96F8-00207802C01C}','ARMV4TMFCEXE_LINK_REL','Specific flags for ARMV4T Linker (MFC EXE Release build)','2','1','/entry:wWinMainCRTStartup',FALSE) 
INSERT INTO ToolOption VALUES ('{5F637752-9DF5-11D5-96F8-00207802C01C}','{5F6376C1-9DF5-11D5-96F8-00207802C01C}','ARMV4TMFCDLL_LINK_COMMON','ARMV4T_LINK_ARMV4T_COMMON without defaultlib','2','1','/NOLOGO /subsystem:$(CESubsystem)',FALSE)   
INSERT INTO ToolOption VALUES ('{5F637751-9DF5-11D5-96F8-00207802C01C}','{5F6376C1-9DF5-11D5-96F8-00207802C01C}','MACHINE_ARMV4T','set machine type for linker','2',NULL,'/MACHINE:THUMB',FALSE) 
INSERT INTO ToolOption VALUES ('{5F637750-9DF5-11D5-96F8-00207802C01C}','{5F6376C1-9DF5-11D5-96F8-00207802C01C}','STACK_ARMV4T','standard /STACK setting','2',NULL,'/STACK:65536,4096',FALSE)    
INSERT INTO ToolOption VALUES ('{5F63774F-9DF5-11D5-96F8-00207802C01C}','{5F6376C1-9DF5-11D5-96F8-00207802C01C}','BASE_100K_ARMV4T','/base flag for .dll proj types','2',NULL,'/base:0x00100000',FALSE)        
INSERT INTO ToolOption VALUES ('{5F63774E-9DF5-11D5-96F8-00207802C01C}','{5F6376C1-9DF5-11D5-96F8-00207802C01C}','BASE_TENTHOUSAND_ARMV4T','/base flag for .exe proj types','2',NULL,'/base:0x00010000',FALSE) 
INSERT INTO ToolOption VALUES ('{5F63774D-9DF5-11D5-96F8-00207802C01C}','{5F6376C1-9DF5-11D5-96F8-00207802C01C}','NO_INCREMENTAL_LINKING_ARMV4T','Incremental Linking Flag','2',1006,'/INCREMENTAL:NO',FALSE) 
INSERT INTO ToolOption VALUES ('{5F63774C-9DF5-11D5-96F8-00207802C01C}','{5F6376C1-9DF5-11D5-96F8-00207802C01C}','AUTOMATIC PRECOMPILED HEADERS_ARMV4T','Use automatic precompiled headers','2','1','/YX',FALSE)     
INSERT INTO ToolOption VALUES ('{5F63774B-9DF5-11D5-96F8-00207802C01C}','{5F6376C1-9DF5-11D5-96F8-00207802C01C}','WARNING_LEVEL','Use Warning Level 3','2','1','/W3',FALSE)

                // MIDL
INSERT INTO ToolOption VALUES ('{5F63774A-9DF5-11D5-96F8-00207802C01C}','{5F6376C3-9DF5-11D5-96F8-00207802C01C}','DEFINE_NDEBUG','Define NDEBUG','2',NULL,'/D NDEBUG',FALSE)   
INSERT INTO ToolOption VALUES ('{5F637749-9DF5-11D5-96F8-00207802C01C}','{5F6376C3-9DF5-11D5-96F8-00207802C01C}','ARMV4T_MTL_COMMON','IDS_ARMV4T_MTL_COMMON','2','1','/nologo /mktyplib203 /win32',FALSE)   
INSERT INTO ToolOption VALUES ('{5F637748-9DF5-11D5-96F8-00207802C01C}','{5F6376C3-9DF5-11D5-96F8-00207802C01C}','DEFINE_DEBUG','Define DEBUG','2','1','/D DEBUG',FALSE)   

                // BSC
INSERT INTO ToolOption VALUES ('{5F637747-9DF5-11D5-96F8-00207802C01C}','{5F6376C4-9DF5-11D5-96F8-00207802C01C}','ARMV4T_BSC_COMMON','IDS_ARMV4T_BSC_COMMON','2','1','/nologo',FALSE)  

                // COFF
INSERT INTO ToolOption VALUES ('{5F637746-9DF5-11D5-96F8-00207802C01C}','{5F6376C5-9DF5-11D5-96F8-00207802C01C}','ARMV4T_COFF_COMMON','IDS_ARMV4TLIB_LINK','2','1','/nologo',FALSE) 

                // LIB
INSERT INTO ToolOption VALUES ('{5F637745-9DF5-11D5-96F8-00207802C01C}','{5F6376C7-9DF5-11D5-96F8-00207802C01C}','ARMV4T_LIB_COMMON',NULL,'2',NULL,'/nologo',FALSE)  

                // VCRC
INSERT INTO ToolOption VALUES ('{5F637744-9DF5-11D5-96F8-00207802C01C}','{5F6376C2-9DF5-11D5-96F8-00207802C01C}','DEFINE_DEBUG','Define DEBUG','2','1','/D DEBUG',FALSE)     
INSERT INTO ToolOption VALUES ('{5F637743-9DF5-11D5-96F8-00207802C01C}','{5F6376C2-9DF5-11D5-96F8-00207802C01C}','DARMV4T_RC_COMMON','IDS_DARMV4T_RC_COMMON','2','1','/r /DUNDER_CE=$(CEVersion) /D_WIN32_WCE=$(CEVersion)',FALSE)      
INSERT INTO ToolOption VALUES ('{5F637742-9DF5-11D5-96F8-00207802C01C}','{5F6376C2-9DF5-11D5-96F8-00207802C01C}','DEFINE_NDEBUG','Define NDEBUG','2','1','/D NDEBUG',FALSE)    
INSERT INTO ToolOption VALUES ('{5F637741-9DF5-11D5-96F8-00207802C01C}','{5F6376C2-9DF5-11D5-96F8-00207802C01C}','CEPLATFORM','CePlatform Macro','2','1','/D $(CePlatform)',FALSE)
INSERT INTO ToolOption VALUES ('{5F637740-9DF5-11D5-96F8-00207802C01C}','{5F6376C2-9DF5-11D5-96F8-00207802C01C}','PROCESSOR_DEFINE','Processor Define','2','1','/D THUMB /D _THUMB_ /D ARM /D _ARM_ /DARMV4T',FALSE)
INSERT INTO ToolOption VALUES ('{5F63773F-9DF5-11D5-96F8-00207802C01C}','{5F6376C2-9DF5-11D5-96F8-00207802C01C}','DEFINE_UNICODE','Define Unicode','2','1','/D UNICODE /D _UNICODE',FALSE)
 
// ******** OptionValue  ********

// ******** ToolOptionSet  ********
// LIB ARMV4T
INSERT INTO ToolOptionSet VALUES ('{5F6376C7-9DF5-11D5-96F8-00207802C01C}','67108864','{5F637745-9DF5-11D5-96F8-00207802C01C}',NULL)       
INSERT INTO ToolOptionSet VALUES ('{5F6376C7-9DF5-11D5-96F8-00207802C01C}','67109120','{5F637745-9DF5-11D5-96F8-00207802C01C}',NULL)       

// CL ARMV4T
	//EXE Release settings
INSERT INTO ToolOptionSet VALUES ('{5F6376C0-9DF5-11D5-96F8-00207802C01C}','16777216','{5F63777F-9DF5-11D5-96F8-00207802C01C}',NULL)       
INSERT INTO ToolOptionSet VALUES ('{5F6376C0-9DF5-11D5-96F8-00207802C01C}','16777216','{5F63777B-9DF5-11D5-96F8-00207802C01C}',NULL)       
INSERT INTO ToolOptionSet VALUES ('{5F6376C0-9DF5-11D5-96F8-00207802C01C}','16777216','{5F63776E-9DF5-11D5-96F8-00207802C01C}',NULL)       
INSERT INTO ToolOptionSet VALUES ('{5F6376C0-9DF5-11D5-96F8-00207802C01C}','16777216','{5F637770-9DF5-11D5-96F8-00207802C01C}',NULL)       
INSERT INTO ToolOptionSet VALUES ('{5F6376C0-9DF5-11D5-96F8-00207802C01C}','16777216','{5F637772-9DF5-11D5-96F8-00207802C01C}',NULL)       
INSERT INTO ToolOptionSet VALUES ('{5F6376C0-9DF5-11D5-96F8-00207802C01C}','16777216','{5F63776F-9DF5-11D5-96F8-00207802C01C}',NULL)       
INSERT INTO ToolOptionSet VALUES ('{5F6376C0-9DF5-11D5-96F8-00207802C01C}','16777216','{5F63774C-9DF5-11D5-96F8-00207802C01C}',NULL)        
INSERT INTO ToolOptionSet VALUES ('{5F6376C0-9DF5-11D5-96F8-00207802C01C}','16777216','{5F63774B-9DF5-11D5-96F8-00207802C01C}',NULL)        
	//MFC EXE Release settings
INSERT INTO ToolOptionSet VALUES ('{5F6376C0-9DF5-11D5-96F8-00207802C01C}','16777232','{5F63777B-9DF5-11D5-96F8-00207802C01C}',NULL)       
INSERT INTO ToolOptionSet VALUES ('{5F6376C0-9DF5-11D5-96F8-00207802C01C}','16777232','{5F637776-9DF5-11D5-96F8-00207802C01C}',NULL)       
INSERT INTO ToolOptionSet VALUES ('{5F6376C0-9DF5-11D5-96F8-00207802C01C}','16777232','{5F63776E-9DF5-11D5-96F8-00207802C01C}',NULL)       
INSERT INTO ToolOptionSet VALUES ('{5F6376C0-9DF5-11D5-96F8-00207802C01C}','16777232','{5F637770-9DF5-11D5-96F8-00207802C01C}',NULL)       
INSERT INTO ToolOptionSet VALUES ('{5F6376C0-9DF5-11D5-96F8-00207802C01C}','16777232','{5F637772-9DF5-11D5-96F8-00207802C01C}',NULL)       
INSERT INTO ToolOptionSet VALUES ('{5F6376C0-9DF5-11D5-96F8-00207802C01C}','16777232','{5F63776F-9DF5-11D5-96F8-00207802C01C}',NULL)       
INSERT INTO ToolOptionSet VALUES ('{5F6376C0-9DF5-11D5-96F8-00207802C01C}','16777232','{5F637782-9DF5-11D5-96F8-00207802C01C}',NULL)      
INSERT INTO ToolOptionSet VALUES ('{5F6376C0-9DF5-11D5-96F8-00207802C01C}','16777232','{5F63774C-9DF5-11D5-96F8-00207802C01C}',NULL)        
INSERT INTO ToolOptionSet VALUES ('{5F6376C0-9DF5-11D5-96F8-00207802C01C}','16777232','{5F63774B-9DF5-11D5-96F8-00207802C01C}',NULL)        
	// EXE Debug settings
INSERT INTO ToolOptionSet VALUES ('{5F6376C0-9DF5-11D5-96F8-00207802C01C}','16777472','{5F637781-9DF5-11D5-96F8-00207802C01C}',NULL)       
INSERT INTO ToolOptionSet VALUES ('{5F6376C0-9DF5-11D5-96F8-00207802C01C}','16777472','{5F637780-9DF5-11D5-96F8-00207802C01C}',NULL)       
INSERT INTO ToolOptionSet VALUES ('{5F6376C0-9DF5-11D5-96F8-00207802C01C}','16777472','{5F63777F-9DF5-11D5-96F8-00207802C01C}',NULL)       
INSERT INTO ToolOptionSet VALUES ('{5F6376C0-9DF5-11D5-96F8-00207802C01C}','16777472','{5F63776D-9DF5-11D5-96F8-00207802C01C}',NULL)       
INSERT INTO ToolOptionSet VALUES ('{5F6376C0-9DF5-11D5-96F8-00207802C01C}','16777472','{5F637770-9DF5-11D5-96F8-00207802C01C}',NULL)       
INSERT INTO ToolOptionSet VALUES ('{5F6376C0-9DF5-11D5-96F8-00207802C01C}','16777472','{5F637783-9DF5-11D5-96F8-00207802C01C}',NULL)      
INSERT INTO ToolOptionSet VALUES ('{5F6376C0-9DF5-11D5-96F8-00207802C01C}','16777472','{5F63774C-9DF5-11D5-96F8-00207802C01C}',NULL)        
INSERT INTO ToolOptionSet VALUES ('{5F6376C0-9DF5-11D5-96F8-00207802C01C}','16777472','{5F63774B-9DF5-11D5-96F8-00207802C01C}',NULL)        
	//MFC EXE Debug settings
INSERT INTO ToolOptionSet VALUES ('{5F6376C0-9DF5-11D5-96F8-00207802C01C}','16777488','{5F637781-9DF5-11D5-96F8-00207802C01C}',NULL)       
INSERT INTO ToolOptionSet VALUES ('{5F6376C0-9DF5-11D5-96F8-00207802C01C}','16777488','{5F637780-9DF5-11D5-96F8-00207802C01C}',NULL)       
INSERT INTO ToolOptionSet VALUES ('{5F6376C0-9DF5-11D5-96F8-00207802C01C}','16777488','{5F637776-9DF5-11D5-96F8-00207802C01C}',NULL)       
INSERT INTO ToolOptionSet VALUES ('{5F6376C0-9DF5-11D5-96F8-00207802C01C}','16777488','{5F63776D-9DF5-11D5-96F8-00207802C01C}',NULL)       
INSERT INTO ToolOptionSet VALUES ('{5F6376C0-9DF5-11D5-96F8-00207802C01C}','16777488','{5F637770-9DF5-11D5-96F8-00207802C01C}',NULL)       
INSERT INTO ToolOptionSet VALUES ('{5F6376C0-9DF5-11D5-96F8-00207802C01C}','16777488','{5F637783-9DF5-11D5-96F8-00207802C01C}',NULL)      
INSERT INTO ToolOptionSet VALUES ('{5F6376C0-9DF5-11D5-96F8-00207802C01C}','16777488','{5F637782-9DF5-11D5-96F8-00207802C01C}',NULL)      
INSERT INTO ToolOptionSet VALUES ('{5F6376C0-9DF5-11D5-96F8-00207802C01C}','16777488','{5F63774C-9DF5-11D5-96F8-00207802C01C}',NULL)        
INSERT INTO ToolOptionSet VALUES ('{5F6376C0-9DF5-11D5-96F8-00207802C01C}','16777488','{5F63774B-9DF5-11D5-96F8-00207802C01C}',NULL)        
	//DLL Release settings
INSERT INTO ToolOptionSet VALUES ('{5F6376C0-9DF5-11D5-96F8-00207802C01C}','33554432','{5F63777F-9DF5-11D5-96F8-00207802C01C}',NULL)       
INSERT INTO ToolOptionSet VALUES ('{5F6376C0-9DF5-11D5-96F8-00207802C01C}','33554432','{5F63777A-9DF5-11D5-96F8-00207802C01C}',NULL)       
INSERT INTO ToolOptionSet VALUES ('{5F6376C0-9DF5-11D5-96F8-00207802C01C}','33554432','{5F63776E-9DF5-11D5-96F8-00207802C01C}',NULL)       
INSERT INTO ToolOptionSet VALUES ('{5F6376C0-9DF5-11D5-96F8-00207802C01C}','33554432','{5F637770-9DF5-11D5-96F8-00207802C01C}',NULL)       
INSERT INTO ToolOptionSet VALUES ('{5F6376C0-9DF5-11D5-96F8-00207802C01C}','33554432','{5F637772-9DF5-11D5-96F8-00207802C01C}',NULL)       
INSERT INTO ToolOptionSet VALUES ('{5F6376C0-9DF5-11D5-96F8-00207802C01C}','33554432','{5F63776F-9DF5-11D5-96F8-00207802C01C}',NULL)       
INSERT INTO ToolOptionSet VALUES ('{5F6376C0-9DF5-11D5-96F8-00207802C01C}','33554432','{5F63774C-9DF5-11D5-96F8-00207802C01C}',NULL)        
INSERT INTO ToolOptionSet VALUES ('{5F6376C0-9DF5-11D5-96F8-00207802C01C}','33554432','{5F63774B-9DF5-11D5-96F8-00207802C01C}',NULL)        
	//ATL DLL Release MinSize settings
INSERT INTO ToolOptionSet VALUES ('{5F6376C0-9DF5-11D5-96F8-00207802C01C}','33554433','{5F637775-9DF5-11D5-96F8-00207802C01C}',NULL)       
INSERT INTO ToolOptionSet VALUES ('{5F6376C0-9DF5-11D5-96F8-00207802C01C}','33554433','{5F637774-9DF5-11D5-96F8-00207802C01C}',NULL)       
INSERT INTO ToolOptionSet VALUES ('{5F6376C0-9DF5-11D5-96F8-00207802C01C}','33554433','{5F63776E-9DF5-11D5-96F8-00207802C01C}',NULL)       
INSERT INTO ToolOptionSet VALUES ('{5F6376C0-9DF5-11D5-96F8-00207802C01C}','33554433','{5F637770-9DF5-11D5-96F8-00207802C01C}',NULL)       
INSERT INTO ToolOptionSet VALUES ('{5F6376C0-9DF5-11D5-96F8-00207802C01C}','33554433','{5F637772-9DF5-11D5-96F8-00207802C01C}',NULL)       
INSERT INTO ToolOptionSet VALUES ('{5F6376C0-9DF5-11D5-96F8-00207802C01C}','33554433','{5F63776F-9DF5-11D5-96F8-00207802C01C}',NULL)       
INSERT INTO ToolOptionSet VALUES ('{5F6376C0-9DF5-11D5-96F8-00207802C01C}','33554433','{5F63774C-9DF5-11D5-96F8-00207802C01C}',NULL)        
INSERT INTO ToolOptionSet VALUES ('{5F6376C0-9DF5-11D5-96F8-00207802C01C}','33554433','{5F63774B-9DF5-11D5-96F8-00207802C01C}',NULL)        
	//ATL DLL Release MinDep settings
INSERT INTO ToolOptionSet VALUES ('{5F6376C0-9DF5-11D5-96F8-00207802C01C}','33554434','{5F637775-9DF5-11D5-96F8-00207802C01C}',NULL)       
INSERT INTO ToolOptionSet VALUES ('{5F6376C0-9DF5-11D5-96F8-00207802C01C}','33554434','{5F637774-9DF5-11D5-96F8-00207802C01C}',NULL)       
INSERT INTO ToolOptionSet VALUES ('{5F6376C0-9DF5-11D5-96F8-00207802C01C}','33554434','{5F63776E-9DF5-11D5-96F8-00207802C01C}',NULL)       
INSERT INTO ToolOptionSet VALUES ('{5F6376C0-9DF5-11D5-96F8-00207802C01C}','33554434','{5F637770-9DF5-11D5-96F8-00207802C01C}',NULL)       
INSERT INTO ToolOptionSet VALUES ('{5F6376C0-9DF5-11D5-96F8-00207802C01C}','33554434','{5F637771-9DF5-11D5-96F8-00207802C01C}',NULL)       
INSERT INTO ToolOptionSet VALUES ('{5F6376C0-9DF5-11D5-96F8-00207802C01C}','33554434','{5F637772-9DF5-11D5-96F8-00207802C01C}',NULL)       
INSERT INTO ToolOptionSet VALUES ('{5F6376C0-9DF5-11D5-96F8-00207802C01C}','33554434','{5F63776F-9DF5-11D5-96F8-00207802C01C}',NULL)       
INSERT INTO ToolOptionSet VALUES ('{5F6376C0-9DF5-11D5-96F8-00207802C01C}','33554434','{5F63774C-9DF5-11D5-96F8-00207802C01C}',NULL)        
INSERT INTO ToolOptionSet VALUES ('{5F6376C0-9DF5-11D5-96F8-00207802C01C}','33554434','{5F63774B-9DF5-11D5-96F8-00207802C01C}',NULL)        
	// ATL EXE Release MinSize Settings
INSERT INTO ToolOptionSet VALUES ('{5F6376C0-9DF5-11D5-96F8-00207802C01C}','16777217','{5F637776-9DF5-11D5-96F8-00207802C01C}',NULL)       
INSERT INTO ToolOptionSet VALUES ('{5F6376C0-9DF5-11D5-96F8-00207802C01C}','16777217','{5F637774-9DF5-11D5-96F8-00207802C01C}',NULL)       
INSERT INTO ToolOptionSet VALUES ('{5F6376C0-9DF5-11D5-96F8-00207802C01C}','16777217','{5F63776E-9DF5-11D5-96F8-00207802C01C}',NULL)       
INSERT INTO ToolOptionSet VALUES ('{5F6376C0-9DF5-11D5-96F8-00207802C01C}','16777217','{5F637770-9DF5-11D5-96F8-00207802C01C}',NULL)       
INSERT INTO ToolOptionSet VALUES ('{5F6376C0-9DF5-11D5-96F8-00207802C01C}','16777217','{5F637772-9DF5-11D5-96F8-00207802C01C}',NULL)       
INSERT INTO ToolOptionSet VALUES ('{5F6376C0-9DF5-11D5-96F8-00207802C01C}','16777217','{5F63776F-9DF5-11D5-96F8-00207802C01C}',NULL)       
INSERT INTO ToolOptionSet VALUES ('{5F6376C0-9DF5-11D5-96F8-00207802C01C}','16777217','{5F63774C-9DF5-11D5-96F8-00207802C01C}',NULL)        
INSERT INTO ToolOptionSet VALUES ('{5F6376C0-9DF5-11D5-96F8-00207802C01C}','16777217','{5F63774B-9DF5-11D5-96F8-00207802C01C}',NULL)        
	// ATL EXE Release MinDep Settings                                   
INSERT INTO ToolOptionSet VALUES ('{5F6376C0-9DF5-11D5-96F8-00207802C01C}','16777218','{5F637776-9DF5-11D5-96F8-00207802C01C}',NULL)       
INSERT INTO ToolOptionSet VALUES ('{5F6376C0-9DF5-11D5-96F8-00207802C01C}','16777218','{5F637774-9DF5-11D5-96F8-00207802C01C}',NULL)       
INSERT INTO ToolOptionSet VALUES ('{5F6376C0-9DF5-11D5-96F8-00207802C01C}','16777218','{5F63776E-9DF5-11D5-96F8-00207802C01C}',NULL)       
INSERT INTO ToolOptionSet VALUES ('{5F6376C0-9DF5-11D5-96F8-00207802C01C}','16777218','{5F637770-9DF5-11D5-96F8-00207802C01C}',NULL)       
INSERT INTO ToolOptionSet VALUES ('{5F6376C0-9DF5-11D5-96F8-00207802C01C}','16777218','{5F637771-9DF5-11D5-96F8-00207802C01C}',NULL)       
INSERT INTO ToolOptionSet VALUES ('{5F6376C0-9DF5-11D5-96F8-00207802C01C}','16777218','{5F637772-9DF5-11D5-96F8-00207802C01C}',NULL)       
INSERT INTO ToolOptionSet VALUES ('{5F6376C0-9DF5-11D5-96F8-00207802C01C}','16777218','{5F63776F-9DF5-11D5-96F8-00207802C01C}',NULL)       
INSERT INTO ToolOptionSet VALUES ('{5F6376C0-9DF5-11D5-96F8-00207802C01C}','16777218','{5F63774C-9DF5-11D5-96F8-00207802C01C}',NULL)        
INSERT INTO ToolOptionSet VALUES ('{5F6376C0-9DF5-11D5-96F8-00207802C01C}','16777218','{5F63774B-9DF5-11D5-96F8-00207802C01C}',NULL)        
	//MFC DLL Release settings
INSERT INTO ToolOptionSet VALUES ('{5F6376C0-9DF5-11D5-96F8-00207802C01C}','33554448','{5F63777A-9DF5-11D5-96F8-00207802C01C}',NULL)       
INSERT INTO ToolOptionSet VALUES ('{5F6376C0-9DF5-11D5-96F8-00207802C01C}','33554448','{5F637776-9DF5-11D5-96F8-00207802C01C}',NULL)       
INSERT INTO ToolOptionSet VALUES ('{5F6376C0-9DF5-11D5-96F8-00207802C01C}','33554448','{5F63776E-9DF5-11D5-96F8-00207802C01C}',NULL)       
INSERT INTO ToolOptionSet VALUES ('{5F6376C0-9DF5-11D5-96F8-00207802C01C}','33554448','{5F637770-9DF5-11D5-96F8-00207802C01C}',NULL)       
INSERT INTO ToolOptionSet VALUES ('{5F6376C0-9DF5-11D5-96F8-00207802C01C}','33554448','{5F637772-9DF5-11D5-96F8-00207802C01C}',NULL)       
INSERT INTO ToolOptionSet VALUES ('{5F6376C0-9DF5-11D5-96F8-00207802C01C}','33554448','{5F63776F-9DF5-11D5-96F8-00207802C01C}',NULL)       
INSERT INTO ToolOptionSet VALUES ('{5F6376C0-9DF5-11D5-96F8-00207802C01C}','33554448','{5F637782-9DF5-11D5-96F8-00207802C01C}',NULL)      
INSERT INTO ToolOptionSet VALUES ('{5F6376C0-9DF5-11D5-96F8-00207802C01C}','33554448','{5F63774C-9DF5-11D5-96F8-00207802C01C}',NULL)        
INSERT INTO ToolOptionSet VALUES ('{5F6376C0-9DF5-11D5-96F8-00207802C01C}','33554448','{5F63774B-9DF5-11D5-96F8-00207802C01C}',NULL)        
	// DLL Debug settings	
INSERT INTO ToolOptionSet VALUES ('{5F6376C0-9DF5-11D5-96F8-00207802C01C}','33554688','{5F637781-9DF5-11D5-96F8-00207802C01C}',NULL)       
INSERT INTO ToolOptionSet VALUES ('{5F6376C0-9DF5-11D5-96F8-00207802C01C}','33554688','{5F63777F-9DF5-11D5-96F8-00207802C01C}',NULL)       
INSERT INTO ToolOptionSet VALUES ('{5F6376C0-9DF5-11D5-96F8-00207802C01C}','33554688','{5F63777E-9DF5-11D5-96F8-00207802C01C}',NULL)       
INSERT INTO ToolOptionSet VALUES ('{5F6376C0-9DF5-11D5-96F8-00207802C01C}','33554688','{5F63776D-9DF5-11D5-96F8-00207802C01C}',NULL)       
INSERT INTO ToolOptionSet VALUES ('{5F6376C0-9DF5-11D5-96F8-00207802C01C}','33554688','{5F637770-9DF5-11D5-96F8-00207802C01C}',NULL)       
INSERT INTO ToolOptionSet VALUES ('{5F6376C0-9DF5-11D5-96F8-00207802C01C}','33554688','{5F637783-9DF5-11D5-96F8-00207802C01C}',NULL)      
INSERT INTO ToolOptionSet VALUES ('{5F6376C0-9DF5-11D5-96F8-00207802C01C}','33554688','{5F63774C-9DF5-11D5-96F8-00207802C01C}',NULL)        
INSERT INTO ToolOptionSet VALUES ('{5F6376C0-9DF5-11D5-96F8-00207802C01C}','33554688','{5F63774B-9DF5-11D5-96F8-00207802C01C}',NULL)        
	// ATL DLL Debug settings
INSERT INTO ToolOptionSet VALUES ('{5F6376C0-9DF5-11D5-96F8-00207802C01C}','33554689','{5F637781-9DF5-11D5-96F8-00207802C01C}',NULL)       
INSERT INTO ToolOptionSet VALUES ('{5F6376C0-9DF5-11D5-96F8-00207802C01C}','33554689','{5F63777E-9DF5-11D5-96F8-00207802C01C}',NULL)       
INSERT INTO ToolOptionSet VALUES ('{5F6376C0-9DF5-11D5-96F8-00207802C01C}','33554689','{5F637777-9DF5-11D5-96F8-00207802C01C}',NULL)       
INSERT INTO ToolOptionSet VALUES ('{5F6376C0-9DF5-11D5-96F8-00207802C01C}','33554689','{5F637776-9DF5-11D5-96F8-00207802C01C}',NULL)       
INSERT INTO ToolOptionSet VALUES ('{5F6376C0-9DF5-11D5-96F8-00207802C01C}','33554689','{5F63776D-9DF5-11D5-96F8-00207802C01C}',NULL)       
INSERT INTO ToolOptionSet VALUES ('{5F6376C0-9DF5-11D5-96F8-00207802C01C}','33554689','{5F637770-9DF5-11D5-96F8-00207802C01C}',NULL)       
INSERT INTO ToolOptionSet VALUES ('{5F6376C0-9DF5-11D5-96F8-00207802C01C}','33554689','{5F637783-9DF5-11D5-96F8-00207802C01C}',NULL)      
INSERT INTO ToolOptionSet VALUES ('{5F6376C0-9DF5-11D5-96F8-00207802C01C}','33554689','{5F63774C-9DF5-11D5-96F8-00207802C01C}',NULL)        
INSERT INTO ToolOptionSet VALUES ('{5F6376C0-9DF5-11D5-96F8-00207802C01C}','33554689','{5F63774B-9DF5-11D5-96F8-00207802C01C}',NULL)        
	// ATL EXE Debug Settings	
INSERT INTO ToolOptionSet VALUES ('{5F6376C0-9DF5-11D5-96F8-00207802C01C}','16777473','{5F637781-9DF5-11D5-96F8-00207802C01C}',NULL)       	
INSERT INTO ToolOptionSet VALUES ('{5F6376C0-9DF5-11D5-96F8-00207802C01C}','16777473','{5F637780-9DF5-11D5-96F8-00207802C01C}',NULL)       
INSERT INTO ToolOptionSet VALUES ('{5F6376C0-9DF5-11D5-96F8-00207802C01C}','16777473','{5F637776-9DF5-11D5-96F8-00207802C01C}',NULL)       
INSERT INTO ToolOptionSet VALUES ('{5F6376C0-9DF5-11D5-96F8-00207802C01C}','16777473','{5F63776D-9DF5-11D5-96F8-00207802C01C}',NULL)       
INSERT INTO ToolOptionSet VALUES ('{5F6376C0-9DF5-11D5-96F8-00207802C01C}','16777473','{5F637770-9DF5-11D5-96F8-00207802C01C}',NULL)       
INSERT INTO ToolOptionSet VALUES ('{5F6376C0-9DF5-11D5-96F8-00207802C01C}','16777473','{5F637783-9DF5-11D5-96F8-00207802C01C}',NULL)      
INSERT INTO ToolOptionSet VALUES ('{5F6376C0-9DF5-11D5-96F8-00207802C01C}','16777473','{5F63774C-9DF5-11D5-96F8-00207802C01C}',NULL)        
INSERT INTO ToolOptionSet VALUES ('{5F6376C0-9DF5-11D5-96F8-00207802C01C}','16777473','{5F63774B-9DF5-11D5-96F8-00207802C01C}',NULL)        
	// MFC DLL Debug settings
INSERT INTO ToolOptionSet VALUES ('{5F6376C0-9DF5-11D5-96F8-00207802C01C}','33554704','{5F637781-9DF5-11D5-96F8-00207802C01C}',NULL)       
INSERT INTO ToolOptionSet VALUES ('{5F6376C0-9DF5-11D5-96F8-00207802C01C}','33554704','{5F63777E-9DF5-11D5-96F8-00207802C01C}',NULL)       
INSERT INTO ToolOptionSet VALUES ('{5F6376C0-9DF5-11D5-96F8-00207802C01C}','33554704','{5F637776-9DF5-11D5-96F8-00207802C01C}',NULL)       
INSERT INTO ToolOptionSet VALUES ('{5F6376C0-9DF5-11D5-96F8-00207802C01C}','33554704','{5F63776D-9DF5-11D5-96F8-00207802C01C}',NULL)       
INSERT INTO ToolOptionSet VALUES ('{5F6376C0-9DF5-11D5-96F8-00207802C01C}','33554704','{5F637770-9DF5-11D5-96F8-00207802C01C}',NULL)       
INSERT INTO ToolOptionSet VALUES ('{5F6376C0-9DF5-11D5-96F8-00207802C01C}','33554704','{5F637783-9DF5-11D5-96F8-00207802C01C}',NULL)      
INSERT INTO ToolOptionSet VALUES ('{5F6376C0-9DF5-11D5-96F8-00207802C01C}','33554704','{5F637782-9DF5-11D5-96F8-00207802C01C}',NULL)      
INSERT INTO ToolOptionSet VALUES ('{5F6376C0-9DF5-11D5-96F8-00207802C01C}','33554704','{5F63774C-9DF5-11D5-96F8-00207802C01C}',NULL)        
INSERT INTO ToolOptionSet VALUES ('{5F6376C0-9DF5-11D5-96F8-00207802C01C}','33554704','{5F63774B-9DF5-11D5-96F8-00207802C01C}',NULL)        
	// MFC ActiveX Control release settings
INSERT INTO ToolOptionSet VALUES ('{5F6376C0-9DF5-11D5-96F8-00207802C01C}','33558544','{5F63777A-9DF5-11D5-96F8-00207802C01C}',NULL)       
INSERT INTO ToolOptionSet VALUES ('{5F6376C0-9DF5-11D5-96F8-00207802C01C}','33558544','{5F637776-9DF5-11D5-96F8-00207802C01C}',NULL)       
INSERT INTO ToolOptionSet VALUES ('{5F6376C0-9DF5-11D5-96F8-00207802C01C}','33558544','{5F637773-9DF5-11D5-96F8-00207802C01C}',NULL)       
INSERT INTO ToolOptionSet VALUES ('{5F6376C0-9DF5-11D5-96F8-00207802C01C}','33558544','{5F63776E-9DF5-11D5-96F8-00207802C01C}',NULL)       
INSERT INTO ToolOptionSet VALUES ('{5F6376C0-9DF5-11D5-96F8-00207802C01C}','33558544','{5F637770-9DF5-11D5-96F8-00207802C01C}',NULL)       
INSERT INTO ToolOptionSet VALUES ('{5F6376C0-9DF5-11D5-96F8-00207802C01C}','33558544','{5F637772-9DF5-11D5-96F8-00207802C01C}',NULL)       
INSERT INTO ToolOptionSet VALUES ('{5F6376C0-9DF5-11D5-96F8-00207802C01C}','33558544','{5F63776F-9DF5-11D5-96F8-00207802C01C}',NULL)       
INSERT INTO ToolOptionSet VALUES ('{5F6376C0-9DF5-11D5-96F8-00207802C01C}','33558544','{5F637782-9DF5-11D5-96F8-00207802C01C}',NULL)      
INSERT INTO ToolOptionSet VALUES ('{5F6376C0-9DF5-11D5-96F8-00207802C01C}','33558544','{5F63774C-9DF5-11D5-96F8-00207802C01C}',NULL)        
INSERT INTO ToolOptionSet VALUES ('{5F6376C0-9DF5-11D5-96F8-00207802C01C}','33558544','{5F63774B-9DF5-11D5-96F8-00207802C01C}',NULL)        
	// MFC ActiveX Control debug settings
INSERT INTO ToolOptionSet VALUES ('{5F6376C0-9DF5-11D5-96F8-00207802C01C}','33558800','{5F637781-9DF5-11D5-96F8-00207802C01C}',NULL)       
INSERT INTO ToolOptionSet VALUES ('{5F6376C0-9DF5-11D5-96F8-00207802C01C}','33558800','{5F63777E-9DF5-11D5-96F8-00207802C01C}',NULL)       
INSERT INTO ToolOptionSet VALUES ('{5F6376C0-9DF5-11D5-96F8-00207802C01C}','33558800','{5F637776-9DF5-11D5-96F8-00207802C01C}',NULL)       
INSERT INTO ToolOptionSet VALUES ('{5F6376C0-9DF5-11D5-96F8-00207802C01C}','33558800','{5F637773-9DF5-11D5-96F8-00207802C01C}',NULL)       
INSERT INTO ToolOptionSet VALUES ('{5F6376C0-9DF5-11D5-96F8-00207802C01C}','33558800','{5F63776D-9DF5-11D5-96F8-00207802C01C}',NULL)       
INSERT INTO ToolOptionSet VALUES ('{5F6376C0-9DF5-11D5-96F8-00207802C01C}','33558800','{5F637770-9DF5-11D5-96F8-00207802C01C}',NULL)       
INSERT INTO ToolOptionSet VALUES ('{5F6376C0-9DF5-11D5-96F8-00207802C01C}','33558800','{5F637783-9DF5-11D5-96F8-00207802C01C}',NULL)      
INSERT INTO ToolOptionSet VALUES ('{5F6376C0-9DF5-11D5-96F8-00207802C01C}','33558800','{5F637782-9DF5-11D5-96F8-00207802C01C}',NULL)      
INSERT INTO ToolOptionSet VALUES ('{5F6376C0-9DF5-11D5-96F8-00207802C01C}','33558800','{5F63774C-9DF5-11D5-96F8-00207802C01C}',NULL)        
INSERT INTO ToolOptionSet VALUES ('{5F6376C0-9DF5-11D5-96F8-00207802C01C}','33558800','{5F63774B-9DF5-11D5-96F8-00207802C01C}',NULL)        
	// Concole application release settings
INSERT INTO ToolOptionSet VALUES ('{5F6376C0-9DF5-11D5-96F8-00207802C01C}','50331648','{5F63777F-9DF5-11D5-96F8-00207802C01C}',NULL)       
INSERT INTO ToolOptionSet VALUES ('{5F6376C0-9DF5-11D5-96F8-00207802C01C}','50331648','{5F637779-9DF5-11D5-96F8-00207802C01C}',NULL)       
INSERT INTO ToolOptionSet VALUES ('{5F6376C0-9DF5-11D5-96F8-00207802C01C}','50331648','{5F63776E-9DF5-11D5-96F8-00207802C01C}',NULL)       
INSERT INTO ToolOptionSet VALUES ('{5F6376C0-9DF5-11D5-96F8-00207802C01C}','50331648','{5F637770-9DF5-11D5-96F8-00207802C01C}',NULL)       
INSERT INTO ToolOptionSet VALUES ('{5F6376C0-9DF5-11D5-96F8-00207802C01C}','50331648','{5F637772-9DF5-11D5-96F8-00207802C01C}',NULL)       
INSERT INTO ToolOptionSet VALUES ('{5F6376C0-9DF5-11D5-96F8-00207802C01C}','50331648','{5F63776F-9DF5-11D5-96F8-00207802C01C}',NULL)       
INSERT INTO ToolOptionSet VALUES ('{5F6376C0-9DF5-11D5-96F8-00207802C01C}','50331648','{5F63774C-9DF5-11D5-96F8-00207802C01C}',NULL)        
INSERT INTO ToolOptionSet VALUES ('{5F6376C0-9DF5-11D5-96F8-00207802C01C}','50331648','{5F63774B-9DF5-11D5-96F8-00207802C01C}',NULL)        
	// Concole application debug settings
INSERT INTO ToolOptionSet VALUES ('{5F6376C0-9DF5-11D5-96F8-00207802C01C}','50331904','{5F637781-9DF5-11D5-96F8-00207802C01C}',NULL)       
INSERT INTO ToolOptionSet VALUES ('{5F6376C0-9DF5-11D5-96F8-00207802C01C}','50331904','{5F63777F-9DF5-11D5-96F8-00207802C01C}',NULL)       
INSERT INTO ToolOptionSet VALUES ('{5F6376C0-9DF5-11D5-96F8-00207802C01C}','50331904','{5F63777D-9DF5-11D5-96F8-00207802C01C}',NULL)       
INSERT INTO ToolOptionSet VALUES ('{5F6376C0-9DF5-11D5-96F8-00207802C01C}','50331904','{5F63776D-9DF5-11D5-96F8-00207802C01C}',NULL)       
INSERT INTO ToolOptionSet VALUES ('{5F6376C0-9DF5-11D5-96F8-00207802C01C}','50331904','{5F637770-9DF5-11D5-96F8-00207802C01C}',NULL)       
INSERT INTO ToolOptionSet VALUES ('{5F6376C0-9DF5-11D5-96F8-00207802C01C}','50331904','{5F637783-9DF5-11D5-96F8-00207802C01C}',NULL)      
INSERT INTO ToolOptionSet VALUES ('{5F6376C0-9DF5-11D5-96F8-00207802C01C}','50331904','{5F63774C-9DF5-11D5-96F8-00207802C01C}',NULL)        
INSERT INTO ToolOptionSet VALUES ('{5F6376C0-9DF5-11D5-96F8-00207802C01C}','50331904','{5F63774B-9DF5-11D5-96F8-00207802C01C}',NULL)        
	// Static Library release settings
INSERT INTO ToolOptionSet VALUES ('{5F6376C0-9DF5-11D5-96F8-00207802C01C}','67108864','{5F63777F-9DF5-11D5-96F8-00207802C01C}',NULL)       
INSERT INTO ToolOptionSet VALUES ('{5F6376C0-9DF5-11D5-96F8-00207802C01C}','67108864','{5F637778-9DF5-11D5-96F8-00207802C01C}',NULL)       
INSERT INTO ToolOptionSet VALUES ('{5F6376C0-9DF5-11D5-96F8-00207802C01C}','67108864','{5F63776E-9DF5-11D5-96F8-00207802C01C}',NULL)       
INSERT INTO ToolOptionSet VALUES ('{5F6376C0-9DF5-11D5-96F8-00207802C01C}','67108864','{5F637770-9DF5-11D5-96F8-00207802C01C}',NULL)       
INSERT INTO ToolOptionSet VALUES ('{5F6376C0-9DF5-11D5-96F8-00207802C01C}','67108864','{5F637772-9DF5-11D5-96F8-00207802C01C}',NULL)       
INSERT INTO ToolOptionSet VALUES ('{5F6376C0-9DF5-11D5-96F8-00207802C01C}','67108864','{5F63776F-9DF5-11D5-96F8-00207802C01C}',NULL)       
INSERT INTO ToolOptionSet VALUES ('{5F6376C0-9DF5-11D5-96F8-00207802C01C}','67108864','{5F63774C-9DF5-11D5-96F8-00207802C01C}',NULL)        
INSERT INTO ToolOptionSet VALUES ('{5F6376C0-9DF5-11D5-96F8-00207802C01C}','67108864','{5F63774B-9DF5-11D5-96F8-00207802C01C}',NULL)        
	// Static Library debug settings
INSERT INTO ToolOptionSet VALUES ('{5F6376C0-9DF5-11D5-96F8-00207802C01C}','67109120','{5F637781-9DF5-11D5-96F8-00207802C01C}',NULL)       
INSERT INTO ToolOptionSet VALUES ('{5F6376C0-9DF5-11D5-96F8-00207802C01C}','67109120','{5F63777F-9DF5-11D5-96F8-00207802C01C}',NULL)       
INSERT INTO ToolOptionSet VALUES ('{5F6376C0-9DF5-11D5-96F8-00207802C01C}','67109120','{5F63777C-9DF5-11D5-96F8-00207802C01C}',NULL)       
INSERT INTO ToolOptionSet VALUES ('{5F6376C0-9DF5-11D5-96F8-00207802C01C}','67109120','{5F63776D-9DF5-11D5-96F8-00207802C01C}',NULL)       
INSERT INTO ToolOptionSet VALUES ('{5F6376C0-9DF5-11D5-96F8-00207802C01C}','67109120','{5F637770-9DF5-11D5-96F8-00207802C01C}',NULL)       
INSERT INTO ToolOptionSet VALUES ('{5F6376C0-9DF5-11D5-96F8-00207802C01C}','67109120','{5F637783-9DF5-11D5-96F8-00207802C01C}',NULL)      
INSERT INTO ToolOptionSet VALUES ('{5F6376C0-9DF5-11D5-96F8-00207802C01C}','67109120','{5F63774C-9DF5-11D5-96F8-00207802C01C}',NULL)        
INSERT INTO ToolOptionSet VALUES ('{5F6376C0-9DF5-11D5-96F8-00207802C01C}','67109120','{5F63774B-9DF5-11D5-96F8-00207802C01C}',NULL)        


// LINK ARMV4T
	//EXE Release settings
INSERT INTO ToolOptionSet VALUES ('{5F6376C1-9DF5-11D5-96F8-00207802C01C}','16777216','{5F637769-9DF5-11D5-96F8-00207802C01C}',NULL)       
INSERT INTO ToolOptionSet VALUES ('{5F6376C1-9DF5-11D5-96F8-00207802C01C}','16777216','{5F63775B-9DF5-11D5-96F8-00207802C01C}',NULL)       
INSERT INTO ToolOptionSet VALUES ('{5F6376C1-9DF5-11D5-96F8-00207802C01C}','16777216','{5F637759-9DF5-11D5-96F8-00207802C01C}',NULL)       
INSERT INTO ToolOptionSet VALUES ('{5F6376C1-9DF5-11D5-96F8-00207802C01C}','16777216','{5F63774E-9DF5-11D5-96F8-00207802C01C}',NULL)       
INSERT INTO ToolOptionSet VALUES ('{5F6376C1-9DF5-11D5-96F8-00207802C01C}','16777216','{5F637750-9DF5-11D5-96F8-00207802C01C}',NULL)       
INSERT INTO ToolOptionSet VALUES ('{5F6376C1-9DF5-11D5-96F8-00207802C01C}','16777216','{5F637751-9DF5-11D5-96F8-00207802C01C}',NULL)       
INSERT INTO ToolOptionSet VALUES ('{5F6376C1-9DF5-11D5-96F8-00207802C01C}','16777216','{5F63774D-9DF5-11D5-96F8-00207802C01C}',NULL)      
	//MFC EXE Release settings 
INSERT INTO ToolOptionSet VALUES ('{5F6376C1-9DF5-11D5-96F8-00207802C01C}','16777232','{5F63775C-9DF5-11D5-96F8-00207802C01C}',NULL)       
INSERT INTO ToolOptionSet VALUES ('{5F6376C1-9DF5-11D5-96F8-00207802C01C}','16777232','{5F637753-9DF5-11D5-96F8-00207802C01C}',NULL)       
INSERT INTO ToolOptionSet VALUES ('{5F6376C1-9DF5-11D5-96F8-00207802C01C}','16777232','{5F63774E-9DF5-11D5-96F8-00207802C01C}',NULL)       
INSERT INTO ToolOptionSet VALUES ('{5F6376C1-9DF5-11D5-96F8-00207802C01C}','16777232','{5F637750-9DF5-11D5-96F8-00207802C01C}',NULL)       
INSERT INTO ToolOptionSet VALUES ('{5F6376C1-9DF5-11D5-96F8-00207802C01C}','16777232','{5F637751-9DF5-11D5-96F8-00207802C01C}',NULL)       
INSERT INTO ToolOptionSet VALUES ('{5F6376C1-9DF5-11D5-96F8-00207802C01C}','16777232','{5F63774D-9DF5-11D5-96F8-00207802C01C}',NULL)      
	// EXE Debug settings
INSERT INTO ToolOptionSet VALUES ('{5F6376C1-9DF5-11D5-96F8-00207802C01C}','16777472','{5F637769-9DF5-11D5-96F8-00207802C01C}',NULL)       
INSERT INTO ToolOptionSet VALUES ('{5F6376C1-9DF5-11D5-96F8-00207802C01C}','16777472','{5F637768-9DF5-11D5-96F8-00207802C01C}',NULL)       
INSERT INTO ToolOptionSet VALUES ('{5F6376C1-9DF5-11D5-96F8-00207802C01C}','16777472','{5F637767-9DF5-11D5-96F8-00207802C01C}',NULL)       
INSERT INTO ToolOptionSet VALUES ('{5F6376C1-9DF5-11D5-96F8-00207802C01C}','16777472','{5F637766-9DF5-11D5-96F8-00207802C01C}',NULL)       
INSERT INTO ToolOptionSet VALUES ('{5F6376C1-9DF5-11D5-96F8-00207802C01C}','16777472','{5F63774E-9DF5-11D5-96F8-00207802C01C}',NULL)       
INSERT INTO ToolOptionSet VALUES ('{5F6376C1-9DF5-11D5-96F8-00207802C01C}','16777472','{5F637750-9DF5-11D5-96F8-00207802C01C}',NULL)       
INSERT INTO ToolOptionSet VALUES ('{5F6376C1-9DF5-11D5-96F8-00207802C01C}','16777472','{5F637751-9DF5-11D5-96F8-00207802C01C}',NULL)       
INSERT INTO ToolOptionSet VALUES ('{5F6376C1-9DF5-11D5-96F8-00207802C01C}','16777472','{5F63776A-9DF5-11D5-96F8-00207802C01C}',NULL)      
	//MFC EXE Debug settings
INSERT INTO ToolOptionSet VALUES ('{5F6376C1-9DF5-11D5-96F8-00207802C01C}','16777488','{5F63775E-9DF5-11D5-96F8-00207802C01C}',NULL)       
INSERT INTO ToolOptionSet VALUES ('{5F6376C1-9DF5-11D5-96F8-00207802C01C}','16777488','{5F63775C-9DF5-11D5-96F8-00207802C01C}',NULL)       
INSERT INTO ToolOptionSet VALUES ('{5F6376C1-9DF5-11D5-96F8-00207802C01C}','16777488','{5F63774E-9DF5-11D5-96F8-00207802C01C}',NULL)       
INSERT INTO ToolOptionSet VALUES ('{5F6376C1-9DF5-11D5-96F8-00207802C01C}','16777488','{5F637750-9DF5-11D5-96F8-00207802C01C}',NULL)       
INSERT INTO ToolOptionSet VALUES ('{5F6376C1-9DF5-11D5-96F8-00207802C01C}','16777488','{5F637751-9DF5-11D5-96F8-00207802C01C}',NULL)       
INSERT INTO ToolOptionSet VALUES ('{5F6376C1-9DF5-11D5-96F8-00207802C01C}','16777488','{5F63776A-9DF5-11D5-96F8-00207802C01C}',NULL)      
	//DLL Release settings
INSERT INTO ToolOptionSet VALUES ('{5F6376C1-9DF5-11D5-96F8-00207802C01C}','33554432','{5F637769-9DF5-11D5-96F8-00207802C01C}',NULL)       
INSERT INTO ToolOptionSet VALUES ('{5F6376C1-9DF5-11D5-96F8-00207802C01C}','33554432','{5F637759-9DF5-11D5-96F8-00207802C01C}',NULL)       
INSERT INTO ToolOptionSet VALUES ('{5F6376C1-9DF5-11D5-96F8-00207802C01C}','33554432','{5F637758-9DF5-11D5-96F8-00207802C01C}',NULL)       
INSERT INTO ToolOptionSet VALUES ('{5F6376C1-9DF5-11D5-96F8-00207802C01C}','33554432','{5F63774F-9DF5-11D5-96F8-00207802C01C}',NULL)       
INSERT INTO ToolOptionSet VALUES ('{5F6376C1-9DF5-11D5-96F8-00207802C01C}','33554432','{5F637750-9DF5-11D5-96F8-00207802C01C}',NULL)       
INSERT INTO ToolOptionSet VALUES ('{5F6376C1-9DF5-11D5-96F8-00207802C01C}','33554432','{5F637751-9DF5-11D5-96F8-00207802C01C}',NULL)       
INSERT INTO ToolOptionSet VALUES ('{5F6376C1-9DF5-11D5-96F8-00207802C01C}','33554432','{5F63774D-9DF5-11D5-96F8-00207802C01C}',NULL)      
	//ATL DLL Release MinSize settings
INSERT INTO ToolOptionSet VALUES ('{5F6376C1-9DF5-11D5-96F8-00207802C01C}','33554433','{5F637758-9DF5-11D5-96F8-00207802C01C}',NULL)       
INSERT INTO ToolOptionSet VALUES ('{5F6376C1-9DF5-11D5-96F8-00207802C01C}','33554433','{5F637752-9DF5-11D5-96F8-00207802C01C}',NULL)       
INSERT INTO ToolOptionSet VALUES ('{5F6376C1-9DF5-11D5-96F8-00207802C01C}','33554433','{5F63774F-9DF5-11D5-96F8-00207802C01C}',NULL)       
INSERT INTO ToolOptionSet VALUES ('{5F6376C1-9DF5-11D5-96F8-00207802C01C}','33554433','{5F637750-9DF5-11D5-96F8-00207802C01C}',NULL)       
INSERT INTO ToolOptionSet VALUES ('{5F6376C1-9DF5-11D5-96F8-00207802C01C}','33554433','{5F637751-9DF5-11D5-96F8-00207802C01C}',NULL)       
INSERT INTO ToolOptionSet VALUES ('{5F6376C1-9DF5-11D5-96F8-00207802C01C}','33554433','{5F63774D-9DF5-11D5-96F8-00207802C01C}',NULL)      
	//ATL DLL Release MinDep settings
INSERT INTO ToolOptionSet VALUES ('{5F6376C1-9DF5-11D5-96F8-00207802C01C}','33554434','{5F637758-9DF5-11D5-96F8-00207802C01C}',NULL)       
INSERT INTO ToolOptionSet VALUES ('{5F6376C1-9DF5-11D5-96F8-00207802C01C}','33554434','{5F637752-9DF5-11D5-96F8-00207802C01C}',NULL)       
INSERT INTO ToolOptionSet VALUES ('{5F6376C1-9DF5-11D5-96F8-00207802C01C}','33554434','{5F63774F-9DF5-11D5-96F8-00207802C01C}',NULL)       
INSERT INTO ToolOptionSet VALUES ('{5F6376C1-9DF5-11D5-96F8-00207802C01C}','33554434','{5F637750-9DF5-11D5-96F8-00207802C01C}',NULL)       
INSERT INTO ToolOptionSet VALUES ('{5F6376C1-9DF5-11D5-96F8-00207802C01C}','33554434','{5F637751-9DF5-11D5-96F8-00207802C01C}',NULL)       
INSERT INTO ToolOptionSet VALUES ('{5F6376C1-9DF5-11D5-96F8-00207802C01C}','33554434','{5F63774D-9DF5-11D5-96F8-00207802C01C}',NULL)      
	// ATL EXE Release MinSize Settings
INSERT INTO ToolOptionSet VALUES ('{5F6376C1-9DF5-11D5-96F8-00207802C01C}','16777217','{5F63775B-9DF5-11D5-96F8-00207802C01C}',NULL)       
INSERT INTO ToolOptionSet VALUES ('{5F6376C1-9DF5-11D5-96F8-00207802C01C}','16777217','{5F637752-9DF5-11D5-96F8-00207802C01C}',NULL)       
INSERT INTO ToolOptionSet VALUES ('{5F6376C1-9DF5-11D5-96F8-00207802C01C}','16777217','{5F63774E-9DF5-11D5-96F8-00207802C01C}',NULL)       
INSERT INTO ToolOptionSet VALUES ('{5F6376C1-9DF5-11D5-96F8-00207802C01C}','16777217','{5F637750-9DF5-11D5-96F8-00207802C01C}',NULL)       
INSERT INTO ToolOptionSet VALUES ('{5F6376C1-9DF5-11D5-96F8-00207802C01C}','16777217','{5F637751-9DF5-11D5-96F8-00207802C01C}',NULL)       
INSERT INTO ToolOptionSet VALUES ('{5F6376C1-9DF5-11D5-96F8-00207802C01C}','16777217','{5F63774D-9DF5-11D5-96F8-00207802C01C}',NULL)      
	// ATL EXE Release MinDep Settings                                   
INSERT INTO ToolOptionSet VALUES ('{5F6376C1-9DF5-11D5-96F8-00207802C01C}','16777218','{5F63775B-9DF5-11D5-96F8-00207802C01C}',NULL)       
INSERT INTO ToolOptionSet VALUES ('{5F6376C1-9DF5-11D5-96F8-00207802C01C}','16777218','{5F637752-9DF5-11D5-96F8-00207802C01C}',NULL)       
INSERT INTO ToolOptionSet VALUES ('{5F6376C1-9DF5-11D5-96F8-00207802C01C}','16777218','{5F63774E-9DF5-11D5-96F8-00207802C01C}',NULL)       
INSERT INTO ToolOptionSet VALUES ('{5F6376C1-9DF5-11D5-96F8-00207802C01C}','16777218','{5F637750-9DF5-11D5-96F8-00207802C01C}',NULL)       
INSERT INTO ToolOptionSet VALUES ('{5F6376C1-9DF5-11D5-96F8-00207802C01C}','16777218','{5F637751-9DF5-11D5-96F8-00207802C01C}',NULL)       
INSERT INTO ToolOptionSet VALUES ('{5F6376C1-9DF5-11D5-96F8-00207802C01C}','16777218','{5F63774D-9DF5-11D5-96F8-00207802C01C}',NULL)      
	//MFC DLL Release settings
INSERT INTO ToolOptionSet VALUES ('{5F6376C1-9DF5-11D5-96F8-00207802C01C}','33554448','{5F637758-9DF5-11D5-96F8-00207802C01C}',NULL)       
INSERT INTO ToolOptionSet VALUES ('{5F6376C1-9DF5-11D5-96F8-00207802C01C}','33554448','{5F637752-9DF5-11D5-96F8-00207802C01C}',NULL)       
INSERT INTO ToolOptionSet VALUES ('{5F6376C1-9DF5-11D5-96F8-00207802C01C}','33554448','{5F63774F-9DF5-11D5-96F8-00207802C01C}',NULL)       
INSERT INTO ToolOptionSet VALUES ('{5F6376C1-9DF5-11D5-96F8-00207802C01C}','33554448','{5F637750-9DF5-11D5-96F8-00207802C01C}',NULL)       
INSERT INTO ToolOptionSet VALUES ('{5F6376C1-9DF5-11D5-96F8-00207802C01C}','33554448','{5F637751-9DF5-11D5-96F8-00207802C01C}',NULL)       
INSERT INTO ToolOptionSet VALUES ('{5F6376C1-9DF5-11D5-96F8-00207802C01C}','33554448','{5F63774D-9DF5-11D5-96F8-00207802C01C}',NULL)      
	// DLL Debug settings
INSERT INTO ToolOptionSet VALUES ('{5F6376C1-9DF5-11D5-96F8-00207802C01C}','33554688','{5F637769-9DF5-11D5-96F8-00207802C01C}',NULL)       
INSERT INTO ToolOptionSet VALUES ('{5F6376C1-9DF5-11D5-96F8-00207802C01C}','33554688','{5F637768-9DF5-11D5-96F8-00207802C01C}',NULL)       
INSERT INTO ToolOptionSet VALUES ('{5F6376C1-9DF5-11D5-96F8-00207802C01C}','33554688','{5F637766-9DF5-11D5-96F8-00207802C01C}',NULL)       
INSERT INTO ToolOptionSet VALUES ('{5F6376C1-9DF5-11D5-96F8-00207802C01C}','33554688','{5F637761-9DF5-11D5-96F8-00207802C01C}',NULL)       
INSERT INTO ToolOptionSet VALUES ('{5F6376C1-9DF5-11D5-96F8-00207802C01C}','33554688','{5F63774F-9DF5-11D5-96F8-00207802C01C}',NULL)       
INSERT INTO ToolOptionSet VALUES ('{5F6376C1-9DF5-11D5-96F8-00207802C01C}','33554688','{5F637750-9DF5-11D5-96F8-00207802C01C}',NULL)       
INSERT INTO ToolOptionSet VALUES ('{5F6376C1-9DF5-11D5-96F8-00207802C01C}','33554688','{5F637751-9DF5-11D5-96F8-00207802C01C}',NULL)       
INSERT INTO ToolOptionSet VALUES ('{5F6376C1-9DF5-11D5-96F8-00207802C01C}','33554688','{5F63776A-9DF5-11D5-96F8-00207802C01C}',NULL)      
	// ATL DLL Debug settings
INSERT INTO ToolOptionSet VALUES ('{5F6376C1-9DF5-11D5-96F8-00207802C01C}','33554689','{5F637761-9DF5-11D5-96F8-00207802C01C}',NULL)       
INSERT INTO ToolOptionSet VALUES ('{5F6376C1-9DF5-11D5-96F8-00207802C01C}','33554689','{5F63775D-9DF5-11D5-96F8-00207802C01C}',NULL)       
INSERT INTO ToolOptionSet VALUES ('{5F6376C1-9DF5-11D5-96F8-00207802C01C}','33554689','{5F637752-9DF5-11D5-96F8-00207802C01C}',NULL)       
INSERT INTO ToolOptionSet VALUES ('{5F6376C1-9DF5-11D5-96F8-00207802C01C}','33554689','{5F63774F-9DF5-11D5-96F8-00207802C01C}',NULL)       
INSERT INTO ToolOptionSet VALUES ('{5F6376C1-9DF5-11D5-96F8-00207802C01C}','33554689','{5F637750-9DF5-11D5-96F8-00207802C01C}',NULL)       
INSERT INTO ToolOptionSet VALUES ('{5F6376C1-9DF5-11D5-96F8-00207802C01C}','33554689','{5F637751-9DF5-11D5-96F8-00207802C01C}',NULL)       
INSERT INTO ToolOptionSet VALUES ('{5F6376C1-9DF5-11D5-96F8-00207802C01C}','33554689','{5F63776A-9DF5-11D5-96F8-00207802C01C}',NULL)      
	// ATL EXE Debug Settings
INSERT INTO ToolOptionSet VALUES ('{5F6376C1-9DF5-11D5-96F8-00207802C01C}','16777473','{5F637767-9DF5-11D5-96F8-00207802C01C}',NULL)       
INSERT INTO ToolOptionSet VALUES ('{5F6376C1-9DF5-11D5-96F8-00207802C01C}','16777473','{5F63775D-9DF5-11D5-96F8-00207802C01C}',NULL)       
INSERT INTO ToolOptionSet VALUES ('{5F6376C1-9DF5-11D5-96F8-00207802C01C}','16777473','{5F637752-9DF5-11D5-96F8-00207802C01C}',NULL)       
INSERT INTO ToolOptionSet VALUES ('{5F6376C1-9DF5-11D5-96F8-00207802C01C}','16777473','{5F63774E-9DF5-11D5-96F8-00207802C01C}',NULL)       
INSERT INTO ToolOptionSet VALUES ('{5F6376C1-9DF5-11D5-96F8-00207802C01C}','16777473','{5F637750-9DF5-11D5-96F8-00207802C01C}',NULL)       
INSERT INTO ToolOptionSet VALUES ('{5F6376C1-9DF5-11D5-96F8-00207802C01C}','16777473','{5F637751-9DF5-11D5-96F8-00207802C01C}',NULL)       
INSERT INTO ToolOptionSet VALUES ('{5F6376C1-9DF5-11D5-96F8-00207802C01C}','16777473','{5F63776A-9DF5-11D5-96F8-00207802C01C}',NULL)      
	// MFC DLL Debug settings
INSERT INTO ToolOptionSet VALUES ('{5F6376C1-9DF5-11D5-96F8-00207802C01C}','33554704','{5F637761-9DF5-11D5-96F8-00207802C01C}',NULL)       
INSERT INTO ToolOptionSet VALUES ('{5F6376C1-9DF5-11D5-96F8-00207802C01C}','33554704','{5F63775D-9DF5-11D5-96F8-00207802C01C}',NULL)       
INSERT INTO ToolOptionSet VALUES ('{5F6376C1-9DF5-11D5-96F8-00207802C01C}','33554704','{5F637752-9DF5-11D5-96F8-00207802C01C}',NULL)       
INSERT INTO ToolOptionSet VALUES ('{5F6376C1-9DF5-11D5-96F8-00207802C01C}','33554704','{5F63774F-9DF5-11D5-96F8-00207802C01C}',NULL)       
INSERT INTO ToolOptionSet VALUES ('{5F6376C1-9DF5-11D5-96F8-00207802C01C}','33554704','{5F637750-9DF5-11D5-96F8-00207802C01C}',NULL)       
INSERT INTO ToolOptionSet VALUES ('{5F6376C1-9DF5-11D5-96F8-00207802C01C}','33554704','{5F637751-9DF5-11D5-96F8-00207802C01C}',NULL)       
INSERT INTO ToolOptionSet VALUES ('{5F6376C1-9DF5-11D5-96F8-00207802C01C}','33554704','{5F63776A-9DF5-11D5-96F8-00207802C01C}',NULL)      
	// MFC ActiveX Control release settings
INSERT INTO ToolOptionSet VALUES ('{5F6376C1-9DF5-11D5-96F8-00207802C01C}','33558544','{5F637758-9DF5-11D5-96F8-00207802C01C}',NULL)       
INSERT INTO ToolOptionSet VALUES ('{5F6376C1-9DF5-11D5-96F8-00207802C01C}','33558544','{5F637752-9DF5-11D5-96F8-00207802C01C}',NULL)       
INSERT INTO ToolOptionSet VALUES ('{5F6376C1-9DF5-11D5-96F8-00207802C01C}','33558544','{5F63774F-9DF5-11D5-96F8-00207802C01C}',NULL)       
INSERT INTO ToolOptionSet VALUES ('{5F6376C1-9DF5-11D5-96F8-00207802C01C}','33558544','{5F637750-9DF5-11D5-96F8-00207802C01C}',NULL)       
INSERT INTO ToolOptionSet VALUES ('{5F6376C1-9DF5-11D5-96F8-00207802C01C}','33558544','{5F637751-9DF5-11D5-96F8-00207802C01C}',NULL)       
INSERT INTO ToolOptionSet VALUES ('{5F6376C1-9DF5-11D5-96F8-00207802C01C}','33558544','{5F63774D-9DF5-11D5-96F8-00207802C01C}',NULL)      
	// MFC ActiveX Control debug settings
INSERT INTO ToolOptionSet VALUES ('{5F6376C1-9DF5-11D5-96F8-00207802C01C}','33558800','{5F637761-9DF5-11D5-96F8-00207802C01C}',NULL)       
INSERT INTO ToolOptionSet VALUES ('{5F6376C1-9DF5-11D5-96F8-00207802C01C}','33558800','{5F63775D-9DF5-11D5-96F8-00207802C01C}',NULL)       
INSERT INTO ToolOptionSet VALUES ('{5F6376C1-9DF5-11D5-96F8-00207802C01C}','33558800','{5F637752-9DF5-11D5-96F8-00207802C01C}',NULL)       
INSERT INTO ToolOptionSet VALUES ('{5F6376C1-9DF5-11D5-96F8-00207802C01C}','33558800','{5F63774F-9DF5-11D5-96F8-00207802C01C}',NULL)       
INSERT INTO ToolOptionSet VALUES ('{5F6376C1-9DF5-11D5-96F8-00207802C01C}','33558800','{5F637750-9DF5-11D5-96F8-00207802C01C}',NULL)       
INSERT INTO ToolOptionSet VALUES ('{5F6376C1-9DF5-11D5-96F8-00207802C01C}','33558800','{5F637751-9DF5-11D5-96F8-00207802C01C}',NULL)       
INSERT INTO ToolOptionSet VALUES ('{5F6376C1-9DF5-11D5-96F8-00207802C01C}','33558800','{5F63776A-9DF5-11D5-96F8-00207802C01C}',NULL)      
	// Concole application release settings
INSERT INTO ToolOptionSet VALUES ('{5F6376C1-9DF5-11D5-96F8-00207802C01C}','50331648','{5F637769-9DF5-11D5-96F8-00207802C01C}',NULL)       
INSERT INTO ToolOptionSet VALUES ('{5F6376C1-9DF5-11D5-96F8-00207802C01C}','50331648','{5F637760-9DF5-11D5-96F8-00207802C01C}',NULL)       
INSERT INTO ToolOptionSet VALUES ('{5F6376C1-9DF5-11D5-96F8-00207802C01C}','50331648','{5F637756-9DF5-11D5-96F8-00207802C01C}',NULL)       
INSERT INTO ToolOptionSet VALUES ('{5F6376C1-9DF5-11D5-96F8-00207802C01C}','50331648','{5F63774E-9DF5-11D5-96F8-00207802C01C}',NULL)       
INSERT INTO ToolOptionSet VALUES ('{5F6376C1-9DF5-11D5-96F8-00207802C01C}','50331648','{5F637750-9DF5-11D5-96F8-00207802C01C}',NULL)       
INSERT INTO ToolOptionSet VALUES ('{5F6376C1-9DF5-11D5-96F8-00207802C01C}','50331648','{5F637751-9DF5-11D5-96F8-00207802C01C}',NULL)       
INSERT INTO ToolOptionSet VALUES ('{5F6376C1-9DF5-11D5-96F8-00207802C01C}','50331648','{5F63774D-9DF5-11D5-96F8-00207802C01C}',NULL)      
	// Concole application debug settings	
INSERT INTO ToolOptionSet VALUES ('{5F6376C1-9DF5-11D5-96F8-00207802C01C}','50331904','{5F637769-9DF5-11D5-96F8-00207802C01C}',NULL)       
INSERT INTO ToolOptionSet VALUES ('{5F6376C1-9DF5-11D5-96F8-00207802C01C}','50331904','{5F637768-9DF5-11D5-96F8-00207802C01C}',NULL)       
INSERT INTO ToolOptionSet VALUES ('{5F6376C1-9DF5-11D5-96F8-00207802C01C}','50331904','{5F637760-9DF5-11D5-96F8-00207802C01C}',NULL)       
INSERT INTO ToolOptionSet VALUES ('{5F6376C1-9DF5-11D5-96F8-00207802C01C}','50331904','{5F63775F-9DF5-11D5-96F8-00207802C01C}',NULL)       
INSERT INTO ToolOptionSet VALUES ('{5F6376C1-9DF5-11D5-96F8-00207802C01C}','50331904','{5F63774E-9DF5-11D5-96F8-00207802C01C}',NULL)       
INSERT INTO ToolOptionSet VALUES ('{5F6376C1-9DF5-11D5-96F8-00207802C01C}','50331904','{5F637750-9DF5-11D5-96F8-00207802C01C}',NULL)       
INSERT INTO ToolOptionSet VALUES ('{5F6376C1-9DF5-11D5-96F8-00207802C01C}','50331904','{5F637751-9DF5-11D5-96F8-00207802C01C}',NULL)       
INSERT INTO ToolOptionSet VALUES ('{5F6376C1-9DF5-11D5-96F8-00207802C01C}','50331904','{5F63776A-9DF5-11D5-96F8-00207802C01C}',NULL)      


// VCRC ARMV4T
	//EXE Release settings
INSERT INTO ToolOptionSet VALUES ('{5F6376C2-9DF5-11D5-96F8-00207802C01C}','16777216','{5F637743-9DF5-11D5-96F8-00207802C01C}',NULL)       
INSERT INTO ToolOptionSet VALUES ('{5F6376C2-9DF5-11D5-96F8-00207802C01C}','16777216','{5F63773F-9DF5-11D5-96F8-00207802C01C}',NULL)        
INSERT INTO ToolOptionSet VALUES ('{5F6376C2-9DF5-11D5-96F8-00207802C01C}','16777216','{5F637742-9DF5-11D5-96F8-00207802C01C}',NULL)       
INSERT INTO ToolOptionSet VALUES ('{5F6376C2-9DF5-11D5-96F8-00207802C01C}','16777216','{5F637741-9DF5-11D5-96F8-00207802C01C}',NULL)        
INSERT INTO ToolOptionSet VALUES ('{5F6376C2-9DF5-11D5-96F8-00207802C01C}','16777216','{5F637740-9DF5-11D5-96F8-00207802C01C}',NULL)        
	//MFC EXE Release settings
INSERT INTO ToolOptionSet VALUES ('{5F6376C2-9DF5-11D5-96F8-00207802C01C}','16777232','{5F637743-9DF5-11D5-96F8-00207802C01C}',NULL)       
INSERT INTO ToolOptionSet VALUES ('{5F6376C2-9DF5-11D5-96F8-00207802C01C}','16777232','{5F63773F-9DF5-11D5-96F8-00207802C01C}',NULL)        
INSERT INTO ToolOptionSet VALUES ('{5F6376C2-9DF5-11D5-96F8-00207802C01C}','16777232','{5F637742-9DF5-11D5-96F8-00207802C01C}',NULL)       
INSERT INTO ToolOptionSet VALUES ('{5F6376C2-9DF5-11D5-96F8-00207802C01C}','16777232','{5F637741-9DF5-11D5-96F8-00207802C01C}',NULL)        
INSERT INTO ToolOptionSet VALUES ('{5F6376C2-9DF5-11D5-96F8-00207802C01C}','16777232','{5F637740-9DF5-11D5-96F8-00207802C01C}',NULL)        
	// EXE Debug settings
INSERT INTO ToolOptionSet VALUES ('{5F6376C2-9DF5-11D5-96F8-00207802C01C}','16777472','{5F637743-9DF5-11D5-96F8-00207802C01C}',NULL)       
INSERT INTO ToolOptionSet VALUES ('{5F6376C2-9DF5-11D5-96F8-00207802C01C}','16777472','{5F63773F-9DF5-11D5-96F8-00207802C01C}',NULL)        
INSERT INTO ToolOptionSet VALUES ('{5F6376C2-9DF5-11D5-96F8-00207802C01C}','16777472','{5F637744-9DF5-11D5-96F8-00207802C01C}',NULL)       
INSERT INTO ToolOptionSet VALUES ('{5F6376C2-9DF5-11D5-96F8-00207802C01C}','16777472','{5F637741-9DF5-11D5-96F8-00207802C01C}',NULL)        
INSERT INTO ToolOptionSet VALUES ('{5F6376C2-9DF5-11D5-96F8-00207802C01C}','16777472','{5F637740-9DF5-11D5-96F8-00207802C01C}',NULL)        
	//MFC EXE Debug settings
INSERT INTO ToolOptionSet VALUES ('{5F6376C2-9DF5-11D5-96F8-00207802C01C}','16777488','{5F637743-9DF5-11D5-96F8-00207802C01C}',NULL)       
INSERT INTO ToolOptionSet VALUES ('{5F6376C2-9DF5-11D5-96F8-00207802C01C}','16777488','{5F63773F-9DF5-11D5-96F8-00207802C01C}',NULL)        
INSERT INTO ToolOptionSet VALUES ('{5F6376C2-9DF5-11D5-96F8-00207802C01C}','16777488','{5F637744-9DF5-11D5-96F8-00207802C01C}',NULL)       
INSERT INTO ToolOptionSet VALUES ('{5F6376C2-9DF5-11D5-96F8-00207802C01C}','16777488','{5F637741-9DF5-11D5-96F8-00207802C01C}',NULL)        
INSERT INTO ToolOptionSet VALUES ('{5F6376C2-9DF5-11D5-96F8-00207802C01C}','16777488','{5F637740-9DF5-11D5-96F8-00207802C01C}',NULL)        
	//DLL Release settings
INSERT INTO ToolOptionSet VALUES ('{5F6376C2-9DF5-11D5-96F8-00207802C01C}','33554432','{5F637743-9DF5-11D5-96F8-00207802C01C}',NULL)       
INSERT INTO ToolOptionSet VALUES ('{5F6376C2-9DF5-11D5-96F8-00207802C01C}','33554432','{5F63773F-9DF5-11D5-96F8-00207802C01C}',NULL)        
INSERT INTO ToolOptionSet VALUES ('{5F6376C2-9DF5-11D5-96F8-00207802C01C}','33554432','{5F637742-9DF5-11D5-96F8-00207802C01C}',NULL)       
INSERT INTO ToolOptionSet VALUES ('{5F6376C2-9DF5-11D5-96F8-00207802C01C}','33554432','{5F637741-9DF5-11D5-96F8-00207802C01C}',NULL)        
INSERT INTO ToolOptionSet VALUES ('{5F6376C2-9DF5-11D5-96F8-00207802C01C}','33554432','{5F637740-9DF5-11D5-96F8-00207802C01C}',NULL)        
	//ATL DLL Release MinSize settings
INSERT INTO ToolOptionSet VALUES ('{5F6376C2-9DF5-11D5-96F8-00207802C01C}','33554433','{5F637743-9DF5-11D5-96F8-00207802C01C}',NULL)       
INSERT INTO ToolOptionSet VALUES ('{5F6376C2-9DF5-11D5-96F8-00207802C01C}','33554433','{5F63773F-9DF5-11D5-96F8-00207802C01C}',NULL)        
INSERT INTO ToolOptionSet VALUES ('{5F6376C2-9DF5-11D5-96F8-00207802C01C}','33554433','{5F637742-9DF5-11D5-96F8-00207802C01C}',NULL)       
INSERT INTO ToolOptionSet VALUES ('{5F6376C2-9DF5-11D5-96F8-00207802C01C}','33554433','{5F637741-9DF5-11D5-96F8-00207802C01C}',NULL)        
INSERT INTO ToolOptionSet VALUES ('{5F6376C2-9DF5-11D5-96F8-00207802C01C}','33554433','{5F637740-9DF5-11D5-96F8-00207802C01C}',NULL)        
	//ATL DLL Release MinDep settings
INSERT INTO ToolOptionSet VALUES ('{5F6376C2-9DF5-11D5-96F8-00207802C01C}','33554434','{5F637743-9DF5-11D5-96F8-00207802C01C}',NULL)       
INSERT INTO ToolOptionSet VALUES ('{5F6376C2-9DF5-11D5-96F8-00207802C01C}','33554434','{5F63773F-9DF5-11D5-96F8-00207802C01C}',NULL)        
INSERT INTO ToolOptionSet VALUES ('{5F6376C2-9DF5-11D5-96F8-00207802C01C}','33554434','{5F637742-9DF5-11D5-96F8-00207802C01C}',NULL)       
INSERT INTO ToolOptionSet VALUES ('{5F6376C2-9DF5-11D5-96F8-00207802C01C}','33554434','{5F637741-9DF5-11D5-96F8-00207802C01C}',NULL)        
INSERT INTO ToolOptionSet VALUES ('{5F6376C2-9DF5-11D5-96F8-00207802C01C}','33554434','{5F637740-9DF5-11D5-96F8-00207802C01C}',NULL)        
	// ATL EXE Release MinSize Settings
INSERT INTO ToolOptionSet VALUES ('{5F6376C2-9DF5-11D5-96F8-00207802C01C}','16777217','{5F637743-9DF5-11D5-96F8-00207802C01C}',NULL)       
INSERT INTO ToolOptionSet VALUES ('{5F6376C2-9DF5-11D5-96F8-00207802C01C}','16777217','{5F63773F-9DF5-11D5-96F8-00207802C01C}',NULL)        
INSERT INTO ToolOptionSet VALUES ('{5F6376C2-9DF5-11D5-96F8-00207802C01C}','16777217','{5F637742-9DF5-11D5-96F8-00207802C01C}',NULL)       
INSERT INTO ToolOptionSet VALUES ('{5F6376C2-9DF5-11D5-96F8-00207802C01C}','16777217','{5F637741-9DF5-11D5-96F8-00207802C01C}',NULL)        
INSERT INTO ToolOptionSet VALUES ('{5F6376C2-9DF5-11D5-96F8-00207802C01C}','16777217','{5F637740-9DF5-11D5-96F8-00207802C01C}',NULL)        
	// ATL EXE Release MinDep Settings                                   
INSERT INTO ToolOptionSet VALUES ('{5F6376C2-9DF5-11D5-96F8-00207802C01C}','16777218','{5F637743-9DF5-11D5-96F8-00207802C01C}',NULL)       
INSERT INTO ToolOptionSet VALUES ('{5F6376C2-9DF5-11D5-96F8-00207802C01C}','16777218','{5F63773F-9DF5-11D5-96F8-00207802C01C}',NULL)        
INSERT INTO ToolOptionSet VALUES ('{5F6376C2-9DF5-11D5-96F8-00207802C01C}','16777218','{5F637742-9DF5-11D5-96F8-00207802C01C}',NULL)       
INSERT INTO ToolOptionSet VALUES ('{5F6376C2-9DF5-11D5-96F8-00207802C01C}','16777218','{5F637741-9DF5-11D5-96F8-00207802C01C}',NULL)        
INSERT INTO ToolOptionSet VALUES ('{5F6376C2-9DF5-11D5-96F8-00207802C01C}','16777218','{5F637740-9DF5-11D5-96F8-00207802C01C}',NULL)        
	//MFC DLL Release settings
INSERT INTO ToolOptionSet VALUES ('{5F6376C2-9DF5-11D5-96F8-00207802C01C}','33554448','{5F637743-9DF5-11D5-96F8-00207802C01C}',NULL)       
INSERT INTO ToolOptionSet VALUES ('{5F6376C2-9DF5-11D5-96F8-00207802C01C}','33554448','{5F63773F-9DF5-11D5-96F8-00207802C01C}',NULL)        
INSERT INTO ToolOptionSet VALUES ('{5F6376C2-9DF5-11D5-96F8-00207802C01C}','33554448','{5F637742-9DF5-11D5-96F8-00207802C01C}',NULL)       
INSERT INTO ToolOptionSet VALUES ('{5F6376C2-9DF5-11D5-96F8-00207802C01C}','33554448','{5F637741-9DF5-11D5-96F8-00207802C01C}',NULL)        
INSERT INTO ToolOptionSet VALUES ('{5F6376C2-9DF5-11D5-96F8-00207802C01C}','33554448','{5F637740-9DF5-11D5-96F8-00207802C01C}',NULL)        
	// DLL Debug settings
INSERT INTO ToolOptionSet VALUES ('{5F6376C2-9DF5-11D5-96F8-00207802C01C}','33554688','{5F637743-9DF5-11D5-96F8-00207802C01C}',NULL)       
INSERT INTO ToolOptionSet VALUES ('{5F6376C2-9DF5-11D5-96F8-00207802C01C}','33554688','{5F63773F-9DF5-11D5-96F8-00207802C01C}',NULL)        
INSERT INTO ToolOptionSet VALUES ('{5F6376C2-9DF5-11D5-96F8-00207802C01C}','33554688','{5F637744-9DF5-11D5-96F8-00207802C01C}',NULL)       
INSERT INTO ToolOptionSet VALUES ('{5F6376C2-9DF5-11D5-96F8-00207802C01C}','33554688','{5F637741-9DF5-11D5-96F8-00207802C01C}',NULL)        
INSERT INTO ToolOptionSet VALUES ('{5F6376C2-9DF5-11D5-96F8-00207802C01C}','33554688','{5F637740-9DF5-11D5-96F8-00207802C01C}',NULL)        
	// ATL DLL Debug settings
INSERT INTO ToolOptionSet VALUES ('{5F6376C2-9DF5-11D5-96F8-00207802C01C}','33554689','{5F637743-9DF5-11D5-96F8-00207802C01C}',NULL)       
INSERT INTO ToolOptionSet VALUES ('{5F6376C2-9DF5-11D5-96F8-00207802C01C}','33554689','{5F63773F-9DF5-11D5-96F8-00207802C01C}',NULL)        
INSERT INTO ToolOptionSet VALUES ('{5F6376C2-9DF5-11D5-96F8-00207802C01C}','33554689','{5F637744-9DF5-11D5-96F8-00207802C01C}',NULL)       
INSERT INTO ToolOptionSet VALUES ('{5F6376C2-9DF5-11D5-96F8-00207802C01C}','33554689','{5F637741-9DF5-11D5-96F8-00207802C01C}',NULL)        
INSERT INTO ToolOptionSet VALUES ('{5F6376C2-9DF5-11D5-96F8-00207802C01C}','33554689','{5F637740-9DF5-11D5-96F8-00207802C01C}',NULL)        
	// ATL EXE Debug Settings
INSERT INTO ToolOptionSet VALUES ('{5F6376C2-9DF5-11D5-96F8-00207802C01C}','16777473','{5F637743-9DF5-11D5-96F8-00207802C01C}',NULL)       
INSERT INTO ToolOptionSet VALUES ('{5F6376C2-9DF5-11D5-96F8-00207802C01C}','16777473','{5F63773F-9DF5-11D5-96F8-00207802C01C}',NULL)        
INSERT INTO ToolOptionSet VALUES ('{5F6376C2-9DF5-11D5-96F8-00207802C01C}','16777473','{5F637744-9DF5-11D5-96F8-00207802C01C}',NULL)       
INSERT INTO ToolOptionSet VALUES ('{5F6376C2-9DF5-11D5-96F8-00207802C01C}','16777473','{5F637741-9DF5-11D5-96F8-00207802C01C}',NULL)        
INSERT INTO ToolOptionSet VALUES ('{5F6376C2-9DF5-11D5-96F8-00207802C01C}','16777473','{5F637740-9DF5-11D5-96F8-00207802C01C}',NULL)        
	// MFC DLL Debug settings
INSERT INTO ToolOptionSet VALUES ('{5F6376C2-9DF5-11D5-96F8-00207802C01C}','33554704','{5F637743-9DF5-11D5-96F8-00207802C01C}',NULL)       
INSERT INTO ToolOptionSet VALUES ('{5F6376C2-9DF5-11D5-96F8-00207802C01C}','33554704','{5F63773F-9DF5-11D5-96F8-00207802C01C}',NULL)        
INSERT INTO ToolOptionSet VALUES ('{5F6376C2-9DF5-11D5-96F8-00207802C01C}','33554704','{5F637744-9DF5-11D5-96F8-00207802C01C}',NULL)       
INSERT INTO ToolOptionSet VALUES ('{5F6376C2-9DF5-11D5-96F8-00207802C01C}','33554704','{5F637741-9DF5-11D5-96F8-00207802C01C}',NULL)        
INSERT INTO ToolOptionSet VALUES ('{5F6376C2-9DF5-11D5-96F8-00207802C01C}','33554704','{5F637740-9DF5-11D5-96F8-00207802C01C}',NULL)        
	// MFC ActiveX Control release settings
INSERT INTO ToolOptionSet VALUES ('{5F6376C2-9DF5-11D5-96F8-00207802C01C}','33558544','{5F637743-9DF5-11D5-96F8-00207802C01C}',NULL)       
INSERT INTO ToolOptionSet VALUES ('{5F6376C2-9DF5-11D5-96F8-00207802C01C}','33558544','{5F63773F-9DF5-11D5-96F8-00207802C01C}',NULL)        
INSERT INTO ToolOptionSet VALUES ('{5F6376C2-9DF5-11D5-96F8-00207802C01C}','33558544','{5F637742-9DF5-11D5-96F8-00207802C01C}',NULL)       
INSERT INTO ToolOptionSet VALUES ('{5F6376C2-9DF5-11D5-96F8-00207802C01C}','33558544','{5F637741-9DF5-11D5-96F8-00207802C01C}',NULL)        
INSERT INTO ToolOptionSet VALUES ('{5F6376C2-9DF5-11D5-96F8-00207802C01C}','33558544','{5F637740-9DF5-11D5-96F8-00207802C01C}',NULL)        
	// MFC ActiveX Control debug settings
INSERT INTO ToolOptionSet VALUES ('{5F6376C2-9DF5-11D5-96F8-00207802C01C}','33558800','{5F637743-9DF5-11D5-96F8-00207802C01C}',NULL)       
INSERT INTO ToolOptionSet VALUES ('{5F6376C2-9DF5-11D5-96F8-00207802C01C}','33558800','{5F63773F-9DF5-11D5-96F8-00207802C01C}',NULL)        
INSERT INTO ToolOptionSet VALUES ('{5F6376C2-9DF5-11D5-96F8-00207802C01C}','33558800','{5F637744-9DF5-11D5-96F8-00207802C01C}',NULL)       
INSERT INTO ToolOptionSet VALUES ('{5F6376C2-9DF5-11D5-96F8-00207802C01C}','33558800','{5F637741-9DF5-11D5-96F8-00207802C01C}',NULL)        
INSERT INTO ToolOptionSet VALUES ('{5F6376C2-9DF5-11D5-96F8-00207802C01C}','33558800','{5F637740-9DF5-11D5-96F8-00207802C01C}',NULL)        
	// Concole application release settings
INSERT INTO ToolOptionSet VALUES ('{5F6376C2-9DF5-11D5-96F8-00207802C01C}','50331648','{5F63773F-9DF5-11D5-96F8-00207802C01C}',NULL)        
INSERT INTO ToolOptionSet VALUES ('{5F6376C2-9DF5-11D5-96F8-00207802C01C}','50331648','{5F637742-9DF5-11D5-96F8-00207802C01C}',NULL)       
INSERT INTO ToolOptionSet VALUES ('{5F6376C2-9DF5-11D5-96F8-00207802C01C}','50331648','{5F637741-9DF5-11D5-96F8-00207802C01C}',NULL)        
INSERT INTO ToolOptionSet VALUES ('{5F6376C2-9DF5-11D5-96F8-00207802C01C}','50331648','{5F637740-9DF5-11D5-96F8-00207802C01C}',NULL)        
	// Concole application debug settings
INSERT INTO ToolOptionSet VALUES ('{5F6376C2-9DF5-11D5-96F8-00207802C01C}','50331904','{5F637744-9DF5-11D5-96F8-00207802C01C}',NULL)       
INSERT INTO ToolOptionSet VALUES ('{5F6376C2-9DF5-11D5-96F8-00207802C01C}','50331904','{5F637741-9DF5-11D5-96F8-00207802C01C}',NULL)        
INSERT INTO ToolOptionSet VALUES ('{5F6376C2-9DF5-11D5-96F8-00207802C01C}','50331904','{5F637740-9DF5-11D5-96F8-00207802C01C}',NULL)        
INSERT INTO ToolOptionSet VALUES ('{5F6376C2-9DF5-11D5-96F8-00207802C01C}','50331904','{5F637743-9DF5-11D5-96F8-00207802C01C}',NULL)       
INSERT INTO ToolOptionSet VALUES ('{5F6376C2-9DF5-11D5-96F8-00207802C01C}','50331904','{5F63773F-9DF5-11D5-96F8-00207802C01C}',NULL)       
	// Static Library release settings
INSERT INTO ToolOptionSet VALUES ('{5F6376C2-9DF5-11D5-96F8-00207802C01C}','67108864','{5F63773F-9DF5-11D5-96F8-00207802C01C}',NULL)        
INSERT INTO ToolOptionSet VALUES ('{5F6376C2-9DF5-11D5-96F8-00207802C01C}','67108864','{5F637741-9DF5-11D5-96F8-00207802C01C}',NULL)        
INSERT INTO ToolOptionSet VALUES ('{5F6376C2-9DF5-11D5-96F8-00207802C01C}','67108864','{5F637740-9DF5-11D5-96F8-00207802C01C}',NULL)        
	// Static Library debug settings
INSERT INTO ToolOptionSet VALUES ('{5F6376C2-9DF5-11D5-96F8-00207802C01C}','67109120','{5F63773F-9DF5-11D5-96F8-00207802C01C}',NULL)        
INSERT INTO ToolOptionSet VALUES ('{5F6376C2-9DF5-11D5-96F8-00207802C01C}','67109120','{5F637741-9DF5-11D5-96F8-00207802C01C}',NULL)        
INSERT INTO ToolOptionSet VALUES ('{5F6376C2-9DF5-11D5-96F8-00207802C01C}','67109120','{5F637740-9DF5-11D5-96F8-00207802C01C}',NULL)        

 

// MIDL ARMV4T
	//EXE Release settings
INSERT INTO ToolOptionSet VALUES ('{5F6376C3-9DF5-11D5-96F8-00207802C01C}','16777216','{5F637749-9DF5-11D5-96F8-00207802C01C}',NULL)       
INSERT INTO ToolOptionSet VALUES ('{5F6376C3-9DF5-11D5-96F8-00207802C01C}','16777216','{5F63774A-9DF5-11D5-96F8-00207802C01C}',NULL)       
	//MFC EXE Release settings 
INSERT INTO ToolOptionSet VALUES ('{5F6376C3-9DF5-11D5-96F8-00207802C01C}','16777232','{5F637749-9DF5-11D5-96F8-00207802C01C}',NULL)       
INSERT INTO ToolOptionSet VALUES ('{5F6376C3-9DF5-11D5-96F8-00207802C01C}','16777232','{5F63774A-9DF5-11D5-96F8-00207802C01C}',NULL)       
	// EXE Debug settings
INSERT INTO ToolOptionSet VALUES ('{5F6376C3-9DF5-11D5-96F8-00207802C01C}','16777472','{5F637749-9DF5-11D5-96F8-00207802C01C}',NULL)       
INSERT INTO ToolOptionSet VALUES ('{5F6376C3-9DF5-11D5-96F8-00207802C01C}','16777472','{5F637748-9DF5-11D5-96F8-00207802C01C}',NULL)       
	//MFC EXE Debug settings
INSERT INTO ToolOptionSet VALUES ('{5F6376C3-9DF5-11D5-96F8-00207802C01C}','16777488','{5F637749-9DF5-11D5-96F8-00207802C01C}',NULL)       
INSERT INTO ToolOptionSet VALUES ('{5F6376C3-9DF5-11D5-96F8-00207802C01C}','16777488','{5F637748-9DF5-11D5-96F8-00207802C01C}',NULL)       
	//DLL Release settings
INSERT INTO ToolOptionSet VALUES ('{5F6376C3-9DF5-11D5-96F8-00207802C01C}','33554432','{5F637749-9DF5-11D5-96F8-00207802C01C}',NULL)       
INSERT INTO ToolOptionSet VALUES ('{5F6376C3-9DF5-11D5-96F8-00207802C01C}','33554432','{5F63774A-9DF5-11D5-96F8-00207802C01C}',NULL)       
	//ATL DLL Release MinSize settings
INSERT INTO ToolOptionSet VALUES ('{5F6376C3-9DF5-11D5-96F8-00207802C01C}','33554433','{5F637749-9DF5-11D5-96F8-00207802C01C}',NULL)       
INSERT INTO ToolOptionSet VALUES ('{5F6376C3-9DF5-11D5-96F8-00207802C01C}','33554433','{5F63774A-9DF5-11D5-96F8-00207802C01C}',NULL)       
	//ATL DLL Release MinDep settings
INSERT INTO ToolOptionSet VALUES ('{5F6376C3-9DF5-11D5-96F8-00207802C01C}','33554434','{5F637749-9DF5-11D5-96F8-00207802C01C}',NULL)       
INSERT INTO ToolOptionSet VALUES ('{5F6376C3-9DF5-11D5-96F8-00207802C01C}','33554434','{5F63774A-9DF5-11D5-96F8-00207802C01C}',NULL)       
	// ATL EXE Release MinSize Settings
INSERT INTO ToolOptionSet VALUES ('{5F6376C3-9DF5-11D5-96F8-00207802C01C}','16777217','{5F637749-9DF5-11D5-96F8-00207802C01C}',NULL)       
INSERT INTO ToolOptionSet VALUES ('{5F6376C3-9DF5-11D5-96F8-00207802C01C}','16777217','{5F63774A-9DF5-11D5-96F8-00207802C01C}',NULL)       
	// ATL EXE Release MinDep Settings                                   
INSERT INTO ToolOptionSet VALUES ('{5F6376C3-9DF5-11D5-96F8-00207802C01C}','16777218','{5F637749-9DF5-11D5-96F8-00207802C01C}',NULL)       
INSERT INTO ToolOptionSet VALUES ('{5F6376C3-9DF5-11D5-96F8-00207802C01C}','16777218','{5F63774A-9DF5-11D5-96F8-00207802C01C}',NULL)       
	//MFC DLL Release settings
INSERT INTO ToolOptionSet VALUES ('{5F6376C3-9DF5-11D5-96F8-00207802C01C}','33554448','{5F637749-9DF5-11D5-96F8-00207802C01C}',NULL)       
INSERT INTO ToolOptionSet VALUES ('{5F6376C3-9DF5-11D5-96F8-00207802C01C}','33554448','{5F63774A-9DF5-11D5-96F8-00207802C01C}',NULL)       
	// DLL Debug settings
INSERT INTO ToolOptionSet VALUES ('{5F6376C3-9DF5-11D5-96F8-00207802C01C}','33554688','{5F637749-9DF5-11D5-96F8-00207802C01C}',NULL)       
INSERT INTO ToolOptionSet VALUES ('{5F6376C3-9DF5-11D5-96F8-00207802C01C}','33554688','{5F637748-9DF5-11D5-96F8-00207802C01C}',NULL)       
	// ATL DLL Debug settings
INSERT INTO ToolOptionSet VALUES ('{5F6376C3-9DF5-11D5-96F8-00207802C01C}','33554689','{5F637749-9DF5-11D5-96F8-00207802C01C}',NULL)       
INSERT INTO ToolOptionSet VALUES ('{5F6376C3-9DF5-11D5-96F8-00207802C01C}','33554689','{5F637748-9DF5-11D5-96F8-00207802C01C}',NULL)       
	// ATL EXE Debug Settings
INSERT INTO ToolOptionSet VALUES ('{5F6376C3-9DF5-11D5-96F8-00207802C01C}','16777473','{5F637749-9DF5-11D5-96F8-00207802C01C}',NULL)       
INSERT INTO ToolOptionSet VALUES ('{5F6376C3-9DF5-11D5-96F8-00207802C01C}','16777473','{5F637748-9DF5-11D5-96F8-00207802C01C}',NULL)       
	// MFC DLL Debug settings
INSERT INTO ToolOptionSet VALUES ('{5F6376C3-9DF5-11D5-96F8-00207802C01C}','33554704','{5F637749-9DF5-11D5-96F8-00207802C01C}',NULL)       
INSERT INTO ToolOptionSet VALUES ('{5F6376C3-9DF5-11D5-96F8-00207802C01C}','33554704','{5F637748-9DF5-11D5-96F8-00207802C01C}',NULL)       
	// MFC ActiveX Control release settings
INSERT INTO ToolOptionSet VALUES ('{5F6376C3-9DF5-11D5-96F8-00207802C01C}','33558544','{5F637749-9DF5-11D5-96F8-00207802C01C}',NULL)       
INSERT INTO ToolOptionSet VALUES ('{5F6376C3-9DF5-11D5-96F8-00207802C01C}','33558544','{5F63774A-9DF5-11D5-96F8-00207802C01C}',NULL)       
	// MFC ActiveX Control debug settings
INSERT INTO ToolOptionSet VALUES ('{5F6376C3-9DF5-11D5-96F8-00207802C01C}','33558800','{5F637749-9DF5-11D5-96F8-00207802C01C}',NULL)       
INSERT INTO ToolOptionSet VALUES ('{5F6376C3-9DF5-11D5-96F8-00207802C01C}','33558800','{5F637748-9DF5-11D5-96F8-00207802C01C}',NULL)       
	// Concole application release settings
INSERT INTO ToolOptionSet VALUES ('{5F6376C3-9DF5-11D5-96F8-00207802C01C}','50331648','{5F637749-9DF5-11D5-96F8-00207802C01C}',NULL)       
INSERT INTO ToolOptionSet VALUES ('{5F6376C3-9DF5-11D5-96F8-00207802C01C}','50331648','{5F63774A-9DF5-11D5-96F8-00207802C01C}',NULL)       
	// Concole application debug settings
INSERT INTO ToolOptionSet VALUES ('{5F6376C3-9DF5-11D5-96F8-00207802C01C}','50331904','{5F637749-9DF5-11D5-96F8-00207802C01C}',NULL)       
INSERT INTO ToolOptionSet VALUES ('{5F6376C3-9DF5-11D5-96F8-00207802C01C}','50331904','{5F637748-9DF5-11D5-96F8-00207802C01C}',NULL)       


// BSC ARMV4T
INSERT INTO ToolOptionSet VALUES ('{5F6376C4-9DF5-11D5-96F8-00207802C01C}','16777216','{5F637747-9DF5-11D5-96F8-00207802C01C}',NULL)       
INSERT INTO ToolOptionSet VALUES ('{5F6376C4-9DF5-11D5-96F8-00207802C01C}','16777232','{5F637747-9DF5-11D5-96F8-00207802C01C}',NULL)       
INSERT INTO ToolOptionSet VALUES ('{5F6376C4-9DF5-11D5-96F8-00207802C01C}','16777472','{5F637747-9DF5-11D5-96F8-00207802C01C}',NULL)       
INSERT INTO ToolOptionSet VALUES ('{5F6376C4-9DF5-11D5-96F8-00207802C01C}','16777488','{5F637747-9DF5-11D5-96F8-00207802C01C}',NULL)       
INSERT INTO ToolOptionSet VALUES ('{5F6376C4-9DF5-11D5-96F8-00207802C01C}','33554432','{5F637747-9DF5-11D5-96F8-00207802C01C}',NULL)       
INSERT INTO ToolOptionSet VALUES ('{5F6376C4-9DF5-11D5-96F8-00207802C01C}','33554433','{5F637749-9DF5-11D5-96F8-00207802C01C}',NULL)       
INSERT INTO ToolOptionSet VALUES ('{5F6376C4-9DF5-11D5-96F8-00207802C01C}','33554434','{5F637749-9DF5-11D5-96F8-00207802C01C}',NULL)       
	// ATL EXE Release MinSize Settings
INSERT INTO ToolOptionSet VALUES ('{5F6376C4-9DF5-11D5-96F8-00207802C01C}','16777217','{5F637749-9DF5-11D5-96F8-00207802C01C}',NULL)       
	// ATL EXE Release MinDep Settings                                   
INSERT INTO ToolOptionSet VALUES ('{5F6376C4-9DF5-11D5-96F8-00207802C01C}','16777218','{5F637749-9DF5-11D5-96F8-00207802C01C}',NULL)       
INSERT INTO ToolOptionSet VALUES ('{5F6376C4-9DF5-11D5-96F8-00207802C01C}','33554448','{5F637747-9DF5-11D5-96F8-00207802C01C}',NULL)       
INSERT INTO ToolOptionSet VALUES ('{5F6376C4-9DF5-11D5-96F8-00207802C01C}','33554688','{5F637747-9DF5-11D5-96F8-00207802C01C}',NULL)       
INSERT INTO ToolOptionSet VALUES ('{5F6376C4-9DF5-11D5-96F8-00207802C01C}','33554689','{5F637749-9DF5-11D5-96F8-00207802C01C}',NULL)       
	// ATL EXE Debug Settings
INSERT INTO ToolOptionSet VALUES ('{5F6376C4-9DF5-11D5-96F8-00207802C01C}','16777473','{5F637749-9DF5-11D5-96F8-00207802C01C}',NULL)       
INSERT INTO ToolOptionSet VALUES ('{5F6376C4-9DF5-11D5-96F8-00207802C01C}','33554704','{5F637747-9DF5-11D5-96F8-00207802C01C}',NULL)       
INSERT INTO ToolOptionSet VALUES ('{5F6376C4-9DF5-11D5-96F8-00207802C01C}','33558544','{5F637747-9DF5-11D5-96F8-00207802C01C}',NULL)       
INSERT INTO ToolOptionSet VALUES ('{5F6376C4-9DF5-11D5-96F8-00207802C01C}','33558800','{5F637747-9DF5-11D5-96F8-00207802C01C}',NULL)       
INSERT INTO ToolOptionSet VALUES ('{5F6376C4-9DF5-11D5-96F8-00207802C01C}','50331648','{5F637747-9DF5-11D5-96F8-00207802C01C}',NULL)       
INSERT INTO ToolOptionSet VALUES ('{5F6376C4-9DF5-11D5-96F8-00207802C01C}','50331904','{5F637747-9DF5-11D5-96F8-00207802C01C}',NULL)       
INSERT INTO ToolOptionSet VALUES ('{5F6376C4-9DF5-11D5-96F8-00207802C01C}','67108864','{5F637747-9DF5-11D5-96F8-00207802C01C}',NULL)       


// COFF ARMV4T
INSERT INTO ToolOptionSet VALUES ('{5F6376C5-9DF5-11D5-96F8-00207802C01C}','67108864','{5F637746-9DF5-11D5-96F8-00207802C01C}',NULL)       
INSERT INTO ToolOptionSet VALUES ('{5F6376C5-9DF5-11D5-96F8-00207802C01C}','67109120','{5F637746-9DF5-11D5-96F8-00207802C01C}',NULL)       
