/////////////////////////////////   ARMV4I  ////////////////////////////////////////

// ******** Vendor  ********
INSERT INTO Vendor VALUES ('{35583C00-7208-11D3-99F3-00105A0DF099}','Microsoft','Microsoft' )
INSERT INTO Vendor VALUES ('{35583C04-7208-11D3-99F3-00105A0DF099}','ARM','Advanced Risc Machines' )

// ******** CPUFamily  ********
INSERT INTO CPUFamily VALUES ('{FFEF61B0-6C93-11D3-843A-005004848CBA}','ARM','Arm family','5','ARM') 

// ******** IdeFamily  ********
INSERT INTO IDEFamily VALUES ('{F483D42C-7298-4374-B2EA-2C44FA714939}','ARMV4I',NULL,'Win32 (WCE ARMV4I)','165','vc60.pdb','ARMV4I',FALSE)       

// ******** CPU  ********
INSERT INTO CPU VALUES ('{DC70F430-E78B-494f-A9D5-62ADC56443B8}','{35583C04-7208-11D3-99F3-00105A0DF099}','ARMV4I','ARMV4I 32-bit','{FFEF61B0-6C93-11D3-843A-005004848CBA}','{F483D42C-7298-4374-B2EA-2C44FA714939}','1824','0','0','450','ARMV4I' ) 
INSERT INTO CPU VALUES ('{95F07C63-6399-4b27-AAEE-C3A7E9462B41}','{35583C04-7208-11D3-99F3-00105A0DF099}','ARMV4I','ARMV4I 32-bit','{FFEF61B0-6C93-11D3-843A-005004848CBA}','{F483D42C-7298-4374-B2EA-2C44FA714939}','2080','0','0','450','ARMV4I' ) 
INSERT INTO CPU VALUES ('{02E9A463-5FA2-4af0-B0A0-E4E4B95E4D12}','{35583C04-7208-11D3-99F3-00105A0DF099}','ARMV4I','ARMV4I 32-bit','{FFEF61B0-6C93-11D3-843A-005004848CBA}','{F483D42C-7298-4374-B2EA-2C44FA714939}','2336','0','0','450','ARMV4I' ) 

// ******** PID  ********
INSERT INTO ObjAttr VALUES ('ProductID','{DC70F430-E78B-494f-A9D5-62ADC56443B8}','ProductID','ProductID',2,0,'PID',0)
INSERT INTO ObjAttr VALUES ('ProductID','{95F07C63-6399-4b27-AAEE-C3A7E9462B41}','ProductID','ProductID',2,0,'PID',0)
INSERT INTO ObjAttr VALUES ('ProductID','{02E9A463-5FA2-4af0-B0A0-E4E4B95E4D12}','ProductID','ProductID',2,0,'PID',0)


// ******** Tool  ********
INSERT INTO Tool VALUES ('{F0D83719-21B6-403C-90A3-0A661F9742E9}','{35583C00-7208-11D3-99F3-00105A0DF099}','CLARMV4I','ARMV4I source compiler','clarm.exe',NULL )
INSERT INTO Tool VALUES ('{4ABF49E2-9BFB-4493-9F12-D9F965F857EE}','{35583C00-7208-11D3-99F3-00105A0DF099}','LINKARMV4I','ARMV4I Linker','link.exe',NULL )
INSERT INTO Tool VALUES ('{9C3B8831-B00B-46DE-BE2B-8F002312E0DE}','{35583C00-7208-11D3-99F3-00105A0DF099}','VCRCARMV4I','baseline resource compiler','rc.exe',NULL )
INSERT INTO Tool VALUES ('{6AD4243D-68A5-4030-98F8-3B1DFF18DC32}','{35583C00-7208-11D3-99F3-00105A0DF099}','MIDLARMV4I','ARMV4I middle compiler','midl.exe','COMMON\VCCE\BIN' )
INSERT INTO Tool VALUES ('{A381618D-4596-442E-A7F7-4C009522C7A9}','{35583C00-7208-11D3-99F3-00105A0DF099}','BSCARMV4I','ARMV4I browser compiler','bscmake.exe','COMMON\VCCE\BIN' )
INSERT INTO Tool VALUES ('{58837D30-62C3-4E9C-9DDE-2031891FB11B}','{35583C00-7208-11D3-99F3-00105A0DF099}','COFFARMV4I','ARMV4I coff','link.exe',NULL )
INSERT INTO Tool VALUES ('{ECD94FC2-9F64-4B14-AD35-C3DF493ECEB3}','{35583C00-7208-11D3-99F3-00105A0DF099}','DBGARMV4I','ARMV4I debugger','odarm4i',NULL )
INSERT INTO Tool VALUES ('{08379A04-6D15-499E-8ADC-042E197A8278}','{35583C00-7208-11D3-99F3-00105A0DF099}','LIBARMV4I','ARMV4I library manager','link.exe',NULL )
INSERT INTO Tool VALUES ('{B85EF897-5A3C-4BFD-A2B5-F16FEB002146}','{35583C00-7208-11D3-99F3-00105A0DF099}','DBGCEFARMV4I','CEF debugger for ARMV4I','odcefthumb',NULL )

// ******** ObjAttr  ********
// DBGARMV4I
INSERT INTO ObjAttr VALUES ('IsEmulation',	'{ECD94FC2-9F64-4B14-AD35-C3DF493ECEB3}','Emulation','Specifies whether this is for emulation','1','0',NULL,NULL )
INSERT INTO ObjAttr VALUES ('STSupport',		'{ECD94FC2-9F64-4B14-AD35-C3DF493ECEB3}','ST Support','The type of ST support','1','1',NULL,NULL )
INSERT INTO ObjAttr VALUES ('SupportsATP',	'{ECD94FC2-9F64-4B14-AD35-C3DF493ECEB3}','Supports ATP','Specifies whether ATP is supported','1','0',NULL,NULL )
INSERT INTO ObjAttr VALUES ('SupportsSINH',	'{ECD94FC2-9F64-4B14-AD35-C3DF493ECEB3}','Supports SINH','Specifies whether SINH is supported','1','0',NULL,NULL )
INSERT INTO ObjAttr VALUES ('TargetUP',		'{ECD94FC2-9F64-4B14-AD35-C3DF493ECEB3}','?','Specifies the target UP','1','136',NULL,NULL )
INSERT INTO ObjAttr VALUES ('EE',				'{ECD94FC2-9F64-4B14-AD35-C3DF493ECEB3}','EE','The EE for this debugger','2','0','EECXXCE',NULL )
INSERT INTO ObjAttr VALUES ('EM',				'{ECD94FC2-9F64-4B14-AD35-C3DF493ECEB3}','EM','The EM for this debugger','2','0','EMCE',NULL )
INSERT INTO ObjAttr VALUES ('SH',				'{ECD94FC2-9F64-4B14-AD35-C3DF493ECEB3}','SH','The SH for this debugger','2','0','SHCVCE',NULL )
// LINKARMV4I
INSERT INTO ObjAttr VALUES ('Input',	'{4ABF49E2-9BFB-4493-9F12-D9F965F857EE}','Input','The extension of files take','2','0','*.obj;*.res;*.lib;*.def;*.rsc',NULL )
INSERT INTO ObjAttr VALUES ('Prefix','{4ABF49E2-9BFB-4493-9F12-D9F965F857EE}','Prefix','The prefix of the tool','2','0','LINK32',NULL )
// CLARMV4I
INSERT INTO ObjAttr VALUES ('Input',	'{F0D83719-21B6-403C-90A3-0A661F9742E9}','Input','The extension of files take','2','0','*.c;*.cpp;*.cxx',NULL )
INSERT INTO ObjAttr VALUES ('Prefix','{F0D83719-21B6-403C-90A3-0A661F9742E9}','Prefix','The prefix of the tool','2','0','CPP',NULL )
// LIBARMV4I
INSERT INTO ObjAttr VALUES ('Input',	'{08379A04-6D15-499E-8ADC-042E197A8278}','Input','The extension of files take','2','0','*.obj;*.res;*.lib',NULL )
INSERT INTO ObjAttr VALUES ('Prefix','{08379A04-6D15-499E-8ADC-042E197A8278}','Prefix','The prefix of the tool','2','0','LIB32',NULL )
// DBGCEFARMV4I
INSERT INTO ObjAttr VALUES ('NativeDebugger','{B85EF897-5A3C-4BFD-A2B5-F16FEB002146}','DBGARMV4I','ARMV4I native debugger','3','0',NULL,'{ECD94FC2-9F64-4B14-AD35-C3DF493ECEB3}' )

// ******** OS  ********
INSERT INTO OS VALUES ('{42CA0006-5AA4-11D3-99E7-00105A0DF099}','{35583C00-7208-11D3-99F3-00105A0DF099}','Default','Default','0.00','0','0' )

// ******** Platform  ********
INSERT INTO Platform VALUES ('{8A9A2F80-6887-11D3-842E-005004848CBA}','{35583C00-7208-11D3-99F3-00105A0DF099}','Default','Default','{42CA0006-5AA4-11D3-99E7-00105A0DF099}',NULL,'0','0' )

// ******** ToolEntry  ********
// ARMV4I (ARMV4I)            // Platform                              // OS                                     // CPU   720                                //TOOL                             // Tool Type
INSERT INTO ToolEntry VALUES ('{8A9A2F80-6887-11D3-842E-005004848CBA}','{42CA0006-5AA4-11D3-99E7-00105A0DF099}','{DC70F430-E78B-494f-A9D5-62ADC56443B8}','{58837D30-62C3-4E9C-9DDE-2031891FB11B}','9' )
INSERT INTO ToolEntry VALUES ('{8A9A2F80-6887-11D3-842E-005004848CBA}','{42CA0006-5AA4-11D3-99E7-00105A0DF099}','{DC70F430-E78B-494f-A9D5-62ADC56443B8}','{ECD94FC2-9F64-4B14-AD35-C3DF493ECEB3}','2' )
INSERT INTO ToolEntry VALUES ('{8A9A2F80-6887-11D3-842E-005004848CBA}','{42CA0006-5AA4-11D3-99E7-00105A0DF099}','{DC70F430-E78B-494f-A9D5-62ADC56443B8}','{08379A04-6D15-499E-8ADC-042E197A8278}','5' )
INSERT INTO ToolEntry VALUES ('{8A9A2F80-6887-11D3-842E-005004848CBA}','{42CA0006-5AA4-11D3-99E7-00105A0DF099}','{DC70F430-E78B-494f-A9D5-62ADC56443B8}','{A381618D-4596-442E-A7F7-4C009522C7A9}','8' )
INSERT INTO ToolEntry VALUES ('{8A9A2F80-6887-11D3-842E-005004848CBA}','{42CA0006-5AA4-11D3-99E7-00105A0DF099}','{DC70F430-E78B-494f-A9D5-62ADC56443B8}','{F0D83719-21B6-403C-90A3-0A661F9742E9}','1' )
INSERT INTO ToolEntry VALUES ('{8A9A2F80-6887-11D3-842E-005004848CBA}','{42CA0006-5AA4-11D3-99E7-00105A0DF099}','{DC70F430-E78B-494f-A9D5-62ADC56443B8}','{4ABF49E2-9BFB-4493-9F12-D9F965F857EE}','4' )
INSERT INTO ToolEntry VALUES ('{8A9A2F80-6887-11D3-842E-005004848CBA}','{42CA0006-5AA4-11D3-99E7-00105A0DF099}','{DC70F430-E78B-494f-A9D5-62ADC56443B8}','{9C3B8831-B00B-46DE-BE2B-8F002312E0DE}','3' )
INSERT INTO ToolEntry VALUES ('{8A9A2F80-6887-11D3-842E-005004848CBA}','{42CA0006-5AA4-11D3-99E7-00105A0DF099}','{DC70F430-E78B-494f-A9D5-62ADC56443B8}','{6AD4243D-68A5-4030-98F8-3B1DFF18DC32}','7' )
INSERT INTO ToolEntry VALUES ('{8A9A2F80-6887-11D3-842E-005004848CBA}','{42CA0006-5AA4-11D3-99E7-00105A0DF099}','{DC70F430-E78B-494f-A9D5-62ADC56443B8}','{B85EF897-5A3C-4BFD-A2B5-F16FEB002146}','6' )

// ARMV4I (ARMV4I)            // Platform                              // OS                                     // CPU   820                                //TOOL                             // Tool Type
INSERT INTO ToolEntry VALUES ('{8A9A2F80-6887-11D3-842E-005004848CBA}','{42CA0006-5AA4-11D3-99E7-00105A0DF099}','{95F07C63-6399-4b27-AAEE-C3A7E9462B41}','{58837D30-62C3-4E9C-9DDE-2031891FB11B}','9' )
INSERT INTO ToolEntry VALUES ('{8A9A2F80-6887-11D3-842E-005004848CBA}','{42CA0006-5AA4-11D3-99E7-00105A0DF099}','{95F07C63-6399-4b27-AAEE-C3A7E9462B41}','{ECD94FC2-9F64-4B14-AD35-C3DF493ECEB3}','2' )
INSERT INTO ToolEntry VALUES ('{8A9A2F80-6887-11D3-842E-005004848CBA}','{42CA0006-5AA4-11D3-99E7-00105A0DF099}','{95F07C63-6399-4b27-AAEE-C3A7E9462B41}','{08379A04-6D15-499E-8ADC-042E197A8278}','5' )
INSERT INTO ToolEntry VALUES ('{8A9A2F80-6887-11D3-842E-005004848CBA}','{42CA0006-5AA4-11D3-99E7-00105A0DF099}','{95F07C63-6399-4b27-AAEE-C3A7E9462B41}','{A381618D-4596-442E-A7F7-4C009522C7A9}','8' )
INSERT INTO ToolEntry VALUES ('{8A9A2F80-6887-11D3-842E-005004848CBA}','{42CA0006-5AA4-11D3-99E7-00105A0DF099}','{95F07C63-6399-4b27-AAEE-C3A7E9462B41}','{F0D83719-21B6-403C-90A3-0A661F9742E9}','1' )
INSERT INTO ToolEntry VALUES ('{8A9A2F80-6887-11D3-842E-005004848CBA}','{42CA0006-5AA4-11D3-99E7-00105A0DF099}','{95F07C63-6399-4b27-AAEE-C3A7E9462B41}','{4ABF49E2-9BFB-4493-9F12-D9F965F857EE}','4' )
INSERT INTO ToolEntry VALUES ('{8A9A2F80-6887-11D3-842E-005004848CBA}','{42CA0006-5AA4-11D3-99E7-00105A0DF099}','{95F07C63-6399-4b27-AAEE-C3A7E9462B41}','{9C3B8831-B00B-46DE-BE2B-8F002312E0DE}','3' )
INSERT INTO ToolEntry VALUES ('{8A9A2F80-6887-11D3-842E-005004848CBA}','{42CA0006-5AA4-11D3-99E7-00105A0DF099}','{95F07C63-6399-4b27-AAEE-C3A7E9462B41}','{6AD4243D-68A5-4030-98F8-3B1DFF18DC32}','7' )
INSERT INTO ToolEntry VALUES ('{8A9A2F80-6887-11D3-842E-005004848CBA}','{42CA0006-5AA4-11D3-99E7-00105A0DF099}','{95F07C63-6399-4b27-AAEE-C3A7E9462B41}','{B85EF897-5A3C-4BFD-A2B5-F16FEB002146}','6' )

// ARMV4I (ARMV4I)            // Platform                              // OS                                     // CPU   920                                //TOOL                             // Tool Type
INSERT INTO ToolEntry VALUES ('{8A9A2F80-6887-11D3-842E-005004848CBA}','{42CA0006-5AA4-11D3-99E7-00105A0DF099}','{02E9A463-5FA2-4af0-B0A0-E4E4B95E4D12}','{58837D30-62C3-4E9C-9DDE-2031891FB11B}','9' )
INSERT INTO ToolEntry VALUES ('{8A9A2F80-6887-11D3-842E-005004848CBA}','{42CA0006-5AA4-11D3-99E7-00105A0DF099}','{02E9A463-5FA2-4af0-B0A0-E4E4B95E4D12}','{ECD94FC2-9F64-4B14-AD35-C3DF493ECEB3}','2' )
INSERT INTO ToolEntry VALUES ('{8A9A2F80-6887-11D3-842E-005004848CBA}','{42CA0006-5AA4-11D3-99E7-00105A0DF099}','{02E9A463-5FA2-4af0-B0A0-E4E4B95E4D12}','{08379A04-6D15-499E-8ADC-042E197A8278}','5' )
INSERT INTO ToolEntry VALUES ('{8A9A2F80-6887-11D3-842E-005004848CBA}','{42CA0006-5AA4-11D3-99E7-00105A0DF099}','{02E9A463-5FA2-4af0-B0A0-E4E4B95E4D12}','{A381618D-4596-442E-A7F7-4C009522C7A9}','8' )
INSERT INTO ToolEntry VALUES ('{8A9A2F80-6887-11D3-842E-005004848CBA}','{42CA0006-5AA4-11D3-99E7-00105A0DF099}','{02E9A463-5FA2-4af0-B0A0-E4E4B95E4D12}','{F0D83719-21B6-403C-90A3-0A661F9742E9}','1' )
INSERT INTO ToolEntry VALUES ('{8A9A2F80-6887-11D3-842E-005004848CBA}','{42CA0006-5AA4-11D3-99E7-00105A0DF099}','{02E9A463-5FA2-4af0-B0A0-E4E4B95E4D12}','{4ABF49E2-9BFB-4493-9F12-D9F965F857EE}','4' )
INSERT INTO ToolEntry VALUES ('{8A9A2F80-6887-11D3-842E-005004848CBA}','{42CA0006-5AA4-11D3-99E7-00105A0DF099}','{02E9A463-5FA2-4af0-B0A0-E4E4B95E4D12}','{9C3B8831-B00B-46DE-BE2B-8F002312E0DE}','3' )
INSERT INTO ToolEntry VALUES ('{8A9A2F80-6887-11D3-842E-005004848CBA}','{42CA0006-5AA4-11D3-99E7-00105A0DF099}','{02E9A463-5FA2-4af0-B0A0-E4E4B95E4D12}','{6AD4243D-68A5-4030-98F8-3B1DFF18DC32}','7' )
INSERT INTO ToolEntry VALUES ('{8A9A2F80-6887-11D3-842E-005004848CBA}','{42CA0006-5AA4-11D3-99E7-00105A0DF099}','{02E9A463-5FA2-4af0-B0A0-E4E4B95E4D12}','{B85EF897-5A3C-4BFD-A2B5-F16FEB002146}','6' )

// ******** ToolOption  ********
                // CL           // ToolOptionID                           // Tool_GUID
INSERT INTO ToolOption VALUES ('{F57ED77E-3EFF-461A-944B-BA953331041C}','{F0D83719-21B6-403C-90A3-0A661F9742E9}','ASSEMBLY_LISTING_ARMV4I','UI configure assembly listing','2','1000','/FA',FALSE)       
INSERT INTO ToolOption VALUES ('{B5AC6837-2793-4F0E-A24B-7A057A4D8280}','{F0D83719-21B6-403C-90A3-0A661F9742E9}','DISABLE_CONSTRUCTION_DISPLACEMENT_ARMV4I','UI disable construction displacement','2','1001','/vd0',FALSE)
INSERT INTO ToolOption VALUES ('{8266D3B7-A7E0-464B-BC62-CD8B67E19B06}','{F0D83719-21B6-403C-90A3-0A661F9742E9}','GENERAL_PURPOSE_ALWAYS_ARMV4I','UI pointer to member presentation method','2','1002','/vmg',FALSE)    
INSERT INTO ToolOption VALUES ('{0597E546-2081-4746-A1B2-0705453D8A3F}','{F0D83719-21B6-403C-90A3-0A661F9742E9}','PRECOMPILE_HEADER_ARMV4I','UI support precompile header','2','1003',NULL,FALSE)         
INSERT INTO ToolOption VALUES ('{21820D3B-FF6E-46F6-91DF-66B976C7B2D4}','{F0D83719-21B6-403C-90A3-0A661F9742E9}','CECRTMTDEBUG_ARMV4I','Debug Lib Macro','2',NULL,'/M$(CECrtMTDebug)',FALSE)    
INSERT INTO ToolOption VALUES ('{E79BAF9D-C32D-48FC-A40C-B3CCE96B3B3D}','{F0D83719-21B6-403C-90A3-0A661F9742E9}','AFXDLL_ARMV4I','Define _AFXDLL for dynamic linking to MFC','2',NULL,'/D _AFXDLL',FALSE)     
INSERT INTO ToolOption VALUES ('{F7C74033-1B0C-4A53-876B-A862B45C4411}','{F0D83719-21B6-403C-90A3-0A661F9742E9}','ARMV4I_CPLR_DBG','IDS_ARMV4I_CPLR_DBG','2','1','/DDEBUG',FALSE)   
INSERT INTO ToolOption VALUES ('{E189C770-24E3-4167-8395-5B1EA9C146EB}','{F0D83719-21B6-403C-90A3-0A661F9742E9}','ARMV4IEXE_CPLR_DBG','IDS_ARMV4IEXE_CPLR_DBG','2','1','/Zi  /DARM /D_ARM_ /DARMV4I /DUNDER_CE=$(CEVersion) /D_WIN32_WCE=$(CEVersion)',FALSE)  
INSERT INTO ToolOption VALUES ('{79C93B0B-8A78-4CD4-9A25-B14BF08F313D}','{F0D83719-21B6-403C-90A3-0A661F9742E9}','ARMV4I_CPLR_COMMON','IDS_ARMV4I_CPLR_COMMON','2','1','/QRarch4T /QRinterwork-return /c /nologo /D_WIN32_WCE=$(CEVersion) /DARM /D_ARM_ /D $(CePlatform)',FALSE)
INSERT INTO ToolOption VALUES ('{EC9B57FB-A383-4C12-B58B-1C296D73402C}','{F0D83719-21B6-403C-90A3-0A661F9742E9}','ARMV4IDLL_CPLR_DBG','IDS_ARMV4IDLL_CPLR_DBG','2','1','/Zi  /DARM /D_ARM_ /DARMV4I /DUNDER_CE=$(CEVersion) /D_WIN32_WCE=$(CEVersion)',FALSE)  
INSERT INTO ToolOption VALUES ('{A65C8A51-1EBF-4730-9C4A-12EC1A01758B}','{F0D83719-21B6-403C-90A3-0A661F9742E9}','ARMV4ICON_CPLR_DBG','IDS_ARMV4ICON_CPLR_DBG','2','1','/Zi  /DARM /D_ARM_ /DARMV4I /DUNDER_CE=$(CEVersion) /D_WIN32_WCE=$(CEVersion)',FALSE)  
INSERT INTO ToolOption VALUES ('{33F458D5-6175-421C-A280-1CDF6F8D02D5}','{F0D83719-21B6-403C-90A3-0A661F9742E9}','ARMV4ILIB_CPLR_DBG','IDS_ARMV4ILIB_CPLR_DBG','2','1','/Zi  /DARM /D_ARM_ /DARMV4I /DUNDER_CE=$(CEVersion) /D_WIN32_WCE=$(CEVersion)',FALSE)  
INSERT INTO ToolOption VALUES ('{A535AC54-C22F-4B18-A373-5604A8D65950}','{F0D83719-21B6-403C-90A3-0A661F9742E9}','ARMV4IEXE_CPLR_REL','IDS_ARMV4IEXE_CPLR_REL','2','1','/DARM /D_ARM_ /DARMV4I /DUNDER_CE=$(CEVersion) /D_WIN32_WCE=$(CEVersion)',FALSE)       
INSERT INTO ToolOption VALUES ('{70DA5908-C293-4B2A-834F-744DBC4DDA89}','{F0D83719-21B6-403C-90A3-0A661F9742E9}','ARMV4IDLL_CPLR_REL','IDS_ARMV4IDLL_CPLR_REL','2','1','/DARM /D_ARM_ /DARMV4I /DUNDER_CE=$(CEVersion) /D_WIN32_WCE=$(CEVersion)',FALSE)       
INSERT INTO ToolOption VALUES ('{7BECEBE7-EE13-4889-890F-2F8669E61DE3}','{F0D83719-21B6-403C-90A3-0A661F9742E9}','ARMV4ICON_CPLR_REL','IDS_ARMV4ICON_CPLR_REL','2','1','/DARM /D_ARM_ /DARMV4I /DUNDER_CE=$(CEVersion) /D_WIN32_WCE=$(CEVersion)',FALSE)       
INSERT INTO ToolOption VALUES ('{65326C91-3100-4189-AEAA-E1F902EB959D}','{F0D83719-21B6-403C-90A3-0A661F9742E9}','ARMV4ILIB_CPLR_REL','IDS_ARMV4ILIB_CPLR_REL','2','1','/DARM /D_ARM_ /DARMV4I /DUNDER_CE=$(CEVersion) /D_WIN32_WCE=$(CEVersion)',FALSE)       
INSERT INTO ToolOption VALUES ('{B74EE177-59C9-475F-BCCB-B7C093B87421}','{F0D83719-21B6-403C-90A3-0A661F9742E9}','ARMV4IATL_CPLR_DBG','Specific flags for ARMV4I Compiler (ATL DBG build)','2','1','/D _USRDLL',FALSE)        
INSERT INTO ToolOption VALUES ('{30D31F4F-DC56-49CB-AD02-5CF909339A96}','{F0D83719-21B6-403C-90A3-0A661F9742E9}','ARMV4IMFC_CPLR_COMMON',NULL,'2','1','/QRarch4T /QRinterwork-return /c /nologo /D_WIN32_WCE=$(CEVersion) /DARM /D_ARM_ /D $(CePlatform)',FALSE)   
INSERT INTO ToolOption VALUES ('{6838A324-0572-41C4-B652-775302FB59B8}','{F0D83719-21B6-403C-90A3-0A661F9742E9}','ARMV4IATL_CPLR_COMMON',NULL,'2','1','/QRarch4T /QRinterwork-return /D _USRDLL /c /DARM /D_ARM_ /D $(CePlatform)',FALSE)  
INSERT INTO ToolOption VALUES ('{6DFD669E-5389-45A6-B8D8-E2FB1B174034}','{F0D83719-21B6-403C-90A3-0A661F9742E9}','ARMV4IATL_CPLR_REL',NULL,'2','1','/nologo /DARM /D_ARM_ /DARMV4I /DUNDER_CE=$(CEVersion) /D_WIN32_WCE=$(CEVersion)',FALSE)    
INSERT INTO ToolOption VALUES ('{034309EF-3FF0-416A-9CE5-3BD945EFC125}','{F0D83719-21B6-403C-90A3-0A661F9742E9}','ARMV4IACTIVEX_CPLR_COMMON',NULL,'2','1','/GX-',FALSE) 
INSERT INTO ToolOption VALUES ('{FA47408F-8D4A-4D05-9783-AD003472FED1}','{F0D83719-21B6-403C-90A3-0A661F9742E9}','NDEBUG_ARMV4I','the NDEBUG define for release prjs','2',NULL,'/D NDEBUG',FALSE)   
INSERT INTO ToolOption VALUES ('{C9597E9C-8BF3-4378-9E1A-ED8AC293D63F}','{F0D83719-21B6-403C-90A3-0A661F9742E9}','ATL_STATIC_REGISTRY_ARMV4I','Define _ATL_STATIC_REGISTRY','2',NULL,'/D _ATL_STATIC_REGISTRY',FALSE)        
INSERT INTO ToolOption VALUES ('{EA3D9902-1613-4A0E-9191-621061646D00}','{F0D83719-21B6-403C-90A3-0A661F9742E9}','UNICODE_ARMV4I','Turn on Unicode','2',NULL,'/D UNICODE /D _UNICODE',FALSE)     
INSERT INTO ToolOption VALUES ('{053834A7-FE7A-4604-AC1C-8BFA9C3DDB22}','{F0D83719-21B6-403C-90A3-0A661F9742E9}','CECRTMT_ARMV4I','Release Lib Macro','2',NULL,'/M$(CECrtMT)',FALSE)  
INSERT INTO ToolOption VALUES ('{DD77F1EC-5A76-487D-BC2C-B117112FA3B4}','{F0D83719-21B6-403C-90A3-0A661F9742E9}','ARMV4I_MAXIMUM_OPTIMIZATION','maximum opts. (/Ogityb1 /Gs)','2',NULL,'/O2',FALSE)
INSERT INTO ToolOption VALUES ('{43F94741-82CF-4EB3-A2B6-A595F891C5A5}','{F0D83719-21B6-403C-90A3-0A661F9742E9}','ARMV4IDISABLE_OPTIMIZATIONS','Disables all compiler optimizations','2',NULL,'/Od',FALSE)     
INSERT INTO ToolOption VALUES ('{A5ADD7BA-949A-44E4-960E-DC1F9AA99EFB}','{F0D83719-21B6-403C-90A3-0A661F9742E9}','ARMV4I_ASSUME_NO_ALIASING','Enables Assume no Aliasing','2',1007,'/Oa',FALSE)     

                // LINK
INSERT INTO ToolOption VALUES ('{AD6CB1A3-C3B0-41EC-B87D-0097AA7263B7}','{4ABF49E2-9BFB-4493-9F12-D9F965F857EE}','LINKDBG_FORMAT_COFF_ARMV4I','UI debug format COFF','2','1004','/debugtype:coff',FALSE)  
INSERT INTO ToolOption VALUES ('{87108C8A-D778-460C-B106-C7DA44BD666C}','{4ABF49E2-9BFB-4493-9F12-D9F965F857EE}','INCREMENTAL_LINKING_ARMV4I','Incremental Linking Flag','2','1006','/INCREMENTAL:YES',FALSE)   
INSERT INTO ToolOption VALUES ('{A9C61C26-0C23-47B7-8919-745BDF09673E}','{4ABF49E2-9BFB-4493-9F12-D9F965F857EE}','ARMV4I_LINK_ARMV4I_COMMON','IDS_ARMV4I_LINK_ARMV4I_COMMON','2','1','/NOLOGO /subsystem:$(CESubsystem) /nodefaultlib:$(CENoDefaultLib)',FALSE)
INSERT INTO ToolOption VALUES ('{82D4B5E4-D7AB-4007-8D64-7302444A7847}','{4ABF49E2-9BFB-4493-9F12-D9F965F857EE}','ARMV4I_LINK_DBG','IDS_ARMV4I_LINK_DBG','2','1','/DEBUG /DEBUGTYPE:CV',FALSE)    
INSERT INTO ToolOption VALUES ('{4704FC61-5CD7-463C-9E0D-874E9F420C4C}','{4ABF49E2-9BFB-4493-9F12-D9F965F857EE}','ARMV4IEXE_LINK_DBG','IDS_ARMV4IEXE_LINK_DBG','2','1','/entry:WinMainCRTStartup',FALSE)        
INSERT INTO ToolOption VALUES ('{D47A2893-80E9-4135-9E2D-60EABEFC97E9}','{4ABF49E2-9BFB-4493-9F12-D9F965F857EE}','ARMV4I_LIB_DBG','IDS_ARMV4I_LIB_DBG','2','1','commctrl.lib coredll.lib ',FALSE)  
INSERT INTO ToolOption VALUES ('{A9C61C26-0C23-47B7-8919-745BDF09673E}','{4ABF49E2-9BFB-4493-9F12-D9F965F857EE}','ARMV4I_LINK_ARMV4I_COMMON','IDS_ARMV4I_LINK_ARMV4I_COMMON','2','1','/NOLOGO /subsystem:$(CESubsystem) /nodefaultlib:$(CENoDefaultLib)',FALSE)
INSERT INTO ToolOption VALUES ('{82D4B5E4-D7AB-4007-8D64-7302444A7847}','{4ABF49E2-9BFB-4493-9F12-D9F965F857EE}','ARMV4I_LINK_DBG','IDS_ARMV4I_LINK_DBG','2','1','/DEBUG /DEBUGTYPE:CV',FALSE)    
INSERT INTO ToolOption VALUES ('{4704FC61-5CD7-463C-9E0D-874E9F420C4C}','{4ABF49E2-9BFB-4493-9F12-D9F965F857EE}','ARMV4IEXE_LINK_DBG','IDS_ARMV4IEXE_LINK_DBG','2','1','/entry:WinMainCRTStartup',FALSE)        
INSERT INTO ToolOption VALUES ('{D47A2893-80E9-4135-9E2D-60EABEFC97E9}','{4ABF49E2-9BFB-4493-9F12-D9F965F857EE}','ARMV4I_LIB_DBG','IDS_ARMV4I_LIB_DBG','2','1','commctrl.lib coredll.lib ',FALSE)  
INSERT INTO ToolOption VALUES ('{81CF7EF6-075B-4474-A148-48AD7FC3AD89}','{4ABF49E2-9BFB-4493-9F12-D9F965F857EE}','ARMV4IDLL_LINK_DBG','IDS_ARMV4IDLL_LINK_DBG','2','1','/DLL /entry:_DllMainCRTStartup',FALSE)  
INSERT INTO ToolOption VALUES ('{FD9965E3-99E3-4FF2-904E-BCA57B1C8777}','{4ABF49E2-9BFB-4493-9F12-D9F965F857EE}','ARMV4I_CONLIB','IDS_ARMV4I_CONLIB','2','1','commctrl.lib coredll.lib ',FALSE)    
INSERT INTO ToolOption VALUES ('{68C99A96-D4F7-4F53-B35E-A7EC9D837B3F}','{4ABF49E2-9BFB-4493-9F12-D9F965F857EE}','ARMV4ICON_LINK_DBG','IDS_ARMV4ICON_LINK_DBG','2','1','/entry:WinMainCRTStartup',FALSE)        
INSERT INTO ToolOption VALUES ('{8F58BF1F-501D-45BB-871F-061CD2A7C36C}','{4ABF49E2-9BFB-4493-9F12-D9F965F857EE}','ARMV4IMFCEXE_LINK_DBG','Specific flags for ARMV4I Linker (MFC EXE Debug build)','2','1','/DEBUG /entry:wWinMainCRTStartup',FALSE)       
INSERT INTO ToolOption VALUES ('{1EBA7235-9E26-4181-B662-E36D0EBC15BE}','{4ABF49E2-9BFB-4493-9F12-D9F965F857EE}','ARMV4IMFCDLL_LINK_DBG','Specific flags for ARMV4I Linker (MFC DLL Debug build)','2','1','/DEBUG',FALSE)     
INSERT INTO ToolOption VALUES ('{D2E8F8E1-6B5A-4320-884B-4CBF0906FBF5}','{4ABF49E2-9BFB-4493-9F12-D9F965F857EE}','ARMV4IMFCEXE_LINK_COMMON','ARMV4I_LINK_ARMV4I_COMMON without defaultlib','2','1','/NOLOGO /subsystem:$(CESubsystem)',FALSE)   
INSERT INTO ToolOption VALUES ('{23972D85-7DC1-4FC1-8D8F-6E4DF6D37AA4}','{4ABF49E2-9BFB-4493-9F12-D9F965F857EE}','ARMV4IEXE_LINK_REL','IDS_ARMV4IEXE_LINK_REL','2','1','/entry:WinMainCRTStartup',FALSE)        
INSERT INTO ToolOption VALUES ('{346357B7-81F6-41D9-91EF-82A00ACC0613}','{4ABF49E2-9BFB-4493-9F12-D9F965F857EE}','ARMV4I_LINK_REL','IDS_ARMV4I_LINK_REL','2','1',NULL,FALSE)        
INSERT INTO ToolOption VALUES ('{8838FDEC-87D7-4C0A-B34C-378D340AA0D0}','{4ABF49E2-9BFB-4493-9F12-D9F965F857EE}','ARMV4I_LIB_REL','IDS_ARMV4I_LIB_REL','2','1','commctrl.lib coredll.lib ',FALSE)  
INSERT INTO ToolOption VALUES ('{D8F51311-FF87-4924-8296-3182AF75B0E2}','{4ABF49E2-9BFB-4493-9F12-D9F965F857EE}','ARMV4IDLL_LINK_REL','IDS_ARMV4IDLL_LINK_REL','2','1','/DLL /entry:_DllMainCRTStartup',FALSE)  
INSERT INTO ToolOption VALUES ('{E75DB73B-B23E-4B75-9730-4A14DC49D475}','{4ABF49E2-9BFB-4493-9F12-D9F965F857EE}','ARMV4I_LINK_REL','IDS_ARMV4I_LINK_REL','2','1',NULL,FALSE)        
INSERT INTO ToolOption VALUES ('{39B35C15-F4A9-4251-82CA-1ABDB2A6994F}','{4ABF49E2-9BFB-4493-9F12-D9F965F857EE}','ARMV4ICON_LINK_REL','IDS_ARMV4ICON_LINK_REL','2','1','/entry:WinMainCRTStartup',FALSE)        
INSERT INTO ToolOption VALUES ('{8EB04193-7C2A-4750-9987-FEAA8A30D1DD}','{4ABF49E2-9BFB-4493-9F12-D9F965F857EE}','ARMV4I_LINK_REL','IDS_ARMV4I_LINK_REL','2','1',NULL,FALSE)        
INSERT INTO ToolOption VALUES ('{2BFA54BB-D3B4-4D7B-B5B7-B36964E580A6}','{4ABF49E2-9BFB-4493-9F12-D9F965F857EE}','ARMV4ILIB_LINK','IDS_ARMV4ILIB_LINK','2','1','/NOLOGO',FALSE)     
INSERT INTO ToolOption VALUES ('{ECBCAF7F-6D07-47D0-8402-035132D508BC}','{4ABF49E2-9BFB-4493-9F12-D9F965F857EE}','ARMV4IMFCEXE_LINK_REL','Specific flags for ARMV4I Linker (MFC EXE Release build)','2','1','/entry:wWinMainCRTStartup',FALSE) 
INSERT INTO ToolOption VALUES ('{A7D93ECA-EA54-4AA7-A795-59A328A3B9CD}','{4ABF49E2-9BFB-4493-9F12-D9F965F857EE}','ARMV4IMFCDLL_LINK_COMMON','ARMV4I_LINK_ARMV4I_COMMON without defaultlib','2','1','/NOLOGO /subsystem:$(CESubsystem)',FALSE)   
INSERT INTO ToolOption VALUES ('{2F0DCA36-90B2-4AE5-978F-B5C4F6AF1CF9}','{4ABF49E2-9BFB-4493-9F12-D9F965F857EE}','MACHINE_ARMV4I','set machine type for linker','2',NULL,'/MACHINE:THUMB',FALSE) 
INSERT INTO ToolOption VALUES ('{B38DE8C0-6B6B-4066-9EA8-0F10B80732C2}','{4ABF49E2-9BFB-4493-9F12-D9F965F857EE}','STACK_ARMV4I','standard /STACK setting','2',NULL,'/STACK:65536,4096',FALSE)    
INSERT INTO ToolOption VALUES ('{3A5DEFCB-5606-45EA-8182-6364B852DE82}','{4ABF49E2-9BFB-4493-9F12-D9F965F857EE}','BASE_100K_ARMV4I','/base flag for .dll proj types','2',NULL,'/base:0x00100000',FALSE)        
INSERT INTO ToolOption VALUES ('{9D497479-C2B7-4C17-B689-751198E68E39}','{4ABF49E2-9BFB-4493-9F12-D9F965F857EE}','BASE_TENTHOUSAND_ARMV4I','/base flag for .exe proj types','2',NULL,'/base:0x00010000',FALSE) 
INSERT INTO ToolOption VALUES ('{53F592B4-1890-4A56-84BC-E39590657312}','{4ABF49E2-9BFB-4493-9F12-D9F965F857EE}','NO_INCREMENTAL_LINKING_ARMV4I','Incremental Linking Flag','2',1006,'/INCREMENTAL:NO',FALSE) 
INSERT INTO ToolOption VALUES ('{3DA55A26-206B-4537-BFEE-BB74957BAAB2}','{4ABF49E2-9BFB-4493-9F12-D9F965F857EE}','AUTOMATIC PRECOMPILED HEADERS_ARMV4I','Use automatic precompiled headers','2','1','/YX',FALSE)     
INSERT INTO ToolOption VALUES ('{4491F67B-0CBF-4EEF-80FB-B3ADF394522F}','{4ABF49E2-9BFB-4493-9F12-D9F965F857EE}','WARNING_LEVEL','Use Warning Level 3','2','1','/W3',FALSE)

                // MIDL
INSERT INTO ToolOption VALUES ('{B0A37573-A89E-42F8-9D96-01B8A45A6EAD}','{6AD4243D-68A5-4030-98F8-3B1DFF18DC32}','DEFINE_NDEBUG','Define NDEBUG','2',NULL,'/D NDEBUG',FALSE)   
INSERT INTO ToolOption VALUES ('{2A686077-D58A-4518-B290-1B4642D30E81}','{6AD4243D-68A5-4030-98F8-3B1DFF18DC32}','ARMV4I_MTL_COMMON','IDS_ARMV4I_MTL_COMMON','2','1','/nologo /mktyplib203 /win32',FALSE)   
INSERT INTO ToolOption VALUES ('{727F6455-36F9-4DA3-AEF8-482D2FD09676}','{6AD4243D-68A5-4030-98F8-3B1DFF18DC32}','DEFINE_DEBUG','Define DEBUG','2','1','/D DEBUG',FALSE)   

                // BSC
INSERT INTO ToolOption VALUES ('{17573233-7028-46D1-9E8A-0D3EC4A87876}','{A381618D-4596-442E-A7F7-4C009522C7A9}','ARMV4I_BSC_COMMON','IDS_ARMV4I_BSC_COMMON','2','1','/nologo',FALSE)  

                // COFF
INSERT INTO ToolOption VALUES ('{845E1858-B9B6-4C99-B45C-F77CE2ABB443}','{58837D30-62C3-4E9C-9DDE-2031891FB11B}','ARMV4I_COFF_COMMON','IDS_ARMV4ILIB_LINK','2','1','/nologo',FALSE) 

                // LIB
INSERT INTO ToolOption VALUES ('{67FF8815-7378-4D07-A475-A34A99E4C004}','{08379A04-6D15-499E-8ADC-042E197A8278}','ARMV4I_LIB_COMMON',NULL,'2',NULL,'/nologo',FALSE)  

                // VCRC
INSERT INTO ToolOption VALUES ('{C8A4B7BD-97C2-4544-BEA1-F697199E9DCC}','{9C3B8831-B00B-46DE-BE2B-8F002312E0DE}','DEFINE_DEBUG','Define DEBUG','2','1','/D DEBUG',FALSE)     
INSERT INTO ToolOption VALUES ('{07A1A345-99EE-48A5-8792-69723E413D5E}','{9C3B8831-B00B-46DE-BE2B-8F002312E0DE}','DARMV4I_RC_COMMON','IDS_DARMV4I_RC_COMMON','2','1','/r /DUNDER_CE=$(CEVersion) /D_WIN32_WCE=$(CEVersion)',FALSE)      
INSERT INTO ToolOption VALUES ('{32547A9E-F351-416C-9646-C6D8AAD19959}','{9C3B8831-B00B-46DE-BE2B-8F002312E0DE}','DEFINE_NDEBUG','Define NDEBUG','2','1','/D NDEBUG',FALSE)    
INSERT INTO ToolOption VALUES ('{48D2C81C-BCA0-474F-BFDD-0F0B7FF644D7}','{9C3B8831-B00B-46DE-BE2B-8F002312E0DE}','CEPLATFORM','CePlatform Macro','2','1','/D $(CePlatform)',FALSE)
INSERT INTO ToolOption VALUES ('{3D8E22C1-9A72-48DC-BC45-B421A2D554D2}','{9C3B8831-B00B-46DE-BE2B-8F002312E0DE}','PROCESSOR_DEFINE','Processor Define','2','1','/D THUMB /D _THUMB_ /D ARM /D _ARM_ /DARMV4I',FALSE)
INSERT INTO ToolOption VALUES ('{EE60D60C-E2EA-4299-8743-C49A5247CDF5}','{9C3B8831-B00B-46DE-BE2B-8F002312E0DE}','DEFINE_UNICODE','Define Unicode','2','1','/D UNICODE /D _UNICODE',FALSE)
 
// ******** OptionValue  ********

// ******** ToolOptionSet  ********
// LIB ARMV4I
INSERT INTO ToolOptionSet VALUES ('{08379A04-6D15-499E-8ADC-042E197A8278}','67108864','{67FF8815-7378-4D07-A475-A34A99E4C004}',NULL)       
INSERT INTO ToolOptionSet VALUES ('{08379A04-6D15-499E-8ADC-042E197A8278}','67109120','{67FF8815-7378-4D07-A475-A34A99E4C004}',NULL)       

// CL ARMV4I
	//EXE Release settings
INSERT INTO ToolOptionSet VALUES ('{F0D83719-21B6-403C-90A3-0A661F9742E9}','16777216','{79C93B0B-8A78-4CD4-9A25-B14BF08F313D}',NULL)       
INSERT INTO ToolOptionSet VALUES ('{F0D83719-21B6-403C-90A3-0A661F9742E9}','16777216','{A535AC54-C22F-4B18-A373-5604A8D65950}',NULL)       
INSERT INTO ToolOptionSet VALUES ('{F0D83719-21B6-403C-90A3-0A661F9742E9}','16777216','{DD77F1EC-5A76-487D-BC2C-B117112FA3B4}',NULL)       
INSERT INTO ToolOptionSet VALUES ('{F0D83719-21B6-403C-90A3-0A661F9742E9}','16777216','{EA3D9902-1613-4A0E-9191-621061646D00}',NULL)       
INSERT INTO ToolOptionSet VALUES ('{F0D83719-21B6-403C-90A3-0A661F9742E9}','16777216','{FA47408F-8D4A-4D05-9783-AD003472FED1}',NULL)       
INSERT INTO ToolOptionSet VALUES ('{F0D83719-21B6-403C-90A3-0A661F9742E9}','16777216','{053834A7-FE7A-4604-AC1C-8BFA9C3DDB22}',NULL)       
INSERT INTO ToolOptionSet VALUES ('{F0D83719-21B6-403C-90A3-0A661F9742E9}','16777216','{3DA55A26-206B-4537-BFEE-BB74957BAAB2}',NULL)        
INSERT INTO ToolOptionSet VALUES ('{F0D83719-21B6-403C-90A3-0A661F9742E9}','16777216','{4491F67B-0CBF-4EEF-80FB-B3ADF394522F}',NULL)        
	//MFC EXE Release settings
INSERT INTO ToolOptionSet VALUES ('{F0D83719-21B6-403C-90A3-0A661F9742E9}','16777232','{A535AC54-C22F-4B18-A373-5604A8D65950}',NULL)       
INSERT INTO ToolOptionSet VALUES ('{F0D83719-21B6-403C-90A3-0A661F9742E9}','16777232','{30D31F4F-DC56-49CB-AD02-5CF909339A96}',NULL)       
INSERT INTO ToolOptionSet VALUES ('{F0D83719-21B6-403C-90A3-0A661F9742E9}','16777232','{DD77F1EC-5A76-487D-BC2C-B117112FA3B4}',NULL)       
INSERT INTO ToolOptionSet VALUES ('{F0D83719-21B6-403C-90A3-0A661F9742E9}','16777232','{EA3D9902-1613-4A0E-9191-621061646D00}',NULL)       
INSERT INTO ToolOptionSet VALUES ('{F0D83719-21B6-403C-90A3-0A661F9742E9}','16777232','{FA47408F-8D4A-4D05-9783-AD003472FED1}',NULL)       
INSERT INTO ToolOptionSet VALUES ('{F0D83719-21B6-403C-90A3-0A661F9742E9}','16777232','{053834A7-FE7A-4604-AC1C-8BFA9C3DDB22}',NULL)       
INSERT INTO ToolOptionSet VALUES ('{F0D83719-21B6-403C-90A3-0A661F9742E9}','16777232','{E79BAF9D-C32D-48FC-A40C-B3CCE96B3B3D}',NULL)      
INSERT INTO ToolOptionSet VALUES ('{F0D83719-21B6-403C-90A3-0A661F9742E9}','16777232','{3DA55A26-206B-4537-BFEE-BB74957BAAB2}',NULL)        
INSERT INTO ToolOptionSet VALUES ('{F0D83719-21B6-403C-90A3-0A661F9742E9}','16777232','{4491F67B-0CBF-4EEF-80FB-B3ADF394522F}',NULL)        
	// EXE Debug settings
INSERT INTO ToolOptionSet VALUES ('{F0D83719-21B6-403C-90A3-0A661F9742E9}','16777472','{F7C74033-1B0C-4A53-876B-A862B45C4411}',NULL)       
INSERT INTO ToolOptionSet VALUES ('{F0D83719-21B6-403C-90A3-0A661F9742E9}','16777472','{E189C770-24E3-4167-8395-5B1EA9C146EB}',NULL)       
INSERT INTO ToolOptionSet VALUES ('{F0D83719-21B6-403C-90A3-0A661F9742E9}','16777472','{79C93B0B-8A78-4CD4-9A25-B14BF08F313D}',NULL)       
INSERT INTO ToolOptionSet VALUES ('{F0D83719-21B6-403C-90A3-0A661F9742E9}','16777472','{43F94741-82CF-4EB3-A2B6-A595F891C5A5}',NULL)       
INSERT INTO ToolOptionSet VALUES ('{F0D83719-21B6-403C-90A3-0A661F9742E9}','16777472','{EA3D9902-1613-4A0E-9191-621061646D00}',NULL)       
INSERT INTO ToolOptionSet VALUES ('{F0D83719-21B6-403C-90A3-0A661F9742E9}','16777472','{21820D3B-FF6E-46F6-91DF-66B976C7B2D4}',NULL)      
INSERT INTO ToolOptionSet VALUES ('{F0D83719-21B6-403C-90A3-0A661F9742E9}','16777472','{3DA55A26-206B-4537-BFEE-BB74957BAAB2}',NULL)        
INSERT INTO ToolOptionSet VALUES ('{F0D83719-21B6-403C-90A3-0A661F9742E9}','16777472','{4491F67B-0CBF-4EEF-80FB-B3ADF394522F}',NULL)        
	//MFC EXE Debug settings
INSERT INTO ToolOptionSet VALUES ('{F0D83719-21B6-403C-90A3-0A661F9742E9}','16777488','{F7C74033-1B0C-4A53-876B-A862B45C4411}',NULL)       
INSERT INTO ToolOptionSet VALUES ('{F0D83719-21B6-403C-90A3-0A661F9742E9}','16777488','{E189C770-24E3-4167-8395-5B1EA9C146EB}',NULL)       
INSERT INTO ToolOptionSet VALUES ('{F0D83719-21B6-403C-90A3-0A661F9742E9}','16777488','{30D31F4F-DC56-49CB-AD02-5CF909339A96}',NULL)       
INSERT INTO ToolOptionSet VALUES ('{F0D83719-21B6-403C-90A3-0A661F9742E9}','16777488','{43F94741-82CF-4EB3-A2B6-A595F891C5A5}',NULL)       
INSERT INTO ToolOptionSet VALUES ('{F0D83719-21B6-403C-90A3-0A661F9742E9}','16777488','{EA3D9902-1613-4A0E-9191-621061646D00}',NULL)       
INSERT INTO ToolOptionSet VALUES ('{F0D83719-21B6-403C-90A3-0A661F9742E9}','16777488','{21820D3B-FF6E-46F6-91DF-66B976C7B2D4}',NULL)      
INSERT INTO ToolOptionSet VALUES ('{F0D83719-21B6-403C-90A3-0A661F9742E9}','16777488','{E79BAF9D-C32D-48FC-A40C-B3CCE96B3B3D}',NULL)      
INSERT INTO ToolOptionSet VALUES ('{F0D83719-21B6-403C-90A3-0A661F9742E9}','16777488','{3DA55A26-206B-4537-BFEE-BB74957BAAB2}',NULL)        
INSERT INTO ToolOptionSet VALUES ('{F0D83719-21B6-403C-90A3-0A661F9742E9}','16777488','{4491F67B-0CBF-4EEF-80FB-B3ADF394522F}',NULL)        
	//DLL Release settings
INSERT INTO ToolOptionSet VALUES ('{F0D83719-21B6-403C-90A3-0A661F9742E9}','33554432','{79C93B0B-8A78-4CD4-9A25-B14BF08F313D}',NULL)       
INSERT INTO ToolOptionSet VALUES ('{F0D83719-21B6-403C-90A3-0A661F9742E9}','33554432','{70DA5908-C293-4B2A-834F-744DBC4DDA89}',NULL)       
INSERT INTO ToolOptionSet VALUES ('{F0D83719-21B6-403C-90A3-0A661F9742E9}','33554432','{DD77F1EC-5A76-487D-BC2C-B117112FA3B4}',NULL)       
INSERT INTO ToolOptionSet VALUES ('{F0D83719-21B6-403C-90A3-0A661F9742E9}','33554432','{EA3D9902-1613-4A0E-9191-621061646D00}',NULL)       
INSERT INTO ToolOptionSet VALUES ('{F0D83719-21B6-403C-90A3-0A661F9742E9}','33554432','{FA47408F-8D4A-4D05-9783-AD003472FED1}',NULL)       
INSERT INTO ToolOptionSet VALUES ('{F0D83719-21B6-403C-90A3-0A661F9742E9}','33554432','{053834A7-FE7A-4604-AC1C-8BFA9C3DDB22}',NULL)       
INSERT INTO ToolOptionSet VALUES ('{F0D83719-21B6-403C-90A3-0A661F9742E9}','33554432','{3DA55A26-206B-4537-BFEE-BB74957BAAB2}',NULL)        
INSERT INTO ToolOptionSet VALUES ('{F0D83719-21B6-403C-90A3-0A661F9742E9}','33554432','{4491F67B-0CBF-4EEF-80FB-B3ADF394522F}',NULL)        
	//ATL DLL Release MinSize settings
INSERT INTO ToolOptionSet VALUES ('{F0D83719-21B6-403C-90A3-0A661F9742E9}','33554433','{6838A324-0572-41C4-B652-775302FB59B8}',NULL)       
INSERT INTO ToolOptionSet VALUES ('{F0D83719-21B6-403C-90A3-0A661F9742E9}','33554433','{6DFD669E-5389-45A6-B8D8-E2FB1B174034}',NULL)       
INSERT INTO ToolOptionSet VALUES ('{F0D83719-21B6-403C-90A3-0A661F9742E9}','33554433','{DD77F1EC-5A76-487D-BC2C-B117112FA3B4}',NULL)       
INSERT INTO ToolOptionSet VALUES ('{F0D83719-21B6-403C-90A3-0A661F9742E9}','33554433','{EA3D9902-1613-4A0E-9191-621061646D00}',NULL)       
INSERT INTO ToolOptionSet VALUES ('{F0D83719-21B6-403C-90A3-0A661F9742E9}','33554433','{FA47408F-8D4A-4D05-9783-AD003472FED1}',NULL)       
INSERT INTO ToolOptionSet VALUES ('{F0D83719-21B6-403C-90A3-0A661F9742E9}','33554433','{053834A7-FE7A-4604-AC1C-8BFA9C3DDB22}',NULL)       
INSERT INTO ToolOptionSet VALUES ('{F0D83719-21B6-403C-90A3-0A661F9742E9}','33554433','{3DA55A26-206B-4537-BFEE-BB74957BAAB2}',NULL)        
INSERT INTO ToolOptionSet VALUES ('{F0D83719-21B6-403C-90A3-0A661F9742E9}','33554433','{4491F67B-0CBF-4EEF-80FB-B3ADF394522F}',NULL)        
	//ATL DLL Release MinDep settings
INSERT INTO ToolOptionSet VALUES ('{F0D83719-21B6-403C-90A3-0A661F9742E9}','33554434','{6838A324-0572-41C4-B652-775302FB59B8}',NULL)       
INSERT INTO ToolOptionSet VALUES ('{F0D83719-21B6-403C-90A3-0A661F9742E9}','33554434','{6DFD669E-5389-45A6-B8D8-E2FB1B174034}',NULL)       
INSERT INTO ToolOptionSet VALUES ('{F0D83719-21B6-403C-90A3-0A661F9742E9}','33554434','{DD77F1EC-5A76-487D-BC2C-B117112FA3B4}',NULL)       
INSERT INTO ToolOptionSet VALUES ('{F0D83719-21B6-403C-90A3-0A661F9742E9}','33554434','{EA3D9902-1613-4A0E-9191-621061646D00}',NULL)       
INSERT INTO ToolOptionSet VALUES ('{F0D83719-21B6-403C-90A3-0A661F9742E9}','33554434','{C9597E9C-8BF3-4378-9E1A-ED8AC293D63F}',NULL)       
INSERT INTO ToolOptionSet VALUES ('{F0D83719-21B6-403C-90A3-0A661F9742E9}','33554434','{FA47408F-8D4A-4D05-9783-AD003472FED1}',NULL)       
INSERT INTO ToolOptionSet VALUES ('{F0D83719-21B6-403C-90A3-0A661F9742E9}','33554434','{053834A7-FE7A-4604-AC1C-8BFA9C3DDB22}',NULL)       
INSERT INTO ToolOptionSet VALUES ('{F0D83719-21B6-403C-90A3-0A661F9742E9}','33554434','{3DA55A26-206B-4537-BFEE-BB74957BAAB2}',NULL)        
INSERT INTO ToolOptionSet VALUES ('{F0D83719-21B6-403C-90A3-0A661F9742E9}','33554434','{4491F67B-0CBF-4EEF-80FB-B3ADF394522F}',NULL)        
	// ATL EXE Release MinSize Settings
INSERT INTO ToolOptionSet VALUES ('{F0D83719-21B6-403C-90A3-0A661F9742E9}','16777217','{30D31F4F-DC56-49CB-AD02-5CF909339A96}',NULL)       
INSERT INTO ToolOptionSet VALUES ('{F0D83719-21B6-403C-90A3-0A661F9742E9}','16777217','{6DFD669E-5389-45A6-B8D8-E2FB1B174034}',NULL)       
INSERT INTO ToolOptionSet VALUES ('{F0D83719-21B6-403C-90A3-0A661F9742E9}','16777217','{DD77F1EC-5A76-487D-BC2C-B117112FA3B4}',NULL)       
INSERT INTO ToolOptionSet VALUES ('{F0D83719-21B6-403C-90A3-0A661F9742E9}','16777217','{EA3D9902-1613-4A0E-9191-621061646D00}',NULL)       
INSERT INTO ToolOptionSet VALUES ('{F0D83719-21B6-403C-90A3-0A661F9742E9}','16777217','{FA47408F-8D4A-4D05-9783-AD003472FED1}',NULL)       
INSERT INTO ToolOptionSet VALUES ('{F0D83719-21B6-403C-90A3-0A661F9742E9}','16777217','{053834A7-FE7A-4604-AC1C-8BFA9C3DDB22}',NULL)       
INSERT INTO ToolOptionSet VALUES ('{F0D83719-21B6-403C-90A3-0A661F9742E9}','16777217','{3DA55A26-206B-4537-BFEE-BB74957BAAB2}',NULL)        
INSERT INTO ToolOptionSet VALUES ('{F0D83719-21B6-403C-90A3-0A661F9742E9}','16777217','{4491F67B-0CBF-4EEF-80FB-B3ADF394522F}',NULL)        
	// ATL EXE Release MinDep Settings                                   
INSERT INTO ToolOptionSet VALUES ('{F0D83719-21B6-403C-90A3-0A661F9742E9}','16777218','{30D31F4F-DC56-49CB-AD02-5CF909339A96}',NULL)       
INSERT INTO ToolOptionSet VALUES ('{F0D83719-21B6-403C-90A3-0A661F9742E9}','16777218','{6DFD669E-5389-45A6-B8D8-E2FB1B174034}',NULL)       
INSERT INTO ToolOptionSet VALUES ('{F0D83719-21B6-403C-90A3-0A661F9742E9}','16777218','{DD77F1EC-5A76-487D-BC2C-B117112FA3B4}',NULL)       
INSERT INTO ToolOptionSet VALUES ('{F0D83719-21B6-403C-90A3-0A661F9742E9}','16777218','{EA3D9902-1613-4A0E-9191-621061646D00}',NULL)       
INSERT INTO ToolOptionSet VALUES ('{F0D83719-21B6-403C-90A3-0A661F9742E9}','16777218','{C9597E9C-8BF3-4378-9E1A-ED8AC293D63F}',NULL)       
INSERT INTO ToolOptionSet VALUES ('{F0D83719-21B6-403C-90A3-0A661F9742E9}','16777218','{FA47408F-8D4A-4D05-9783-AD003472FED1}',NULL)       
INSERT INTO ToolOptionSet VALUES ('{F0D83719-21B6-403C-90A3-0A661F9742E9}','16777218','{053834A7-FE7A-4604-AC1C-8BFA9C3DDB22}',NULL)       
INSERT INTO ToolOptionSet VALUES ('{F0D83719-21B6-403C-90A3-0A661F9742E9}','16777218','{3DA55A26-206B-4537-BFEE-BB74957BAAB2}',NULL)        
INSERT INTO ToolOptionSet VALUES ('{F0D83719-21B6-403C-90A3-0A661F9742E9}','16777218','{4491F67B-0CBF-4EEF-80FB-B3ADF394522F}',NULL)        
	//MFC DLL Release settings
INSERT INTO ToolOptionSet VALUES ('{F0D83719-21B6-403C-90A3-0A661F9742E9}','33554448','{70DA5908-C293-4B2A-834F-744DBC4DDA89}',NULL)       
INSERT INTO ToolOptionSet VALUES ('{F0D83719-21B6-403C-90A3-0A661F9742E9}','33554448','{30D31F4F-DC56-49CB-AD02-5CF909339A96}',NULL)       
INSERT INTO ToolOptionSet VALUES ('{F0D83719-21B6-403C-90A3-0A661F9742E9}','33554448','{DD77F1EC-5A76-487D-BC2C-B117112FA3B4}',NULL)       
INSERT INTO ToolOptionSet VALUES ('{F0D83719-21B6-403C-90A3-0A661F9742E9}','33554448','{EA3D9902-1613-4A0E-9191-621061646D00}',NULL)       
INSERT INTO ToolOptionSet VALUES ('{F0D83719-21B6-403C-90A3-0A661F9742E9}','33554448','{FA47408F-8D4A-4D05-9783-AD003472FED1}',NULL)       
INSERT INTO ToolOptionSet VALUES ('{F0D83719-21B6-403C-90A3-0A661F9742E9}','33554448','{053834A7-FE7A-4604-AC1C-8BFA9C3DDB22}',NULL)       
INSERT INTO ToolOptionSet VALUES ('{F0D83719-21B6-403C-90A3-0A661F9742E9}','33554448','{E79BAF9D-C32D-48FC-A40C-B3CCE96B3B3D}',NULL)      
INSERT INTO ToolOptionSet VALUES ('{F0D83719-21B6-403C-90A3-0A661F9742E9}','33554448','{3DA55A26-206B-4537-BFEE-BB74957BAAB2}',NULL)        
INSERT INTO ToolOptionSet VALUES ('{F0D83719-21B6-403C-90A3-0A661F9742E9}','33554448','{4491F67B-0CBF-4EEF-80FB-B3ADF394522F}',NULL)        
	// DLL Debug settings	
INSERT INTO ToolOptionSet VALUES ('{F0D83719-21B6-403C-90A3-0A661F9742E9}','33554688','{F7C74033-1B0C-4A53-876B-A862B45C4411}',NULL)       
INSERT INTO ToolOptionSet VALUES ('{F0D83719-21B6-403C-90A3-0A661F9742E9}','33554688','{79C93B0B-8A78-4CD4-9A25-B14BF08F313D}',NULL)       
INSERT INTO ToolOptionSet VALUES ('{F0D83719-21B6-403C-90A3-0A661F9742E9}','33554688','{EC9B57FB-A383-4C12-B58B-1C296D73402C}',NULL)       
INSERT INTO ToolOptionSet VALUES ('{F0D83719-21B6-403C-90A3-0A661F9742E9}','33554688','{43F94741-82CF-4EB3-A2B6-A595F891C5A5}',NULL)       
INSERT INTO ToolOptionSet VALUES ('{F0D83719-21B6-403C-90A3-0A661F9742E9}','33554688','{EA3D9902-1613-4A0E-9191-621061646D00}',NULL)       
INSERT INTO ToolOptionSet VALUES ('{F0D83719-21B6-403C-90A3-0A661F9742E9}','33554688','{21820D3B-FF6E-46F6-91DF-66B976C7B2D4}',NULL)      
INSERT INTO ToolOptionSet VALUES ('{F0D83719-21B6-403C-90A3-0A661F9742E9}','33554688','{3DA55A26-206B-4537-BFEE-BB74957BAAB2}',NULL)        
INSERT INTO ToolOptionSet VALUES ('{F0D83719-21B6-403C-90A3-0A661F9742E9}','33554688','{4491F67B-0CBF-4EEF-80FB-B3ADF394522F}',NULL)        
	// ATL DLL Debug settings
INSERT INTO ToolOptionSet VALUES ('{F0D83719-21B6-403C-90A3-0A661F9742E9}','33554689','{F7C74033-1B0C-4A53-876B-A862B45C4411}',NULL)       
INSERT INTO ToolOptionSet VALUES ('{F0D83719-21B6-403C-90A3-0A661F9742E9}','33554689','{EC9B57FB-A383-4C12-B58B-1C296D73402C}',NULL)       
INSERT INTO ToolOptionSet VALUES ('{F0D83719-21B6-403C-90A3-0A661F9742E9}','33554689','{B74EE177-59C9-475F-BCCB-B7C093B87421}',NULL)       
INSERT INTO ToolOptionSet VALUES ('{F0D83719-21B6-403C-90A3-0A661F9742E9}','33554689','{30D31F4F-DC56-49CB-AD02-5CF909339A96}',NULL)       
INSERT INTO ToolOptionSet VALUES ('{F0D83719-21B6-403C-90A3-0A661F9742E9}','33554689','{43F94741-82CF-4EB3-A2B6-A595F891C5A5}',NULL)       
INSERT INTO ToolOptionSet VALUES ('{F0D83719-21B6-403C-90A3-0A661F9742E9}','33554689','{EA3D9902-1613-4A0E-9191-621061646D00}',NULL)       
INSERT INTO ToolOptionSet VALUES ('{F0D83719-21B6-403C-90A3-0A661F9742E9}','33554689','{21820D3B-FF6E-46F6-91DF-66B976C7B2D4}',NULL)      
INSERT INTO ToolOptionSet VALUES ('{F0D83719-21B6-403C-90A3-0A661F9742E9}','33554689','{3DA55A26-206B-4537-BFEE-BB74957BAAB2}',NULL)        
INSERT INTO ToolOptionSet VALUES ('{F0D83719-21B6-403C-90A3-0A661F9742E9}','33554689','{4491F67B-0CBF-4EEF-80FB-B3ADF394522F}',NULL)        
	// ATL EXE Debug Settings	
INSERT INTO ToolOptionSet VALUES ('{F0D83719-21B6-403C-90A3-0A661F9742E9}','16777473','{F7C74033-1B0C-4A53-876B-A862B45C4411}',NULL)       	
INSERT INTO ToolOptionSet VALUES ('{F0D83719-21B6-403C-90A3-0A661F9742E9}','16777473','{E189C770-24E3-4167-8395-5B1EA9C146EB}',NULL)       
INSERT INTO ToolOptionSet VALUES ('{F0D83719-21B6-403C-90A3-0A661F9742E9}','16777473','{30D31F4F-DC56-49CB-AD02-5CF909339A96}',NULL)       
INSERT INTO ToolOptionSet VALUES ('{F0D83719-21B6-403C-90A3-0A661F9742E9}','16777473','{43F94741-82CF-4EB3-A2B6-A595F891C5A5}',NULL)       
INSERT INTO ToolOptionSet VALUES ('{F0D83719-21B6-403C-90A3-0A661F9742E9}','16777473','{EA3D9902-1613-4A0E-9191-621061646D00}',NULL)       
INSERT INTO ToolOptionSet VALUES ('{F0D83719-21B6-403C-90A3-0A661F9742E9}','16777473','{21820D3B-FF6E-46F6-91DF-66B976C7B2D4}',NULL)      
INSERT INTO ToolOptionSet VALUES ('{F0D83719-21B6-403C-90A3-0A661F9742E9}','16777473','{3DA55A26-206B-4537-BFEE-BB74957BAAB2}',NULL)        
INSERT INTO ToolOptionSet VALUES ('{F0D83719-21B6-403C-90A3-0A661F9742E9}','16777473','{4491F67B-0CBF-4EEF-80FB-B3ADF394522F}',NULL)        
	// MFC DLL Debug settings
INSERT INTO ToolOptionSet VALUES ('{F0D83719-21B6-403C-90A3-0A661F9742E9}','33554704','{F7C74033-1B0C-4A53-876B-A862B45C4411}',NULL)       
INSERT INTO ToolOptionSet VALUES ('{F0D83719-21B6-403C-90A3-0A661F9742E9}','33554704','{EC9B57FB-A383-4C12-B58B-1C296D73402C}',NULL)       
INSERT INTO ToolOptionSet VALUES ('{F0D83719-21B6-403C-90A3-0A661F9742E9}','33554704','{30D31F4F-DC56-49CB-AD02-5CF909339A96}',NULL)       
INSERT INTO ToolOptionSet VALUES ('{F0D83719-21B6-403C-90A3-0A661F9742E9}','33554704','{43F94741-82CF-4EB3-A2B6-A595F891C5A5}',NULL)       
INSERT INTO ToolOptionSet VALUES ('{F0D83719-21B6-403C-90A3-0A661F9742E9}','33554704','{EA3D9902-1613-4A0E-9191-621061646D00}',NULL)       
INSERT INTO ToolOptionSet VALUES ('{F0D83719-21B6-403C-90A3-0A661F9742E9}','33554704','{21820D3B-FF6E-46F6-91DF-66B976C7B2D4}',NULL)      
INSERT INTO ToolOptionSet VALUES ('{F0D83719-21B6-403C-90A3-0A661F9742E9}','33554704','{E79BAF9D-C32D-48FC-A40C-B3CCE96B3B3D}',NULL)      
INSERT INTO ToolOptionSet VALUES ('{F0D83719-21B6-403C-90A3-0A661F9742E9}','33554704','{3DA55A26-206B-4537-BFEE-BB74957BAAB2}',NULL)        
INSERT INTO ToolOptionSet VALUES ('{F0D83719-21B6-403C-90A3-0A661F9742E9}','33554704','{4491F67B-0CBF-4EEF-80FB-B3ADF394522F}',NULL)        
	// MFC ActiveX Control release settings
INSERT INTO ToolOptionSet VALUES ('{F0D83719-21B6-403C-90A3-0A661F9742E9}','33558544','{70DA5908-C293-4B2A-834F-744DBC4DDA89}',NULL)       
INSERT INTO ToolOptionSet VALUES ('{F0D83719-21B6-403C-90A3-0A661F9742E9}','33558544','{30D31F4F-DC56-49CB-AD02-5CF909339A96}',NULL)       
INSERT INTO ToolOptionSet VALUES ('{F0D83719-21B6-403C-90A3-0A661F9742E9}','33558544','{034309EF-3FF0-416A-9CE5-3BD945EFC125}',NULL)       
INSERT INTO ToolOptionSet VALUES ('{F0D83719-21B6-403C-90A3-0A661F9742E9}','33558544','{DD77F1EC-5A76-487D-BC2C-B117112FA3B4}',NULL)       
INSERT INTO ToolOptionSet VALUES ('{F0D83719-21B6-403C-90A3-0A661F9742E9}','33558544','{EA3D9902-1613-4A0E-9191-621061646D00}',NULL)       
INSERT INTO ToolOptionSet VALUES ('{F0D83719-21B6-403C-90A3-0A661F9742E9}','33558544','{FA47408F-8D4A-4D05-9783-AD003472FED1}',NULL)       
INSERT INTO ToolOptionSet VALUES ('{F0D83719-21B6-403C-90A3-0A661F9742E9}','33558544','{053834A7-FE7A-4604-AC1C-8BFA9C3DDB22}',NULL)       
INSERT INTO ToolOptionSet VALUES ('{F0D83719-21B6-403C-90A3-0A661F9742E9}','33558544','{E79BAF9D-C32D-48FC-A40C-B3CCE96B3B3D}',NULL)      
INSERT INTO ToolOptionSet VALUES ('{F0D83719-21B6-403C-90A3-0A661F9742E9}','33558544','{3DA55A26-206B-4537-BFEE-BB74957BAAB2}',NULL)        
INSERT INTO ToolOptionSet VALUES ('{F0D83719-21B6-403C-90A3-0A661F9742E9}','33558544','{4491F67B-0CBF-4EEF-80FB-B3ADF394522F}',NULL)        
	// MFC ActiveX Control debug settings
INSERT INTO ToolOptionSet VALUES ('{F0D83719-21B6-403C-90A3-0A661F9742E9}','33558800','{F7C74033-1B0C-4A53-876B-A862B45C4411}',NULL)       
INSERT INTO ToolOptionSet VALUES ('{F0D83719-21B6-403C-90A3-0A661F9742E9}','33558800','{EC9B57FB-A383-4C12-B58B-1C296D73402C}',NULL)       
INSERT INTO ToolOptionSet VALUES ('{F0D83719-21B6-403C-90A3-0A661F9742E9}','33558800','{30D31F4F-DC56-49CB-AD02-5CF909339A96}',NULL)       
INSERT INTO ToolOptionSet VALUES ('{F0D83719-21B6-403C-90A3-0A661F9742E9}','33558800','{034309EF-3FF0-416A-9CE5-3BD945EFC125}',NULL)       
INSERT INTO ToolOptionSet VALUES ('{F0D83719-21B6-403C-90A3-0A661F9742E9}','33558800','{43F94741-82CF-4EB3-A2B6-A595F891C5A5}',NULL)       
INSERT INTO ToolOptionSet VALUES ('{F0D83719-21B6-403C-90A3-0A661F9742E9}','33558800','{EA3D9902-1613-4A0E-9191-621061646D00}',NULL)       
INSERT INTO ToolOptionSet VALUES ('{F0D83719-21B6-403C-90A3-0A661F9742E9}','33558800','{21820D3B-FF6E-46F6-91DF-66B976C7B2D4}',NULL)      
INSERT INTO ToolOptionSet VALUES ('{F0D83719-21B6-403C-90A3-0A661F9742E9}','33558800','{E79BAF9D-C32D-48FC-A40C-B3CCE96B3B3D}',NULL)      
INSERT INTO ToolOptionSet VALUES ('{F0D83719-21B6-403C-90A3-0A661F9742E9}','33558800','{3DA55A26-206B-4537-BFEE-BB74957BAAB2}',NULL)        
INSERT INTO ToolOptionSet VALUES ('{F0D83719-21B6-403C-90A3-0A661F9742E9}','33558800','{4491F67B-0CBF-4EEF-80FB-B3ADF394522F}',NULL)        
	// Concole application release settings
INSERT INTO ToolOptionSet VALUES ('{F0D83719-21B6-403C-90A3-0A661F9742E9}','50331648','{79C93B0B-8A78-4CD4-9A25-B14BF08F313D}',NULL)       
INSERT INTO ToolOptionSet VALUES ('{F0D83719-21B6-403C-90A3-0A661F9742E9}','50331648','{7BECEBE7-EE13-4889-890F-2F8669E61DE3}',NULL)       
INSERT INTO ToolOptionSet VALUES ('{F0D83719-21B6-403C-90A3-0A661F9742E9}','50331648','{DD77F1EC-5A76-487D-BC2C-B117112FA3B4}',NULL)       
INSERT INTO ToolOptionSet VALUES ('{F0D83719-21B6-403C-90A3-0A661F9742E9}','50331648','{EA3D9902-1613-4A0E-9191-621061646D00}',NULL)       
INSERT INTO ToolOptionSet VALUES ('{F0D83719-21B6-403C-90A3-0A661F9742E9}','50331648','{FA47408F-8D4A-4D05-9783-AD003472FED1}',NULL)       
INSERT INTO ToolOptionSet VALUES ('{F0D83719-21B6-403C-90A3-0A661F9742E9}','50331648','{053834A7-FE7A-4604-AC1C-8BFA9C3DDB22}',NULL)       
INSERT INTO ToolOptionSet VALUES ('{F0D83719-21B6-403C-90A3-0A661F9742E9}','50331648','{3DA55A26-206B-4537-BFEE-BB74957BAAB2}',NULL)        
INSERT INTO ToolOptionSet VALUES ('{F0D83719-21B6-403C-90A3-0A661F9742E9}','50331648','{4491F67B-0CBF-4EEF-80FB-B3ADF394522F}',NULL)        
	// Concole application debug settings
INSERT INTO ToolOptionSet VALUES ('{F0D83719-21B6-403C-90A3-0A661F9742E9}','50331904','{F7C74033-1B0C-4A53-876B-A862B45C4411}',NULL)       
INSERT INTO ToolOptionSet VALUES ('{F0D83719-21B6-403C-90A3-0A661F9742E9}','50331904','{79C93B0B-8A78-4CD4-9A25-B14BF08F313D}',NULL)       
INSERT INTO ToolOptionSet VALUES ('{F0D83719-21B6-403C-90A3-0A661F9742E9}','50331904','{A65C8A51-1EBF-4730-9C4A-12EC1A01758B}',NULL)       
INSERT INTO ToolOptionSet VALUES ('{F0D83719-21B6-403C-90A3-0A661F9742E9}','50331904','{43F94741-82CF-4EB3-A2B6-A595F891C5A5}',NULL)       
INSERT INTO ToolOptionSet VALUES ('{F0D83719-21B6-403C-90A3-0A661F9742E9}','50331904','{EA3D9902-1613-4A0E-9191-621061646D00}',NULL)       
INSERT INTO ToolOptionSet VALUES ('{F0D83719-21B6-403C-90A3-0A661F9742E9}','50331904','{21820D3B-FF6E-46F6-91DF-66B976C7B2D4}',NULL)      
INSERT INTO ToolOptionSet VALUES ('{F0D83719-21B6-403C-90A3-0A661F9742E9}','50331904','{3DA55A26-206B-4537-BFEE-BB74957BAAB2}',NULL)        
INSERT INTO ToolOptionSet VALUES ('{F0D83719-21B6-403C-90A3-0A661F9742E9}','50331904','{4491F67B-0CBF-4EEF-80FB-B3ADF394522F}',NULL)        
	// Static Library release settings
INSERT INTO ToolOptionSet VALUES ('{F0D83719-21B6-403C-90A3-0A661F9742E9}','67108864','{79C93B0B-8A78-4CD4-9A25-B14BF08F313D}',NULL)       
INSERT INTO ToolOptionSet VALUES ('{F0D83719-21B6-403C-90A3-0A661F9742E9}','67108864','{65326C91-3100-4189-AEAA-E1F902EB959D}',NULL)       
INSERT INTO ToolOptionSet VALUES ('{F0D83719-21B6-403C-90A3-0A661F9742E9}','67108864','{DD77F1EC-5A76-487D-BC2C-B117112FA3B4}',NULL)       
INSERT INTO ToolOptionSet VALUES ('{F0D83719-21B6-403C-90A3-0A661F9742E9}','67108864','{EA3D9902-1613-4A0E-9191-621061646D00}',NULL)       
INSERT INTO ToolOptionSet VALUES ('{F0D83719-21B6-403C-90A3-0A661F9742E9}','67108864','{FA47408F-8D4A-4D05-9783-AD003472FED1}',NULL)       
INSERT INTO ToolOptionSet VALUES ('{F0D83719-21B6-403C-90A3-0A661F9742E9}','67108864','{053834A7-FE7A-4604-AC1C-8BFA9C3DDB22}',NULL)       
INSERT INTO ToolOptionSet VALUES ('{F0D83719-21B6-403C-90A3-0A661F9742E9}','67108864','{3DA55A26-206B-4537-BFEE-BB74957BAAB2}',NULL)        
INSERT INTO ToolOptionSet VALUES ('{F0D83719-21B6-403C-90A3-0A661F9742E9}','67108864','{4491F67B-0CBF-4EEF-80FB-B3ADF394522F}',NULL)        
	// Static Library debug settings
INSERT INTO ToolOptionSet VALUES ('{F0D83719-21B6-403C-90A3-0A661F9742E9}','67109120','{F7C74033-1B0C-4A53-876B-A862B45C4411}',NULL)       
INSERT INTO ToolOptionSet VALUES ('{F0D83719-21B6-403C-90A3-0A661F9742E9}','67109120','{79C93B0B-8A78-4CD4-9A25-B14BF08F313D}',NULL)       
INSERT INTO ToolOptionSet VALUES ('{F0D83719-21B6-403C-90A3-0A661F9742E9}','67109120','{33F458D5-6175-421C-A280-1CDF6F8D02D5}',NULL)       
INSERT INTO ToolOptionSet VALUES ('{F0D83719-21B6-403C-90A3-0A661F9742E9}','67109120','{43F94741-82CF-4EB3-A2B6-A595F891C5A5}',NULL)       
INSERT INTO ToolOptionSet VALUES ('{F0D83719-21B6-403C-90A3-0A661F9742E9}','67109120','{EA3D9902-1613-4A0E-9191-621061646D00}',NULL)       
INSERT INTO ToolOptionSet VALUES ('{F0D83719-21B6-403C-90A3-0A661F9742E9}','67109120','{21820D3B-FF6E-46F6-91DF-66B976C7B2D4}',NULL)      
INSERT INTO ToolOptionSet VALUES ('{F0D83719-21B6-403C-90A3-0A661F9742E9}','67109120','{3DA55A26-206B-4537-BFEE-BB74957BAAB2}',NULL)        
INSERT INTO ToolOptionSet VALUES ('{F0D83719-21B6-403C-90A3-0A661F9742E9}','67109120','{4491F67B-0CBF-4EEF-80FB-B3ADF394522F}',NULL)        


// LINK ARMV4I
	//EXE Release settings
INSERT INTO ToolOptionSet VALUES ('{4ABF49E2-9BFB-4493-9F12-D9F965F857EE}','16777216','{A9C61C26-0C23-47B7-8919-745BDF09673E}',NULL)       
INSERT INTO ToolOptionSet VALUES ('{4ABF49E2-9BFB-4493-9F12-D9F965F857EE}','16777216','{23972D85-7DC1-4FC1-8D8F-6E4DF6D37AA4}',NULL)       
INSERT INTO ToolOptionSet VALUES ('{4ABF49E2-9BFB-4493-9F12-D9F965F857EE}','16777216','{8838FDEC-87D7-4C0A-B34C-378D340AA0D0}',NULL)       
INSERT INTO ToolOptionSet VALUES ('{4ABF49E2-9BFB-4493-9F12-D9F965F857EE}','16777216','{9D497479-C2B7-4C17-B689-751198E68E39}',NULL)       
INSERT INTO ToolOptionSet VALUES ('{4ABF49E2-9BFB-4493-9F12-D9F965F857EE}','16777216','{B38DE8C0-6B6B-4066-9EA8-0F10B80732C2}',NULL)       
INSERT INTO ToolOptionSet VALUES ('{4ABF49E2-9BFB-4493-9F12-D9F965F857EE}','16777216','{2F0DCA36-90B2-4AE5-978F-B5C4F6AF1CF9}',NULL)       
INSERT INTO ToolOptionSet VALUES ('{4ABF49E2-9BFB-4493-9F12-D9F965F857EE}','16777216','{53F592B4-1890-4A56-84BC-E39590657312}',NULL)      
	//MFC EXE Release settings 
INSERT INTO ToolOptionSet VALUES ('{4ABF49E2-9BFB-4493-9F12-D9F965F857EE}','16777232','{D2E8F8E1-6B5A-4320-884B-4CBF0906FBF5}',NULL)       
INSERT INTO ToolOptionSet VALUES ('{4ABF49E2-9BFB-4493-9F12-D9F965F857EE}','16777232','{ECBCAF7F-6D07-47D0-8402-035132D508BC}',NULL)       
INSERT INTO ToolOptionSet VALUES ('{4ABF49E2-9BFB-4493-9F12-D9F965F857EE}','16777232','{9D497479-C2B7-4C17-B689-751198E68E39}',NULL)       
INSERT INTO ToolOptionSet VALUES ('{4ABF49E2-9BFB-4493-9F12-D9F965F857EE}','16777232','{B38DE8C0-6B6B-4066-9EA8-0F10B80732C2}',NULL)       
INSERT INTO ToolOptionSet VALUES ('{4ABF49E2-9BFB-4493-9F12-D9F965F857EE}','16777232','{2F0DCA36-90B2-4AE5-978F-B5C4F6AF1CF9}',NULL)       
INSERT INTO ToolOptionSet VALUES ('{4ABF49E2-9BFB-4493-9F12-D9F965F857EE}','16777232','{53F592B4-1890-4A56-84BC-E39590657312}',NULL)      
	// EXE Debug settings
INSERT INTO ToolOptionSet VALUES ('{4ABF49E2-9BFB-4493-9F12-D9F965F857EE}','16777472','{A9C61C26-0C23-47B7-8919-745BDF09673E}',NULL)       
INSERT INTO ToolOptionSet VALUES ('{4ABF49E2-9BFB-4493-9F12-D9F965F857EE}','16777472','{82D4B5E4-D7AB-4007-8D64-7302444A7847}',NULL)       
INSERT INTO ToolOptionSet VALUES ('{4ABF49E2-9BFB-4493-9F12-D9F965F857EE}','16777472','{4704FC61-5CD7-463C-9E0D-874E9F420C4C}',NULL)       
INSERT INTO ToolOptionSet VALUES ('{4ABF49E2-9BFB-4493-9F12-D9F965F857EE}','16777472','{D47A2893-80E9-4135-9E2D-60EABEFC97E9}',NULL)       
INSERT INTO ToolOptionSet VALUES ('{4ABF49E2-9BFB-4493-9F12-D9F965F857EE}','16777472','{9D497479-C2B7-4C17-B689-751198E68E39}',NULL)       
INSERT INTO ToolOptionSet VALUES ('{4ABF49E2-9BFB-4493-9F12-D9F965F857EE}','16777472','{B38DE8C0-6B6B-4066-9EA8-0F10B80732C2}',NULL)       
INSERT INTO ToolOptionSet VALUES ('{4ABF49E2-9BFB-4493-9F12-D9F965F857EE}','16777472','{2F0DCA36-90B2-4AE5-978F-B5C4F6AF1CF9}',NULL)       
INSERT INTO ToolOptionSet VALUES ('{4ABF49E2-9BFB-4493-9F12-D9F965F857EE}','16777472','{87108C8A-D778-460C-B106-C7DA44BD666C}',NULL)      
	//MFC EXE Debug settings
INSERT INTO ToolOptionSet VALUES ('{4ABF49E2-9BFB-4493-9F12-D9F965F857EE}','16777488','{8F58BF1F-501D-45BB-871F-061CD2A7C36C}',NULL)       
INSERT INTO ToolOptionSet VALUES ('{4ABF49E2-9BFB-4493-9F12-D9F965F857EE}','16777488','{D2E8F8E1-6B5A-4320-884B-4CBF0906FBF5}',NULL)       
INSERT INTO ToolOptionSet VALUES ('{4ABF49E2-9BFB-4493-9F12-D9F965F857EE}','16777488','{9D497479-C2B7-4C17-B689-751198E68E39}',NULL)       
INSERT INTO ToolOptionSet VALUES ('{4ABF49E2-9BFB-4493-9F12-D9F965F857EE}','16777488','{B38DE8C0-6B6B-4066-9EA8-0F10B80732C2}',NULL)       
INSERT INTO ToolOptionSet VALUES ('{4ABF49E2-9BFB-4493-9F12-D9F965F857EE}','16777488','{2F0DCA36-90B2-4AE5-978F-B5C4F6AF1CF9}',NULL)       
INSERT INTO ToolOptionSet VALUES ('{4ABF49E2-9BFB-4493-9F12-D9F965F857EE}','16777488','{87108C8A-D778-460C-B106-C7DA44BD666C}',NULL)      
	//DLL Release settings
INSERT INTO ToolOptionSet VALUES ('{4ABF49E2-9BFB-4493-9F12-D9F965F857EE}','33554432','{A9C61C26-0C23-47B7-8919-745BDF09673E}',NULL)       
INSERT INTO ToolOptionSet VALUES ('{4ABF49E2-9BFB-4493-9F12-D9F965F857EE}','33554432','{8838FDEC-87D7-4C0A-B34C-378D340AA0D0}',NULL)       
INSERT INTO ToolOptionSet VALUES ('{4ABF49E2-9BFB-4493-9F12-D9F965F857EE}','33554432','{D8F51311-FF87-4924-8296-3182AF75B0E2}',NULL)       
INSERT INTO ToolOptionSet VALUES ('{4ABF49E2-9BFB-4493-9F12-D9F965F857EE}','33554432','{3A5DEFCB-5606-45EA-8182-6364B852DE82}',NULL)       
INSERT INTO ToolOptionSet VALUES ('{4ABF49E2-9BFB-4493-9F12-D9F965F857EE}','33554432','{B38DE8C0-6B6B-4066-9EA8-0F10B80732C2}',NULL)       
INSERT INTO ToolOptionSet VALUES ('{4ABF49E2-9BFB-4493-9F12-D9F965F857EE}','33554432','{2F0DCA36-90B2-4AE5-978F-B5C4F6AF1CF9}',NULL)       
INSERT INTO ToolOptionSet VALUES ('{4ABF49E2-9BFB-4493-9F12-D9F965F857EE}','33554432','{53F592B4-1890-4A56-84BC-E39590657312}',NULL)      
	//ATL DLL Release MinSize settings
INSERT INTO ToolOptionSet VALUES ('{4ABF49E2-9BFB-4493-9F12-D9F965F857EE}','33554433','{D8F51311-FF87-4924-8296-3182AF75B0E2}',NULL)       
INSERT INTO ToolOptionSet VALUES ('{4ABF49E2-9BFB-4493-9F12-D9F965F857EE}','33554433','{A7D93ECA-EA54-4AA7-A795-59A328A3B9CD}',NULL)       
INSERT INTO ToolOptionSet VALUES ('{4ABF49E2-9BFB-4493-9F12-D9F965F857EE}','33554433','{3A5DEFCB-5606-45EA-8182-6364B852DE82}',NULL)       
INSERT INTO ToolOptionSet VALUES ('{4ABF49E2-9BFB-4493-9F12-D9F965F857EE}','33554433','{B38DE8C0-6B6B-4066-9EA8-0F10B80732C2}',NULL)       
INSERT INTO ToolOptionSet VALUES ('{4ABF49E2-9BFB-4493-9F12-D9F965F857EE}','33554433','{2F0DCA36-90B2-4AE5-978F-B5C4F6AF1CF9}',NULL)       
INSERT INTO ToolOptionSet VALUES ('{4ABF49E2-9BFB-4493-9F12-D9F965F857EE}','33554433','{53F592B4-1890-4A56-84BC-E39590657312}',NULL)      
	//ATL DLL Release MinDep settings
INSERT INTO ToolOptionSet VALUES ('{4ABF49E2-9BFB-4493-9F12-D9F965F857EE}','33554434','{D8F51311-FF87-4924-8296-3182AF75B0E2}',NULL)       
INSERT INTO ToolOptionSet VALUES ('{4ABF49E2-9BFB-4493-9F12-D9F965F857EE}','33554434','{A7D93ECA-EA54-4AA7-A795-59A328A3B9CD}',NULL)       
INSERT INTO ToolOptionSet VALUES ('{4ABF49E2-9BFB-4493-9F12-D9F965F857EE}','33554434','{3A5DEFCB-5606-45EA-8182-6364B852DE82}',NULL)       
INSERT INTO ToolOptionSet VALUES ('{4ABF49E2-9BFB-4493-9F12-D9F965F857EE}','33554434','{B38DE8C0-6B6B-4066-9EA8-0F10B80732C2}',NULL)       
INSERT INTO ToolOptionSet VALUES ('{4ABF49E2-9BFB-4493-9F12-D9F965F857EE}','33554434','{2F0DCA36-90B2-4AE5-978F-B5C4F6AF1CF9}',NULL)       
INSERT INTO ToolOptionSet VALUES ('{4ABF49E2-9BFB-4493-9F12-D9F965F857EE}','33554434','{53F592B4-1890-4A56-84BC-E39590657312}',NULL)      
	// ATL EXE Release MinSize Settings
INSERT INTO ToolOptionSet VALUES ('{4ABF49E2-9BFB-4493-9F12-D9F965F857EE}','16777217','{23972D85-7DC1-4FC1-8D8F-6E4DF6D37AA4}',NULL)       
INSERT INTO ToolOptionSet VALUES ('{4ABF49E2-9BFB-4493-9F12-D9F965F857EE}','16777217','{A7D93ECA-EA54-4AA7-A795-59A328A3B9CD}',NULL)       
INSERT INTO ToolOptionSet VALUES ('{4ABF49E2-9BFB-4493-9F12-D9F965F857EE}','16777217','{9D497479-C2B7-4C17-B689-751198E68E39}',NULL)       
INSERT INTO ToolOptionSet VALUES ('{4ABF49E2-9BFB-4493-9F12-D9F965F857EE}','16777217','{B38DE8C0-6B6B-4066-9EA8-0F10B80732C2}',NULL)       
INSERT INTO ToolOptionSet VALUES ('{4ABF49E2-9BFB-4493-9F12-D9F965F857EE}','16777217','{2F0DCA36-90B2-4AE5-978F-B5C4F6AF1CF9}',NULL)       
INSERT INTO ToolOptionSet VALUES ('{4ABF49E2-9BFB-4493-9F12-D9F965F857EE}','16777217','{53F592B4-1890-4A56-84BC-E39590657312}',NULL)      
	// ATL EXE Release MinDep Settings                                   
INSERT INTO ToolOptionSet VALUES ('{4ABF49E2-9BFB-4493-9F12-D9F965F857EE}','16777218','{23972D85-7DC1-4FC1-8D8F-6E4DF6D37AA4}',NULL)       
INSERT INTO ToolOptionSet VALUES ('{4ABF49E2-9BFB-4493-9F12-D9F965F857EE}','16777218','{A7D93ECA-EA54-4AA7-A795-59A328A3B9CD}',NULL)       
INSERT INTO ToolOptionSet VALUES ('{4ABF49E2-9BFB-4493-9F12-D9F965F857EE}','16777218','{9D497479-C2B7-4C17-B689-751198E68E39}',NULL)       
INSERT INTO ToolOptionSet VALUES ('{4ABF49E2-9BFB-4493-9F12-D9F965F857EE}','16777218','{B38DE8C0-6B6B-4066-9EA8-0F10B80732C2}',NULL)       
INSERT INTO ToolOptionSet VALUES ('{4ABF49E2-9BFB-4493-9F12-D9F965F857EE}','16777218','{2F0DCA36-90B2-4AE5-978F-B5C4F6AF1CF9}',NULL)       
INSERT INTO ToolOptionSet VALUES ('{4ABF49E2-9BFB-4493-9F12-D9F965F857EE}','16777218','{53F592B4-1890-4A56-84BC-E39590657312}',NULL)      
	//MFC DLL Release settings
INSERT INTO ToolOptionSet VALUES ('{4ABF49E2-9BFB-4493-9F12-D9F965F857EE}','33554448','{D8F51311-FF87-4924-8296-3182AF75B0E2}',NULL)       
INSERT INTO ToolOptionSet VALUES ('{4ABF49E2-9BFB-4493-9F12-D9F965F857EE}','33554448','{A7D93ECA-EA54-4AA7-A795-59A328A3B9CD}',NULL)       
INSERT INTO ToolOptionSet VALUES ('{4ABF49E2-9BFB-4493-9F12-D9F965F857EE}','33554448','{3A5DEFCB-5606-45EA-8182-6364B852DE82}',NULL)       
INSERT INTO ToolOptionSet VALUES ('{4ABF49E2-9BFB-4493-9F12-D9F965F857EE}','33554448','{B38DE8C0-6B6B-4066-9EA8-0F10B80732C2}',NULL)       
INSERT INTO ToolOptionSet VALUES ('{4ABF49E2-9BFB-4493-9F12-D9F965F857EE}','33554448','{2F0DCA36-90B2-4AE5-978F-B5C4F6AF1CF9}',NULL)       
INSERT INTO ToolOptionSet VALUES ('{4ABF49E2-9BFB-4493-9F12-D9F965F857EE}','33554448','{53F592B4-1890-4A56-84BC-E39590657312}',NULL)      
	// DLL Debug settings
INSERT INTO ToolOptionSet VALUES ('{4ABF49E2-9BFB-4493-9F12-D9F965F857EE}','33554688','{A9C61C26-0C23-47B7-8919-745BDF09673E}',NULL)       
INSERT INTO ToolOptionSet VALUES ('{4ABF49E2-9BFB-4493-9F12-D9F965F857EE}','33554688','{82D4B5E4-D7AB-4007-8D64-7302444A7847}',NULL)       
INSERT INTO ToolOptionSet VALUES ('{4ABF49E2-9BFB-4493-9F12-D9F965F857EE}','33554688','{D47A2893-80E9-4135-9E2D-60EABEFC97E9}',NULL)       
INSERT INTO ToolOptionSet VALUES ('{4ABF49E2-9BFB-4493-9F12-D9F965F857EE}','33554688','{81CF7EF6-075B-4474-A148-48AD7FC3AD89}',NULL)       
INSERT INTO ToolOptionSet VALUES ('{4ABF49E2-9BFB-4493-9F12-D9F965F857EE}','33554688','{3A5DEFCB-5606-45EA-8182-6364B852DE82}',NULL)       
INSERT INTO ToolOptionSet VALUES ('{4ABF49E2-9BFB-4493-9F12-D9F965F857EE}','33554688','{B38DE8C0-6B6B-4066-9EA8-0F10B80732C2}',NULL)       
INSERT INTO ToolOptionSet VALUES ('{4ABF49E2-9BFB-4493-9F12-D9F965F857EE}','33554688','{2F0DCA36-90B2-4AE5-978F-B5C4F6AF1CF9}',NULL)       
INSERT INTO ToolOptionSet VALUES ('{4ABF49E2-9BFB-4493-9F12-D9F965F857EE}','33554688','{87108C8A-D778-460C-B106-C7DA44BD666C}',NULL)      
	// ATL DLL Debug settings
INSERT INTO ToolOptionSet VALUES ('{4ABF49E2-9BFB-4493-9F12-D9F965F857EE}','33554689','{81CF7EF6-075B-4474-A148-48AD7FC3AD89}',NULL)       
INSERT INTO ToolOptionSet VALUES ('{4ABF49E2-9BFB-4493-9F12-D9F965F857EE}','33554689','{1EBA7235-9E26-4181-B662-E36D0EBC15BE}',NULL)       
INSERT INTO ToolOptionSet VALUES ('{4ABF49E2-9BFB-4493-9F12-D9F965F857EE}','33554689','{A7D93ECA-EA54-4AA7-A795-59A328A3B9CD}',NULL)       
INSERT INTO ToolOptionSet VALUES ('{4ABF49E2-9BFB-4493-9F12-D9F965F857EE}','33554689','{3A5DEFCB-5606-45EA-8182-6364B852DE82}',NULL)       
INSERT INTO ToolOptionSet VALUES ('{4ABF49E2-9BFB-4493-9F12-D9F965F857EE}','33554689','{B38DE8C0-6B6B-4066-9EA8-0F10B80732C2}',NULL)       
INSERT INTO ToolOptionSet VALUES ('{4ABF49E2-9BFB-4493-9F12-D9F965F857EE}','33554689','{2F0DCA36-90B2-4AE5-978F-B5C4F6AF1CF9}',NULL)       
INSERT INTO ToolOptionSet VALUES ('{4ABF49E2-9BFB-4493-9F12-D9F965F857EE}','33554689','{87108C8A-D778-460C-B106-C7DA44BD666C}',NULL)      
	// ATL EXE Debug Settings
INSERT INTO ToolOptionSet VALUES ('{4ABF49E2-9BFB-4493-9F12-D9F965F857EE}','16777473','{4704FC61-5CD7-463C-9E0D-874E9F420C4C}',NULL)       
INSERT INTO ToolOptionSet VALUES ('{4ABF49E2-9BFB-4493-9F12-D9F965F857EE}','16777473','{1EBA7235-9E26-4181-B662-E36D0EBC15BE}',NULL)       
INSERT INTO ToolOptionSet VALUES ('{4ABF49E2-9BFB-4493-9F12-D9F965F857EE}','16777473','{A7D93ECA-EA54-4AA7-A795-59A328A3B9CD}',NULL)       
INSERT INTO ToolOptionSet VALUES ('{4ABF49E2-9BFB-4493-9F12-D9F965F857EE}','16777473','{9D497479-C2B7-4C17-B689-751198E68E39}',NULL)       
INSERT INTO ToolOptionSet VALUES ('{4ABF49E2-9BFB-4493-9F12-D9F965F857EE}','16777473','{B38DE8C0-6B6B-4066-9EA8-0F10B80732C2}',NULL)       
INSERT INTO ToolOptionSet VALUES ('{4ABF49E2-9BFB-4493-9F12-D9F965F857EE}','16777473','{2F0DCA36-90B2-4AE5-978F-B5C4F6AF1CF9}',NULL)       
INSERT INTO ToolOptionSet VALUES ('{4ABF49E2-9BFB-4493-9F12-D9F965F857EE}','16777473','{87108C8A-D778-460C-B106-C7DA44BD666C}',NULL)      
	// MFC DLL Debug settings
INSERT INTO ToolOptionSet VALUES ('{4ABF49E2-9BFB-4493-9F12-D9F965F857EE}','33554704','{81CF7EF6-075B-4474-A148-48AD7FC3AD89}',NULL)       
INSERT INTO ToolOptionSet VALUES ('{4ABF49E2-9BFB-4493-9F12-D9F965F857EE}','33554704','{1EBA7235-9E26-4181-B662-E36D0EBC15BE}',NULL)       
INSERT INTO ToolOptionSet VALUES ('{4ABF49E2-9BFB-4493-9F12-D9F965F857EE}','33554704','{A7D93ECA-EA54-4AA7-A795-59A328A3B9CD}',NULL)       
INSERT INTO ToolOptionSet VALUES ('{4ABF49E2-9BFB-4493-9F12-D9F965F857EE}','33554704','{3A5DEFCB-5606-45EA-8182-6364B852DE82}',NULL)       
INSERT INTO ToolOptionSet VALUES ('{4ABF49E2-9BFB-4493-9F12-D9F965F857EE}','33554704','{B38DE8C0-6B6B-4066-9EA8-0F10B80732C2}',NULL)       
INSERT INTO ToolOptionSet VALUES ('{4ABF49E2-9BFB-4493-9F12-D9F965F857EE}','33554704','{2F0DCA36-90B2-4AE5-978F-B5C4F6AF1CF9}',NULL)       
INSERT INTO ToolOptionSet VALUES ('{4ABF49E2-9BFB-4493-9F12-D9F965F857EE}','33554704','{87108C8A-D778-460C-B106-C7DA44BD666C}',NULL)      
	// MFC ActiveX Control release settings
INSERT INTO ToolOptionSet VALUES ('{4ABF49E2-9BFB-4493-9F12-D9F965F857EE}','33558544','{D8F51311-FF87-4924-8296-3182AF75B0E2}',NULL)       
INSERT INTO ToolOptionSet VALUES ('{4ABF49E2-9BFB-4493-9F12-D9F965F857EE}','33558544','{A7D93ECA-EA54-4AA7-A795-59A328A3B9CD}',NULL)       
INSERT INTO ToolOptionSet VALUES ('{4ABF49E2-9BFB-4493-9F12-D9F965F857EE}','33558544','{3A5DEFCB-5606-45EA-8182-6364B852DE82}',NULL)       
INSERT INTO ToolOptionSet VALUES ('{4ABF49E2-9BFB-4493-9F12-D9F965F857EE}','33558544','{B38DE8C0-6B6B-4066-9EA8-0F10B80732C2}',NULL)       
INSERT INTO ToolOptionSet VALUES ('{4ABF49E2-9BFB-4493-9F12-D9F965F857EE}','33558544','{2F0DCA36-90B2-4AE5-978F-B5C4F6AF1CF9}',NULL)       
INSERT INTO ToolOptionSet VALUES ('{4ABF49E2-9BFB-4493-9F12-D9F965F857EE}','33558544','{53F592B4-1890-4A56-84BC-E39590657312}',NULL)      
	// MFC ActiveX Control debug settings
INSERT INTO ToolOptionSet VALUES ('{4ABF49E2-9BFB-4493-9F12-D9F965F857EE}','33558800','{81CF7EF6-075B-4474-A148-48AD7FC3AD89}',NULL)       
INSERT INTO ToolOptionSet VALUES ('{4ABF49E2-9BFB-4493-9F12-D9F965F857EE}','33558800','{1EBA7235-9E26-4181-B662-E36D0EBC15BE}',NULL)       
INSERT INTO ToolOptionSet VALUES ('{4ABF49E2-9BFB-4493-9F12-D9F965F857EE}','33558800','{A7D93ECA-EA54-4AA7-A795-59A328A3B9CD}',NULL)       
INSERT INTO ToolOptionSet VALUES ('{4ABF49E2-9BFB-4493-9F12-D9F965F857EE}','33558800','{3A5DEFCB-5606-45EA-8182-6364B852DE82}',NULL)       
INSERT INTO ToolOptionSet VALUES ('{4ABF49E2-9BFB-4493-9F12-D9F965F857EE}','33558800','{B38DE8C0-6B6B-4066-9EA8-0F10B80732C2}',NULL)       
INSERT INTO ToolOptionSet VALUES ('{4ABF49E2-9BFB-4493-9F12-D9F965F857EE}','33558800','{2F0DCA36-90B2-4AE5-978F-B5C4F6AF1CF9}',NULL)       
INSERT INTO ToolOptionSet VALUES ('{4ABF49E2-9BFB-4493-9F12-D9F965F857EE}','33558800','{87108C8A-D778-460C-B106-C7DA44BD666C}',NULL)      
	// Concole application release settings
INSERT INTO ToolOptionSet VALUES ('{4ABF49E2-9BFB-4493-9F12-D9F965F857EE}','50331648','{A9C61C26-0C23-47B7-8919-745BDF09673E}',NULL)       
INSERT INTO ToolOptionSet VALUES ('{4ABF49E2-9BFB-4493-9F12-D9F965F857EE}','50331648','{FD9965E3-99E3-4FF2-904E-BCA57B1C8777}',NULL)       
INSERT INTO ToolOptionSet VALUES ('{4ABF49E2-9BFB-4493-9F12-D9F965F857EE}','50331648','{39B35C15-F4A9-4251-82CA-1ABDB2A6994F}',NULL)       
INSERT INTO ToolOptionSet VALUES ('{4ABF49E2-9BFB-4493-9F12-D9F965F857EE}','50331648','{9D497479-C2B7-4C17-B689-751198E68E39}',NULL)       
INSERT INTO ToolOptionSet VALUES ('{4ABF49E2-9BFB-4493-9F12-D9F965F857EE}','50331648','{B38DE8C0-6B6B-4066-9EA8-0F10B80732C2}',NULL)       
INSERT INTO ToolOptionSet VALUES ('{4ABF49E2-9BFB-4493-9F12-D9F965F857EE}','50331648','{2F0DCA36-90B2-4AE5-978F-B5C4F6AF1CF9}',NULL)       
INSERT INTO ToolOptionSet VALUES ('{4ABF49E2-9BFB-4493-9F12-D9F965F857EE}','50331648','{53F592B4-1890-4A56-84BC-E39590657312}',NULL)      
	// Concole application debug settings	
INSERT INTO ToolOptionSet VALUES ('{4ABF49E2-9BFB-4493-9F12-D9F965F857EE}','50331904','{A9C61C26-0C23-47B7-8919-745BDF09673E}',NULL)       
INSERT INTO ToolOptionSet VALUES ('{4ABF49E2-9BFB-4493-9F12-D9F965F857EE}','50331904','{82D4B5E4-D7AB-4007-8D64-7302444A7847}',NULL)       
INSERT INTO ToolOptionSet VALUES ('{4ABF49E2-9BFB-4493-9F12-D9F965F857EE}','50331904','{FD9965E3-99E3-4FF2-904E-BCA57B1C8777}',NULL)       
INSERT INTO ToolOptionSet VALUES ('{4ABF49E2-9BFB-4493-9F12-D9F965F857EE}','50331904','{68C99A96-D4F7-4F53-B35E-A7EC9D837B3F}',NULL)       
INSERT INTO ToolOptionSet VALUES ('{4ABF49E2-9BFB-4493-9F12-D9F965F857EE}','50331904','{9D497479-C2B7-4C17-B689-751198E68E39}',NULL)       
INSERT INTO ToolOptionSet VALUES ('{4ABF49E2-9BFB-4493-9F12-D9F965F857EE}','50331904','{B38DE8C0-6B6B-4066-9EA8-0F10B80732C2}',NULL)       
INSERT INTO ToolOptionSet VALUES ('{4ABF49E2-9BFB-4493-9F12-D9F965F857EE}','50331904','{2F0DCA36-90B2-4AE5-978F-B5C4F6AF1CF9}',NULL)       
INSERT INTO ToolOptionSet VALUES ('{4ABF49E2-9BFB-4493-9F12-D9F965F857EE}','50331904','{87108C8A-D778-460C-B106-C7DA44BD666C}',NULL)      


// VCRC ARMV4I
	//EXE Release settings
INSERT INTO ToolOptionSet VALUES ('{9C3B8831-B00B-46DE-BE2B-8F002312E0DE}','16777216','{07A1A345-99EE-48A5-8792-69723E413D5E}',NULL)       
INSERT INTO ToolOptionSet VALUES ('{9C3B8831-B00B-46DE-BE2B-8F002312E0DE}','16777216','{EE60D60C-E2EA-4299-8743-C49A5247CDF5}',NULL)        
INSERT INTO ToolOptionSet VALUES ('{9C3B8831-B00B-46DE-BE2B-8F002312E0DE}','16777216','{32547A9E-F351-416C-9646-C6D8AAD19959}',NULL)       
INSERT INTO ToolOptionSet VALUES ('{9C3B8831-B00B-46DE-BE2B-8F002312E0DE}','16777216','{48D2C81C-BCA0-474F-BFDD-0F0B7FF644D7}',NULL)        
INSERT INTO ToolOptionSet VALUES ('{9C3B8831-B00B-46DE-BE2B-8F002312E0DE}','16777216','{3D8E22C1-9A72-48DC-BC45-B421A2D554D2}',NULL)        
	//MFC EXE Release settings
INSERT INTO ToolOptionSet VALUES ('{9C3B8831-B00B-46DE-BE2B-8F002312E0DE}','16777232','{07A1A345-99EE-48A5-8792-69723E413D5E}',NULL)       
INSERT INTO ToolOptionSet VALUES ('{9C3B8831-B00B-46DE-BE2B-8F002312E0DE}','16777232','{EE60D60C-E2EA-4299-8743-C49A5247CDF5}',NULL)        
INSERT INTO ToolOptionSet VALUES ('{9C3B8831-B00B-46DE-BE2B-8F002312E0DE}','16777232','{32547A9E-F351-416C-9646-C6D8AAD19959}',NULL)       
INSERT INTO ToolOptionSet VALUES ('{9C3B8831-B00B-46DE-BE2B-8F002312E0DE}','16777232','{48D2C81C-BCA0-474F-BFDD-0F0B7FF644D7}',NULL)        
INSERT INTO ToolOptionSet VALUES ('{9C3B8831-B00B-46DE-BE2B-8F002312E0DE}','16777232','{3D8E22C1-9A72-48DC-BC45-B421A2D554D2}',NULL)        
	// EXE Debug settings
INSERT INTO ToolOptionSet VALUES ('{9C3B8831-B00B-46DE-BE2B-8F002312E0DE}','16777472','{07A1A345-99EE-48A5-8792-69723E413D5E}',NULL)       
INSERT INTO ToolOptionSet VALUES ('{9C3B8831-B00B-46DE-BE2B-8F002312E0DE}','16777472','{EE60D60C-E2EA-4299-8743-C49A5247CDF5}',NULL)        
INSERT INTO ToolOptionSet VALUES ('{9C3B8831-B00B-46DE-BE2B-8F002312E0DE}','16777472','{C8A4B7BD-97C2-4544-BEA1-F697199E9DCC}',NULL)       
INSERT INTO ToolOptionSet VALUES ('{9C3B8831-B00B-46DE-BE2B-8F002312E0DE}','16777472','{48D2C81C-BCA0-474F-BFDD-0F0B7FF644D7}',NULL)        
INSERT INTO ToolOptionSet VALUES ('{9C3B8831-B00B-46DE-BE2B-8F002312E0DE}','16777472','{3D8E22C1-9A72-48DC-BC45-B421A2D554D2}',NULL)        
	//MFC EXE Debug settings
INSERT INTO ToolOptionSet VALUES ('{9C3B8831-B00B-46DE-BE2B-8F002312E0DE}','16777488','{07A1A345-99EE-48A5-8792-69723E413D5E}',NULL)       
INSERT INTO ToolOptionSet VALUES ('{9C3B8831-B00B-46DE-BE2B-8F002312E0DE}','16777488','{EE60D60C-E2EA-4299-8743-C49A5247CDF5}',NULL)        
INSERT INTO ToolOptionSet VALUES ('{9C3B8831-B00B-46DE-BE2B-8F002312E0DE}','16777488','{C8A4B7BD-97C2-4544-BEA1-F697199E9DCC}',NULL)       
INSERT INTO ToolOptionSet VALUES ('{9C3B8831-B00B-46DE-BE2B-8F002312E0DE}','16777488','{48D2C81C-BCA0-474F-BFDD-0F0B7FF644D7}',NULL)        
INSERT INTO ToolOptionSet VALUES ('{9C3B8831-B00B-46DE-BE2B-8F002312E0DE}','16777488','{3D8E22C1-9A72-48DC-BC45-B421A2D554D2}',NULL)        
	//DLL Release settings
INSERT INTO ToolOptionSet VALUES ('{9C3B8831-B00B-46DE-BE2B-8F002312E0DE}','33554432','{07A1A345-99EE-48A5-8792-69723E413D5E}',NULL)       
INSERT INTO ToolOptionSet VALUES ('{9C3B8831-B00B-46DE-BE2B-8F002312E0DE}','33554432','{EE60D60C-E2EA-4299-8743-C49A5247CDF5}',NULL)        
INSERT INTO ToolOptionSet VALUES ('{9C3B8831-B00B-46DE-BE2B-8F002312E0DE}','33554432','{32547A9E-F351-416C-9646-C6D8AAD19959}',NULL)       
INSERT INTO ToolOptionSet VALUES ('{9C3B8831-B00B-46DE-BE2B-8F002312E0DE}','33554432','{48D2C81C-BCA0-474F-BFDD-0F0B7FF644D7}',NULL)        
INSERT INTO ToolOptionSet VALUES ('{9C3B8831-B00B-46DE-BE2B-8F002312E0DE}','33554432','{3D8E22C1-9A72-48DC-BC45-B421A2D554D2}',NULL)        
	//ATL DLL Release MinSize settings
INSERT INTO ToolOptionSet VALUES ('{9C3B8831-B00B-46DE-BE2B-8F002312E0DE}','33554433','{07A1A345-99EE-48A5-8792-69723E413D5E}',NULL)       
INSERT INTO ToolOptionSet VALUES ('{9C3B8831-B00B-46DE-BE2B-8F002312E0DE}','33554433','{EE60D60C-E2EA-4299-8743-C49A5247CDF5}',NULL)        
INSERT INTO ToolOptionSet VALUES ('{9C3B8831-B00B-46DE-BE2B-8F002312E0DE}','33554433','{32547A9E-F351-416C-9646-C6D8AAD19959}',NULL)       
INSERT INTO ToolOptionSet VALUES ('{9C3B8831-B00B-46DE-BE2B-8F002312E0DE}','33554433','{48D2C81C-BCA0-474F-BFDD-0F0B7FF644D7}',NULL)        
INSERT INTO ToolOptionSet VALUES ('{9C3B8831-B00B-46DE-BE2B-8F002312E0DE}','33554433','{3D8E22C1-9A72-48DC-BC45-B421A2D554D2}',NULL)        
	//ATL DLL Release MinDep settings
INSERT INTO ToolOptionSet VALUES ('{9C3B8831-B00B-46DE-BE2B-8F002312E0DE}','33554434','{07A1A345-99EE-48A5-8792-69723E413D5E}',NULL)       
INSERT INTO ToolOptionSet VALUES ('{9C3B8831-B00B-46DE-BE2B-8F002312E0DE}','33554434','{EE60D60C-E2EA-4299-8743-C49A5247CDF5}',NULL)        
INSERT INTO ToolOptionSet VALUES ('{9C3B8831-B00B-46DE-BE2B-8F002312E0DE}','33554434','{32547A9E-F351-416C-9646-C6D8AAD19959}',NULL)       
INSERT INTO ToolOptionSet VALUES ('{9C3B8831-B00B-46DE-BE2B-8F002312E0DE}','33554434','{48D2C81C-BCA0-474F-BFDD-0F0B7FF644D7}',NULL)        
INSERT INTO ToolOptionSet VALUES ('{9C3B8831-B00B-46DE-BE2B-8F002312E0DE}','33554434','{3D8E22C1-9A72-48DC-BC45-B421A2D554D2}',NULL)        
	// ATL EXE Release MinSize Settings
INSERT INTO ToolOptionSet VALUES ('{9C3B8831-B00B-46DE-BE2B-8F002312E0DE}','16777217','{07A1A345-99EE-48A5-8792-69723E413D5E}',NULL)       
INSERT INTO ToolOptionSet VALUES ('{9C3B8831-B00B-46DE-BE2B-8F002312E0DE}','16777217','{EE60D60C-E2EA-4299-8743-C49A5247CDF5}',NULL)        
INSERT INTO ToolOptionSet VALUES ('{9C3B8831-B00B-46DE-BE2B-8F002312E0DE}','16777217','{32547A9E-F351-416C-9646-C6D8AAD19959}',NULL)       
INSERT INTO ToolOptionSet VALUES ('{9C3B8831-B00B-46DE-BE2B-8F002312E0DE}','16777217','{48D2C81C-BCA0-474F-BFDD-0F0B7FF644D7}',NULL)        
INSERT INTO ToolOptionSet VALUES ('{9C3B8831-B00B-46DE-BE2B-8F002312E0DE}','16777217','{3D8E22C1-9A72-48DC-BC45-B421A2D554D2}',NULL)        
	// ATL EXE Release MinDep Settings                                   
INSERT INTO ToolOptionSet VALUES ('{9C3B8831-B00B-46DE-BE2B-8F002312E0DE}','16777218','{07A1A345-99EE-48A5-8792-69723E413D5E}',NULL)       
INSERT INTO ToolOptionSet VALUES ('{9C3B8831-B00B-46DE-BE2B-8F002312E0DE}','16777218','{EE60D60C-E2EA-4299-8743-C49A5247CDF5}',NULL)        
INSERT INTO ToolOptionSet VALUES ('{9C3B8831-B00B-46DE-BE2B-8F002312E0DE}','16777218','{32547A9E-F351-416C-9646-C6D8AAD19959}',NULL)       
INSERT INTO ToolOptionSet VALUES ('{9C3B8831-B00B-46DE-BE2B-8F002312E0DE}','16777218','{48D2C81C-BCA0-474F-BFDD-0F0B7FF644D7}',NULL)        
INSERT INTO ToolOptionSet VALUES ('{9C3B8831-B00B-46DE-BE2B-8F002312E0DE}','16777218','{3D8E22C1-9A72-48DC-BC45-B421A2D554D2}',NULL)        
	//MFC DLL Release settings
INSERT INTO ToolOptionSet VALUES ('{9C3B8831-B00B-46DE-BE2B-8F002312E0DE}','33554448','{07A1A345-99EE-48A5-8792-69723E413D5E}',NULL)       
INSERT INTO ToolOptionSet VALUES ('{9C3B8831-B00B-46DE-BE2B-8F002312E0DE}','33554448','{EE60D60C-E2EA-4299-8743-C49A5247CDF5}',NULL)        
INSERT INTO ToolOptionSet VALUES ('{9C3B8831-B00B-46DE-BE2B-8F002312E0DE}','33554448','{32547A9E-F351-416C-9646-C6D8AAD19959}',NULL)       
INSERT INTO ToolOptionSet VALUES ('{9C3B8831-B00B-46DE-BE2B-8F002312E0DE}','33554448','{48D2C81C-BCA0-474F-BFDD-0F0B7FF644D7}',NULL)        
INSERT INTO ToolOptionSet VALUES ('{9C3B8831-B00B-46DE-BE2B-8F002312E0DE}','33554448','{3D8E22C1-9A72-48DC-BC45-B421A2D554D2}',NULL)        
	// DLL Debug settings
INSERT INTO ToolOptionSet VALUES ('{9C3B8831-B00B-46DE-BE2B-8F002312E0DE}','33554688','{07A1A345-99EE-48A5-8792-69723E413D5E}',NULL)       
INSERT INTO ToolOptionSet VALUES ('{9C3B8831-B00B-46DE-BE2B-8F002312E0DE}','33554688','{EE60D60C-E2EA-4299-8743-C49A5247CDF5}',NULL)        
INSERT INTO ToolOptionSet VALUES ('{9C3B8831-B00B-46DE-BE2B-8F002312E0DE}','33554688','{C8A4B7BD-97C2-4544-BEA1-F697199E9DCC}',NULL)       
INSERT INTO ToolOptionSet VALUES ('{9C3B8831-B00B-46DE-BE2B-8F002312E0DE}','33554688','{48D2C81C-BCA0-474F-BFDD-0F0B7FF644D7}',NULL)        
INSERT INTO ToolOptionSet VALUES ('{9C3B8831-B00B-46DE-BE2B-8F002312E0DE}','33554688','{3D8E22C1-9A72-48DC-BC45-B421A2D554D2}',NULL)        
	// ATL DLL Debug settings
INSERT INTO ToolOptionSet VALUES ('{9C3B8831-B00B-46DE-BE2B-8F002312E0DE}','33554689','{07A1A345-99EE-48A5-8792-69723E413D5E}',NULL)       
INSERT INTO ToolOptionSet VALUES ('{9C3B8831-B00B-46DE-BE2B-8F002312E0DE}','33554689','{EE60D60C-E2EA-4299-8743-C49A5247CDF5}',NULL)        
INSERT INTO ToolOptionSet VALUES ('{9C3B8831-B00B-46DE-BE2B-8F002312E0DE}','33554689','{C8A4B7BD-97C2-4544-BEA1-F697199E9DCC}',NULL)       
INSERT INTO ToolOptionSet VALUES ('{9C3B8831-B00B-46DE-BE2B-8F002312E0DE}','33554689','{48D2C81C-BCA0-474F-BFDD-0F0B7FF644D7}',NULL)        
INSERT INTO ToolOptionSet VALUES ('{9C3B8831-B00B-46DE-BE2B-8F002312E0DE}','33554689','{3D8E22C1-9A72-48DC-BC45-B421A2D554D2}',NULL)        
	// ATL EXE Debug Settings
INSERT INTO ToolOptionSet VALUES ('{9C3B8831-B00B-46DE-BE2B-8F002312E0DE}','16777473','{07A1A345-99EE-48A5-8792-69723E413D5E}',NULL)       
INSERT INTO ToolOptionSet VALUES ('{9C3B8831-B00B-46DE-BE2B-8F002312E0DE}','16777473','{EE60D60C-E2EA-4299-8743-C49A5247CDF5}',NULL)        
INSERT INTO ToolOptionSet VALUES ('{9C3B8831-B00B-46DE-BE2B-8F002312E0DE}','16777473','{C8A4B7BD-97C2-4544-BEA1-F697199E9DCC}',NULL)       
INSERT INTO ToolOptionSet VALUES ('{9C3B8831-B00B-46DE-BE2B-8F002312E0DE}','16777473','{48D2C81C-BCA0-474F-BFDD-0F0B7FF644D7}',NULL)        
INSERT INTO ToolOptionSet VALUES ('{9C3B8831-B00B-46DE-BE2B-8F002312E0DE}','16777473','{3D8E22C1-9A72-48DC-BC45-B421A2D554D2}',NULL)        
	// MFC DLL Debug settings
INSERT INTO ToolOptionSet VALUES ('{9C3B8831-B00B-46DE-BE2B-8F002312E0DE}','33554704','{07A1A345-99EE-48A5-8792-69723E413D5E}',NULL)       
INSERT INTO ToolOptionSet VALUES ('{9C3B8831-B00B-46DE-BE2B-8F002312E0DE}','33554704','{EE60D60C-E2EA-4299-8743-C49A5247CDF5}',NULL)        
INSERT INTO ToolOptionSet VALUES ('{9C3B8831-B00B-46DE-BE2B-8F002312E0DE}','33554704','{C8A4B7BD-97C2-4544-BEA1-F697199E9DCC}',NULL)       
INSERT INTO ToolOptionSet VALUES ('{9C3B8831-B00B-46DE-BE2B-8F002312E0DE}','33554704','{48D2C81C-BCA0-474F-BFDD-0F0B7FF644D7}',NULL)        
INSERT INTO ToolOptionSet VALUES ('{9C3B8831-B00B-46DE-BE2B-8F002312E0DE}','33554704','{3D8E22C1-9A72-48DC-BC45-B421A2D554D2}',NULL)        
	// MFC ActiveX Control release settings
INSERT INTO ToolOptionSet VALUES ('{9C3B8831-B00B-46DE-BE2B-8F002312E0DE}','33558544','{07A1A345-99EE-48A5-8792-69723E413D5E}',NULL)       
INSERT INTO ToolOptionSet VALUES ('{9C3B8831-B00B-46DE-BE2B-8F002312E0DE}','33558544','{EE60D60C-E2EA-4299-8743-C49A5247CDF5}',NULL)        
INSERT INTO ToolOptionSet VALUES ('{9C3B8831-B00B-46DE-BE2B-8F002312E0DE}','33558544','{32547A9E-F351-416C-9646-C6D8AAD19959}',NULL)       
INSERT INTO ToolOptionSet VALUES ('{9C3B8831-B00B-46DE-BE2B-8F002312E0DE}','33558544','{48D2C81C-BCA0-474F-BFDD-0F0B7FF644D7}',NULL)        
INSERT INTO ToolOptionSet VALUES ('{9C3B8831-B00B-46DE-BE2B-8F002312E0DE}','33558544','{3D8E22C1-9A72-48DC-BC45-B421A2D554D2}',NULL)        
	// MFC ActiveX Control debug settings
INSERT INTO ToolOptionSet VALUES ('{9C3B8831-B00B-46DE-BE2B-8F002312E0DE}','33558800','{07A1A345-99EE-48A5-8792-69723E413D5E}',NULL)       
INSERT INTO ToolOptionSet VALUES ('{9C3B8831-B00B-46DE-BE2B-8F002312E0DE}','33558800','{EE60D60C-E2EA-4299-8743-C49A5247CDF5}',NULL)        
INSERT INTO ToolOptionSet VALUES ('{9C3B8831-B00B-46DE-BE2B-8F002312E0DE}','33558800','{C8A4B7BD-97C2-4544-BEA1-F697199E9DCC}',NULL)       
INSERT INTO ToolOptionSet VALUES ('{9C3B8831-B00B-46DE-BE2B-8F002312E0DE}','33558800','{48D2C81C-BCA0-474F-BFDD-0F0B7FF644D7}',NULL)        
INSERT INTO ToolOptionSet VALUES ('{9C3B8831-B00B-46DE-BE2B-8F002312E0DE}','33558800','{3D8E22C1-9A72-48DC-BC45-B421A2D554D2}',NULL)        
	// Concole application release settings
INSERT INTO ToolOptionSet VALUES ('{9C3B8831-B00B-46DE-BE2B-8F002312E0DE}','50331648','{EE60D60C-E2EA-4299-8743-C49A5247CDF5}',NULL)        
INSERT INTO ToolOptionSet VALUES ('{9C3B8831-B00B-46DE-BE2B-8F002312E0DE}','50331648','{32547A9E-F351-416C-9646-C6D8AAD19959}',NULL)       
INSERT INTO ToolOptionSet VALUES ('{9C3B8831-B00B-46DE-BE2B-8F002312E0DE}','50331648','{48D2C81C-BCA0-474F-BFDD-0F0B7FF644D7}',NULL)        
INSERT INTO ToolOptionSet VALUES ('{9C3B8831-B00B-46DE-BE2B-8F002312E0DE}','50331648','{3D8E22C1-9A72-48DC-BC45-B421A2D554D2}',NULL)        
	// Concole application debug settings
INSERT INTO ToolOptionSet VALUES ('{9C3B8831-B00B-46DE-BE2B-8F002312E0DE}','50331904','{C8A4B7BD-97C2-4544-BEA1-F697199E9DCC}',NULL)       
INSERT INTO ToolOptionSet VALUES ('{9C3B8831-B00B-46DE-BE2B-8F002312E0DE}','50331904','{48D2C81C-BCA0-474F-BFDD-0F0B7FF644D7}',NULL)        
INSERT INTO ToolOptionSet VALUES ('{9C3B8831-B00B-46DE-BE2B-8F002312E0DE}','50331904','{3D8E22C1-9A72-48DC-BC45-B421A2D554D2}',NULL)        
INSERT INTO ToolOptionSet VALUES ('{9C3B8831-B00B-46DE-BE2B-8F002312E0DE}','50331904','{07A1A345-99EE-48A5-8792-69723E413D5E}',NULL)       
INSERT INTO ToolOptionSet VALUES ('{9C3B8831-B00B-46DE-BE2B-8F002312E0DE}','50331904','{EE60D60C-E2EA-4299-8743-C49A5247CDF5}',NULL)       
	// Static Library release settings
INSERT INTO ToolOptionSet VALUES ('{9C3B8831-B00B-46DE-BE2B-8F002312E0DE}','67108864','{EE60D60C-E2EA-4299-8743-C49A5247CDF5}',NULL)        
INSERT INTO ToolOptionSet VALUES ('{9C3B8831-B00B-46DE-BE2B-8F002312E0DE}','67108864','{48D2C81C-BCA0-474F-BFDD-0F0B7FF644D7}',NULL)        
INSERT INTO ToolOptionSet VALUES ('{9C3B8831-B00B-46DE-BE2B-8F002312E0DE}','67108864','{3D8E22C1-9A72-48DC-BC45-B421A2D554D2}',NULL)        
	// Static Library debug settings
INSERT INTO ToolOptionSet VALUES ('{9C3B8831-B00B-46DE-BE2B-8F002312E0DE}','67109120','{EE60D60C-E2EA-4299-8743-C49A5247CDF5}',NULL)        
INSERT INTO ToolOptionSet VALUES ('{9C3B8831-B00B-46DE-BE2B-8F002312E0DE}','67109120','{48D2C81C-BCA0-474F-BFDD-0F0B7FF644D7}',NULL)        
INSERT INTO ToolOptionSet VALUES ('{9C3B8831-B00B-46DE-BE2B-8F002312E0DE}','67109120','{3D8E22C1-9A72-48DC-BC45-B421A2D554D2}',NULL)        

 

// MIDL ARMV4I
	//EXE Release settings
INSERT INTO ToolOptionSet VALUES ('{6AD4243D-68A5-4030-98F8-3B1DFF18DC32}','16777216','{2A686077-D58A-4518-B290-1B4642D30E81}',NULL)       
INSERT INTO ToolOptionSet VALUES ('{6AD4243D-68A5-4030-98F8-3B1DFF18DC32}','16777216','{B0A37573-A89E-42F8-9D96-01B8A45A6EAD}',NULL)       
	//MFC EXE Release settings 
INSERT INTO ToolOptionSet VALUES ('{6AD4243D-68A5-4030-98F8-3B1DFF18DC32}','16777232','{2A686077-D58A-4518-B290-1B4642D30E81}',NULL)       
INSERT INTO ToolOptionSet VALUES ('{6AD4243D-68A5-4030-98F8-3B1DFF18DC32}','16777232','{B0A37573-A89E-42F8-9D96-01B8A45A6EAD}',NULL)       
	// EXE Debug settings
INSERT INTO ToolOptionSet VALUES ('{6AD4243D-68A5-4030-98F8-3B1DFF18DC32}','16777472','{2A686077-D58A-4518-B290-1B4642D30E81}',NULL)       
INSERT INTO ToolOptionSet VALUES ('{6AD4243D-68A5-4030-98F8-3B1DFF18DC32}','16777472','{727F6455-36F9-4DA3-AEF8-482D2FD09676}',NULL)       
	//MFC EXE Debug settings
INSERT INTO ToolOptionSet VALUES ('{6AD4243D-68A5-4030-98F8-3B1DFF18DC32}','16777488','{2A686077-D58A-4518-B290-1B4642D30E81}',NULL)       
INSERT INTO ToolOptionSet VALUES ('{6AD4243D-68A5-4030-98F8-3B1DFF18DC32}','16777488','{727F6455-36F9-4DA3-AEF8-482D2FD09676}',NULL)       
	//DLL Release settings
INSERT INTO ToolOptionSet VALUES ('{6AD4243D-68A5-4030-98F8-3B1DFF18DC32}','33554432','{2A686077-D58A-4518-B290-1B4642D30E81}',NULL)       
INSERT INTO ToolOptionSet VALUES ('{6AD4243D-68A5-4030-98F8-3B1DFF18DC32}','33554432','{B0A37573-A89E-42F8-9D96-01B8A45A6EAD}',NULL)       
	//ATL DLL Release MinSize settings
INSERT INTO ToolOptionSet VALUES ('{6AD4243D-68A5-4030-98F8-3B1DFF18DC32}','33554433','{2A686077-D58A-4518-B290-1B4642D30E81}',NULL)       
INSERT INTO ToolOptionSet VALUES ('{6AD4243D-68A5-4030-98F8-3B1DFF18DC32}','33554433','{B0A37573-A89E-42F8-9D96-01B8A45A6EAD}',NULL)       
	//ATL DLL Release MinDep settings
INSERT INTO ToolOptionSet VALUES ('{6AD4243D-68A5-4030-98F8-3B1DFF18DC32}','33554434','{2A686077-D58A-4518-B290-1B4642D30E81}',NULL)       
INSERT INTO ToolOptionSet VALUES ('{6AD4243D-68A5-4030-98F8-3B1DFF18DC32}','33554434','{B0A37573-A89E-42F8-9D96-01B8A45A6EAD}',NULL)       
	// ATL EXE Release MinSize Settings
INSERT INTO ToolOptionSet VALUES ('{6AD4243D-68A5-4030-98F8-3B1DFF18DC32}','16777217','{2A686077-D58A-4518-B290-1B4642D30E81}',NULL)       
INSERT INTO ToolOptionSet VALUES ('{6AD4243D-68A5-4030-98F8-3B1DFF18DC32}','16777217','{B0A37573-A89E-42F8-9D96-01B8A45A6EAD}',NULL)       
	// ATL EXE Release MinDep Settings                                   
INSERT INTO ToolOptionSet VALUES ('{6AD4243D-68A5-4030-98F8-3B1DFF18DC32}','16777218','{2A686077-D58A-4518-B290-1B4642D30E81}',NULL)       
INSERT INTO ToolOptionSet VALUES ('{6AD4243D-68A5-4030-98F8-3B1DFF18DC32}','16777218','{B0A37573-A89E-42F8-9D96-01B8A45A6EAD}',NULL)       
	//MFC DLL Release settings
INSERT INTO ToolOptionSet VALUES ('{6AD4243D-68A5-4030-98F8-3B1DFF18DC32}','33554448','{2A686077-D58A-4518-B290-1B4642D30E81}',NULL)       
INSERT INTO ToolOptionSet VALUES ('{6AD4243D-68A5-4030-98F8-3B1DFF18DC32}','33554448','{B0A37573-A89E-42F8-9D96-01B8A45A6EAD}',NULL)       
	// DLL Debug settings
INSERT INTO ToolOptionSet VALUES ('{6AD4243D-68A5-4030-98F8-3B1DFF18DC32}','33554688','{2A686077-D58A-4518-B290-1B4642D30E81}',NULL)       
INSERT INTO ToolOptionSet VALUES ('{6AD4243D-68A5-4030-98F8-3B1DFF18DC32}','33554688','{727F6455-36F9-4DA3-AEF8-482D2FD09676}',NULL)       
	// ATL DLL Debug settings
INSERT INTO ToolOptionSet VALUES ('{6AD4243D-68A5-4030-98F8-3B1DFF18DC32}','33554689','{2A686077-D58A-4518-B290-1B4642D30E81}',NULL)       
INSERT INTO ToolOptionSet VALUES ('{6AD4243D-68A5-4030-98F8-3B1DFF18DC32}','33554689','{727F6455-36F9-4DA3-AEF8-482D2FD09676}',NULL)       
	// ATL EXE Debug Settings
INSERT INTO ToolOptionSet VALUES ('{6AD4243D-68A5-4030-98F8-3B1DFF18DC32}','16777473','{2A686077-D58A-4518-B290-1B4642D30E81}',NULL)       
INSERT INTO ToolOptionSet VALUES ('{6AD4243D-68A5-4030-98F8-3B1DFF18DC32}','16777473','{727F6455-36F9-4DA3-AEF8-482D2FD09676}',NULL)       
	// MFC DLL Debug settings
INSERT INTO ToolOptionSet VALUES ('{6AD4243D-68A5-4030-98F8-3B1DFF18DC32}','33554704','{2A686077-D58A-4518-B290-1B4642D30E81}',NULL)       
INSERT INTO ToolOptionSet VALUES ('{6AD4243D-68A5-4030-98F8-3B1DFF18DC32}','33554704','{727F6455-36F9-4DA3-AEF8-482D2FD09676}',NULL)       
	// MFC ActiveX Control release settings
INSERT INTO ToolOptionSet VALUES ('{6AD4243D-68A5-4030-98F8-3B1DFF18DC32}','33558544','{2A686077-D58A-4518-B290-1B4642D30E81}',NULL)       
INSERT INTO ToolOptionSet VALUES ('{6AD4243D-68A5-4030-98F8-3B1DFF18DC32}','33558544','{B0A37573-A89E-42F8-9D96-01B8A45A6EAD}',NULL)       
	// MFC ActiveX Control debug settings
INSERT INTO ToolOptionSet VALUES ('{6AD4243D-68A5-4030-98F8-3B1DFF18DC32}','33558800','{2A686077-D58A-4518-B290-1B4642D30E81}',NULL)       
INSERT INTO ToolOptionSet VALUES ('{6AD4243D-68A5-4030-98F8-3B1DFF18DC32}','33558800','{727F6455-36F9-4DA3-AEF8-482D2FD09676}',NULL)       
	// Concole application release settings
INSERT INTO ToolOptionSet VALUES ('{6AD4243D-68A5-4030-98F8-3B1DFF18DC32}','50331648','{2A686077-D58A-4518-B290-1B4642D30E81}',NULL)       
INSERT INTO ToolOptionSet VALUES ('{6AD4243D-68A5-4030-98F8-3B1DFF18DC32}','50331648','{B0A37573-A89E-42F8-9D96-01B8A45A6EAD}',NULL)       
	// Concole application debug settings
INSERT INTO ToolOptionSet VALUES ('{6AD4243D-68A5-4030-98F8-3B1DFF18DC32}','50331904','{2A686077-D58A-4518-B290-1B4642D30E81}',NULL)       
INSERT INTO ToolOptionSet VALUES ('{6AD4243D-68A5-4030-98F8-3B1DFF18DC32}','50331904','{727F6455-36F9-4DA3-AEF8-482D2FD09676}',NULL)       


// BSC ARMV4I
INSERT INTO ToolOptionSet VALUES ('{A381618D-4596-442E-A7F7-4C009522C7A9}','16777216','{17573233-7028-46D1-9E8A-0D3EC4A87876}',NULL)       
INSERT INTO ToolOptionSet VALUES ('{A381618D-4596-442E-A7F7-4C009522C7A9}','16777232','{17573233-7028-46D1-9E8A-0D3EC4A87876}',NULL)       
INSERT INTO ToolOptionSet VALUES ('{A381618D-4596-442E-A7F7-4C009522C7A9}','16777472','{17573233-7028-46D1-9E8A-0D3EC4A87876}',NULL)       
INSERT INTO ToolOptionSet VALUES ('{A381618D-4596-442E-A7F7-4C009522C7A9}','16777488','{17573233-7028-46D1-9E8A-0D3EC4A87876}',NULL)       
INSERT INTO ToolOptionSet VALUES ('{A381618D-4596-442E-A7F7-4C009522C7A9}','33554432','{17573233-7028-46D1-9E8A-0D3EC4A87876}',NULL)       
INSERT INTO ToolOptionSet VALUES ('{A381618D-4596-442E-A7F7-4C009522C7A9}','33554433','{2A686077-D58A-4518-B290-1B4642D30E81}',NULL)       
INSERT INTO ToolOptionSet VALUES ('{A381618D-4596-442E-A7F7-4C009522C7A9}','33554434','{2A686077-D58A-4518-B290-1B4642D30E81}',NULL)       
	// ATL EXE Release MinSize Settings
INSERT INTO ToolOptionSet VALUES ('{A381618D-4596-442E-A7F7-4C009522C7A9}','16777217','{2A686077-D58A-4518-B290-1B4642D30E81}',NULL)       
	// ATL EXE Release MinDep Settings                                   
INSERT INTO ToolOptionSet VALUES ('{A381618D-4596-442E-A7F7-4C009522C7A9}','16777218','{2A686077-D58A-4518-B290-1B4642D30E81}',NULL)       
INSERT INTO ToolOptionSet VALUES ('{A381618D-4596-442E-A7F7-4C009522C7A9}','33554448','{17573233-7028-46D1-9E8A-0D3EC4A87876}',NULL)       
INSERT INTO ToolOptionSet VALUES ('{A381618D-4596-442E-A7F7-4C009522C7A9}','33554688','{17573233-7028-46D1-9E8A-0D3EC4A87876}',NULL)       
INSERT INTO ToolOptionSet VALUES ('{A381618D-4596-442E-A7F7-4C009522C7A9}','33554689','{2A686077-D58A-4518-B290-1B4642D30E81}',NULL)       
	// ATL EXE Debug Settings
INSERT INTO ToolOptionSet VALUES ('{A381618D-4596-442E-A7F7-4C009522C7A9}','16777473','{2A686077-D58A-4518-B290-1B4642D30E81}',NULL)       
INSERT INTO ToolOptionSet VALUES ('{A381618D-4596-442E-A7F7-4C009522C7A9}','33554704','{17573233-7028-46D1-9E8A-0D3EC4A87876}',NULL)       
INSERT INTO ToolOptionSet VALUES ('{A381618D-4596-442E-A7F7-4C009522C7A9}','33558544','{17573233-7028-46D1-9E8A-0D3EC4A87876}',NULL)       
INSERT INTO ToolOptionSet VALUES ('{A381618D-4596-442E-A7F7-4C009522C7A9}','33558800','{17573233-7028-46D1-9E8A-0D3EC4A87876}',NULL)       
INSERT INTO ToolOptionSet VALUES ('{A381618D-4596-442E-A7F7-4C009522C7A9}','50331648','{17573233-7028-46D1-9E8A-0D3EC4A87876}',NULL)       
INSERT INTO ToolOptionSet VALUES ('{A381618D-4596-442E-A7F7-4C009522C7A9}','50331904','{17573233-7028-46D1-9E8A-0D3EC4A87876}',NULL)       
INSERT INTO ToolOptionSet VALUES ('{A381618D-4596-442E-A7F7-4C009522C7A9}','67108864','{17573233-7028-46D1-9E8A-0D3EC4A87876}',NULL)       


// COFF ARMV4I
INSERT INTO ToolOptionSet VALUES ('{58837D30-62C3-4E9C-9DDE-2031891FB11B}','67108864','{845E1858-B9B6-4C99-B45C-F77CE2ABB443}',NULL)       
INSERT INTO ToolOptionSet VALUES ('{58837D30-62C3-4E9C-9DDE-2031891FB11B}','67109120','{845E1858-B9B6-4C99-B45C-F77CE2ABB443}',NULL)       
