/////////////////////////////////   CEF  ////////////////////////////////////////

// ******** Vendor  ********
INSERT INTO Vendor VALUES ('{35583C00-7208-11D3-99F3-00105A0DF099}','Microsoft','Microsoft' )

// ******** CPUFamily  ********
INSERT INTO CPUFamily VALUES ('{42CB0001-5AA4-11D3-99E7-00105A0DF099}','CEF','Pseudo family','65535','CEF')

// ******** IdeFamily  ********
INSERT INTO IDEFamily VALUES ('{DE24C290-67B9-11D3-99F0-00105A0DF099}','CEF',NULL,'Win32 (WCE CEF)','138','vc70.pdb','CEF',FALSE)             

// ******** CPU  ********
INSERT INTO CPU VALUES ('{D6518FF0-710F-11D3-99F2-00105A0DF099}','{35583C00-7208-11D3-99F3-00105A0DF099}','CEF','Common Executable Format','{42CB0001-5AA4-11D3-99E7-00105A0DF099}','{DE24C290-67B9-11D3-99F0-00105A0DF099}','18767','0','0','0','CEF' ) 

// ******** PID  ********
INSERT INTO ObjAttr VALUES ('ProductID','{D6518FF0-710F-11D3-99F2-00105A0DF099}','ProductID','ProductID',2,0,'PID',0)

// ******** Tool  ********
INSERT INTO Tool VALUES ('{42CD0022-5AA4-11D3-99E7-00105A0DF099}','{35583C00-7208-11D3-99F3-00105A0DF099}','DBGCEF','CEF debugger','odcef',NULL )
INSERT INTO Tool VALUES ('{A9E5147A-6C9A-11D3-843A-005004848CBA}','{35583C00-7208-11D3-99F3-00105A0DF099}','CLCEF','CEF source compiler','clcef.exe',NULL )
INSERT INTO Tool VALUES ('{A9E5147B-6C9A-11D3-843A-005004848CBA}','{35583C00-7208-11D3-99F3-00105A0DF099}','LINKCEF','CEF Linker','linkcef.exe',NULL )
INSERT INTO Tool VALUES ('{A9E5147C-6C9A-11D3-843A-005004848CBA}','{35583C00-7208-11D3-99F3-00105A0DF099}','VCRCCEF','baseline resource compiler','rc.exe',NULL )
INSERT INTO Tool VALUES ('{A9E5147D-6C9A-11D3-843A-005004848CBA}','{35583C00-7208-11D3-99F3-00105A0DF099}','MIDLCEF','CEF middle compiler','midl.exe','COMMON\VCCE\BIN' )
INSERT INTO Tool VALUES ('{A9E5147E-6C9A-11D3-843A-005004848CBA}','{35583C00-7208-11D3-99F3-00105A0DF099}','BSCCEF','CEF browser compiler','bscmake.exe','COMMON\VCCE\BIN' )
INSERT INTO Tool VALUES ('{A9E5147F-6C9A-11D3-843A-005004848CBA}','{35583C00-7208-11D3-99F3-00105A0DF099}','COFFCEF','CEF coff','link.exe',NULL )
INSERT INTO Tool VALUES ('{220199D1-801C-11D3-8466-005004848CBA}','{35583C00-7208-11D3-99F3-00105A0DF099}','LIBCEF','CEF library manager','linkcef.exe',NULL )
INSERT INTO Tool VALUES ('{B7F4AA00-A6AA-11D3-848B-005004848CBA}','{35583C00-7208-11D3-99F3-00105A0DF099}','TRANSCEF','CEF translator','ceft.exe',NULL )

// ******** ObjAttr  ********
//DBGCEF
INSERT INTO ObjAttr VALUES ('IsEmulation',	'{42CD0022-5AA4-11D3-99E7-00105A0DF099}','Emulation','Specifies whether this is for emulation','1','0',NULL,NULL )
INSERT INTO ObjAttr VALUES ('STSupport',		'{42CD0022-5AA4-11D3-99E7-00105A0DF099}','ST Support','The type of ST support','1','1',NULL,NULL )
INSERT INTO ObjAttr VALUES ('SupportsATP',	'{42CD0022-5AA4-11D3-99E7-00105A0DF099}','Supports ATP','Specifies whether ATP is supported','1','0',NULL,NULL )
INSERT INTO ObjAttr VALUES ('SupportsSINH',	'{42CD0022-5AA4-11D3-99E7-00105A0DF099}','Supports SINH','Specifies whether SINH is supported','1','0',NULL,NULL )
INSERT INTO ObjAttr VALUES ('TargetUP',		'{42CD0022-5AA4-11D3-99E7-00105A0DF099}','?','Specifies the target UP','1','138',NULL,NULL )
INSERT INTO ObjAttr VALUES ('EE',				'{42CD0022-5AA4-11D3-99E7-00105A0DF099}','EE','The EE for this debugger','2','0','EECXXCE',NULL )
INSERT INTO ObjAttr VALUES ('EM',				'{42CD0022-5AA4-11D3-99E7-00105A0DF099}','EM','The EM for this debugger','2','0','EMCE',NULL )
INSERT INTO ObjAttr VALUES ('SH',				'{42CD0022-5AA4-11D3-99E7-00105A0DF099}','SH','The SH for this debugger','2','0','SHCVCE',NULL )
// CLCEF
INSERT INTO ObjAttr VALUES ('Input',	'{A9E5147A-6C9A-11D3-843A-005004848CBA}','Input','The extension of files take','2','0','*.c;*.cpp;*.cxx',NULL )
INSERT INTO ObjAttr VALUES ('Prefix','{A9E5147A-6C9A-11D3-843A-005004848CBA}','Prefix','The prefix of the tool','2','0','CPP',NULL )
// LINKCEF
INSERT INTO ObjAttr VALUES ('Input',	'{A9E5147B-6C9A-11D3-843A-005004848CBA}','Input','The extension of files take','2','0','*.obj;*.res;*.lib;*.def;*.rsc',NULL )
INSERT INTO ObjAttr VALUES ('Prefix','{A9E5147B-6C9A-11D3-843A-005004848CBA}','Prefix','The prefix of the tool','2','0','LINK32',NULL )
// LIBCEF
INSERT INTO ObjAttr VALUES ('Input',	'{220199D1-801C-11D3-8466-005004848CBA}','Input','The extension of files take','2','0','*.obj;*.res;*.lib',NULL )
INSERT INTO ObjAttr VALUES ('Prefix','{220199D1-801C-11D3-8466-005004848CBA}','Prefix','The prefix of the tool','2','0','LIB32',NULL )

// ******** OS  ********
INSERT INTO OS VALUES ('{42CA0006-5AA4-11D3-99E7-00105A0DF099}','{35583C00-7208-11D3-99F3-00105A0DF099}','Default','Default','0.00','0','0' )

// ******** Platform  ********
INSERT INTO Platform VALUES ('{8A9A2F80-6887-11D3-842E-005004848CBA}','{35583C00-7208-11D3-99F3-00105A0DF099}','Default','Default','{42CA0006-5AA4-11D3-99E7-00105A0DF099}',NULL,'0','0' )

// ******** ToolEntry  ********
// CEF
INSERT INTO ToolEntry VALUES ('{8A9A2F80-6887-11D3-842E-005004848CBA}','{42CA0006-5AA4-11D3-99E7-00105A0DF099}','{D6518FF0-710F-11D3-99F2-00105A0DF099}','{B7F4AA00-A6AA-11D3-848B-005004848CBA}','10')
INSERT INTO ToolEntry VALUES ('{8A9A2F80-6887-11D3-842E-005004848CBA}','{42CA0006-5AA4-11D3-99E7-00105A0DF099}','{D6518FF0-710F-11D3-99F2-00105A0DF099}','{42CD0022-5AA4-11D3-99E7-00105A0DF099}','2' )
INSERT INTO ToolEntry VALUES ('{8A9A2F80-6887-11D3-842E-005004848CBA}','{42CA0006-5AA4-11D3-99E7-00105A0DF099}','{D6518FF0-710F-11D3-99F2-00105A0DF099}','{A9E5147A-6C9A-11D3-843A-005004848CBA}','1' )
INSERT INTO ToolEntry VALUES ('{8A9A2F80-6887-11D3-842E-005004848CBA}','{42CA0006-5AA4-11D3-99E7-00105A0DF099}','{D6518FF0-710F-11D3-99F2-00105A0DF099}','{A9E5147B-6C9A-11D3-843A-005004848CBA}','4' )
INSERT INTO ToolEntry VALUES ('{8A9A2F80-6887-11D3-842E-005004848CBA}','{42CA0006-5AA4-11D3-99E7-00105A0DF099}','{D6518FF0-710F-11D3-99F2-00105A0DF099}','{A9E5147C-6C9A-11D3-843A-005004848CBA}','3' )
INSERT INTO ToolEntry VALUES ('{8A9A2F80-6887-11D3-842E-005004848CBA}','{42CA0006-5AA4-11D3-99E7-00105A0DF099}','{D6518FF0-710F-11D3-99F2-00105A0DF099}','{A9E5147D-6C9A-11D3-843A-005004848CBA}','7' )
INSERT INTO ToolEntry VALUES ('{8A9A2F80-6887-11D3-842E-005004848CBA}','{42CA0006-5AA4-11D3-99E7-00105A0DF099}','{D6518FF0-710F-11D3-99F2-00105A0DF099}','{A9E5147E-6C9A-11D3-843A-005004848CBA}','8' )
INSERT INTO ToolEntry VALUES ('{8A9A2F80-6887-11D3-842E-005004848CBA}','{42CA0006-5AA4-11D3-99E7-00105A0DF099}','{D6518FF0-710F-11D3-99F2-00105A0DF099}','{A9E5147F-6C9A-11D3-843A-005004848CBA}','9' )
INSERT INTO ToolEntry VALUES ('{8A9A2F80-6887-11D3-842E-005004848CBA}','{42CA0006-5AA4-11D3-99E7-00105A0DF099}','{D6518FF0-710F-11D3-99F2-00105A0DF099}','{220199D1-801C-11D3-8466-005004848CBA}','5' )

// ******** ToolOption  ********
                // CL
INSERT INTO ToolOption VALUES ('{AAE90346-C95B-11D3-9A06-00105A0DF099}','{A9E5147A-6C9A-11D3-843A-005004848CBA}','CEFDISABLE_OPTIMIZATIONS','Disables all compiler optimizations','2',NULL,'/Od',FALSE)       
INSERT INTO ToolOption VALUES ('{AAE9033B-C95B-11D3-9A06-00105A0DF099}','{A9E5147A-6C9A-11D3-843A-005004848CBA}','CEF_MAXIMUM_OPTIMIZATION','maximum opts. (/Ogityb1 /Gs)','2',NULL,'/O2',FALSE)  
INSERT INTO ToolOption VALUES ('{AAE903DB-C95B-11D3-9A06-00105A0DF099}','{A9E5147A-6C9A-11D3-843A-005004848CBA}','CECRTMT_CEF','Release Lib Macro','2',NULL,'/M$(CECrtMT)',FALSE) 
INSERT INTO ToolOption VALUES ('{AAE9037F-C95B-11D3-9A06-00105A0DF099}','{A9E5147A-6C9A-11D3-843A-005004848CBA}','UNICODE_CEF','Turn on Unicode','2',NULL,'/D UNICODE /D _UNICODE',FALSE)       
INSERT INTO ToolOption VALUES ('{AAE903F1-C95B-11D3-9A06-00105A0DF099}','{A9E5147A-6C9A-11D3-843A-005004848CBA}','AFXDLL_CEF','Define _AFXDLL for dynamic linking to MFC','2',NULL,'/D _AFXDLL',FALSE)       
INSERT INTO ToolOption VALUES ('{AAE903E6-C95B-11D3-9A06-00105A0DF099}','{A9E5147A-6C9A-11D3-843A-005004848CBA}','CECRTMTDEBUG_CEF','Debug Lib Macro','2',NULL,'/M$(CECrtMTDebug)',FALSE)       
INSERT INTO ToolOption VALUES ('{AAE90397-C95B-11D3-9A06-00105A0DF099}','{A9E5147A-6C9A-11D3-843A-005004848CBA}','ATL_STATIC_REGISTRY_CEF','Define _ATL_STATIC_REGISTRY','2',NULL,'/D _ATL_STATIC_REGISTRY',FALSE)          
INSERT INTO ToolOption VALUES ('{AAE903B0-C95B-11D3-9A06-00105A0DF099}','{A9E5147A-6C9A-11D3-843A-005004848CBA}','NDEBUG_CEF','the NDEBUG define for release prjs','2',NULL,'/D NDEBUG',FALSE)  
INSERT INTO ToolOption VALUES ('{AAE901D5-C95B-11D3-9A06-00105A0DF099}','{A9E5147A-6C9A-11D3-843A-005004848CBA}','CEF_CPLR_DBG','IDS_CEF_CPLR_DBG','2','1','/DDEBUG',FALSE)       
INSERT INTO ToolOption VALUES ('{AAE901D6-C95B-11D3-9A06-00105A0DF099}','{A9E5147A-6C9A-11D3-843A-005004848CBA}','CEFEXE_CPLR_DBG','IDS_CEFEXE_CPLR_DBG','2','1','/Zi  /DCEF /DUNDER_CE=$(CEVersion) /D_WIN32_WCE=$(CEVersion)',FALSE)    
INSERT INTO ToolOption VALUES ('{AAE901D7-C95B-11D3-9A06-00105A0DF099}','{A9E5147A-6C9A-11D3-843A-005004848CBA}','CEF_CPLR_COMMON','IDS_CEF_CPLR_COMMON','2','1','/cef /TP /c /nologo /D_WIN32_WCE=$(CEVersion) /D $(CePlatform)',FALSE) 
INSERT INTO ToolOption VALUES ('{AAE901DC-C95B-11D3-9A06-00105A0DF099}','{A9E5147A-6C9A-11D3-843A-005004848CBA}','CEFDLL_CPLR_DBG','IDS_CEFDLL_CPLR_DBG','2','1','/Zi /DCEF /DUNDER_CE=$(CEVersion) /D_WIN32_WCE=$(CEVersion)',FALSE)     
INSERT INTO ToolOption VALUES ('{AAE901DF-C95B-11D3-9A06-00105A0DF099}','{A9E5147A-6C9A-11D3-843A-005004848CBA}','CEFCON_CPLR_DBG','IDS_CEFCON_CPLR_DBG','2','1','/Zi /DCEF /DUNDER_CE=$(CEVersion) /D_WIN32_WCE=$(CEVersion)',FALSE)     
INSERT INTO ToolOption VALUES ('{AAE901E2-C95B-11D3-9A06-00105A0DF099}','{A9E5147A-6C9A-11D3-843A-005004848CBA}','CEFLIB_CPLR_DBG','IDS_CEFLIB_CPLR_DBG','2','1','/Zi /DCEF /DUNDER_CE=$(CEVersion) /D_WIN32_WCE=$(CEVersion)',FALSE)     
INSERT INTO ToolOption VALUES ('{AAE901EE-C95B-11D3-9A06-00105A0DF099}','{A9E5147A-6C9A-11D3-843A-005004848CBA}','CEFEXE_CPLR_REL','IDS_CEFEXE_CPLR_REL','2','1','/DCEF /DUNDER_CE=$(CEVersion) /D_WIN32_WCE=$(CEVersion)',FALSE)         
INSERT INTO ToolOption VALUES ('{AAE901F4-C95B-11D3-9A06-00105A0DF099}','{A9E5147A-6C9A-11D3-843A-005004848CBA}','CEFDLL_CPLR_REL','IDS_CEFDLL_CPLR_REL','2','1','/DCEF /DUNDER_CE=$(CEVersion) /D_WIN32_WCE=$(CEVersion)',FALSE)         
INSERT INTO ToolOption VALUES ('{AAE901FA-C95B-11D3-9A06-00105A0DF099}','{A9E5147A-6C9A-11D3-843A-005004848CBA}','CEFCON_CPLR_REL','IDS_CEFCON_CPLR_REL','2','1','/DCEF /DUNDER_CE=$(CEVersion) /D_WIN32_WCE=$(CEVersion)',FALSE)         
INSERT INTO ToolOption VALUES ('{AAE901FD-C95B-11D3-9A06-00105A0DF099}','{A9E5147A-6C9A-11D3-843A-005004848CBA}','CEFLIB_CPLR_REL','IDS_CEFLIB_CPLR_REL','2','1','/DCEF /DUNDER_CE=$(CEVersion) /D_WIN32_WCE=$(CEVersion)',FALSE)         
INSERT INTO ToolOption VALUES ('{AAE90204-C95B-11D3-9A06-00105A0DF099}','{A9E5147A-6C9A-11D3-843A-005004848CBA}','CEFATL_CPLR_DBG','Specific flags for CEF Compiler (ATL DBG build)','2','1','/D_USRDLL',FALSE)  
INSERT INTO ToolOption VALUES ('{AAE90205-C95B-11D3-9A06-00105A0DF099}','{A9E5147A-6C9A-11D3-843A-005004848CBA}','CEFMFC_CPLR_COMMON',NULL,'2','1','/cef /TP /c /nologo /D_WIN32_WCE=$(CEVersion) /D $(CePlatform)',FALSE) 
INSERT INTO ToolOption VALUES ('{AAE90209-C95B-11D3-9A06-00105A0DF099}','{A9E5147A-6C9A-11D3-843A-005004848CBA}','CEFATL_CPLR_COMMON',NULL,'2','1','/cef /TP /D _USRDLL /c /D $(CePlatform)',FALSE) 
INSERT INTO ToolOption VALUES ('{AAE9020A-C95B-11D3-9A06-00105A0DF099}','{A9E5147A-6C9A-11D3-843A-005004848CBA}','CEFATL_CPLR_REL',NULL,'2','1','/nologo /DCEF /DUNDER_CE=$(CEVersion) /D_WIN32_WCE=$(CEVersion)',FALSE)    
INSERT INTO ToolOption VALUES ('{AAE9020B-C95B-11D3-9A06-00105A0DF099}','{A9E5147A-6C9A-11D3-843A-005004848CBA}','CEFACTIVEX_CPLR_COMMON',NULL,'2','1','/GX-',FALSE)   
INSERT INTO ToolOption VALUES ('{AC7419D3-CDFD-11d3-9916-00105A1E7FA9}','{A9E5147A-6C9A-11D3-843A-005004848CBA}','WARNING_LEVEL','Use Warning Level 3','2','1','/W3',FALSE)
INSERT INTO ToolOption VALUES ('{2DAC8193-1ACA-4dfd-8CEA-85C515DAD941}','{A9E5147A-6C9A-11D3-843A-005004848CBA}','CEF_ASSUME_NO_ALIASING','Assume No Aliasing is Supported','2','1007','/Oa',FALSE)

                // LINK
INSERT INTO ToolOption VALUES ('{AAE902F3-C95B-11D3-9A06-00105A0DF099}','{A9E5147B-6C9A-11D3-843A-005004848CBA}','CEF_LINK_CORELIB','$(CEx86Corelibc)','2','1','$(CEx86Corelibc)',FALSE)        
INSERT INTO ToolOption VALUES ('{AAE9035D-C95B-11D3-9A06-00105A0DF099}','{A9E5147B-6C9A-11D3-843A-005004848CBA}','BASE_TENTHOUSAND_CEF','/base flag for .exe proj types','2',NULL,'/base:0x00010000',FALSE)   
INSERT INTO ToolOption VALUES ('{AAE90368-C95B-11D3-9A06-00105A0DF099}','{A9E5147B-6C9A-11D3-843A-005004848CBA}','BASE_100K_CEF','/base flag for .dll proj types','2',NULL,'/base:0x00100000',FALSE)          
INSERT INTO ToolOption VALUES ('{AAE90374-C95B-11D3-9A06-00105A0DF099}','{A9E5147B-6C9A-11D3-843A-005004848CBA}','STACK_CEF','standard /STACK setting','2',NULL,'/STACK:65536,4096',FALSE)      
INSERT INTO ToolOption VALUES ('{AAE903C6-C95B-11D3-9A06-00105A0DF099}','{A9E5147B-6C9A-11D3-843A-005004848CBA}','MACHINE_CEF','set machine type for linker','2',NULL,'/MACHINE:CEF',FALSE)     
INSERT INTO ToolOption VALUES ('{AAE901D8-C95B-11D3-9A06-00105A0DF099}','{A9E5147B-6C9A-11D3-843A-005004848CBA}','CEF_LINK_CEF_COMMON','IDS_CEF_LINK_CEF_COMMON','2','1','/NOLOGO /subsystem:$(CESubsystem) /nodefaultlib:OLDNAMES.lib /nodefaultlib:$(CENoDefaultLib) /Fixed:no',FALSE)          
INSERT INTO ToolOption VALUES ('{AAE901D9-C95B-11D3-9A06-00105A0DF099}','{A9E5147B-6C9A-11D3-843A-005004848CBA}','CEF_LINK_DBG','IDS_CEF_LINK_DBG','2','1','/DEBUG /DEBUGTYPE:CV',FALSE)        
INSERT INTO ToolOption VALUES ('{AAE901DA-C95B-11D3-9A06-00105A0DF099}','{A9E5147B-6C9A-11D3-843A-005004848CBA}','CEFEXE_LINK_DBG','IDS_CEFEXE_LINK_DBG','2','1','/entry:WinMainCRTStartup',FALSE) 
INSERT INTO ToolOption VALUES ('{AAE901DB-C95B-11D3-9A06-00105A0DF099}','{A9E5147B-6C9A-11D3-843A-005004848CBA}','CEF_LIB_DBG','IDS_CEF_LIB_DBG','2','1','commctrl.lib coredll.lib ',FALSE)      
INSERT INTO ToolOption VALUES ('{AAE901DD-C95B-11D3-9A06-00105A0DF099}','{A9E5147B-6C9A-11D3-843A-005004848CBA}','CEFDLL_LINK_DBG','IDS_CEFDLL_LINK_DBG','2','1','/DLL /entry:_DllMainCRTStartup',FALSE)      
INSERT INTO ToolOption VALUES ('{AAE901E0-C95B-11D3-9A06-00105A0DF099}','{A9E5147B-6C9A-11D3-843A-005004848CBA}','CEF_CONLIB','IDS_CEF_CONLIB','2','1','commctrl.lib coredll.lib ',FALSE)        
INSERT INTO ToolOption VALUES ('{AAE901E1-C95B-11D3-9A06-00105A0DF099}','{A9E5147B-6C9A-11D3-843A-005004848CBA}','CEFCON_LINK_DBG','IDS_CEFCON_LINK_DBG','2','1','/entry:WinMainCRTStartup',FALSE) 
INSERT INTO ToolOption VALUES ('{AAE901E4-C95B-11D3-9A06-00105A0DF099}','{A9E5147B-6C9A-11D3-843A-005004848CBA}','CEFMFCEXE_LINK_DBG','Specific flags for CEF Linker (MFC EXE Debug build)','2','1','/DEBUG /entry:wWinMainCRTStartup',FALSE)
INSERT INTO ToolOption VALUES ('{AAE901E5-C95B-11D3-9A06-00105A0DF099}','{A9E5147B-6C9A-11D3-843A-005004848CBA}','CEFMFCDLL_LINK_DBG','Specific flags for CEF Linker (MFC DLL Debug build)','2','1','/DEBUG',FALSE)         
INSERT INTO ToolOption VALUES ('{AAE901EC-C95B-11D3-9A06-00105A0DF099}','{A9E5147B-6C9A-11D3-843A-005004848CBA}','CEFMFCEXE_LINK_COMMON','CEF_LINK_CEF_COMMON without defaultlib','2','1','/NOLOGO /subsystem:$(CESubsystem) /Fixed:no',FALSE)          
INSERT INTO ToolOption VALUES ('{AAE901EF-C95B-11D3-9A06-00105A0DF099}','{A9E5147B-6C9A-11D3-843A-005004848CBA}','CEFEXE_LINK_REL','IDS_CEFEXE_LINK_REL','2','1','/entry:WinMainCRTStartup',FALSE) 
INSERT INTO ToolOption VALUES ('{AAE901F0-C95B-11D3-9A06-00105A0DF099}','{A9E5147B-6C9A-11D3-843A-005004848CBA}','CEF_LINK_REL','IDS_CEF_LINK_REL','2','1',NULL,FALSE) 
INSERT INTO ToolOption VALUES ('{AAE901F1-C95B-11D3-9A06-00105A0DF099}','{A9E5147B-6C9A-11D3-843A-005004848CBA}','CEF_LIB_REL','IDS_CEF_LIB_REL','2','1','commctrl.lib coredll.lib ',FALSE)      
INSERT INTO ToolOption VALUES ('{AAE901F5-C95B-11D3-9A06-00105A0DF099}','{A9E5147B-6C9A-11D3-843A-005004848CBA}','CEFDLL_LINK_REL','IDS_CEFDLL_LINK_REL','2','1','/DLL /entry:_DllMainCRTStartup',FALSE)      
INSERT INTO ToolOption VALUES ('{AAE901F6-C95B-11D3-9A06-00105A0DF099}','{A9E5147B-6C9A-11D3-843A-005004848CBA}','CEF_LINK_REL','IDS_CEF_LINK_REL','2','1',NULL,FALSE) 
INSERT INTO ToolOption VALUES ('{AAE901FB-C95B-11D3-9A06-00105A0DF099}','{A9E5147B-6C9A-11D3-843A-005004848CBA}','CEFCON_LINK_REL','IDS_CEFCON_LINK_REL','2','1','/entry:WinMainCRTStartup',FALSE) 
INSERT INTO ToolOption VALUES ('{AAE901FC-C95B-11D3-9A06-00105A0DF099}','{A9E5147B-6C9A-11D3-843A-005004848CBA}','CEF_LINK_REL','IDS_CEF_LINK_REL','2','1',NULL,FALSE) 
INSERT INTO ToolOption VALUES ('{AAE901FE-C95B-11D3-9A06-00105A0DF099}','{A9E5147B-6C9A-11D3-843A-005004848CBA}','CEFLIB_LINK','IDS_CEFLIB_LINK','2','1','/NOLOGO',FALSE)         
INSERT INTO ToolOption VALUES ('{AAE90200-C95B-11D3-9A06-00105A0DF099}','{A9E5147B-6C9A-11D3-843A-005004848CBA}','CEFMFCEXE_LINK_REL','Specific flags for CEF Linker (MFC EXE Release build)','2','1','/entry:wWinMainCRTStartup',FALSE)  
INSERT INTO ToolOption VALUES ('{AAE90206-C95B-11D3-9A06-00105A0DF099}','{A9E5147B-6C9A-11D3-843A-005004848CBA}','CEFMFCDLL_LINK_COMMON','CEF_LINK_CEF_COMMON without defaultlib','2','1','/NOLOGO /subsystem:$(CESubsystem) /Fixed:no',FALSE)          

                // LIB
INSERT INTO ToolOption VALUES ('{AAE90324-C95B-11D3-9A06-00105A0DF099}','{220199D1-801C-11D3-8466-005004848CBA}','CEF_LIB_COMMON',NULL,'2',NULL,'/nologo',FALSE)    

                // MIDL
INSERT INTO ToolOption VALUES ('{AAE901E8-C95B-11D3-9A06-00105A0DF099}','{A9E5147D-6C9A-11D3-843A-005004848CBA}','CEF_MTL_COMMON','IDS_CEF_MTL_COMMON','2','1','/nologo /mktyplib203 /win32',FALSE)    
INSERT INTO ToolOption VALUES ('{AAE901E9-C95B-11D3-9A06-00105A0DF099}','{A9E5147D-6C9A-11D3-843A-005004848CBA}','DEFINE_DEBUG','Define DEBUG','2','1','/D DEBUG',FALSE)       
INSERT INTO ToolOption VALUES ('{AAE903BA-C95B-11D3-9A06-00105A0DF099}','{A9E5147D-6C9A-11D3-843A-005004848CBA}','DEFINE_NDEBUG','Define NDEBUG','2',NULL,'/D NDEBUG',FALSE)  

                // BSC
INSERT INTO ToolOption VALUES ('{AAE901EA-C95B-11D3-9A06-00105A0DF099}','{A9E5147E-6C9A-11D3-843A-005004848CBA}','CEF_BSC_COMMON','IDS_CEF_BSC_COMMON','2','1','/nologo',FALSE)   

                // COFF
INSERT INTO ToolOption VALUES ('{AAE901EB-C95B-11D3-9A06-00105A0DF099}','{A9E5147F-6C9A-11D3-843A-005004848CBA}','CEF_COFF_COMMON','IDS_CEFLIB_LINK','2','1','/nologo',FALSE)     

                // VCRC
INSERT INTO ToolOption VALUES ('{AAE901D3-C95B-11D3-9A06-00105A0DF099}','{A9E5147C-6C9A-11D3-843A-005004848CBA}','DEFINE_DEBUG','Define DEBUG','2','1','/D DEBUG',FALSE)         
INSERT INTO ToolOption VALUES ('{AAE901D4-C95B-11D3-9A06-00105A0DF099}','{A9E5147C-6C9A-11D3-843A-005004848CBA}','DCEF_RC_COMMON','IDS_DCEF_RC_COMMON','2','1','/r /DUNDER_CE=$(CEVersion) /D_WIN32_WCE=$(CEVersion)',FALSE)        
INSERT INTO ToolOption VALUES ('{AAE901F2-C95B-11D3-9A06-00105A0DF099}','{A9E5147C-6C9A-11D3-843A-005004848CBA}','DEFINE_NDEBUG','Define NDEBUG','2','1','/D NDEBUG',FALSE)        
INSERT INTO ToolOption VALUES ('{AC19F04c-D2D2-11d3-9917-00105A1E7FA9}','{A9E5147C-6C9A-11D3-843A-005004848CBA}','CEPLATFORM','CePlatform Macro','2','1','/D $(CePlatform)',FALSE)
INSERT INTO ToolOption VALUES ('{CF87FD69-D430-11d3-9918-00105A1E7FA9}','{A9E5147C-6C9A-11D3-843A-005004848CBA}','PROCESSOR_DEFINE','Processor Define','2','1','/D CEF',FALSE)
INSERT INTO ToolOption VALUES ('{AF53B9B2-D81A-11d3-9918-00105A1E7FA9}','{A9E5147C-6C9A-11D3-843A-005004848CBA}','DEFINE_UNICODE','Define Unicode','2','1','/D UNICODE /D _UNICODE',FALSE)

// ******** OptionValue  ********

// ******** ToolOptionSet  ********
// LIB CEF
INSERT INTO ToolOptionSet VALUES ('{220199D1-801C-11D3-8466-005004848CBA}','67108864','{AAE90324-C95B-11D3-9A06-00105A0DF099}',NULL)       
INSERT INTO ToolOptionSet VALUES ('{220199D1-801C-11D3-8466-005004848CBA}','67109120','{AAE90324-C95B-11D3-9A06-00105A0DF099}',NULL)       

// CL CEF
	//EXE Release settings	
INSERT INTO ToolOptionSet VALUES ('{A9E5147A-6C9A-11D3-843A-005004848CBA}','16777216','{AAE901D7-C95B-11D3-9A06-00105A0DF099}',NULL)       
INSERT INTO ToolOptionSet VALUES ('{A9E5147A-6C9A-11D3-843A-005004848CBA}','16777216','{AAE901EE-C95B-11D3-9A06-00105A0DF099}',NULL)       
INSERT INTO ToolOptionSet VALUES ('{A9E5147A-6C9A-11D3-843A-005004848CBA}','16777216','{AAE9033B-C95B-11D3-9A06-00105A0DF099}',NULL)       
INSERT INTO ToolOptionSet VALUES ('{A9E5147A-6C9A-11D3-843A-005004848CBA}','16777216','{AAE9037F-C95B-11D3-9A06-00105A0DF099}',NULL)       
INSERT INTO ToolOptionSet VALUES ('{A9E5147A-6C9A-11D3-843A-005004848CBA}','16777216','{AAE903B0-C95B-11D3-9A06-00105A0DF099}',NULL)       
INSERT INTO ToolOptionSet VALUES ('{A9E5147A-6C9A-11D3-843A-005004848CBA}','16777216','{AC7419D3-CDFD-11d3-9916-00105A1E7FA9}',NULL)        
	//MFC EXE Release settings
INSERT INTO ToolOptionSet VALUES ('{A9E5147A-6C9A-11D3-843A-005004848CBA}','16777232','{AAE901EE-C95B-11D3-9A06-00105A0DF099}',NULL)       
INSERT INTO ToolOptionSet VALUES ('{A9E5147A-6C9A-11D3-843A-005004848CBA}','16777232','{AAE90205-C95B-11D3-9A06-00105A0DF099}',NULL)       
INSERT INTO ToolOptionSet VALUES ('{A9E5147A-6C9A-11D3-843A-005004848CBA}','16777232','{AAE9033B-C95B-11D3-9A06-00105A0DF099}',NULL)       
INSERT INTO ToolOptionSet VALUES ('{A9E5147A-6C9A-11D3-843A-005004848CBA}','16777232','{AAE9037F-C95B-11D3-9A06-00105A0DF099}',NULL)       
INSERT INTO ToolOptionSet VALUES ('{A9E5147A-6C9A-11D3-843A-005004848CBA}','16777232','{AAE903B0-C95B-11D3-9A06-00105A0DF099}',NULL)       
INSERT INTO ToolOptionSet VALUES ('{A9E5147A-6C9A-11D3-843A-005004848CBA}','16777232','{AAE903F1-C95B-11D3-9A06-00105A0DF099}',NULL)      
INSERT INTO ToolOptionSet VALUES ('{A9E5147A-6C9A-11D3-843A-005004848CBA}','16777232','{AC7419D3-CDFD-11d3-9916-00105A1E7FA9}',NULL)        
	// EXE Debug settings
INSERT INTO ToolOptionSet VALUES ('{A9E5147A-6C9A-11D3-843A-005004848CBA}','16777472','{AAE901D5-C95B-11D3-9A06-00105A0DF099}',NULL)       
INSERT INTO ToolOptionSet VALUES ('{A9E5147A-6C9A-11D3-843A-005004848CBA}','16777472','{AAE901D6-C95B-11D3-9A06-00105A0DF099}',NULL)       
INSERT INTO ToolOptionSet VALUES ('{A9E5147A-6C9A-11D3-843A-005004848CBA}','16777472','{AAE901D7-C95B-11D3-9A06-00105A0DF099}',NULL)       
INSERT INTO ToolOptionSet VALUES ('{A9E5147A-6C9A-11D3-843A-005004848CBA}','16777472','{AAE90346-C95B-11D3-9A06-00105A0DF099}',NULL)       
INSERT INTO ToolOptionSet VALUES ('{A9E5147A-6C9A-11D3-843A-005004848CBA}','16777472','{AAE9037F-C95B-11D3-9A06-00105A0DF099}',NULL)       
INSERT INTO ToolOptionSet VALUES ('{A9E5147A-6C9A-11D3-843A-005004848CBA}','16777472','{AC7419D3-CDFD-11d3-9916-00105A1E7FA9}',NULL)        
	//MFC EXE Debug settings
INSERT INTO ToolOptionSet VALUES ('{A9E5147A-6C9A-11D3-843A-005004848CBA}','16777488','{AAE901D5-C95B-11D3-9A06-00105A0DF099}',NULL)       
INSERT INTO ToolOptionSet VALUES ('{A9E5147A-6C9A-11D3-843A-005004848CBA}','16777488','{AAE901D6-C95B-11D3-9A06-00105A0DF099}',NULL)       
INSERT INTO ToolOptionSet VALUES ('{A9E5147A-6C9A-11D3-843A-005004848CBA}','16777488','{AAE90205-C95B-11D3-9A06-00105A0DF099}',NULL)       
INSERT INTO ToolOptionSet VALUES ('{A9E5147A-6C9A-11D3-843A-005004848CBA}','16777488','{AAE90346-C95B-11D3-9A06-00105A0DF099}',NULL)       
INSERT INTO ToolOptionSet VALUES ('{A9E5147A-6C9A-11D3-843A-005004848CBA}','16777488','{AAE9037F-C95B-11D3-9A06-00105A0DF099}',NULL)       
INSERT INTO ToolOptionSet VALUES ('{A9E5147A-6C9A-11D3-843A-005004848CBA}','16777488','{AAE903F1-C95B-11D3-9A06-00105A0DF099}',NULL)      
INSERT INTO ToolOptionSet VALUES ('{A9E5147A-6C9A-11D3-843A-005004848CBA}','16777488','{AC7419D3-CDFD-11d3-9916-00105A1E7FA9}',NULL)        
	//DLL Release settings
INSERT INTO ToolOptionSet VALUES ('{A9E5147A-6C9A-11D3-843A-005004848CBA}','33554432','{AAE901D7-C95B-11D3-9A06-00105A0DF099}',NULL)       
INSERT INTO ToolOptionSet VALUES ('{A9E5147A-6C9A-11D3-843A-005004848CBA}','33554432','{AAE901F4-C95B-11D3-9A06-00105A0DF099}',NULL)       
INSERT INTO ToolOptionSet VALUES ('{A9E5147A-6C9A-11D3-843A-005004848CBA}','33554432','{AAE9033B-C95B-11D3-9A06-00105A0DF099}',NULL)       
INSERT INTO ToolOptionSet VALUES ('{A9E5147A-6C9A-11D3-843A-005004848CBA}','33554432','{AAE9037F-C95B-11D3-9A06-00105A0DF099}',NULL)       
INSERT INTO ToolOptionSet VALUES ('{A9E5147A-6C9A-11D3-843A-005004848CBA}','33554432','{AAE903B0-C95B-11D3-9A06-00105A0DF099}',NULL)       
INSERT INTO ToolOptionSet VALUES ('{A9E5147A-6C9A-11D3-843A-005004848CBA}','33554432','{AC7419D3-CDFD-11d3-9916-00105A1E7FA9}',NULL)        
	//ATL DLL Release MinSize settings
INSERT INTO ToolOptionSet VALUES ('{A9E5147A-6C9A-11D3-843A-005004848CBA}','33554433','{AAE90209-C95B-11D3-9A06-00105A0DF099}',NULL)       
INSERT INTO ToolOptionSet VALUES ('{A9E5147A-6C9A-11D3-843A-005004848CBA}','33554433','{AAE9020A-C95B-11D3-9A06-00105A0DF099}',NULL)       
INSERT INTO ToolOptionSet VALUES ('{A9E5147A-6C9A-11D3-843A-005004848CBA}','33554433','{AAE9033B-C95B-11D3-9A06-00105A0DF099}',NULL)       
INSERT INTO ToolOptionSet VALUES ('{A9E5147A-6C9A-11D3-843A-005004848CBA}','33554433','{AAE9037F-C95B-11D3-9A06-00105A0DF099}',NULL)       
INSERT INTO ToolOptionSet VALUES ('{A9E5147A-6C9A-11D3-843A-005004848CBA}','33554433','{AAE903B0-C95B-11D3-9A06-00105A0DF099}',NULL)       
INSERT INTO ToolOptionSet VALUES ('{A9E5147A-6C9A-11D3-843A-005004848CBA}','33554433','{AC7419D3-CDFD-11d3-9916-00105A1E7FA9}',NULL)        
	//ATL DLL Release MinDep settings
INSERT INTO ToolOptionSet VALUES ('{A9E5147A-6C9A-11D3-843A-005004848CBA}','33554434','{AAE90209-C95B-11D3-9A06-00105A0DF099}',NULL)       
INSERT INTO ToolOptionSet VALUES ('{A9E5147A-6C9A-11D3-843A-005004848CBA}','33554434','{AAE9020A-C95B-11D3-9A06-00105A0DF099}',NULL)       
INSERT INTO ToolOptionSet VALUES ('{A9E5147A-6C9A-11D3-843A-005004848CBA}','33554434','{AAE9033B-C95B-11D3-9A06-00105A0DF099}',NULL)       
INSERT INTO ToolOptionSet VALUES ('{A9E5147A-6C9A-11D3-843A-005004848CBA}','33554434','{AAE9037F-C95B-11D3-9A06-00105A0DF099}',NULL)       
INSERT INTO ToolOptionSet VALUES ('{A9E5147A-6C9A-11D3-843A-005004848CBA}','33554434','{AAE90397-C95B-11D3-9A06-00105A0DF099}',NULL)       
INSERT INTO ToolOptionSet VALUES ('{A9E5147A-6C9A-11D3-843A-005004848CBA}','33554434','{AAE903B0-C95B-11D3-9A06-00105A0DF099}',NULL)       
INSERT INTO ToolOptionSet VALUES ('{A9E5147A-6C9A-11D3-843A-005004848CBA}','33554434','{AC7419D3-CDFD-11d3-9916-00105A1E7FA9}',NULL)        
	//ATL EXE Release MinSize settings
INSERT INTO ToolOptionSet VALUES ('{A9E5147A-6C9A-11D3-843A-005004848CBA}','16777217','{AAE90205-C95B-11D3-9A06-00105A0DF099}',NULL)       
INSERT INTO ToolOptionSet VALUES ('{A9E5147A-6C9A-11D3-843A-005004848CBA}','16777217','{AAE9020A-C95B-11D3-9A06-00105A0DF099}',NULL)       
INSERT INTO ToolOptionSet VALUES ('{A9E5147A-6C9A-11D3-843A-005004848CBA}','16777217','{AAE9033B-C95B-11D3-9A06-00105A0DF099}',NULL)       
INSERT INTO ToolOptionSet VALUES ('{A9E5147A-6C9A-11D3-843A-005004848CBA}','16777217','{AAE9037F-C95B-11D3-9A06-00105A0DF099}',NULL)       
INSERT INTO ToolOptionSet VALUES ('{A9E5147A-6C9A-11D3-843A-005004848CBA}','16777217','{AAE903B0-C95B-11D3-9A06-00105A0DF099}',NULL)       
INSERT INTO ToolOptionSet VALUES ('{A9E5147A-6C9A-11D3-843A-005004848CBA}','16777217','{AAE903DB-C95B-11D3-9A06-00105A0DF099}',NULL)       
INSERT INTO ToolOptionSet VALUES ('{A9E5147A-6C9A-11D3-843A-005004848CBA}','16777217','{AC7419D3-CDFD-11d3-9916-00105A1E7FA9}',NULL)        
	//ATL EXE Release MinDep settings
INSERT INTO ToolOptionSet VALUES ('{A9E5147A-6C9A-11D3-843A-005004848CBA}','16777218','{AAE90205-C95B-11D3-9A06-00105A0DF099}',NULL)       
INSERT INTO ToolOptionSet VALUES ('{A9E5147A-6C9A-11D3-843A-005004848CBA}','16777218','{AAE9020A-C95B-11D3-9A06-00105A0DF099}',NULL)       
INSERT INTO ToolOptionSet VALUES ('{A9E5147A-6C9A-11D3-843A-005004848CBA}','16777218','{AAE9033B-C95B-11D3-9A06-00105A0DF099}',NULL)       
INSERT INTO ToolOptionSet VALUES ('{A9E5147A-6C9A-11D3-843A-005004848CBA}','16777218','{AAE9037F-C95B-11D3-9A06-00105A0DF099}',NULL)       
INSERT INTO ToolOptionSet VALUES ('{A9E5147A-6C9A-11D3-843A-005004848CBA}','16777218','{AAE90397-C95B-11D3-9A06-00105A0DF099}',NULL)       
INSERT INTO ToolOptionSet VALUES ('{A9E5147A-6C9A-11D3-843A-005004848CBA}','16777218','{AAE903B0-C95B-11D3-9A06-00105A0DF099}',NULL)       
INSERT INTO ToolOptionSet VALUES ('{A9E5147A-6C9A-11D3-843A-005004848CBA}','16777218','{AAE903DB-C95B-11D3-9A06-00105A0DF099}',NULL)       
INSERT INTO ToolOptionSet VALUES ('{A9E5147A-6C9A-11D3-843A-005004848CBA}','16777218','{AC7419D3-CDFD-11d3-9916-00105A1E7FA9}',NULL)        
	//MFC DLL Release settings
INSERT INTO ToolOptionSet VALUES ('{A9E5147A-6C9A-11D3-843A-005004848CBA}','33554448','{AAE901F4-C95B-11D3-9A06-00105A0DF099}',NULL)       
INSERT INTO ToolOptionSet VALUES ('{A9E5147A-6C9A-11D3-843A-005004848CBA}','33554448','{AAE90205-C95B-11D3-9A06-00105A0DF099}',NULL)       
INSERT INTO ToolOptionSet VALUES ('{A9E5147A-6C9A-11D3-843A-005004848CBA}','33554448','{AAE9033B-C95B-11D3-9A06-00105A0DF099}',NULL)       
INSERT INTO ToolOptionSet VALUES ('{A9E5147A-6C9A-11D3-843A-005004848CBA}','33554448','{AAE9037F-C95B-11D3-9A06-00105A0DF099}',NULL)       
INSERT INTO ToolOptionSet VALUES ('{A9E5147A-6C9A-11D3-843A-005004848CBA}','33554448','{AAE903B0-C95B-11D3-9A06-00105A0DF099}',NULL)       
INSERT INTO ToolOptionSet VALUES ('{A9E5147A-6C9A-11D3-843A-005004848CBA}','33554448','{AAE903F1-C95B-11D3-9A06-00105A0DF099}',NULL)      
INSERT INTO ToolOptionSet VALUES ('{A9E5147A-6C9A-11D3-843A-005004848CBA}','33554448','{AC7419D3-CDFD-11d3-9916-00105A1E7FA9}',NULL)        
	// DLL Debug settings
INSERT INTO ToolOptionSet VALUES ('{A9E5147A-6C9A-11D3-843A-005004848CBA}','33554688','{AAE901D5-C95B-11D3-9A06-00105A0DF099}',NULL)       
INSERT INTO ToolOptionSet VALUES ('{A9E5147A-6C9A-11D3-843A-005004848CBA}','33554688','{AAE901D7-C95B-11D3-9A06-00105A0DF099}',NULL)       
INSERT INTO ToolOptionSet VALUES ('{A9E5147A-6C9A-11D3-843A-005004848CBA}','33554688','{AAE901DC-C95B-11D3-9A06-00105A0DF099}',NULL)       
INSERT INTO ToolOptionSet VALUES ('{A9E5147A-6C9A-11D3-843A-005004848CBA}','33554688','{AAE90346-C95B-11D3-9A06-00105A0DF099}',NULL)       
INSERT INTO ToolOptionSet VALUES ('{A9E5147A-6C9A-11D3-843A-005004848CBA}','33554688','{AAE9037F-C95B-11D3-9A06-00105A0DF099}',NULL)       
INSERT INTO ToolOptionSet VALUES ('{A9E5147A-6C9A-11D3-843A-005004848CBA}','33554688','{AC7419D3-CDFD-11d3-9916-00105A1E7FA9}',NULL)        
	// ATL DLL Debug settings
INSERT INTO ToolOptionSet VALUES ('{A9E5147A-6C9A-11D3-843A-005004848CBA}','33554689','{AAE901D5-C95B-11D3-9A06-00105A0DF099}',NULL)       
INSERT INTO ToolOptionSet VALUES ('{A9E5147A-6C9A-11D3-843A-005004848CBA}','33554689','{AAE901DC-C95B-11D3-9A06-00105A0DF099}',NULL)       
INSERT INTO ToolOptionSet VALUES ('{A9E5147A-6C9A-11D3-843A-005004848CBA}','33554689','{AAE90204-C95B-11D3-9A06-00105A0DF099}',NULL)       
INSERT INTO ToolOptionSet VALUES ('{A9E5147A-6C9A-11D3-843A-005004848CBA}','33554689','{AAE90205-C95B-11D3-9A06-00105A0DF099}',NULL)       
INSERT INTO ToolOptionSet VALUES ('{A9E5147A-6C9A-11D3-843A-005004848CBA}','33554689','{AAE90346-C95B-11D3-9A06-00105A0DF099}',NULL)       
INSERT INTO ToolOptionSet VALUES ('{A9E5147A-6C9A-11D3-843A-005004848CBA}','33554689','{AAE9037F-C95B-11D3-9A06-00105A0DF099}',NULL)       
INSERT INTO ToolOptionSet VALUES ('{A9E5147A-6C9A-11D3-843A-005004848CBA}','33554689','{AC7419D3-CDFD-11d3-9916-00105A1E7FA9}',NULL)        
	// ATL EXE Debug settings
INSERT INTO ToolOptionSet VALUES ('{A9E5147A-6C9A-11D3-843A-005004848CBA}','16777473','{AAE901D5-C95B-11D3-9A06-00105A0DF099}',NULL)       
INSERT INTO ToolOptionSet VALUES ('{A9E5147A-6C9A-11D3-843A-005004848CBA}','16777473','{AAE901D6-C95B-11D3-9A06-00105A0DF099}',NULL)       
INSERT INTO ToolOptionSet VALUES ('{A9E5147A-6C9A-11D3-843A-005004848CBA}','16777473','{AAE90205-C95B-11D3-9A06-00105A0DF099}',NULL)       
INSERT INTO ToolOptionSet VALUES ('{A9E5147A-6C9A-11D3-843A-005004848CBA}','16777473','{AAE90346-C95B-11D3-9A06-00105A0DF099}',NULL)       
INSERT INTO ToolOptionSet VALUES ('{A9E5147A-6C9A-11D3-843A-005004848CBA}','16777473','{AAE9037F-C95B-11D3-9A06-00105A0DF099}',NULL)       
INSERT INTO ToolOptionSet VALUES ('{A9E5147A-6C9A-11D3-843A-005004848CBA}','16777473','{AAE903E6-C95B-11D3-9A06-00105A0DF099}',NULL)       
INSERT INTO ToolOptionSet VALUES ('{A9E5147A-6C9A-11D3-843A-005004848CBA}','16777473','{AC7419D3-CDFD-11d3-9916-00105A1E7FA9}',NULL)        
	// MFC DLL Debug settings
INSERT INTO ToolOptionSet VALUES ('{A9E5147A-6C9A-11D3-843A-005004848CBA}','33554704','{AAE901D5-C95B-11D3-9A06-00105A0DF099}',NULL)       
INSERT INTO ToolOptionSet VALUES ('{A9E5147A-6C9A-11D3-843A-005004848CBA}','33554704','{AAE901DC-C95B-11D3-9A06-00105A0DF099}',NULL)       
INSERT INTO ToolOptionSet VALUES ('{A9E5147A-6C9A-11D3-843A-005004848CBA}','33554704','{AAE90205-C95B-11D3-9A06-00105A0DF099}',NULL)       
INSERT INTO ToolOptionSet VALUES ('{A9E5147A-6C9A-11D3-843A-005004848CBA}','33554704','{AAE90346-C95B-11D3-9A06-00105A0DF099}',NULL)       
INSERT INTO ToolOptionSet VALUES ('{A9E5147A-6C9A-11D3-843A-005004848CBA}','33554704','{AAE9037F-C95B-11D3-9A06-00105A0DF099}',NULL)       
INSERT INTO ToolOptionSet VALUES ('{A9E5147A-6C9A-11D3-843A-005004848CBA}','33554704','{AAE903F1-C95B-11D3-9A06-00105A0DF099}',NULL)      
INSERT INTO ToolOptionSet VALUES ('{A9E5147A-6C9A-11D3-843A-005004848CBA}','33554704','{AC7419D3-CDFD-11d3-9916-00105A1E7FA9}',NULL)        
	// MFC ActiveX Control release settings
INSERT INTO ToolOptionSet VALUES ('{A9E5147A-6C9A-11D3-843A-005004848CBA}','33558544','{AAE901F4-C95B-11D3-9A06-00105A0DF099}',NULL)       
INSERT INTO ToolOptionSet VALUES ('{A9E5147A-6C9A-11D3-843A-005004848CBA}','33558544','{AAE90205-C95B-11D3-9A06-00105A0DF099}',NULL)       
INSERT INTO ToolOptionSet VALUES ('{A9E5147A-6C9A-11D3-843A-005004848CBA}','33558544','{AAE9033B-C95B-11D3-9A06-00105A0DF099}',NULL)       
INSERT INTO ToolOptionSet VALUES ('{A9E5147A-6C9A-11D3-843A-005004848CBA}','33558544','{AAE9037F-C95B-11D3-9A06-00105A0DF099}',NULL)       
INSERT INTO ToolOptionSet VALUES ('{A9E5147A-6C9A-11D3-843A-005004848CBA}','33558544','{AAE903B0-C95B-11D3-9A06-00105A0DF099}',NULL)       
INSERT INTO ToolOptionSet VALUES ('{A9E5147A-6C9A-11D3-843A-005004848CBA}','33558544','{AAE903F1-C95B-11D3-9A06-00105A0DF099}',NULL)      
INSERT INTO ToolOptionSet VALUES ('{A9E5147A-6C9A-11D3-843A-005004848CBA}','33558544','{AC7419D3-CDFD-11d3-9916-00105A1E7FA9}',NULL)        
	// MFC ActiveX Control debug settings
INSERT INTO ToolOptionSet VALUES ('{A9E5147A-6C9A-11D3-843A-005004848CBA}','33558800','{AAE901D5-C95B-11D3-9A06-00105A0DF099}',NULL)       
INSERT INTO ToolOptionSet VALUES ('{A9E5147A-6C9A-11D3-843A-005004848CBA}','33558800','{AAE901DC-C95B-11D3-9A06-00105A0DF099}',NULL)       
INSERT INTO ToolOptionSet VALUES ('{A9E5147A-6C9A-11D3-843A-005004848CBA}','33558800','{AAE90205-C95B-11D3-9A06-00105A0DF099}',NULL)       
INSERT INTO ToolOptionSet VALUES ('{A9E5147A-6C9A-11D3-843A-005004848CBA}','33558800','{AAE90346-C95B-11D3-9A06-00105A0DF099}',NULL)       
INSERT INTO ToolOptionSet VALUES ('{A9E5147A-6C9A-11D3-843A-005004848CBA}','33558800','{AAE9037F-C95B-11D3-9A06-00105A0DF099}',NULL)       
INSERT INTO ToolOptionSet VALUES ('{A9E5147A-6C9A-11D3-843A-005004848CBA}','33558800','{AAE903F1-C95B-11D3-9A06-00105A0DF099}',NULL)      
INSERT INTO ToolOptionSet VALUES ('{A9E5147A-6C9A-11D3-843A-005004848CBA}','33558800','{AC7419D3-CDFD-11d3-9916-00105A1E7FA9}',NULL)        
	// Concole application release settings
INSERT INTO ToolOptionSet VALUES ('{A9E5147A-6C9A-11D3-843A-005004848CBA}','50331648','{AAE901D7-C95B-11D3-9A06-00105A0DF099}',NULL)       
INSERT INTO ToolOptionSet VALUES ('{A9E5147A-6C9A-11D3-843A-005004848CBA}','50331648','{AAE901FA-C95B-11D3-9A06-00105A0DF099}',NULL)       
INSERT INTO ToolOptionSet VALUES ('{A9E5147A-6C9A-11D3-843A-005004848CBA}','50331648','{AAE9033B-C95B-11D3-9A06-00105A0DF099}',NULL)       
INSERT INTO ToolOptionSet VALUES ('{A9E5147A-6C9A-11D3-843A-005004848CBA}','50331648','{AAE9037F-C95B-11D3-9A06-00105A0DF099}',NULL)       
INSERT INTO ToolOptionSet VALUES ('{A9E5147A-6C9A-11D3-843A-005004848CBA}','50331648','{AAE903B0-C95B-11D3-9A06-00105A0DF099}',NULL)       
INSERT INTO ToolOptionSet VALUES ('{A9E5147A-6C9A-11D3-843A-005004848CBA}','50331648','{AC7419D3-CDFD-11d3-9916-00105A1E7FA9}',NULL)        
	// Concole application debug settings
INSERT INTO ToolOptionSet VALUES ('{A9E5147A-6C9A-11D3-843A-005004848CBA}','50331904','{AAE901D5-C95B-11D3-9A06-00105A0DF099}',NULL)       
INSERT INTO ToolOptionSet VALUES ('{A9E5147A-6C9A-11D3-843A-005004848CBA}','50331904','{AAE901D7-C95B-11D3-9A06-00105A0DF099}',NULL)       
INSERT INTO ToolOptionSet VALUES ('{A9E5147A-6C9A-11D3-843A-005004848CBA}','50331904','{AAE901DF-C95B-11D3-9A06-00105A0DF099}',NULL)       
INSERT INTO ToolOptionSet VALUES ('{A9E5147A-6C9A-11D3-843A-005004848CBA}','50331904','{AAE90346-C95B-11D3-9A06-00105A0DF099}',NULL)       
INSERT INTO ToolOptionSet VALUES ('{A9E5147A-6C9A-11D3-843A-005004848CBA}','50331904','{AAE9037F-C95B-11D3-9A06-00105A0DF099}',NULL)       
INSERT INTO ToolOptionSet VALUES ('{A9E5147A-6C9A-11D3-843A-005004848CBA}','50331904','{AC7419D3-CDFD-11d3-9916-00105A1E7FA9}',NULL)        
	// Static Library release settings
INSERT INTO ToolOptionSet VALUES ('{A9E5147A-6C9A-11D3-843A-005004848CBA}','67108864','{AAE901D7-C95B-11D3-9A06-00105A0DF099}',NULL)       
INSERT INTO ToolOptionSet VALUES ('{A9E5147A-6C9A-11D3-843A-005004848CBA}','67108864','{AAE901FD-C95B-11D3-9A06-00105A0DF099}',NULL)       
INSERT INTO ToolOptionSet VALUES ('{A9E5147A-6C9A-11D3-843A-005004848CBA}','67108864','{AAE9033B-C95B-11D3-9A06-00105A0DF099}',NULL)       
INSERT INTO ToolOptionSet VALUES ('{A9E5147A-6C9A-11D3-843A-005004848CBA}','67108864','{AAE9037F-C95B-11D3-9A06-00105A0DF099}',NULL)       
INSERT INTO ToolOptionSet VALUES ('{A9E5147A-6C9A-11D3-843A-005004848CBA}','67108864','{AAE903B0-C95B-11D3-9A06-00105A0DF099}',NULL)       
INSERT INTO ToolOptionSet VALUES ('{A9E5147A-6C9A-11D3-843A-005004848CBA}','67108864','{AC7419D3-CDFD-11d3-9916-00105A1E7FA9}',NULL)        
	// Static Library debug settings
INSERT INTO ToolOptionSet VALUES ('{A9E5147A-6C9A-11D3-843A-005004848CBA}','67109120','{AAE901D5-C95B-11D3-9A06-00105A0DF099}',NULL)       
INSERT INTO ToolOptionSet VALUES ('{A9E5147A-6C9A-11D3-843A-005004848CBA}','67109120','{AAE901D7-C95B-11D3-9A06-00105A0DF099}',NULL)       
INSERT INTO ToolOptionSet VALUES ('{A9E5147A-6C9A-11D3-843A-005004848CBA}','67109120','{AAE901E2-C95B-11D3-9A06-00105A0DF099}',NULL)       
INSERT INTO ToolOptionSet VALUES ('{A9E5147A-6C9A-11D3-843A-005004848CBA}','67109120','{AAE90346-C95B-11D3-9A06-00105A0DF099}',NULL)       
INSERT INTO ToolOptionSet VALUES ('{A9E5147A-6C9A-11D3-843A-005004848CBA}','67109120','{AAE9037F-C95B-11D3-9A06-00105A0DF099}',NULL)       
INSERT INTO ToolOptionSet VALUES ('{A9E5147A-6C9A-11D3-843A-005004848CBA}','67109120','{AC7419D3-CDFD-11d3-9916-00105A1E7FA9}',NULL) 

// LINK CEF
INSERT INTO ToolOptionSet VALUES ('{A9E5147B-6C9A-11D3-843A-005004848CBA}','16777216','{AAE901D8-C95B-11D3-9A06-00105A0DF099}',NULL)       
INSERT INTO ToolOptionSet VALUES ('{A9E5147B-6C9A-11D3-843A-005004848CBA}','16777216','{AAE901EF-C95B-11D3-9A06-00105A0DF099}',NULL)       
INSERT INTO ToolOptionSet VALUES ('{A9E5147B-6C9A-11D3-843A-005004848CBA}','16777216','{AAE901F1-C95B-11D3-9A06-00105A0DF099}',NULL)       
INSERT INTO ToolOptionSet VALUES ('{A9E5147B-6C9A-11D3-843A-005004848CBA}','16777216','{AAE902F3-C95B-11D3-9A06-00105A0DF099}',NULL)       
INSERT INTO ToolOptionSet VALUES ('{A9E5147B-6C9A-11D3-843A-005004848CBA}','16777216','{AAE9035D-C95B-11D3-9A06-00105A0DF099}',NULL)       
INSERT INTO ToolOptionSet VALUES ('{A9E5147B-6C9A-11D3-843A-005004848CBA}','16777216','{AAE90374-C95B-11D3-9A06-00105A0DF099}',NULL)       
INSERT INTO ToolOptionSet VALUES ('{A9E5147B-6C9A-11D3-843A-005004848CBA}','16777216','{AAE903C6-C95B-11D3-9A06-00105A0DF099}',NULL)       

INSERT INTO ToolOptionSet VALUES ('{A9E5147B-6C9A-11D3-843A-005004848CBA}','16777232','{AAE901EC-C95B-11D3-9A06-00105A0DF099}',NULL)       
INSERT INTO ToolOptionSet VALUES ('{A9E5147B-6C9A-11D3-843A-005004848CBA}','16777232','{AAE90200-C95B-11D3-9A06-00105A0DF099}',NULL)       
INSERT INTO ToolOptionSet VALUES ('{A9E5147B-6C9A-11D3-843A-005004848CBA}','16777232','{AAE9035D-C95B-11D3-9A06-00105A0DF099}',NULL)       
INSERT INTO ToolOptionSet VALUES ('{A9E5147B-6C9A-11D3-843A-005004848CBA}','16777232','{AAE90374-C95B-11D3-9A06-00105A0DF099}',NULL)       
INSERT INTO ToolOptionSet VALUES ('{A9E5147B-6C9A-11D3-843A-005004848CBA}','16777232','{AAE903C6-C95B-11D3-9A06-00105A0DF099}',NULL)       

INSERT INTO ToolOptionSet VALUES ('{A9E5147B-6C9A-11D3-843A-005004848CBA}','16777472','{AAE901D8-C95B-11D3-9A06-00105A0DF099}',NULL)       
INSERT INTO ToolOptionSet VALUES ('{A9E5147B-6C9A-11D3-843A-005004848CBA}','16777472','{AAE901D9-C95B-11D3-9A06-00105A0DF099}',NULL)       
INSERT INTO ToolOptionSet VALUES ('{A9E5147B-6C9A-11D3-843A-005004848CBA}','16777472','{AAE901DA-C95B-11D3-9A06-00105A0DF099}',NULL)       
INSERT INTO ToolOptionSet VALUES ('{A9E5147B-6C9A-11D3-843A-005004848CBA}','16777472','{AAE901DB-C95B-11D3-9A06-00105A0DF099}',NULL)       
INSERT INTO ToolOptionSet VALUES ('{A9E5147B-6C9A-11D3-843A-005004848CBA}','16777472','{AAE902F3-C95B-11D3-9A06-00105A0DF099}',NULL)       
INSERT INTO ToolOptionSet VALUES ('{A9E5147B-6C9A-11D3-843A-005004848CBA}','16777472','{AAE9035D-C95B-11D3-9A06-00105A0DF099}',NULL)       
INSERT INTO ToolOptionSet VALUES ('{A9E5147B-6C9A-11D3-843A-005004848CBA}','16777472','{AAE90374-C95B-11D3-9A06-00105A0DF099}',NULL)       
INSERT INTO ToolOptionSet VALUES ('{A9E5147B-6C9A-11D3-843A-005004848CBA}','16777472','{AAE903C6-C95B-11D3-9A06-00105A0DF099}',NULL)       

INSERT INTO ToolOptionSet VALUES ('{A9E5147B-6C9A-11D3-843A-005004848CBA}','16777488','{AAE901E4-C95B-11D3-9A06-00105A0DF099}',NULL)       
INSERT INTO ToolOptionSet VALUES ('{A9E5147B-6C9A-11D3-843A-005004848CBA}','16777488','{AAE901EC-C95B-11D3-9A06-00105A0DF099}',NULL)       
INSERT INTO ToolOptionSet VALUES ('{A9E5147B-6C9A-11D3-843A-005004848CBA}','16777488','{AAE9035D-C95B-11D3-9A06-00105A0DF099}',NULL)       
INSERT INTO ToolOptionSet VALUES ('{A9E5147B-6C9A-11D3-843A-005004848CBA}','16777488','{AAE90374-C95B-11D3-9A06-00105A0DF099}',NULL)       
INSERT INTO ToolOptionSet VALUES ('{A9E5147B-6C9A-11D3-843A-005004848CBA}','16777488','{AAE903C6-C95B-11D3-9A06-00105A0DF099}',NULL)       

INSERT INTO ToolOptionSet VALUES ('{A9E5147B-6C9A-11D3-843A-005004848CBA}','33554432','{AAE901D8-C95B-11D3-9A06-00105A0DF099}',NULL)       
INSERT INTO ToolOptionSet VALUES ('{A9E5147B-6C9A-11D3-843A-005004848CBA}','33554432','{AAE901F1-C95B-11D3-9A06-00105A0DF099}',NULL)       
INSERT INTO ToolOptionSet VALUES ('{A9E5147B-6C9A-11D3-843A-005004848CBA}','33554432','{AAE901F5-C95B-11D3-9A06-00105A0DF099}',NULL)       
INSERT INTO ToolOptionSet VALUES ('{A9E5147B-6C9A-11D3-843A-005004848CBA}','33554432','{AAE902F3-C95B-11D3-9A06-00105A0DF099}',NULL)       
INSERT INTO ToolOptionSet VALUES ('{A9E5147B-6C9A-11D3-843A-005004848CBA}','33554432','{AAE90368-C95B-11D3-9A06-00105A0DF099}',NULL)       
INSERT INTO ToolOptionSet VALUES ('{A9E5147B-6C9A-11D3-843A-005004848CBA}','33554432','{AAE90374-C95B-11D3-9A06-00105A0DF099}',NULL)       
INSERT INTO ToolOptionSet VALUES ('{A9E5147B-6C9A-11D3-843A-005004848CBA}','33554432','{AAE903C6-C95B-11D3-9A06-00105A0DF099}',NULL)       

INSERT INTO ToolOptionSet VALUES ('{A9E5147B-6C9A-11D3-843A-005004848CBA}','33554433','{AAE901F5-C95B-11D3-9A06-00105A0DF099}',NULL)       
INSERT INTO ToolOptionSet VALUES ('{A9E5147B-6C9A-11D3-843A-005004848CBA}','33554433','{AAE90206-C95B-11D3-9A06-00105A0DF099}',NULL)       
INSERT INTO ToolOptionSet VALUES ('{A9E5147B-6C9A-11D3-843A-005004848CBA}','33554433','{AAE90368-C95B-11D3-9A06-00105A0DF099}',NULL)       
INSERT INTO ToolOptionSet VALUES ('{A9E5147B-6C9A-11D3-843A-005004848CBA}','33554433','{AAE90374-C95B-11D3-9A06-00105A0DF099}',NULL)       
INSERT INTO ToolOptionSet VALUES ('{A9E5147B-6C9A-11D3-843A-005004848CBA}','33554433','{AAE903C6-C95B-11D3-9A06-00105A0DF099}',NULL)       

INSERT INTO ToolOptionSet VALUES ('{A9E5147B-6C9A-11D3-843A-005004848CBA}','33554434','{AAE901F5-C95B-11D3-9A06-00105A0DF099}',NULL)       
INSERT INTO ToolOptionSet VALUES ('{A9E5147B-6C9A-11D3-843A-005004848CBA}','33554434','{AAE90206-C95B-11D3-9A06-00105A0DF099}',NULL)       
INSERT INTO ToolOptionSet VALUES ('{A9E5147B-6C9A-11D3-843A-005004848CBA}','33554434','{AAE90368-C95B-11D3-9A06-00105A0DF099}',NULL)       
INSERT INTO ToolOptionSet VALUES ('{A9E5147B-6C9A-11D3-843A-005004848CBA}','33554434','{AAE90374-C95B-11D3-9A06-00105A0DF099}',NULL)       
INSERT INTO ToolOptionSet VALUES ('{A9E5147B-6C9A-11D3-843A-005004848CBA}','33554434','{AAE903C6-C95B-11D3-9A06-00105A0DF099}',NULL)       

	//ATL EXE Release MinSize settings
INSERT INTO ToolOptionSet VALUES ('{A9E5147B-6C9A-11D3-843A-005004848CBA}','16777217','{AAE901EF-C95B-11D3-9A06-00105A0DF099}',NULL)       
INSERT INTO ToolOptionSet VALUES ('{A9E5147B-6C9A-11D3-843A-005004848CBA}','16777217','{AAE90206-C95B-11D3-9A06-00105A0DF099}',NULL)       
INSERT INTO ToolOptionSet VALUES ('{A9E5147B-6C9A-11D3-843A-005004848CBA}','16777217','{AAE9035D-C95B-11D3-9A06-00105A0DF099}',NULL)       
INSERT INTO ToolOptionSet VALUES ('{A9E5147B-6C9A-11D3-843A-005004848CBA}','16777217','{AAE90374-C95B-11D3-9A06-00105A0DF099}',NULL)       
INSERT INTO ToolOptionSet VALUES ('{A9E5147B-6C9A-11D3-843A-005004848CBA}','16777217','{AAE903C6-C95B-11D3-9A06-00105A0DF099}',NULL)       
	
	//ATL EXE Release MinDep settings
INSERT INTO ToolOptionSet VALUES ('{A9E5147B-6C9A-11D3-843A-005004848CBA}','16777218','{AAE901EF-C95B-11D3-9A06-00105A0DF099}',NULL)       
INSERT INTO ToolOptionSet VALUES ('{A9E5147B-6C9A-11D3-843A-005004848CBA}','16777218','{AAE90206-C95B-11D3-9A06-00105A0DF099}',NULL)       
INSERT INTO ToolOptionSet VALUES ('{A9E5147B-6C9A-11D3-843A-005004848CBA}','16777218','{AAE9035D-C95B-11D3-9A06-00105A0DF099}',NULL)       
INSERT INTO ToolOptionSet VALUES ('{A9E5147B-6C9A-11D3-843A-005004848CBA}','16777218','{AAE90374-C95B-11D3-9A06-00105A0DF099}',NULL)       
INSERT INTO ToolOptionSet VALUES ('{A9E5147B-6C9A-11D3-843A-005004848CBA}','16777218','{AAE903C6-C95B-11D3-9A06-00105A0DF099}',NULL)       

INSERT INTO ToolOptionSet VALUES ('{A9E5147B-6C9A-11D3-843A-005004848CBA}','33554448','{AAE901F5-C95B-11D3-9A06-00105A0DF099}',NULL)       
INSERT INTO ToolOptionSet VALUES ('{A9E5147B-6C9A-11D3-843A-005004848CBA}','33554448','{AAE90206-C95B-11D3-9A06-00105A0DF099}',NULL)       
INSERT INTO ToolOptionSet VALUES ('{A9E5147B-6C9A-11D3-843A-005004848CBA}','33554448','{AAE90368-C95B-11D3-9A06-00105A0DF099}',NULL)       
INSERT INTO ToolOptionSet VALUES ('{A9E5147B-6C9A-11D3-843A-005004848CBA}','33554448','{AAE90374-C95B-11D3-9A06-00105A0DF099}',NULL)       
INSERT INTO ToolOptionSet VALUES ('{A9E5147B-6C9A-11D3-843A-005004848CBA}','33554448','{AAE903C6-C95B-11D3-9A06-00105A0DF099}',NULL)       

INSERT INTO ToolOptionSet VALUES ('{A9E5147B-6C9A-11D3-843A-005004848CBA}','33554688','{AAE901D8-C95B-11D3-9A06-00105A0DF099}',NULL)       
INSERT INTO ToolOptionSet VALUES ('{A9E5147B-6C9A-11D3-843A-005004848CBA}','33554688','{AAE901D9-C95B-11D3-9A06-00105A0DF099}',NULL)       
INSERT INTO ToolOptionSet VALUES ('{A9E5147B-6C9A-11D3-843A-005004848CBA}','33554688','{AAE901DB-C95B-11D3-9A06-00105A0DF099}',NULL)       
INSERT INTO ToolOptionSet VALUES ('{A9E5147B-6C9A-11D3-843A-005004848CBA}','33554688','{AAE901DD-C95B-11D3-9A06-00105A0DF099}',NULL)       
INSERT INTO ToolOptionSet VALUES ('{A9E5147B-6C9A-11D3-843A-005004848CBA}','33554688','{AAE902F3-C95B-11D3-9A06-00105A0DF099}',NULL)       
INSERT INTO ToolOptionSet VALUES ('{A9E5147B-6C9A-11D3-843A-005004848CBA}','33554688','{AAE90368-C95B-11D3-9A06-00105A0DF099}',NULL)       
INSERT INTO ToolOptionSet VALUES ('{A9E5147B-6C9A-11D3-843A-005004848CBA}','33554688','{AAE90374-C95B-11D3-9A06-00105A0DF099}',NULL)       
INSERT INTO ToolOptionSet VALUES ('{A9E5147B-6C9A-11D3-843A-005004848CBA}','33554688','{AAE903C6-C95B-11D3-9A06-00105A0DF099}',NULL)       

INSERT INTO ToolOptionSet VALUES ('{A9E5147B-6C9A-11D3-843A-005004848CBA}','33554689','{AAE901DD-C95B-11D3-9A06-00105A0DF099}',NULL)       
INSERT INTO ToolOptionSet VALUES ('{A9E5147B-6C9A-11D3-843A-005004848CBA}','33554689','{AAE901E5-C95B-11D3-9A06-00105A0DF099}',NULL)       
INSERT INTO ToolOptionSet VALUES ('{A9E5147B-6C9A-11D3-843A-005004848CBA}','33554689','{AAE90206-C95B-11D3-9A06-00105A0DF099}',NULL)       
INSERT INTO ToolOptionSet VALUES ('{A9E5147B-6C9A-11D3-843A-005004848CBA}','33554689','{AAE90368-C95B-11D3-9A06-00105A0DF099}',NULL)       
INSERT INTO ToolOptionSet VALUES ('{A9E5147B-6C9A-11D3-843A-005004848CBA}','33554689','{AAE90374-C95B-11D3-9A06-00105A0DF099}',NULL)       
INSERT INTO ToolOptionSet VALUES ('{A9E5147B-6C9A-11D3-843A-005004848CBA}','33554689','{AAE903C6-C95B-11D3-9A06-00105A0DF099}',NULL)       

	// ATL EXE Debug settings
INSERT INTO ToolOptionSet VALUES ('{A9E5147B-6C9A-11D3-843A-005004848CBA}','16777473','{AAE901DA-C95B-11D3-9A06-00105A0DF099}',NULL)       
INSERT INTO ToolOptionSet VALUES ('{A9E5147B-6C9A-11D3-843A-005004848CBA}','16777473','{AAE901E5-C95B-11D3-9A06-00105A0DF099}',NULL)       
INSERT INTO ToolOptionSet VALUES ('{A9E5147B-6C9A-11D3-843A-005004848CBA}','16777473','{AAE90206-C95B-11D3-9A06-00105A0DF099}',NULL)       
INSERT INTO ToolOptionSet VALUES ('{A9E5147B-6C9A-11D3-843A-005004848CBA}','16777473','{AAE9035D-C95B-11D3-9A06-00105A0DF099}',NULL)       
INSERT INTO ToolOptionSet VALUES ('{A9E5147B-6C9A-11D3-843A-005004848CBA}','16777473','{AAE90374-C95B-11D3-9A06-00105A0DF099}',NULL)       
INSERT INTO ToolOptionSet VALUES ('{A9E5147B-6C9A-11D3-843A-005004848CBA}','16777473','{AAE903C6-C95B-11D3-9A06-00105A0DF099}',NULL)       

INSERT INTO ToolOptionSet VALUES ('{A9E5147B-6C9A-11D3-843A-005004848CBA}','33554704','{AAE901DD-C95B-11D3-9A06-00105A0DF099}',NULL)       
INSERT INTO ToolOptionSet VALUES ('{A9E5147B-6C9A-11D3-843A-005004848CBA}','33554704','{AAE901E5-C95B-11D3-9A06-00105A0DF099}',NULL)       
INSERT INTO ToolOptionSet VALUES ('{A9E5147B-6C9A-11D3-843A-005004848CBA}','33554704','{AAE90206-C95B-11D3-9A06-00105A0DF099}',NULL)       
INSERT INTO ToolOptionSet VALUES ('{A9E5147B-6C9A-11D3-843A-005004848CBA}','33554704','{AAE90368-C95B-11D3-9A06-00105A0DF099}',NULL)       
INSERT INTO ToolOptionSet VALUES ('{A9E5147B-6C9A-11D3-843A-005004848CBA}','33554704','{AAE90374-C95B-11D3-9A06-00105A0DF099}',NULL)       
INSERT INTO ToolOptionSet VALUES ('{A9E5147B-6C9A-11D3-843A-005004848CBA}','33554704','{AAE903C6-C95B-11D3-9A06-00105A0DF099}',NULL)       

INSERT INTO ToolOptionSet VALUES ('{A9E5147B-6C9A-11D3-843A-005004848CBA}','33558544','{AAE901F5-C95B-11D3-9A06-00105A0DF099}',NULL)       
INSERT INTO ToolOptionSet VALUES ('{A9E5147B-6C9A-11D3-843A-005004848CBA}','33558544','{AAE90206-C95B-11D3-9A06-00105A0DF099}',NULL)       
INSERT INTO ToolOptionSet VALUES ('{A9E5147B-6C9A-11D3-843A-005004848CBA}','33558544','{AAE90368-C95B-11D3-9A06-00105A0DF099}',NULL)       
INSERT INTO ToolOptionSet VALUES ('{A9E5147B-6C9A-11D3-843A-005004848CBA}','33558544','{AAE90374-C95B-11D3-9A06-00105A0DF099}',NULL)       
INSERT INTO ToolOptionSet VALUES ('{A9E5147B-6C9A-11D3-843A-005004848CBA}','33558544','{AAE903C6-C95B-11D3-9A06-00105A0DF099}',NULL)       

INSERT INTO ToolOptionSet VALUES ('{A9E5147B-6C9A-11D3-843A-005004848CBA}','33558800','{AAE901DD-C95B-11D3-9A06-00105A0DF099}',NULL)       
INSERT INTO ToolOptionSet VALUES ('{A9E5147B-6C9A-11D3-843A-005004848CBA}','33558800','{AAE901E5-C95B-11D3-9A06-00105A0DF099}',NULL)       
INSERT INTO ToolOptionSet VALUES ('{A9E5147B-6C9A-11D3-843A-005004848CBA}','33558800','{AAE90206-C95B-11D3-9A06-00105A0DF099}',NULL)       
INSERT INTO ToolOptionSet VALUES ('{A9E5147B-6C9A-11D3-843A-005004848CBA}','33558800','{AAE90368-C95B-11D3-9A06-00105A0DF099}',NULL)       
INSERT INTO ToolOptionSet VALUES ('{A9E5147B-6C9A-11D3-843A-005004848CBA}','33558800','{AAE90374-C95B-11D3-9A06-00105A0DF099}',NULL)       
INSERT INTO ToolOptionSet VALUES ('{A9E5147B-6C9A-11D3-843A-005004848CBA}','33558800','{AAE903C6-C95B-11D3-9A06-00105A0DF099}',NULL)       

INSERT INTO ToolOptionSet VALUES ('{A9E5147B-6C9A-11D3-843A-005004848CBA}','50331648','{AAE901D8-C95B-11D3-9A06-00105A0DF099}',NULL)       
INSERT INTO ToolOptionSet VALUES ('{A9E5147B-6C9A-11D3-843A-005004848CBA}','50331648','{AAE901E0-C95B-11D3-9A06-00105A0DF099}',NULL)       
INSERT INTO ToolOptionSet VALUES ('{A9E5147B-6C9A-11D3-843A-005004848CBA}','50331648','{AAE901FB-C95B-11D3-9A06-00105A0DF099}',NULL)       
INSERT INTO ToolOptionSet VALUES ('{A9E5147B-6C9A-11D3-843A-005004848CBA}','50331648','{AAE9035D-C95B-11D3-9A06-00105A0DF099}',NULL)       
INSERT INTO ToolOptionSet VALUES ('{A9E5147B-6C9A-11D3-843A-005004848CBA}','50331648','{AAE90374-C95B-11D3-9A06-00105A0DF099}',NULL)       
INSERT INTO ToolOptionSet VALUES ('{A9E5147B-6C9A-11D3-843A-005004848CBA}','50331648','{AAE903C6-C95B-11D3-9A06-00105A0DF099}',NULL)       
INSERT INTO ToolOptionSet VALUES ('{A9E5147C-6C9A-11D3-843A-005004848CBA}','50331648','{CF87FD69-D430-11d3-9918-00105A1E7FA9}',NULL)        

INSERT INTO ToolOptionSet VALUES ('{A9E5147B-6C9A-11D3-843A-005004848CBA}','50331904','{AAE901D8-C95B-11D3-9A06-00105A0DF099}',NULL)       
INSERT INTO ToolOptionSet VALUES ('{A9E5147B-6C9A-11D3-843A-005004848CBA}','50331904','{AAE901D9-C95B-11D3-9A06-00105A0DF099}',NULL)       
INSERT INTO ToolOptionSet VALUES ('{A9E5147B-6C9A-11D3-843A-005004848CBA}','50331904','{AAE901E0-C95B-11D3-9A06-00105A0DF099}',NULL)       
INSERT INTO ToolOptionSet VALUES ('{A9E5147B-6C9A-11D3-843A-005004848CBA}','50331904','{AAE901E1-C95B-11D3-9A06-00105A0DF099}',NULL)       
INSERT INTO ToolOptionSet VALUES ('{A9E5147B-6C9A-11D3-843A-005004848CBA}','50331904','{AAE9035D-C95B-11D3-9A06-00105A0DF099}',NULL)       
INSERT INTO ToolOptionSet VALUES ('{A9E5147B-6C9A-11D3-843A-005004848CBA}','50331904','{AAE90374-C95B-11D3-9A06-00105A0DF099}',NULL)       
INSERT INTO ToolOptionSet VALUES ('{A9E5147B-6C9A-11D3-843A-005004848CBA}','50331904','{AAE903C6-C95B-11D3-9A06-00105A0DF099}',NULL)       
INSERT INTO ToolOptionSet VALUES ('{A9E5147C-6C9A-11D3-843A-005004848CBA}','50331904','{CF87FD69-D430-11d3-9918-00105A1E7FA9}',NULL)        

//VCRC CEF
INSERT INTO ToolOptionSet VALUES ('{A9E5147C-6C9A-11D3-843A-005004848CBA}','16777216','{AAE901D4-C95B-11D3-9A06-00105A0DF099}',NULL)       
INSERT INTO ToolOptionSet VALUES ('{A9E5147C-6C9A-11D3-843A-005004848CBA}','16777216','{AF53B9B2-D81A-11d3-9918-00105A1E7FA9}',NULL)        
INSERT INTO ToolOptionSet VALUES ('{A9E5147C-6C9A-11D3-843A-005004848CBA}','16777216','{AAE901F2-C95B-11D3-9A06-00105A0DF099}',NULL)       
INSERT INTO ToolOptionSet VALUES ('{A9E5147C-6C9A-11D3-843A-005004848CBA}','16777216','{AC19F04c-D2D2-11d3-9917-00105A1E7FA9}',NULL)        
INSERT INTO ToolOptionSet VALUES ('{A9E5147C-6C9A-11D3-843A-005004848CBA}','16777216','{CF87FD69-D430-11d3-9918-00105A1E7FA9}',NULL)        

INSERT INTO ToolOptionSet VALUES ('{A9E5147C-6C9A-11D3-843A-005004848CBA}','16777232','{AAE901D4-C95B-11D3-9A06-00105A0DF099}',NULL)       
INSERT INTO ToolOptionSet VALUES ('{A9E5147C-6C9A-11D3-843A-005004848CBA}','16777232','{AF53B9B2-D81A-11d3-9918-00105A1E7FA9}',NULL)        
INSERT INTO ToolOptionSet VALUES ('{A9E5147C-6C9A-11D3-843A-005004848CBA}','16777232','{AAE901F2-C95B-11D3-9A06-00105A0DF099}',NULL)       
INSERT INTO ToolOptionSet VALUES ('{A9E5147C-6C9A-11D3-843A-005004848CBA}','16777232','{AC19F04c-D2D2-11d3-9917-00105A1E7FA9}',NULL)        
INSERT INTO ToolOptionSet VALUES ('{A9E5147C-6C9A-11D3-843A-005004848CBA}','16777232','{CF87FD69-D430-11d3-9918-00105A1E7FA9}',NULL)        

INSERT INTO ToolOptionSet VALUES ('{A9E5147C-6C9A-11D3-843A-005004848CBA}','16777472','{AAE901D4-C95B-11D3-9A06-00105A0DF099}',NULL)       
INSERT INTO ToolOptionSet VALUES ('{A9E5147C-6C9A-11D3-843A-005004848CBA}','16777472','{AF53B9B2-D81A-11d3-9918-00105A1E7FA9}',NULL)        
INSERT INTO ToolOptionSet VALUES ('{A9E5147C-6C9A-11D3-843A-005004848CBA}','16777472','{AAE901D3-C95B-11D3-9A06-00105A0DF099}',NULL)       
INSERT INTO ToolOptionSet VALUES ('{A9E5147C-6C9A-11D3-843A-005004848CBA}','16777472','{AC19F04c-D2D2-11d3-9917-00105A1E7FA9}',NULL)        
INSERT INTO ToolOptionSet VALUES ('{A9E5147C-6C9A-11D3-843A-005004848CBA}','16777472','{CF87FD69-D430-11d3-9918-00105A1E7FA9}',NULL)        

INSERT INTO ToolOptionSet VALUES ('{A9E5147C-6C9A-11D3-843A-005004848CBA}','16777488','{AAE901D4-C95B-11D3-9A06-00105A0DF099}',NULL)       
INSERT INTO ToolOptionSet VALUES ('{A9E5147C-6C9A-11D3-843A-005004848CBA}','16777488','{AF53B9B2-D81A-11d3-9918-00105A1E7FA9}',NULL)        
INSERT INTO ToolOptionSet VALUES ('{A9E5147C-6C9A-11D3-843A-005004848CBA}','16777488','{AAE901D3-C95B-11D3-9A06-00105A0DF099}',NULL)       
INSERT INTO ToolOptionSet VALUES ('{A9E5147C-6C9A-11D3-843A-005004848CBA}','16777488','{AC19F04c-D2D2-11d3-9917-00105A1E7FA9}',NULL)        
INSERT INTO ToolOptionSet VALUES ('{A9E5147C-6C9A-11D3-843A-005004848CBA}','16777488','{CF87FD69-D430-11d3-9918-00105A1E7FA9}',NULL)        

INSERT INTO ToolOptionSet VALUES ('{A9E5147C-6C9A-11D3-843A-005004848CBA}','33554432','{AAE901D4-C95B-11D3-9A06-00105A0DF099}',NULL)       
INSERT INTO ToolOptionSet VALUES ('{A9E5147C-6C9A-11D3-843A-005004848CBA}','33554432','{AF53B9B2-D81A-11d3-9918-00105A1E7FA9}',NULL)        
INSERT INTO ToolOptionSet VALUES ('{A9E5147C-6C9A-11D3-843A-005004848CBA}','33554432','{AAE901F2-C95B-11D3-9A06-00105A0DF099}',NULL)       
INSERT INTO ToolOptionSet VALUES ('{A9E5147C-6C9A-11D3-843A-005004848CBA}','33554432','{AC19F04c-D2D2-11d3-9917-00105A1E7FA9}',NULL)        
INSERT INTO ToolOptionSet VALUES ('{A9E5147C-6C9A-11D3-843A-005004848CBA}','33554432','{CF87FD69-D430-11d3-9918-00105A1E7FA9}',NULL)        

INSERT INTO ToolOptionSet VALUES ('{A9E5147C-6C9A-11D3-843A-005004848CBA}','33554433','{AAE901D4-C95B-11D3-9A06-00105A0DF099}',NULL)       
INSERT INTO ToolOptionSet VALUES ('{A9E5147C-6C9A-11D3-843A-005004848CBA}','33554433','{AF53B9B2-D81A-11d3-9918-00105A1E7FA9}',NULL)        
INSERT INTO ToolOptionSet VALUES ('{A9E5147C-6C9A-11D3-843A-005004848CBA}','33554433','{AAE901F2-C95B-11D3-9A06-00105A0DF099}',NULL)       
INSERT INTO ToolOptionSet VALUES ('{A9E5147C-6C9A-11D3-843A-005004848CBA}','33554433','{AC19F04c-D2D2-11d3-9917-00105A1E7FA9}',NULL)        
INSERT INTO ToolOptionSet VALUES ('{A9E5147C-6C9A-11D3-843A-005004848CBA}','33554433','{CF87FD69-D430-11d3-9918-00105A1E7FA9}',NULL)        

INSERT INTO ToolOptionSet VALUES ('{A9E5147C-6C9A-11D3-843A-005004848CBA}','33554434','{AAE901D4-C95B-11D3-9A06-00105A0DF099}',NULL)       
INSERT INTO ToolOptionSet VALUES ('{A9E5147C-6C9A-11D3-843A-005004848CBA}','33554434','{AF53B9B2-D81A-11d3-9918-00105A1E7FA9}',NULL)        
INSERT INTO ToolOptionSet VALUES ('{A9E5147C-6C9A-11D3-843A-005004848CBA}','33554434','{AAE901F2-C95B-11D3-9A06-00105A0DF099}',NULL)       
INSERT INTO ToolOptionSet VALUES ('{A9E5147C-6C9A-11D3-843A-005004848CBA}','33554434','{AC19F04c-D2D2-11d3-9917-00105A1E7FA9}',NULL)        
INSERT INTO ToolOptionSet VALUES ('{A9E5147C-6C9A-11D3-843A-005004848CBA}','33554434','{CF87FD69-D430-11d3-9918-00105A1E7FA9}',NULL)        

	//ATL EXE Release MinSize settings
INSERT INTO ToolOptionSet VALUES ('{A9E5147C-6C9A-11D3-843A-005004848CBA}','16777217','{AAE901D4-C95B-11D3-9A06-00105A0DF099}',NULL)       
INSERT INTO ToolOptionSet VALUES ('{A9E5147C-6C9A-11D3-843A-005004848CBA}','16777217','{AF53B9B2-D81A-11d3-9918-00105A1E7FA9}',NULL)        
INSERT INTO ToolOptionSet VALUES ('{A9E5147C-6C9A-11D3-843A-005004848CBA}','16777217','{AAE901F2-C95B-11D3-9A06-00105A0DF099}',NULL)       
INSERT INTO ToolOptionSet VALUES ('{A9E5147C-6C9A-11D3-843A-005004848CBA}','16777217','{AC19F04c-D2D2-11d3-9917-00105A1E7FA9}',NULL)        
INSERT INTO ToolOptionSet VALUES ('{A9E5147C-6C9A-11D3-843A-005004848CBA}','16777217','{CF87FD69-D430-11d3-9918-00105A1E7FA9}',NULL)        

	//ATL EXE Release MinDep settings
INSERT INTO ToolOptionSet VALUES ('{A9E5147C-6C9A-11D3-843A-005004848CBA}','16777218','{AAE901D4-C95B-11D3-9A06-00105A0DF099}',NULL)       
INSERT INTO ToolOptionSet VALUES ('{A9E5147C-6C9A-11D3-843A-005004848CBA}','16777218','{AF53B9B2-D81A-11d3-9918-00105A1E7FA9}',NULL)        
INSERT INTO ToolOptionSet VALUES ('{A9E5147C-6C9A-11D3-843A-005004848CBA}','16777218','{AAE901F2-C95B-11D3-9A06-00105A0DF099}',NULL)       
INSERT INTO ToolOptionSet VALUES ('{A9E5147C-6C9A-11D3-843A-005004848CBA}','16777218','{AC19F04c-D2D2-11d3-9917-00105A1E7FA9}',NULL)        
INSERT INTO ToolOptionSet VALUES ('{A9E5147C-6C9A-11D3-843A-005004848CBA}','16777218','{CF87FD69-D430-11d3-9918-00105A1E7FA9}',NULL)        

INSERT INTO ToolOptionSet VALUES ('{A9E5147C-6C9A-11D3-843A-005004848CBA}','33554448','{AAE901D4-C95B-11D3-9A06-00105A0DF099}',NULL)       
INSERT INTO ToolOptionSet VALUES ('{A9E5147C-6C9A-11D3-843A-005004848CBA}','33554448','{AF53B9B2-D81A-11d3-9918-00105A1E7FA9}',NULL)        
INSERT INTO ToolOptionSet VALUES ('{A9E5147C-6C9A-11D3-843A-005004848CBA}','33554448','{AAE901F2-C95B-11D3-9A06-00105A0DF099}',NULL)       
INSERT INTO ToolOptionSet VALUES ('{A9E5147C-6C9A-11D3-843A-005004848CBA}','33554448','{AC19F04c-D2D2-11d3-9917-00105A1E7FA9}',NULL)        
INSERT INTO ToolOptionSet VALUES ('{A9E5147C-6C9A-11D3-843A-005004848CBA}','33554448','{CF87FD69-D430-11d3-9918-00105A1E7FA9}',NULL)        

INSERT INTO ToolOptionSet VALUES ('{A9E5147C-6C9A-11D3-843A-005004848CBA}','33554688','{AAE901D4-C95B-11D3-9A06-00105A0DF099}',NULL)       
INSERT INTO ToolOptionSet VALUES ('{A9E5147C-6C9A-11D3-843A-005004848CBA}','33554688','{AF53B9B2-D81A-11d3-9918-00105A1E7FA9}',NULL)        
INSERT INTO ToolOptionSet VALUES ('{A9E5147C-6C9A-11D3-843A-005004848CBA}','33554688','{AAE901D3-C95B-11D3-9A06-00105A0DF099}',NULL)       
INSERT INTO ToolOptionSet VALUES ('{A9E5147C-6C9A-11D3-843A-005004848CBA}','33554688','{AC19F04c-D2D2-11d3-9917-00105A1E7FA9}',NULL)        
INSERT INTO ToolOptionSet VALUES ('{A9E5147C-6C9A-11D3-843A-005004848CBA}','33554688','{CF87FD69-D430-11d3-9918-00105A1E7FA9}',NULL)        

INSERT INTO ToolOptionSet VALUES ('{A9E5147C-6C9A-11D3-843A-005004848CBA}','33554689','{AAE901D4-C95B-11D3-9A06-00105A0DF099}',NULL)       
INSERT INTO ToolOptionSet VALUES ('{A9E5147C-6C9A-11D3-843A-005004848CBA}','33554689','{AF53B9B2-D81A-11d3-9918-00105A1E7FA9}',NULL)        
INSERT INTO ToolOptionSet VALUES ('{A9E5147C-6C9A-11D3-843A-005004848CBA}','33554689','{AAE901D3-C95B-11D3-9A06-00105A0DF099}',NULL)       
INSERT INTO ToolOptionSet VALUES ('{A9E5147C-6C9A-11D3-843A-005004848CBA}','33554689','{AC19F04c-D2D2-11d3-9917-00105A1E7FA9}',NULL)        
INSERT INTO ToolOptionSet VALUES ('{A9E5147C-6C9A-11D3-843A-005004848CBA}','33554689','{CF87FD69-D430-11d3-9918-00105A1E7FA9}',NULL)        

	// ATL EXE Debug settings
INSERT INTO ToolOptionSet VALUES ('{A9E5147C-6C9A-11D3-843A-005004848CBA}','16777473','{AAE901D4-C95B-11D3-9A06-00105A0DF099}',NULL)       
INSERT INTO ToolOptionSet VALUES ('{A9E5147C-6C9A-11D3-843A-005004848CBA}','16777473','{AF53B9B2-D81A-11d3-9918-00105A1E7FA9}',NULL)        
INSERT INTO ToolOptionSet VALUES ('{A9E5147C-6C9A-11D3-843A-005004848CBA}','16777473','{AAE901D3-C95B-11D3-9A06-00105A0DF099}',NULL)       
INSERT INTO ToolOptionSet VALUES ('{A9E5147C-6C9A-11D3-843A-005004848CBA}','16777473','{AC19F04c-D2D2-11d3-9917-00105A1E7FA9}',NULL)        
INSERT INTO ToolOptionSet VALUES ('{A9E5147C-6C9A-11D3-843A-005004848CBA}','16777473','{CF87FD69-D430-11d3-9918-00105A1E7FA9}',NULL)        

INSERT INTO ToolOptionSet VALUES ('{A9E5147C-6C9A-11D3-843A-005004848CBA}','33554704','{AAE901D4-C95B-11D3-9A06-00105A0DF099}',NULL)       
INSERT INTO ToolOptionSet VALUES ('{A9E5147C-6C9A-11D3-843A-005004848CBA}','33554704','{AF53B9B2-D81A-11d3-9918-00105A1E7FA9}',NULL)        
INSERT INTO ToolOptionSet VALUES ('{A9E5147C-6C9A-11D3-843A-005004848CBA}','33554704','{AAE901D3-C95B-11D3-9A06-00105A0DF099}',NULL)       
INSERT INTO ToolOptionSet VALUES ('{A9E5147C-6C9A-11D3-843A-005004848CBA}','33554704','{AC19F04c-D2D2-11d3-9917-00105A1E7FA9}',NULL)        
INSERT INTO ToolOptionSet VALUES ('{A9E5147C-6C9A-11D3-843A-005004848CBA}','33554704','{CF87FD69-D430-11d3-9918-00105A1E7FA9}',NULL)        

INSERT INTO ToolOptionSet VALUES ('{A9E5147C-6C9A-11D3-843A-005004848CBA}','33558544','{AAE901D4-C95B-11D3-9A06-00105A0DF099}',NULL)       
INSERT INTO ToolOptionSet VALUES ('{A9E5147C-6C9A-11D3-843A-005004848CBA}','33558544','{AF53B9B2-D81A-11d3-9918-00105A1E7FA9}',NULL)        
INSERT INTO ToolOptionSet VALUES ('{A9E5147C-6C9A-11D3-843A-005004848CBA}','33558544','{AAE901F2-C95B-11D3-9A06-00105A0DF099}',NULL)       
INSERT INTO ToolOptionSet VALUES ('{A9E5147C-6C9A-11D3-843A-005004848CBA}','33558544','{AC19F04c-D2D2-11d3-9917-00105A1E7FA9}',NULL)        
INSERT INTO ToolOptionSet VALUES ('{A9E5147C-6C9A-11D3-843A-005004848CBA}','33558544','{CF87FD69-D430-11d3-9918-00105A1E7FA9}',NULL)        

INSERT INTO ToolOptionSet VALUES ('{A9E5147C-6C9A-11D3-843A-005004848CBA}','33558800','{AAE901D4-C95B-11D3-9A06-00105A0DF099}',NULL)       
INSERT INTO ToolOptionSet VALUES ('{A9E5147C-6C9A-11D3-843A-005004848CBA}','33558800','{AF53B9B2-D81A-11d3-9918-00105A1E7FA9}',NULL)        
INSERT INTO ToolOptionSet VALUES ('{A9E5147C-6C9A-11D3-843A-005004848CBA}','33558800','{AAE901D3-C95B-11D3-9A06-00105A0DF099}',NULL)       
INSERT INTO ToolOptionSet VALUES ('{A9E5147C-6C9A-11D3-843A-005004848CBA}','33558800','{AC19F04c-D2D2-11d3-9917-00105A1E7FA9}',NULL)        
INSERT INTO ToolOptionSet VALUES ('{A9E5147C-6C9A-11D3-843A-005004848CBA}','33558800','{CF87FD69-D430-11d3-9918-00105A1E7FA9}',NULL)        

INSERT INTO ToolOptionSet VALUES ('{A9E5147C-6C9A-11D3-843A-005004848CBA}','50331904','{AAE901D4-C95B-11D3-9A06-00105A0DF099}',NULL)       
INSERT INTO ToolOptionSet VALUES ('{A9E5147C-6C9A-11D3-843A-005004848CBA}','50331904','{AF53B9B2-D81A-11d3-9918-00105A1E7FA9}',NULL)        
INSERT INTO ToolOptionSet VALUES ('{A9E5147C-6C9A-11D3-843A-005004848CBA}','50331904','{AAE901D3-C95B-11D3-9A06-00105A0DF099}',NULL)       
INSERT INTO ToolOptionSet VALUES ('{A9E5147C-6C9A-11D3-843A-005004848CBA}','50331904','{AC19F04c-D2D2-11d3-9917-00105A1E7FA9}',NULL)        

INSERT INTO ToolOptionSet VALUES ('{A9E5147C-6C9A-11D3-843A-005004848CBA}','50331648','{AF53B9B2-D81A-11d3-9918-00105A1E7FA9}',NULL)        
INSERT INTO ToolOptionSet VALUES ('{A9E5147C-6C9A-11D3-843A-005004848CBA}','50331648','{AAE901F2-C95B-11D3-9A06-00105A0DF099}',NULL)       
INSERT INTO ToolOptionSet VALUES ('{A9E5147C-6C9A-11D3-843A-005004848CBA}','50331648','{AC19F04c-D2D2-11d3-9917-00105A1E7FA9}',NULL)        

INSERT INTO ToolOptionSet VALUES ('{A9E5147C-6C9A-11D3-843A-005004848CBA}','67108864','{AF53B9B2-D81A-11d3-9918-00105A1E7FA9}',NULL)        
INSERT INTO ToolOptionSet VALUES ('{A9E5147C-6C9A-11D3-843A-005004848CBA}','67108864','{AC19F04c-D2D2-11d3-9917-00105A1E7FA9}',NULL)        
INSERT INTO ToolOptionSet VALUES ('{A9E5147C-6C9A-11D3-843A-005004848CBA}','67108864','{CF87FD69-D430-11d3-9918-00105A1E7FA9}',NULL)        

INSERT INTO ToolOptionSet VALUES ('{A9E5147C-6C9A-11D3-843A-005004848CBA}','67109120','{AF53B9B2-D81A-11d3-9918-00105A1E7FA9}',NULL) 
INSERT INTO ToolOptionSet VALUES ('{A9E5147C-6C9A-11D3-843A-005004848CBA}','67109120','{AC19F04c-D2D2-11d3-9917-00105A1E7FA9}',NULL)                  
INSERT INTO ToolOptionSet VALUES ('{A9E5147C-6C9A-11D3-843A-005004848CBA}','67109120','{CF87FD69-D430-11d3-9918-00105A1E7FA9}',NULL) 
				

// MIDL CEF
INSERT INTO ToolOptionSet VALUES ('{A9E5147D-6C9A-11D3-843A-005004848CBA}','16777216','{AAE901E8-C95B-11D3-9A06-00105A0DF099}',NULL)       
INSERT INTO ToolOptionSet VALUES ('{A9E5147D-6C9A-11D3-843A-005004848CBA}','16777216','{AAE903BA-C95B-11D3-9A06-00105A0DF099}',NULL)       

INSERT INTO ToolOptionSet VALUES ('{A9E5147D-6C9A-11D3-843A-005004848CBA}','16777232','{AAE901E8-C95B-11D3-9A06-00105A0DF099}',NULL)       
INSERT INTO ToolOptionSet VALUES ('{A9E5147D-6C9A-11D3-843A-005004848CBA}','16777232','{AAE903BA-C95B-11D3-9A06-00105A0DF099}',NULL)       

INSERT INTO ToolOptionSet VALUES ('{A9E5147D-6C9A-11D3-843A-005004848CBA}','16777472','{AAE901E8-C95B-11D3-9A06-00105A0DF099}',NULL)       
INSERT INTO ToolOptionSet VALUES ('{A9E5147D-6C9A-11D3-843A-005004848CBA}','16777472','{AAE901E9-C95B-11D3-9A06-00105A0DF099}',NULL)       

INSERT INTO ToolOptionSet VALUES ('{A9E5147D-6C9A-11D3-843A-005004848CBA}','16777488','{AAE901E8-C95B-11D3-9A06-00105A0DF099}',NULL)       
INSERT INTO ToolOptionSet VALUES ('{A9E5147D-6C9A-11D3-843A-005004848CBA}','16777488','{AAE901E9-C95B-11D3-9A06-00105A0DF099}',NULL)       

INSERT INTO ToolOptionSet VALUES ('{A9E5147D-6C9A-11D3-843A-005004848CBA}','33554432','{AAE901E8-C95B-11D3-9A06-00105A0DF099}',NULL)       
INSERT INTO ToolOptionSet VALUES ('{A9E5147D-6C9A-11D3-843A-005004848CBA}','33554432','{AAE903BA-C95B-11D3-9A06-00105A0DF099}',NULL)       

INSERT INTO ToolOptionSet VALUES ('{A9E5147D-6C9A-11D3-843A-005004848CBA}','33554433','{AAE901E8-C95B-11D3-9A06-00105A0DF099}',NULL)       
INSERT INTO ToolOptionSet VALUES ('{A9E5147D-6C9A-11D3-843A-005004848CBA}','33554433','{AAE903BA-C95B-11D3-9A06-00105A0DF099}',NULL)       

INSERT INTO ToolOptionSet VALUES ('{A9E5147D-6C9A-11D3-843A-005004848CBA}','33554434','{AAE901E8-C95B-11D3-9A06-00105A0DF099}',NULL)       
INSERT INTO ToolOptionSet VALUES ('{A9E5147D-6C9A-11D3-843A-005004848CBA}','33554434','{AAE903BA-C95B-11D3-9A06-00105A0DF099}',NULL)       

	//ATL EXE Release MinSize settings
INSERT INTO ToolOptionSet VALUES ('{A9E5147D-6C9A-11D3-843A-005004848CBA}','16777217','{AAE901E8-C95B-11D3-9A06-00105A0DF099}',NULL)       
INSERT INTO ToolOptionSet VALUES ('{A9E5147D-6C9A-11D3-843A-005004848CBA}','16777217','{AAE903BA-C95B-11D3-9A06-00105A0DF099}',NULL)       

	//ATL EXE Release MinDep settings
INSERT INTO ToolOptionSet VALUES ('{A9E5147D-6C9A-11D3-843A-005004848CBA}','16777218','{AAE901E8-C95B-11D3-9A06-00105A0DF099}',NULL)       
INSERT INTO ToolOptionSet VALUES ('{A9E5147D-6C9A-11D3-843A-005004848CBA}','16777218','{AAE903BA-C95B-11D3-9A06-00105A0DF099}',NULL)       

INSERT INTO ToolOptionSet VALUES ('{A9E5147D-6C9A-11D3-843A-005004848CBA}','33554448','{AAE901E8-C95B-11D3-9A06-00105A0DF099}',NULL)       
INSERT INTO ToolOptionSet VALUES ('{A9E5147D-6C9A-11D3-843A-005004848CBA}','33554448','{AAE903BA-C95B-11D3-9A06-00105A0DF099}',NULL)       

INSERT INTO ToolOptionSet VALUES ('{A9E5147D-6C9A-11D3-843A-005004848CBA}','33554688','{AAE901E8-C95B-11D3-9A06-00105A0DF099}',NULL)       
INSERT INTO ToolOptionSet VALUES ('{A9E5147D-6C9A-11D3-843A-005004848CBA}','33554688','{AAE901E9-C95B-11D3-9A06-00105A0DF099}',NULL)       

INSERT INTO ToolOptionSet VALUES ('{A9E5147D-6C9A-11D3-843A-005004848CBA}','33554689','{AAE901E8-C95B-11D3-9A06-00105A0DF099}',NULL)       
INSERT INTO ToolOptionSet VALUES ('{A9E5147D-6C9A-11D3-843A-005004848CBA}','33554689','{AAE901E9-C95B-11D3-9A06-00105A0DF099}',NULL)       

	// ATL EXE Debug settings
INSERT INTO ToolOptionSet VALUES ('{A9E5147D-6C9A-11D3-843A-005004848CBA}','16777473','{AAE901E8-C95B-11D3-9A06-00105A0DF099}',NULL)       
INSERT INTO ToolOptionSet VALUES ('{A9E5147D-6C9A-11D3-843A-005004848CBA}','16777473','{AAE901E9-C95B-11D3-9A06-00105A0DF099}',NULL)       

INSERT INTO ToolOptionSet VALUES ('{A9E5147D-6C9A-11D3-843A-005004848CBA}','33554704','{AAE901E8-C95B-11D3-9A06-00105A0DF099}',NULL)       
INSERT INTO ToolOptionSet VALUES ('{A9E5147D-6C9A-11D3-843A-005004848CBA}','33554704','{AAE901E9-C95B-11D3-9A06-00105A0DF099}',NULL)       

INSERT INTO ToolOptionSet VALUES ('{A9E5147D-6C9A-11D3-843A-005004848CBA}','33558544','{AAE901E8-C95B-11D3-9A06-00105A0DF099}',NULL)       
INSERT INTO ToolOptionSet VALUES ('{A9E5147D-6C9A-11D3-843A-005004848CBA}','33558544','{AAE903BA-C95B-11D3-9A06-00105A0DF099}',NULL)       

INSERT INTO ToolOptionSet VALUES ('{A9E5147D-6C9A-11D3-843A-005004848CBA}','33558800','{AAE901E8-C95B-11D3-9A06-00105A0DF099}',NULL)       
INSERT INTO ToolOptionSet VALUES ('{A9E5147D-6C9A-11D3-843A-005004848CBA}','33558800','{AAE901E9-C95B-11D3-9A06-00105A0DF099}',NULL)       

INSERT INTO ToolOptionSet VALUES ('{A9E5147D-6C9A-11D3-843A-005004848CBA}','50331648','{AAE901E8-C95B-11D3-9A06-00105A0DF099}',NULL)       
INSERT INTO ToolOptionSet VALUES ('{A9E5147D-6C9A-11D3-843A-005004848CBA}','50331648','{AAE903BA-C95B-11D3-9A06-00105A0DF099}',NULL)       

INSERT INTO ToolOptionSet VALUES ('{A9E5147D-6C9A-11D3-843A-005004848CBA}','50331904','{AAE901E8-C95B-11D3-9A06-00105A0DF099}',NULL)       
INSERT INTO ToolOptionSet VALUES ('{A9E5147D-6C9A-11D3-843A-005004848CBA}','50331904','{AAE901E9-C95B-11D3-9A06-00105A0DF099}',NULL)       


// BSC CEF
INSERT INTO ToolOptionSet VALUES ('{A9E5147E-6C9A-11D3-843A-005004848CBA}','16777216','{AAE901EA-C95B-11D3-9A06-00105A0DF099}',NULL)       
INSERT INTO ToolOptionSet VALUES ('{A9E5147E-6C9A-11D3-843A-005004848CBA}','16777232','{AAE901EA-C95B-11D3-9A06-00105A0DF099}',NULL)       
INSERT INTO ToolOptionSet VALUES ('{A9E5147E-6C9A-11D3-843A-005004848CBA}','16777472','{AAE901EA-C95B-11D3-9A06-00105A0DF099}',NULL)       
INSERT INTO ToolOptionSet VALUES ('{A9E5147E-6C9A-11D3-843A-005004848CBA}','16777488','{AAE901EA-C95B-11D3-9A06-00105A0DF099}',NULL)       
INSERT INTO ToolOptionSet VALUES ('{A9E5147E-6C9A-11D3-843A-005004848CBA}','33554432','{AAE901EA-C95B-11D3-9A06-00105A0DF099}',NULL)       
INSERT INTO ToolOptionSet VALUES ('{A9E5147E-6C9A-11D3-843A-005004848CBA}','33554433','{AAE901E8-C95B-11D3-9A06-00105A0DF099}',NULL)       
INSERT INTO ToolOptionSet VALUES ('{A9E5147E-6C9A-11D3-843A-005004848CBA}','33554434','{AAE901E8-C95B-11D3-9A06-00105A0DF099}',NULL)       
	//ATL EXE Release MinSize settings
INSERT INTO ToolOptionSet VALUES ('{A9E5147E-6C9A-11D3-843A-005004848CBA}','16777217','{AAE901E8-C95B-11D3-9A06-00105A0DF099}',NULL)       
	//ATL EXE Release MinDep settings
INSERT INTO ToolOptionSet VALUES ('{A9E5147E-6C9A-11D3-843A-005004848CBA}','16777218','{AAE901E8-C95B-11D3-9A06-00105A0DF099}',NULL)       
INSERT INTO ToolOptionSet VALUES ('{A9E5147E-6C9A-11D3-843A-005004848CBA}','33554448','{AAE901EA-C95B-11D3-9A06-00105A0DF099}',NULL)       
INSERT INTO ToolOptionSet VALUES ('{A9E5147E-6C9A-11D3-843A-005004848CBA}','33554688','{AAE901EA-C95B-11D3-9A06-00105A0DF099}',NULL)       
INSERT INTO ToolOptionSet VALUES ('{A9E5147E-6C9A-11D3-843A-005004848CBA}','33554689','{AAE901E8-C95B-11D3-9A06-00105A0DF099}',NULL)       
	// ATL EXE Debug settings
INSERT INTO ToolOptionSet VALUES ('{A9E5147E-6C9A-11D3-843A-005004848CBA}','16777473','{AAE901E8-C95B-11D3-9A06-00105A0DF099}',NULL)       
INSERT INTO ToolOptionSet VALUES ('{A9E5147E-6C9A-11D3-843A-005004848CBA}','33554704','{AAE901EA-C95B-11D3-9A06-00105A0DF099}',NULL)       
INSERT INTO ToolOptionSet VALUES ('{A9E5147E-6C9A-11D3-843A-005004848CBA}','33558544','{AAE901EA-C95B-11D3-9A06-00105A0DF099}',NULL)       
INSERT INTO ToolOptionSet VALUES ('{A9E5147E-6C9A-11D3-843A-005004848CBA}','33558800','{AAE901EA-C95B-11D3-9A06-00105A0DF099}',NULL)       
INSERT INTO ToolOptionSet VALUES ('{A9E5147E-6C9A-11D3-843A-005004848CBA}','50331648','{AAE901EA-C95B-11D3-9A06-00105A0DF099}',NULL)       
INSERT INTO ToolOptionSet VALUES ('{A9E5147E-6C9A-11D3-843A-005004848CBA}','50331904','{AAE901EA-C95B-11D3-9A06-00105A0DF099}',NULL)       
INSERT INTO ToolOptionSet VALUES ('{A9E5147E-6C9A-11D3-843A-005004848CBA}','67108864','{AAE901EA-C95B-11D3-9A06-00105A0DF099}',NULL)       


// COFF CEF
INSERT INTO ToolOptionSet VALUES ('{A9E5147F-6C9A-11D3-843A-005004848CBA}','67108864','{AAE901EB-C95B-11D3-9A06-00105A0DF099}',NULL)       
INSERT INTO ToolOptionSet VALUES ('{A9E5147F-6C9A-11D3-843A-005004848CBA}','67109120','{AAE901EB-C95B-11D3-9A06-00105A0DF099}',NULL)       
