/////////////////////////////////   Emulator  ////////////////////////////////////////

// ******** Vendor  ********
INSERT INTO Vendor VALUES ('{35583C00-7208-11D3-99F3-00105A0DF099}','Microsoft','Microsoft' )
INSERT INTO Vendor VALUES ('{35583C02-7208-11D3-99F3-00105A0DF099}','Intel','Intel' )

// ******** CPUFamily  ********
INSERT INTO CPUFamily VALUES ('{FFEF61B2-6C93-11D3-843A-005004848CBA}','INTEL','Intel family','0','x86') 

// ******** IdeFamily  ********
INSERT INTO IDEFamily VALUES ('{522404B6-E64B-405c-B54B-6231A76479A8}','emulator',NULL,'Win32 (WCE emulator)','166','vc60.pdb','emulator',FALSE)             

// ******** CPU  ********
INSERT INTO CPU VALUES ('{32E52003-403E-442D-BE48-DE10F8C6131D}','{35583C02-7208-11D3-99F3-00105A0DF099}','emulator','emulator','{FFEF61B2-6C93-11D3-843A-005004848CBA}','{522404B6-E64B-405c-B54B-6231A76479A8}','686','0','0','332','EM686' )
INSERT INTO CPU VALUES ('{DD27DD2D-E969-456a-94D4-125688005783}','{35583C02-7208-11D3-99F3-00105A0DF099}','emulator','emulator','{FFEF61B2-6C93-11D3-843A-005004848CBA}','{522404B6-E64B-405c-B54B-6231A76479A8}','386','0','0','332','EM386' )
INSERT INTO CPU VALUES ('{D8D232B1-2D23-47b0-B175-2635C0A2D8A0}','{35583C02-7208-11D3-99F3-00105A0DF099}','emulator','emulator','{FFEF61B2-6C93-11D3-843A-005004848CBA}','{522404B6-E64B-405c-B54B-6231A76479A8}','586','0','0','332','EM586' )
INSERT INTO CPU VALUES ('{D3C65F18-E3D0-43ec-8F0F-79C99EAFB9F9}','{35583C02-7208-11D3-99F3-00105A0DF099}','emulator','emulator','{FFEF61B2-6C93-11D3-843A-005004848CBA}','{522404B6-E64B-405c-B54B-6231A76479A8}','486','0','0','332','EM486' )

// ******** PID  ********
INSERT INTO ObjAttr VALUES ('ProductID','{32E52003-403E-442D-BE48-DE10F8C6131D}','ProductID','ProductID',2,0,'PID',0)
INSERT INTO ObjAttr VALUES ('ProductID','{DD27DD2D-E969-456a-94D4-125688005783}','ProductID','ProductID',2,0,'PID',0)
INSERT INTO ObjAttr VALUES ('ProductID','{D8D232B1-2D23-47b0-B175-2635C0A2D8A0}','ProductID','ProductID',2,0,'PID',0)
INSERT INTO ObjAttr VALUES ('ProductID','{D3C65F18-E3D0-43ec-8F0F-79C99EAFB9F9}','ProductID','ProductID',2,0,'PID',0)

// ******** Tool  ********
INSERT INTO Tool VALUES ('{642B3800-9DF5-11D5-96F8-00207802C01C}','{35583C00-7208-11D3-99F3-00105A0DF099}','CLEMULATOR','EMULATOR source compiler','cl.exe',NULL )
INSERT INTO Tool VALUES ('{642B3801-9DF5-11D5-96F8-00207802C01C}','{35583C00-7208-11D3-99F3-00105A0DF099}','LINKEMULATOR','EMULATOR Linker','link.exe',NULL )
INSERT INTO Tool VALUES ('{642B3802-9DF5-11D5-96F8-00207802C01C}','{35583C00-7208-11D3-99F3-00105A0DF099}','VCRCEMULATOR','baseline resource compiler','rc.exe',NULL )
INSERT INTO Tool VALUES ('{642B3803-9DF5-11D5-96F8-00207802C01C}','{35583C00-7208-11D3-99F3-00105A0DF099}','MIDLEMULATOR','EMULATOR middle compiler','midl.exe','COMMON\VCCE\BIN' )
INSERT INTO Tool VALUES ('{642B3804-9DF5-11D5-96F8-00207802C01C}','{35583C00-7208-11D3-99F3-00105A0DF099}','BSCEMULATOR','EMULATOR browser compiler','bscmake.exe','COMMON\VCCE\BIN' )
INSERT INTO Tool VALUES ('{642B3805-9DF5-11D5-96F8-00207802C01C}','{35583C00-7208-11D3-99F3-00105A0DF099}','COFFEMULATOR','EMULATOR coff','link.exe',NULL )
INSERT INTO Tool VALUES ('{642B3806-9DF5-11D5-96F8-00207802C01C}','{35583C00-7208-11D3-99F3-00105A0DF099}','DBGEMULATOR','EMULATOR debugger','odeml',NULL )
INSERT INTO Tool VALUES ('{642B3807-9DF5-11D5-96F8-00207802C01C}','{35583C00-7208-11D3-99F3-00105A0DF099}','LIBEMULATOR','EMULATOR library manager','link.exe',NULL )
INSERT INTO Tool VALUES ('{642B3808-9DF5-11D5-96F8-00207802C01C}','{35583C00-7208-11D3-99F3-00105A0DF099}','DBGCEFEMULATOR','CEF debugger for EMULATOR','odcefx86',NULL )

// ******** ObjAttr  ********
// DBGEMULATOR
INSERT INTO ObjAttr VALUES ('IsEmulation',	'{642B3806-9DF5-11D5-96F8-00207802C01C}','Emulation','Specifies whether this is for emulation','1','0',NULL,NULL )
INSERT INTO ObjAttr VALUES ('STSupport',		'{642B3806-9DF5-11D5-96F8-00207802C01C}','ST Support','The type of ST support','1','1',NULL,NULL )
INSERT INTO ObjAttr VALUES ('SupportsATP',	'{642B3806-9DF5-11D5-96F8-00207802C01C}','Supports ATP','Specifies whether ATP is supported','1','0',NULL,NULL )
INSERT INTO ObjAttr VALUES ('SupportsSINH',	'{642B3806-9DF5-11D5-96F8-00207802C01C}','Supports SINH','Specifies whether SINH is supported','1','0',NULL,NULL )
INSERT INTO ObjAttr VALUES ('TargetUP',		'{642B3806-9DF5-11D5-96F8-00207802C01C}','?','Specifies the target UP','1','131',NULL,NULL )
INSERT INTO ObjAttr VALUES ('EE',				'{642B3806-9DF5-11D5-96F8-00207802C01C}','EE','The EE for this debugger','2','0','EECXXCE',NULL )
INSERT INTO ObjAttr VALUES ('EM',				'{642B3806-9DF5-11D5-96F8-00207802C01C}','EM','The EM for this debugger','2','0','EMCE',NULL )
INSERT INTO ObjAttr VALUES ('SH',				'{642B3806-9DF5-11D5-96F8-00207802C01C}','SH','The SH for this debugger','2','0','SHCVCE',NULL )
// LINKEMULATOR
INSERT INTO ObjAttr VALUES ('Input',	'{642B3801-9DF5-11D5-96F8-00207802C01C}','Input','The extension of files take','2','0','*.obj;*.res;*.lib;*.def;*.rsc',NULL )
INSERT INTO ObjAttr VALUES ('Prefix','{642B3801-9DF5-11D5-96F8-00207802C01C}','Prefix','The prefix of the tool','2','0','LINK32',NULL )
// CLEMULATOR
INSERT INTO ObjAttr VALUES ('Input',	'{642B3800-9DF5-11D5-96F8-00207802C01C}','Input','The extension of files take','2','0','*.c;*.cpp;*.cxx',NULL )
INSERT INTO ObjAttr VALUES ('Prefix','{642B3800-9DF5-11D5-96F8-00207802C01C}','Prefix','The prefix of the tool','2','0','CPP',NULL )
// LIBEMULATOR
INSERT INTO ObjAttr VALUES ('Input',	'{642B3807-9DF5-11D5-96F8-00207802C01C}','Input','The extension of files take','2','0','*.obj;*.res;*.lib',NULL )
INSERT INTO ObjAttr VALUES ('Prefix','{642B3807-9DF5-11D5-96F8-00207802C01C}','Prefix','The prefix of the tool','2','0','LIB32',NULL )
// DBGCEFEMULATOR
INSERT INTO ObjAttr VALUES ('NativeDebugger','{642B3808-9DF5-11D5-96F8-00207802C01C}','DBGEMULATOR','EMULATOR native debugger','3','0',NULL,'{642B3806-9DF5-11D5-96F8-00207802C01C}' )

// ******** OS  ********
INSERT INTO OS VALUES ('{42CA0006-5AA4-11D3-99E7-00105A0DF099}','{35583C00-7208-11D3-99F3-00105A0DF099}','Default','Default','0.00','0','0' )

// ******** Platform  ********
INSERT INTO Platform VALUES ('{8A9A2F80-6887-11D3-842E-005004848CBA}','{35583C00-7208-11D3-99F3-00105A0DF099}','Default','Default','{42CA0006-5AA4-11D3-99E7-00105A0DF099}',NULL,'0','0' )

// ******** ToolEntry  ********
// EMULATOR                        // Platform                              // OS                                     // CPU   // 686                     //TOOL                             // Tool Type                                                    
INSERT INTO ToolEntry VALUES ('{8A9A2F80-6887-11D3-842E-005004848CBA}','{42CA0006-5AA4-11D3-99E7-00105A0DF099}','{32E52003-403E-442D-BE48-DE10F8C6131D}','{642B3800-9DF5-11D5-96F8-00207802C01C}','1' )
INSERT INTO ToolEntry VALUES ('{8A9A2F80-6887-11D3-842E-005004848CBA}','{42CA0006-5AA4-11D3-99E7-00105A0DF099}','{32E52003-403E-442D-BE48-DE10F8C6131D}','{642B3801-9DF5-11D5-96F8-00207802C01C}','4' )
INSERT INTO ToolEntry VALUES ('{8A9A2F80-6887-11D3-842E-005004848CBA}','{42CA0006-5AA4-11D3-99E7-00105A0DF099}','{32E52003-403E-442D-BE48-DE10F8C6131D}','{642B3802-9DF5-11D5-96F8-00207802C01C}','3' )
INSERT INTO ToolEntry VALUES ('{8A9A2F80-6887-11D3-842E-005004848CBA}','{42CA0006-5AA4-11D3-99E7-00105A0DF099}','{32E52003-403E-442D-BE48-DE10F8C6131D}','{642B3803-9DF5-11D5-96F8-00207802C01C}','7' )
INSERT INTO ToolEntry VALUES ('{8A9A2F80-6887-11D3-842E-005004848CBA}','{42CA0006-5AA4-11D3-99E7-00105A0DF099}','{32E52003-403E-442D-BE48-DE10F8C6131D}','{642B3804-9DF5-11D5-96F8-00207802C01C}','8' )
INSERT INTO ToolEntry VALUES ('{8A9A2F80-6887-11D3-842E-005004848CBA}','{42CA0006-5AA4-11D3-99E7-00105A0DF099}','{32E52003-403E-442D-BE48-DE10F8C6131D}','{642B3805-9DF5-11D5-96F8-00207802C01C}','9' )
INSERT INTO ToolEntry VALUES ('{8A9A2F80-6887-11D3-842E-005004848CBA}','{42CA0006-5AA4-11D3-99E7-00105A0DF099}','{32E52003-403E-442D-BE48-DE10F8C6131D}','{642B3806-9DF5-11D5-96F8-00207802C01C}','2' )
INSERT INTO ToolEntry VALUES ('{8A9A2F80-6887-11D3-842E-005004848CBA}','{42CA0006-5AA4-11D3-99E7-00105A0DF099}','{32E52003-403E-442D-BE48-DE10F8C6131D}','{642B3807-9DF5-11D5-96F8-00207802C01C}','5' )
INSERT INTO ToolEntry VALUES ('{8A9A2F80-6887-11D3-842E-005004848CBA}','{42CA0006-5AA4-11D3-99E7-00105A0DF099}','{32E52003-403E-442D-BE48-DE10F8C6131D}','{642B3808-9DF5-11D5-96F8-00207802C01C}','6' )
                                                                                                                 // 386                                           
INSERT INTO ToolEntry VALUES ('{8A9A2F80-6887-11D3-842E-005004848CBA}','{42CA0006-5AA4-11D3-99E7-00105A0DF099}','{DD27DD2D-E969-456a-94D4-125688005783}','{642B3800-9DF5-11D5-96F8-00207802C01C}','1' )
INSERT INTO ToolEntry VALUES ('{8A9A2F80-6887-11D3-842E-005004848CBA}','{42CA0006-5AA4-11D3-99E7-00105A0DF099}','{DD27DD2D-E969-456a-94D4-125688005783}','{642B3801-9DF5-11D5-96F8-00207802C01C}','4' )
INSERT INTO ToolEntry VALUES ('{8A9A2F80-6887-11D3-842E-005004848CBA}','{42CA0006-5AA4-11D3-99E7-00105A0DF099}','{DD27DD2D-E969-456a-94D4-125688005783}','{642B3802-9DF5-11D5-96F8-00207802C01C}','3' )
INSERT INTO ToolEntry VALUES ('{8A9A2F80-6887-11D3-842E-005004848CBA}','{42CA0006-5AA4-11D3-99E7-00105A0DF099}','{DD27DD2D-E969-456a-94D4-125688005783}','{642B3803-9DF5-11D5-96F8-00207802C01C}','7' )
INSERT INTO ToolEntry VALUES ('{8A9A2F80-6887-11D3-842E-005004848CBA}','{42CA0006-5AA4-11D3-99E7-00105A0DF099}','{DD27DD2D-E969-456a-94D4-125688005783}','{642B3804-9DF5-11D5-96F8-00207802C01C}','8' )
INSERT INTO ToolEntry VALUES ('{8A9A2F80-6887-11D3-842E-005004848CBA}','{42CA0006-5AA4-11D3-99E7-00105A0DF099}','{DD27DD2D-E969-456a-94D4-125688005783}','{642B3805-9DF5-11D5-96F8-00207802C01C}','9' )
INSERT INTO ToolEntry VALUES ('{8A9A2F80-6887-11D3-842E-005004848CBA}','{42CA0006-5AA4-11D3-99E7-00105A0DF099}','{DD27DD2D-E969-456a-94D4-125688005783}','{642B3806-9DF5-11D5-96F8-00207802C01C}','2' )
INSERT INTO ToolEntry VALUES ('{8A9A2F80-6887-11D3-842E-005004848CBA}','{42CA0006-5AA4-11D3-99E7-00105A0DF099}','{DD27DD2D-E969-456a-94D4-125688005783}','{642B3807-9DF5-11D5-96F8-00207802C01C}','5' )
INSERT INTO ToolEntry VALUES ('{8A9A2F80-6887-11D3-842E-005004848CBA}','{42CA0006-5AA4-11D3-99E7-00105A0DF099}','{DD27DD2D-E969-456a-94D4-125688005783}','{642B3808-9DF5-11D5-96F8-00207802C01C}','6' )
                                                                                                                 // 586                                           
INSERT INTO ToolEntry VALUES ('{8A9A2F80-6887-11D3-842E-005004848CBA}','{42CA0006-5AA4-11D3-99E7-00105A0DF099}','{D8D232B1-2D23-47b0-B175-2635C0A2D8A0}','{642B3800-9DF5-11D5-96F8-00207802C01C}','1' )
INSERT INTO ToolEntry VALUES ('{8A9A2F80-6887-11D3-842E-005004848CBA}','{42CA0006-5AA4-11D3-99E7-00105A0DF099}','{D8D232B1-2D23-47b0-B175-2635C0A2D8A0}','{642B3801-9DF5-11D5-96F8-00207802C01C}','4' )
INSERT INTO ToolEntry VALUES ('{8A9A2F80-6887-11D3-842E-005004848CBA}','{42CA0006-5AA4-11D3-99E7-00105A0DF099}','{D8D232B1-2D23-47b0-B175-2635C0A2D8A0}','{642B3802-9DF5-11D5-96F8-00207802C01C}','3' )
INSERT INTO ToolEntry VALUES ('{8A9A2F80-6887-11D3-842E-005004848CBA}','{42CA0006-5AA4-11D3-99E7-00105A0DF099}','{D8D232B1-2D23-47b0-B175-2635C0A2D8A0}','{642B3803-9DF5-11D5-96F8-00207802C01C}','7' )
INSERT INTO ToolEntry VALUES ('{8A9A2F80-6887-11D3-842E-005004848CBA}','{42CA0006-5AA4-11D3-99E7-00105A0DF099}','{D8D232B1-2D23-47b0-B175-2635C0A2D8A0}','{642B3804-9DF5-11D5-96F8-00207802C01C}','8' )
INSERT INTO ToolEntry VALUES ('{8A9A2F80-6887-11D3-842E-005004848CBA}','{42CA0006-5AA4-11D3-99E7-00105A0DF099}','{D8D232B1-2D23-47b0-B175-2635C0A2D8A0}','{642B3805-9DF5-11D5-96F8-00207802C01C}','9' )
INSERT INTO ToolEntry VALUES ('{8A9A2F80-6887-11D3-842E-005004848CBA}','{42CA0006-5AA4-11D3-99E7-00105A0DF099}','{D8D232B1-2D23-47b0-B175-2635C0A2D8A0}','{642B3806-9DF5-11D5-96F8-00207802C01C}','2' )
INSERT INTO ToolEntry VALUES ('{8A9A2F80-6887-11D3-842E-005004848CBA}','{42CA0006-5AA4-11D3-99E7-00105A0DF099}','{D8D232B1-2D23-47b0-B175-2635C0A2D8A0}','{642B3807-9DF5-11D5-96F8-00207802C01C}','5' )
INSERT INTO ToolEntry VALUES ('{8A9A2F80-6887-11D3-842E-005004848CBA}','{42CA0006-5AA4-11D3-99E7-00105A0DF099}','{D8D232B1-2D23-47b0-B175-2635C0A2D8A0}','{642B3808-9DF5-11D5-96F8-00207802C01C}','6' )
                                                                                                                 // 486                                           
INSERT INTO ToolEntry VALUES ('{8A9A2F80-6887-11D3-842E-005004848CBA}','{42CA0006-5AA4-11D3-99E7-00105A0DF099}','{D3C65F18-E3D0-43ec-8F0F-79C99EAFB9F9}','{642B3800-9DF5-11D5-96F8-00207802C01C}','1' )
INSERT INTO ToolEntry VALUES ('{8A9A2F80-6887-11D3-842E-005004848CBA}','{42CA0006-5AA4-11D3-99E7-00105A0DF099}','{D3C65F18-E3D0-43ec-8F0F-79C99EAFB9F9}','{642B3801-9DF5-11D5-96F8-00207802C01C}','4' )
INSERT INTO ToolEntry VALUES ('{8A9A2F80-6887-11D3-842E-005004848CBA}','{42CA0006-5AA4-11D3-99E7-00105A0DF099}','{D3C65F18-E3D0-43ec-8F0F-79C99EAFB9F9}','{642B3802-9DF5-11D5-96F8-00207802C01C}','3' )
INSERT INTO ToolEntry VALUES ('{8A9A2F80-6887-11D3-842E-005004848CBA}','{42CA0006-5AA4-11D3-99E7-00105A0DF099}','{D3C65F18-E3D0-43ec-8F0F-79C99EAFB9F9}','{642B3803-9DF5-11D5-96F8-00207802C01C}','7' )
INSERT INTO ToolEntry VALUES ('{8A9A2F80-6887-11D3-842E-005004848CBA}','{42CA0006-5AA4-11D3-99E7-00105A0DF099}','{D3C65F18-E3D0-43ec-8F0F-79C99EAFB9F9}','{642B3804-9DF5-11D5-96F8-00207802C01C}','8' )
INSERT INTO ToolEntry VALUES ('{8A9A2F80-6887-11D3-842E-005004848CBA}','{42CA0006-5AA4-11D3-99E7-00105A0DF099}','{D3C65F18-E3D0-43ec-8F0F-79C99EAFB9F9}','{642B3805-9DF5-11D5-96F8-00207802C01C}','9' )
INSERT INTO ToolEntry VALUES ('{8A9A2F80-6887-11D3-842E-005004848CBA}','{42CA0006-5AA4-11D3-99E7-00105A0DF099}','{D3C65F18-E3D0-43ec-8F0F-79C99EAFB9F9}','{642B3806-9DF5-11D5-96F8-00207802C01C}','2' )
INSERT INTO ToolEntry VALUES ('{8A9A2F80-6887-11D3-842E-005004848CBA}','{42CA0006-5AA4-11D3-99E7-00105A0DF099}','{D3C65F18-E3D0-43ec-8F0F-79C99EAFB9F9}','{642B3807-9DF5-11D5-96F8-00207802C01C}','5' )
INSERT INTO ToolEntry VALUES ('{8A9A2F80-6887-11D3-842E-005004848CBA}','{42CA0006-5AA4-11D3-99E7-00105A0DF099}','{D3C65F18-E3D0-43ec-8F0F-79C99EAFB9F9}','{642B3808-9DF5-11D5-96F8-00207802C01C}','6' )


// ******** ToolOption  ********
                // CL
INSERT INTO ToolOption VALUES ('{642B38C7-9DF5-11D5-96F8-00207802C01C}', '{642B3800-9DF5-11D5-96F8-00207802C01C}','EMULATORDISABLE_OPTIMIZATIONS','Disables all compiler optimizations','2',NULL,'/Od',FALSE)       
INSERT INTO ToolOption VALUES ('{642B38C6-9DF5-11D5-96F8-00207802C01C}', '{642B3800-9DF5-11D5-96F8-00207802C01C}','EMULATOR_MAXIMUM_OPTIMIZATION','maximum opts. (/Ogityb1 /Gs)','2',NULL,'/O2',FALSE)  
INSERT INTO ToolOption VALUES ('{642B38C5-9DF5-11D5-96F8-00207802C01C}', '{642B3800-9DF5-11D5-96F8-00207802C01C}','CECRTMT_EMULATOR','Release Lib Macro','2',NULL,'/M$(CECrtMT)',FALSE) 
INSERT INTO ToolOption VALUES ('{642B38C4-9DF5-11D5-96F8-00207802C01C}', '{642B3800-9DF5-11D5-96F8-00207802C01C}','UNICODE_EMULATOR','Turn on Unicode','2',NULL,'/D UNICODE /D _UNICODE',FALSE)       
INSERT INTO ToolOption VALUES ('{642B38C3-9DF5-11D5-96F8-00207802C01C}', '{642B3800-9DF5-11D5-96F8-00207802C01C}','AFXDLL_EMULATOR','Define _AFXDLL for dynamic linking to MFC','2',NULL,'/D _AFXDLL',FALSE)       
INSERT INTO ToolOption VALUES ('{642B38C2-9DF5-11D5-96F8-00207802C01C}', '{642B3800-9DF5-11D5-96F8-00207802C01C}','CECRTMTDEBUG_EMULATOR','Debug Lib Macro','2',NULL,'/M$(CECrtMTDebug)',FALSE)      
INSERT INTO ToolOption VALUES ('{642B38C1-9DF5-11D5-96F8-00207802C01C}', '{642B3800-9DF5-11D5-96F8-00207802C01C}','DEFINECPU_EMULATOR','define _X86_ and x86','2',NULL,'/D _X86_ /D x86',FALSE)       
INSERT INTO ToolOption VALUES ('{642B38C0-9DF5-11D5-96F8-00207802C01C}', '{642B3800-9DF5-11D5-96F8-00207802C01C}','EMULATOR_CPLR_DBG','IDS_EMULATOR_CPLR_DBG','2','1','/DDEBUG',FALSE)       
INSERT INTO ToolOption VALUES ('{642B38BF-9DF5-11D5-96F8-00207802C01C}', '{642B3800-9DF5-11D5-96F8-00207802C01C}','EMULATOREXE_CPLR_DBG','IDS_EMULATOREXE_CPLR_DBG','2','1','/Zi   /D_i386_ /DUNDER_CE=$(CEVersion) /D_WIN32_WCE=$(CEVersion)',FALSE)   
INSERT INTO ToolOption VALUES ('{642B38BE-9DF5-11D5-96F8-00207802C01C}', '{642B3800-9DF5-11D5-96F8-00207802C01C}','EMULATOR_CPLR_COMMON','IDS_EMULATOR_CPLR_COMMON','2','1','/c /nologo /D_WIN32_WCE=$(CEVersion) /Gs8192 /GF /D $(CePlatform)',FALSE)     
INSERT INTO ToolOption VALUES ('{642B38BD-9DF5-11D5-96F8-00207802C01C}', '{642B3800-9DF5-11D5-96F8-00207802C01C}','EMULATORDLL_CPLR_DBG','IDS_EMULATORDLL_CPLR_DBG','2','1','/Zi   /D_i386_ /DUNDER_CE=$(CEVersion) /D_WIN32_WCE=$(CEVersion)',FALSE)   
INSERT INTO ToolOption VALUES ('{642B38BC-9DF5-11D5-96F8-00207802C01C}', '{642B3800-9DF5-11D5-96F8-00207802C01C}','EMULATORCON_CPLR_DBG','IDS_EMULATORCON_CPLR_DBG','2','1','/Zi   /D_i386_ /DUNDER_CE=$(CEVersion) /D_WIN32_WCE=$(CEVersion)',FALSE)   
INSERT INTO ToolOption VALUES ('{642B38BB-9DF5-11D5-96F8-00207802C01C}', '{642B3800-9DF5-11D5-96F8-00207802C01C}','EMULATORLIB_CPLR_DBG','IDS_EMULATORLIB_CPLR_DBG','2','1','/Zi   /D_i386_ /DUNDER_CE=$(CEVersion) /D_WIN32_WCE=$(CEVersion)',FALSE)   
INSERT INTO ToolOption VALUES ('{642B38BA-9DF5-11D5-96F8-00207802C01C}', '{642B3800-9DF5-11D5-96F8-00207802C01C}','EMULATOREXE_CPLR_REL','IDS_EMULATOREXE_CPLR_REL','2','1','/D_i386_ /DUNDER_CE=$(CEVersion) /D_WIN32_WCE=$(CEVersion)',FALSE)      
INSERT INTO ToolOption VALUES ('{642B38B9-9DF5-11D5-96F8-00207802C01C}', '{642B3800-9DF5-11D5-96F8-00207802C01C}','EMULATORDLL_CPLR_REL','IDS_EMULATORDLL_CPLR_REL','2','1','/D_i386_ /DUNDER_CE=$(CEVersion) /D_WIN32_WCE=$(CEVersion)',FALSE)      
INSERT INTO ToolOption VALUES ('{642B38B8-9DF5-11D5-96F8-00207802C01C}', '{642B3800-9DF5-11D5-96F8-00207802C01C}','EMULATORCON_CPLR_REL','IDS_EMULATORCON_CPLR_REL','2','1','/D_i386_ /DUNDER_CE=$(CEVersion) /D_WIN32_WCE=$(CEVersion)',FALSE)      
INSERT INTO ToolOption VALUES ('{642B38B7-9DF5-11D5-96F8-00207802C01C}', '{642B3800-9DF5-11D5-96F8-00207802C01C}','EMULATORLIB_CPLR_REL','IDS_EMULATORLIB_CPLR_REL','2','1','/D_i386_ /DUNDER_CE=$(CEVersion) /D_WIN32_WCE=$(CEVersion)',FALSE)      
INSERT INTO ToolOption VALUES ('{642B38B6-9DF5-11D5-96F8-00207802C01C}', '{642B3800-9DF5-11D5-96F8-00207802C01C}','EMULATORATL_CPLR_DBG','Specific flags for EMULATOR Compiler (ATL DBG build)','2','1','/D _USRDLL',FALSE) 
INSERT INTO ToolOption VALUES ('{642B38B5-9DF5-11D5-96F8-00207802C01C}', '{642B3800-9DF5-11D5-96F8-00207802C01C}','EMULATORMFC_CPLR_COMMON',NULL,'2','1','/c /nologo /D_WIN32_WCE=$(CEVersion) /Gs8192 /GF /D $(CePlatform)',FALSE)         
INSERT INTO ToolOption VALUES ('{642B38B4-9DF5-11D5-96F8-00207802C01C}', '{642B3800-9DF5-11D5-96F8-00207802C01C}','EMULATORATL_CPLR_COMMON',NULL,'2','1','/D _USRDLL /c /Gs8192 /GF /D $(CePlatform)',FALSE)        
INSERT INTO ToolOption VALUES ('{642B38B3-9DF5-11D5-96F8-00207802C01C}', '{642B3800-9DF5-11D5-96F8-00207802C01C}','EMULATORATL_CPLR_REL',NULL,'2','1','/nologo /D_i386_ /DUNDER_CE=$(CEVersion) /D_WIN32_WCE=$(CEVersion)',FALSE) 
INSERT INTO ToolOption VALUES ('{642B38B2-9DF5-11D5-96F8-00207802C01C}', '{642B3800-9DF5-11D5-96F8-00207802C01C}','EMULATORACTIVEX_CPLR_COMMON',NULL,'2','1','/GX-',FALSE)   
INSERT INTO ToolOption VALUES ('{642B38B1-9DF5-11D5-96F8-00207802C01C}', '{642B3800-9DF5-11D5-96F8-00207802C01C}','EMULATOR_DEFINE_I_386',NULL,'2',NULL,'/D "i_386_"',FALSE)  
INSERT INTO ToolOption VALUES ('{642B38B0-9DF5-11D5-96F8-00207802C01C}', '{642B3800-9DF5-11D5-96F8-00207802C01C}','EMULATOR_WIN32_WCE_CEPC','Define necessary for CEPC','2',NULL,'/D _WIN32_WCE_CEPC',FALSE) 
INSERT INTO ToolOption VALUES ('{642B38AF-9DF5-11D5-96F8-00207802C01C}', '{642B3800-9DF5-11D5-96F8-00207802C01C}','GENERAL_PURPOSE_ALWAYS_EMULATOR','UI pointer to member presentation method','2','1002','/vmg',FALSE)    
INSERT INTO ToolOption VALUES ('{642B38AE-9DF5-11D5-96F8-00207802C01C}', '{642B3800-9DF5-11D5-96F8-00207802C01C}','DISABLE_CONSTRUCTION_DISPLACEMENT_EMULATOR','UI disable construction displacement','2','1001','/vd0',FALSE)
INSERT INTO ToolOption VALUES ('{642B38AD-9DF5-11D5-96F8-00207802C01C}', '{642B3800-9DF5-11D5-96F8-00207802C01C}','PRECOMPILE_HEADER_EMULATOR','UI support precompile header','2','1003',NULL,FALSE)         
INSERT INTO ToolOption VALUES ('{642B38AC-9DF5-11D5-96F8-00207802C01C}', '{642B3800-9DF5-11D5-96F8-00207802C01C}','ASSEMBLY_LISTING_EMULATOR','UI configure assembly listing','2','1000','/FA',FALSE)       
INSERT INTO ToolOption VALUES ('{642B38AB-9DF5-11D5-96F8-00207802C01C}', '{642B3800-9DF5-11D5-96F8-00207802C01C}','NDEBUG_EMULATOR','the NDEBUG define for release prjs','2',NULL,'/D NDEBUG',FALSE)  
INSERT INTO ToolOption VALUES ('{642B38AA-9DF5-11D5-96F8-00207802C01C}', '{642B3800-9DF5-11D5-96F8-00207802C01C}','ATL_STATIC_REGISTRY_EMULATOR','Define _ATL_STATIC_REGISTRY','2',NULL,'/D _ATL_STATIC_REGISTRY',FALSE)          
INSERT INTO ToolOption VALUES ('{642B38A9-9DF5-11D5-96F8-00207802C01C}', '{642B3800-9DF5-11D5-96F8-00207802C01C}','EMULATOR_ASSUME_NO_ALIASING','Assume No Aliasing is Supported','2','1007','/Oa',FALSE)

                // LINK
INSERT INTO ToolOption VALUES ('{642B38A8-9DF5-11D5-96F8-00207802C01C}', '{642B3801-9DF5-11D5-96F8-00207802C01C}','NO_INCREMENTAL_LINKING_EMULATOR','Incremental Linking Flag','2','1006','/INCREMENTAL:NO',FALSE)   
INSERT INTO ToolOption VALUES ('{642B38A7-9DF5-11D5-96F8-00207802C01C}', '{642B3801-9DF5-11D5-96F8-00207802C01C}','STACK_EMULATOR','standard /STACK setting','2',NULL,'/STACK:65536,4096',FALSE)      
INSERT INTO ToolOption VALUES ('{642B38A6-9DF5-11D5-96F8-00207802C01C}', '{642B3801-9DF5-11D5-96F8-00207802C01C}','BASE_100K_EMULATOR','/base flag for .dll proj types','2',NULL,'/base:0x00100000',FALSE)          
INSERT INTO ToolOption VALUES ('{642B38A5-9DF5-11D5-96F8-00207802C01C}', '{642B3801-9DF5-11D5-96F8-00207802C01C}','BASE_TENTHOUSAND_EMULATOR','/base flag for .exe proj types','2',NULL,'/base:0x00010000',FALSE)   
INSERT INTO ToolOption VALUES ('{642B38A4-9DF5-11D5-96F8-00207802C01C}', '{642B3801-9DF5-11D5-96F8-00207802C01C}','MACHINE_EMULATOR','set machine type for linker','2',NULL,'/MACHINE:IX86',FALSE)    
INSERT INTO ToolOption VALUES ('{642B38A3-9DF5-11D5-96F8-00207802C01C}', '{642B3801-9DF5-11D5-96F8-00207802C01C}','INCREMENTAL_LINKING_EMULATOR','Incremental Linking Flag','2','1006','/INCREMENTAL:YES',FALSE)     
INSERT INTO ToolOption VALUES ('{642B38A2-9DF5-11D5-96F8-00207802C01C}', '{642B3801-9DF5-11D5-96F8-00207802C01C}','EMULATOR_LINK_EMULATOR_COMMON','IDS_EMULATOR_LINK_X86_COMMON','2','1','/NOLOGO /subsystem:$(CESubsystem) /nodefaultlib:OLDNAMES.lib /nodefaultlib:$(CENoDefaultLib)',FALSE)      
INSERT INTO ToolOption VALUES ('{642B38A1-9DF5-11D5-96F8-00207802C01C}', '{642B3801-9DF5-11D5-96F8-00207802C01C}','EMULATOR_LINK_DBG','IDS_EMULATOR_LINK_DBG','2','1','/DEBUG /DEBUGTYPE:CV',FALSE)        
INSERT INTO ToolOption VALUES ('{642B38A0-9DF5-11D5-96F8-00207802C01C}', '{642B3801-9DF5-11D5-96F8-00207802C01C}','EMULATOREXE_LINK_DBG','IDS_EMULATOREXE_LINK_DBG','2','1','/entry:WinMainCRTStartup',FALSE) 
INSERT INTO ToolOption VALUES ('{642B389F-9DF5-11D5-96F8-00207802C01C}', '{642B3801-9DF5-11D5-96F8-00207802C01C}','EMULATOR_LIB_DBG','IDS_EMULATOR_LIB_DBG','2','1','commctrl.lib coredll.lib ',FALSE)      
INSERT INTO ToolOption VALUES ('{642B389E-9DF5-11D5-96F8-00207802C01C}', '{642B3801-9DF5-11D5-96F8-00207802C01C}','EMULATORDLL_LINK_DBG','IDS_EMULATORDLL_LINK_DBG','2','1','/DLL /entry:_DllMainCRTStartup',FALSE)      
INSERT INTO ToolOption VALUES ('{642B389D-9DF5-11D5-96F8-00207802C01C}', '{642B3801-9DF5-11D5-96F8-00207802C01C}','EMULATOR_CONLIB','IDS_EMULATOR_CONLIB','2','1','commctrl.lib coredll.lib ',FALSE)        
INSERT INTO ToolOption VALUES ('{642B389C-9DF5-11D5-96F8-00207802C01C}', '{642B3801-9DF5-11D5-96F8-00207802C01C}','EMULATORCON_LINK_DBG','IDS_EMULATORCON_LINK_DBG','2','1','/entry:WinMainCRTStartup',FALSE) 
INSERT INTO ToolOption VALUES ('{642B389B-9DF5-11D5-96F8-00207802C01C}', '{642B3801-9DF5-11D5-96F8-00207802C01C}','EMULATORMFCEXE_LINK_DBG','Specific flags for EMULATOR Linker (MFC EXE Debug build)','2','1','/DEBUG /entry:wWinMainCRTStartup',FALSE)
INSERT INTO ToolOption VALUES ('{642B389A-9DF5-11D5-96F8-00207802C01C}', '{642B3801-9DF5-11D5-96F8-00207802C01C}','EMULATORMFCDLL_LINK_DBG','Specific flags for EMULATOR Linker (MFC DLL Debug build)','2','1','/DEBUG',FALSE)         
INSERT INTO ToolOption VALUES ('{642B3899-9DF5-11D5-96F8-00207802C01C}', '{642B3801-9DF5-11D5-96F8-00207802C01C}','EMULATORMFCEXE_LINK_COMMON','EMULATOR_LINK_X86_COMMON without defaultlib','2','1','/NOLOGO /subsystem:$(CESubsystem)',FALSE)      
INSERT INTO ToolOption VALUES ('{642B3898-9DF5-11D5-96F8-00207802C01C}', '{642B3801-9DF5-11D5-96F8-00207802C01C}','EMULATOREXE_LINK_REL','IDS_EMULATOREXE_LINK_REL','2','1','/entry:WinMainCRTStartup',FALSE) 
INSERT INTO ToolOption VALUES ('{642B3897-9DF5-11D5-96F8-00207802C01C}', '{642B3801-9DF5-11D5-96F8-00207802C01C}','EMULATOR_LINK_REL','IDS_EMULATOR_LINK_REL','2','1',NULL,FALSE) 
INSERT INTO ToolOption VALUES ('{642B3896-9DF5-11D5-96F8-00207802C01C}', '{642B3801-9DF5-11D5-96F8-00207802C01C}','EMULATOR_LIB_REL','IDS_EMULATOR_LIB_REL','2','1','commctrl.lib coredll.lib ',FALSE)      
INSERT INTO ToolOption VALUES ('{642B3895-9DF5-11D5-96F8-00207802C01C}', '{642B3801-9DF5-11D5-96F8-00207802C01C}','EMULATORDLL_LINK_REL','IDS_EMULATORDLL_LINK_REL','2','1','/DLL /entry:_DllMainCRTStartup',FALSE)      
INSERT INTO ToolOption VALUES ('{642B3894-9DF5-11D5-96F8-00207802C01C}', '{642B3801-9DF5-11D5-96F8-00207802C01C}','EMULATOR_LINK_REL','IDS_EMULATOR_LINK_REL','2','1',NULL,FALSE) 
INSERT INTO ToolOption VALUES ('{642B3893-9DF5-11D5-96F8-00207802C01C}', '{642B3801-9DF5-11D5-96F8-00207802C01C}','EMULATORCON_LINK_REL','IDS_EMULATORCON_LINK_REL','2','1','/entry:WinMainCRTStartup',FALSE) 
INSERT INTO ToolOption VALUES ('{642B3892-9DF5-11D5-96F8-00207802C01C}', '{642B3801-9DF5-11D5-96F8-00207802C01C}','EMULATOR_LINK_REL','IDS_EMULATOR_LINK_REL','2','1',NULL,FALSE) 
INSERT INTO ToolOption VALUES ('{642B3891-9DF5-11D5-96F8-00207802C01C}', '{642B3801-9DF5-11D5-96F8-00207802C01C}','EMULATORLIB_LINK','IDS_EMULATORLIB_LINK','2','1','/NOLOGO',FALSE)         
INSERT INTO ToolOption VALUES ('{642B3890-9DF5-11D5-96F8-00207802C01C}', '{642B3801-9DF5-11D5-96F8-00207802C01C}','EMULATORMFCEXE_LINK_REL','Specific flags for EMULATOR Linker (MFC EXE Release build)','2','1','/entry:wWinMainCRTStartup',FALSE)  
INSERT INTO ToolOption VALUES ('{642B388F-9DF5-11D5-96F8-00207802C01C}', '{642B3801-9DF5-11D5-96F8-00207802C01C}','EMULATORMFCDLL_LINK_COMMON','EMULATOR_LINK_X86_COMMON without defaultlib','2','1','/NOLOGO /subsystem:$(CESubsystem)',FALSE)      
INSERT INTO ToolOption VALUES ('{642B388E-9DF5-11D5-96F8-00207802C01C}', '{642B3801-9DF5-11D5-96F8-00207802C01C}','LINKDBG_FORMAT_COFF_EMULATOR','UI debug format COFF','2','1004','/debugtype:coff',FALSE)  
INSERT INTO ToolOption VALUES ('{642B388D-9DF5-11D5-96F8-00207802C01C}', '{642B3801-9DF5-11D5-96F8-00207802C01C}','EMULATOR_LINK_CORELIB','$(CEx86Corelibc)','2','1','$(CEx86Corelibc)',FALSE)        
INSERT INTO ToolOption VALUES ('{642B388C-9DF5-11D5-96F8-00207802C01C}', '{642B3801-9DF5-11D5-96F8-00207802C01C}','AUTOMATIC PRECOMPILED HEADERS_EMULATOR','Use automatic precompiled headers','2','1','/YX',FALSE)     
INSERT INTO ToolOption VALUES ('{642B388B-9DF5-11D5-96F8-00207802C01C}', '{642B3801-9DF5-11D5-96F8-00207802C01C}','WARNING_LEVEL','Use Warning Level 3','2','1','/W3',FALSE)

                // LIB
INSERT INTO ToolOption VALUES ('{642B388A-9DF5-11D5-96F8-00207802C01C}', '{642B3807-9DF5-11D5-96F8-00207802C01C}','EMULATOR_LIB_COMMON',NULL,'2',NULL,'/nologo',FALSE)    

                // MIDL
INSERT INTO ToolOption VALUES ('{642B3889-9DF5-11D5-96F8-00207802C01C}', '{642B3803-9DF5-11D5-96F8-00207802C01C}','EMULATOR_MTL_COMMON','IDS_EMULATOR_MTL_COMMON','2','1','/nologo /mktyplib203 /win32',FALSE)    
INSERT INTO ToolOption VALUES ('{642B3888-9DF5-11D5-96F8-00207802C01C}', '{642B3803-9DF5-11D5-96F8-00207802C01C}','DEFINE_DEBUG','Define DEBUG','2','1','/D DEBUG',FALSE)   
INSERT INTO ToolOption VALUES ('{642B3887-9DF5-11D5-96F8-00207802C01C}', '{642B3803-9DF5-11D5-96F8-00207802C01C}','DEFINE_NDEBUG','Define NDEBUG','2',NULL,'/D NDEBUG',FALSE)  

                // BSC
INSERT INTO ToolOption VALUES ('{642B3886-9DF5-11D5-96F8-00207802C01C}', '{642B3804-9DF5-11D5-96F8-00207802C01C}','EMULATOR_BSC_COMMON','IDS_EMULATOR_BSC_COMMON','2','1','/nologo',FALSE)   

                // COFF
INSERT INTO ToolOption VALUES ('{642B3885-9DF5-11D5-96F8-00207802C01C}', '{642B3805-9DF5-11D5-96F8-00207802C01C}','EMULATOR_COFF_COMMON','IDS_EMULATORLIB_LINK','2','1','/nologo',FALSE)     

                // VCRC
INSERT INTO ToolOption VALUES ('{642B3884-9DF5-11D5-96F8-00207802C01C}', '{642B3802-9DF5-11D5-96F8-00207802C01C}','DEFINE_DEBUG','Define DEBUG','2','1','/D DEBUG',FALSE)   
INSERT INTO ToolOption VALUES ('{642B3883-9DF5-11D5-96F8-00207802C01C}', '{642B3802-9DF5-11D5-96F8-00207802C01C}','DEMULATOR_RC_COMMON','IDS_DEMULATOR_RC_COMMON','2','1','/r /DUNDER_CE=$(CEVersion) /D_WIN32_WCE=$(CEVersion)',FALSE)     
INSERT INTO ToolOption VALUES ('{642B3882-9DF5-11D5-96F8-00207802C01C}', '{642B3802-9DF5-11D5-96F8-00207802C01C}','DEFINE_NDEBUG','Define NDEBUG','2','1','/D NDEBUG',FALSE)        
INSERT INTO ToolOption VALUES ('{642B3881-9DF5-11D5-96F8-00207802C01C}', '{642B3802-9DF5-11D5-96F8-00207802C01C}','CEPLATFORM','CePlatform Macro','2','1','/D $(CePlatform)',FALSE)
INSERT INTO ToolOption VALUES ('{642B3880-9DF5-11D5-96F8-00207802C01C}', '{642B3802-9DF5-11D5-96F8-00207802C01C}','PROCESSOR_DEFINE','Processor Define','2','1','/D _X86_ /D x86 /D_i386_',FALSE)
INSERT INTO ToolOption VALUES ('{642B387F-9DF5-11D5-96F8-00207802C01C}', '{642B3802-9DF5-11D5-96F8-00207802C01C}','DEFINE_UNICODE','Define Unicode','2','1','/D UNICODE /D _UNICODE',FALSE)

// ******** OptionValue  ******** 

// ******** ToolOptionSet  ********
// LIB EMULATOR
INSERT INTO ToolOptionSet VALUES ('{642B3807-9DF5-11D5-96F8-00207802C01C}','67108864','{642B388A-9DF5-11D5-96F8-00207802C01C}',NULL)       
INSERT INTO ToolOptionSet VALUES ('{642B3807-9DF5-11D5-96F8-00207802C01C}','67109120','{642B388A-9DF5-11D5-96F8-00207802C01C}',NULL)       

// CL EMULATOR
	//EXE Release settings
INSERT INTO ToolOptionSet VALUES ('{642B3800-9DF5-11D5-96F8-00207802C01C}','16777216','{642B38BE-9DF5-11D5-96F8-00207802C01C}',NULL)       
INSERT INTO ToolOptionSet VALUES ('{642B3800-9DF5-11D5-96F8-00207802C01C}','16777216','{642B38BA-9DF5-11D5-96F8-00207802C01C}',NULL)       
INSERT INTO ToolOptionSet VALUES ('{642B3800-9DF5-11D5-96F8-00207802C01C}','16777216','{642B38B1-9DF5-11D5-96F8-00207802C01C}',NULL)       
INSERT INTO ToolOptionSet VALUES ('{642B3800-9DF5-11D5-96F8-00207802C01C}','16777216','{642B38C6-9DF5-11D5-96F8-00207802C01C}',NULL)       
INSERT INTO ToolOptionSet VALUES ('{642B3800-9DF5-11D5-96F8-00207802C01C}','16777216','{642B38C4-9DF5-11D5-96F8-00207802C01C}',NULL)       
INSERT INTO ToolOptionSet VALUES ('{642B3800-9DF5-11D5-96F8-00207802C01C}','16777216','{642B38C1-9DF5-11D5-96F8-00207802C01C}',NULL)       
INSERT INTO ToolOptionSet VALUES ('{642B3800-9DF5-11D5-96F8-00207802C01C}','16777216','{642B38AB-9DF5-11D5-96F8-00207802C01C}',NULL)       
INSERT INTO ToolOptionSet VALUES ('{642B3800-9DF5-11D5-96F8-00207802C01C}','16777216','{642B388C-9DF5-11D5-96F8-00207802C01C}',NULL)        
INSERT INTO ToolOptionSet VALUES ('{642B3800-9DF5-11D5-96F8-00207802C01C}','16777216','{642B388B-9DF5-11D5-96F8-00207802C01C}',NULL)        
INSERT INTO ToolOptionSet VALUES ('{642B3801-9DF5-11D5-96F8-00207802C01C}','16777216','{642B38A2-9DF5-11D5-96F8-00207802C01C}',NULL)       
	//MFC EXE Release settings
INSERT INTO ToolOptionSet VALUES ('{642B3800-9DF5-11D5-96F8-00207802C01C}','16777232','{642B38BA-9DF5-11D5-96F8-00207802C01C}',NULL)       
INSERT INTO ToolOptionSet VALUES ('{642B3800-9DF5-11D5-96F8-00207802C01C}','16777232','{642B38B5-9DF5-11D5-96F8-00207802C01C}',NULL)       
INSERT INTO ToolOptionSet VALUES ('{642B3800-9DF5-11D5-96F8-00207802C01C}','16777232','{642B38C6-9DF5-11D5-96F8-00207802C01C}',NULL)       
INSERT INTO ToolOptionSet VALUES ('{642B3800-9DF5-11D5-96F8-00207802C01C}','16777232','{642B38C4-9DF5-11D5-96F8-00207802C01C}',NULL)       
INSERT INTO ToolOptionSet VALUES ('{642B3800-9DF5-11D5-96F8-00207802C01C}','16777232','{642B38C1-9DF5-11D5-96F8-00207802C01C}',NULL)       
INSERT INTO ToolOptionSet VALUES ('{642B3800-9DF5-11D5-96F8-00207802C01C}','16777232','{642B38AB-9DF5-11D5-96F8-00207802C01C}',NULL)       
INSERT INTO ToolOptionSet VALUES ('{642B3800-9DF5-11D5-96F8-00207802C01C}','16777232','{642B38B0-9DF5-11D5-96F8-00207802C01C}',NULL)       
INSERT INTO ToolOptionSet VALUES ('{642B3800-9DF5-11D5-96F8-00207802C01C}','16777232','{642B38C3-9DF5-11D5-96F8-00207802C01C}',NULL)      
INSERT INTO ToolOptionSet VALUES ('{642B3800-9DF5-11D5-96F8-00207802C01C}','16777232','{642B388C-9DF5-11D5-96F8-00207802C01C}',NULL)        
INSERT INTO ToolOptionSet VALUES ('{642B3800-9DF5-11D5-96F8-00207802C01C}','16777232','{642B388B-9DF5-11D5-96F8-00207802C01C}',NULL)        
	// EXE Debug settings
INSERT INTO ToolOptionSet VALUES ('{642B3800-9DF5-11D5-96F8-00207802C01C}','16777472','{642B38C0-9DF5-11D5-96F8-00207802C01C}',NULL)       
INSERT INTO ToolOptionSet VALUES ('{642B3800-9DF5-11D5-96F8-00207802C01C}','16777472','{642B38BF-9DF5-11D5-96F8-00207802C01C}',NULL)       
INSERT INTO ToolOptionSet VALUES ('{642B3800-9DF5-11D5-96F8-00207802C01C}','16777472','{642B38BE-9DF5-11D5-96F8-00207802C01C}',NULL)       
INSERT INTO ToolOptionSet VALUES ('{642B3800-9DF5-11D5-96F8-00207802C01C}','16777472','{642B38B1-9DF5-11D5-96F8-00207802C01C}',NULL)       
INSERT INTO ToolOptionSet VALUES ('{642B3800-9DF5-11D5-96F8-00207802C01C}','16777472','{642B38C7-9DF5-11D5-96F8-00207802C01C}',NULL)       
INSERT INTO ToolOptionSet VALUES ('{642B3800-9DF5-11D5-96F8-00207802C01C}','16777472','{642B38C4-9DF5-11D5-96F8-00207802C01C}',NULL)       
INSERT INTO ToolOptionSet VALUES ('{642B3800-9DF5-11D5-96F8-00207802C01C}','16777472','{642B38C1-9DF5-11D5-96F8-00207802C01C}',NULL)       
INSERT INTO ToolOptionSet VALUES ('{642B3800-9DF5-11D5-96F8-00207802C01C}','16777472','{642B388C-9DF5-11D5-96F8-00207802C01C}',NULL)        
INSERT INTO ToolOptionSet VALUES ('{642B3800-9DF5-11D5-96F8-00207802C01C}','16777472','{642B388B-9DF5-11D5-96F8-00207802C01C}',NULL)        
	//MFC EXE Debug settings
INSERT INTO ToolOptionSet VALUES ('{642B3800-9DF5-11D5-96F8-00207802C01C}','16777488','{642B38C0-9DF5-11D5-96F8-00207802C01C}',NULL)       
INSERT INTO ToolOptionSet VALUES ('{642B3800-9DF5-11D5-96F8-00207802C01C}','16777488','{642B38BF-9DF5-11D5-96F8-00207802C01C}',NULL)       
INSERT INTO ToolOptionSet VALUES ('{642B3800-9DF5-11D5-96F8-00207802C01C}','16777488','{642B38B5-9DF5-11D5-96F8-00207802C01C}',NULL)       
INSERT INTO ToolOptionSet VALUES ('{642B3800-9DF5-11D5-96F8-00207802C01C}','16777488','{642B38C7-9DF5-11D5-96F8-00207802C01C}',NULL)       
INSERT INTO ToolOptionSet VALUES ('{642B3800-9DF5-11D5-96F8-00207802C01C}','16777488','{642B38C4-9DF5-11D5-96F8-00207802C01C}',NULL)       
INSERT INTO ToolOptionSet VALUES ('{642B3800-9DF5-11D5-96F8-00207802C01C}','16777488','{642B38C1-9DF5-11D5-96F8-00207802C01C}',NULL)       
INSERT INTO ToolOptionSet VALUES ('{642B3800-9DF5-11D5-96F8-00207802C01C}','16777488','{642B38B0-9DF5-11D5-96F8-00207802C01C}',NULL)       
INSERT INTO ToolOptionSet VALUES ('{642B3800-9DF5-11D5-96F8-00207802C01C}','16777488','{642B38C3-9DF5-11D5-96F8-00207802C01C}',NULL)      
INSERT INTO ToolOptionSet VALUES ('{642B3800-9DF5-11D5-96F8-00207802C01C}','16777488','{642B388C-9DF5-11D5-96F8-00207802C01C}',NULL)        
INSERT INTO ToolOptionSet VALUES ('{642B3800-9DF5-11D5-96F8-00207802C01C}','16777488','{642B388B-9DF5-11D5-96F8-00207802C01C}',NULL)        
	//DLL Release settings
INSERT INTO ToolOptionSet VALUES ('{642B3800-9DF5-11D5-96F8-00207802C01C}','33554432','{642B38BE-9DF5-11D5-96F8-00207802C01C}',NULL)       
INSERT INTO ToolOptionSet VALUES ('{642B3800-9DF5-11D5-96F8-00207802C01C}','33554432','{642B38B9-9DF5-11D5-96F8-00207802C01C}',NULL)       
INSERT INTO ToolOptionSet VALUES ('{642B3800-9DF5-11D5-96F8-00207802C01C}','33554432','{642B38C6-9DF5-11D5-96F8-00207802C01C}',NULL)       
INSERT INTO ToolOptionSet VALUES ('{642B3800-9DF5-11D5-96F8-00207802C01C}','33554432','{642B38C4-9DF5-11D5-96F8-00207802C01C}',NULL)       
INSERT INTO ToolOptionSet VALUES ('{642B3800-9DF5-11D5-96F8-00207802C01C}','33554432','{642B38C1-9DF5-11D5-96F8-00207802C01C}',NULL)       
INSERT INTO ToolOptionSet VALUES ('{642B3800-9DF5-11D5-96F8-00207802C01C}','33554432','{642B38AB-9DF5-11D5-96F8-00207802C01C}',NULL)       
INSERT INTO ToolOptionSet VALUES ('{642B3800-9DF5-11D5-96F8-00207802C01C}','33554432','{642B388C-9DF5-11D5-96F8-00207802C01C}',NULL)        
INSERT INTO ToolOptionSet VALUES ('{642B3800-9DF5-11D5-96F8-00207802C01C}','33554432','{642B388B-9DF5-11D5-96F8-00207802C01C}',NULL)        
	//ATL DLL Release MinSize settings
INSERT INTO ToolOptionSet VALUES ('{642B3800-9DF5-11D5-96F8-00207802C01C}','33554433','{642B38B4-9DF5-11D5-96F8-00207802C01C}',NULL)       
INSERT INTO ToolOptionSet VALUES ('{642B3800-9DF5-11D5-96F8-00207802C01C}','33554433','{642B38B3-9DF5-11D5-96F8-00207802C01C}',NULL)       
INSERT INTO ToolOptionSet VALUES ('{642B3800-9DF5-11D5-96F8-00207802C01C}','33554433','{642B38C6-9DF5-11D5-96F8-00207802C01C}',NULL)       
INSERT INTO ToolOptionSet VALUES ('{642B3800-9DF5-11D5-96F8-00207802C01C}','33554433','{642B38C4-9DF5-11D5-96F8-00207802C01C}',NULL)       
INSERT INTO ToolOptionSet VALUES ('{642B3800-9DF5-11D5-96F8-00207802C01C}','33554433','{642B38C1-9DF5-11D5-96F8-00207802C01C}',NULL)       
INSERT INTO ToolOptionSet VALUES ('{642B3800-9DF5-11D5-96F8-00207802C01C}','33554433','{642B38AB-9DF5-11D5-96F8-00207802C01C}',NULL)       
INSERT INTO ToolOptionSet VALUES ('{642B3800-9DF5-11D5-96F8-00207802C01C}','33554433','{642B38B0-9DF5-11D5-96F8-00207802C01C}',NULL)       
INSERT INTO ToolOptionSet VALUES ('{642B3800-9DF5-11D5-96F8-00207802C01C}','33554433','{642B388C-9DF5-11D5-96F8-00207802C01C}',NULL)        
INSERT INTO ToolOptionSet VALUES ('{642B3800-9DF5-11D5-96F8-00207802C01C}','33554433','{642B388B-9DF5-11D5-96F8-00207802C01C}',NULL)        
	//ATL DLL Release MinDep settings
INSERT INTO ToolOptionSet VALUES ('{642B3800-9DF5-11D5-96F8-00207802C01C}','33554434','{642B38B4-9DF5-11D5-96F8-00207802C01C}',NULL)       
INSERT INTO ToolOptionSet VALUES ('{642B3800-9DF5-11D5-96F8-00207802C01C}','33554434','{642B38B3-9DF5-11D5-96F8-00207802C01C}',NULL)       
INSERT INTO ToolOptionSet VALUES ('{642B3800-9DF5-11D5-96F8-00207802C01C}','33554434','{642B38C6-9DF5-11D5-96F8-00207802C01C}',NULL)       
INSERT INTO ToolOptionSet VALUES ('{642B3800-9DF5-11D5-96F8-00207802C01C}','33554434','{642B38C4-9DF5-11D5-96F8-00207802C01C}',NULL)       
INSERT INTO ToolOptionSet VALUES ('{642B3800-9DF5-11D5-96F8-00207802C01C}','33554434','{642B38C1-9DF5-11D5-96F8-00207802C01C}',NULL)       
INSERT INTO ToolOptionSet VALUES ('{642B3800-9DF5-11D5-96F8-00207802C01C}','33554434','{642B38AA-9DF5-11D5-96F8-00207802C01C}',NULL)       
INSERT INTO ToolOptionSet VALUES ('{642B3800-9DF5-11D5-96F8-00207802C01C}','33554434','{642B38AB-9DF5-11D5-96F8-00207802C01C}',NULL)       
INSERT INTO ToolOptionSet VALUES ('{642B3800-9DF5-11D5-96F8-00207802C01C}','33554434','{642B38B0-9DF5-11D5-96F8-00207802C01C}',NULL)       
INSERT INTO ToolOptionSet VALUES ('{642B3800-9DF5-11D5-96F8-00207802C01C}','33554434','{642B388C-9DF5-11D5-96F8-00207802C01C}',NULL)        
INSERT INTO ToolOptionSet VALUES ('{642B3800-9DF5-11D5-96F8-00207802C01C}','33554434','{642B388B-9DF5-11D5-96F8-00207802C01C}',NULL)        
	//ATL EXE Release MinSize settings
INSERT INTO ToolOptionSet VALUES ('{642B3800-9DF5-11D5-96F8-00207802C01C}','16777217','{642B38B5-9DF5-11D5-96F8-00207802C01C}',NULL)       	
INSERT INTO ToolOptionSet VALUES ('{642B3800-9DF5-11D5-96F8-00207802C01C}','16777217','{642B38B3-9DF5-11D5-96F8-00207802C01C}',NULL)       
INSERT INTO ToolOptionSet VALUES ('{642B3800-9DF5-11D5-96F8-00207802C01C}','16777217','{642B38C6-9DF5-11D5-96F8-00207802C01C}',NULL)       
INSERT INTO ToolOptionSet VALUES ('{642B3800-9DF5-11D5-96F8-00207802C01C}','16777217','{642B38C4-9DF5-11D5-96F8-00207802C01C}',NULL)       
INSERT INTO ToolOptionSet VALUES ('{642B3800-9DF5-11D5-96F8-00207802C01C}','16777217','{642B38C1-9DF5-11D5-96F8-00207802C01C}',NULL)       
INSERT INTO ToolOptionSet VALUES ('{642B3800-9DF5-11D5-96F8-00207802C01C}','16777217','{642B38AB-9DF5-11D5-96F8-00207802C01C}',NULL)       	
INSERT INTO ToolOptionSet VALUES ('{642B3800-9DF5-11D5-96F8-00207802C01C}','16777217','{642B38B0-9DF5-11D5-96F8-00207802C01C}',NULL)       	
INSERT INTO ToolOptionSet VALUES ('{642B3800-9DF5-11D5-96F8-00207802C01C}','16777217','{642B388C-9DF5-11D5-96F8-00207802C01C}',NULL)        
INSERT INTO ToolOptionSet VALUES ('{642B3800-9DF5-11D5-96F8-00207802C01C}','16777217','{642B388B-9DF5-11D5-96F8-00207802C01C}',NULL)        
	//ATL EXE Release MinDep settings
INSERT INTO ToolOptionSet VALUES ('{642B3800-9DF5-11D5-96F8-00207802C01C}','16777218','{642B38B5-9DF5-11D5-96F8-00207802C01C}',NULL)       	
INSERT INTO ToolOptionSet VALUES ('{642B3800-9DF5-11D5-96F8-00207802C01C}','16777218','{642B38B3-9DF5-11D5-96F8-00207802C01C}',NULL)       
INSERT INTO ToolOptionSet VALUES ('{642B3800-9DF5-11D5-96F8-00207802C01C}','16777218','{642B38C6-9DF5-11D5-96F8-00207802C01C}',NULL)       
INSERT INTO ToolOptionSet VALUES ('{642B3800-9DF5-11D5-96F8-00207802C01C}','16777218','{642B38C4-9DF5-11D5-96F8-00207802C01C}',NULL)       
INSERT INTO ToolOptionSet VALUES ('{642B3800-9DF5-11D5-96F8-00207802C01C}','16777218','{642B38C1-9DF5-11D5-96F8-00207802C01C}',NULL)       
INSERT INTO ToolOptionSet VALUES ('{642B3800-9DF5-11D5-96F8-00207802C01C}','16777218','{642B38AA-9DF5-11D5-96F8-00207802C01C}',NULL)       
INSERT INTO ToolOptionSet VALUES ('{642B3800-9DF5-11D5-96F8-00207802C01C}','16777218','{642B38AB-9DF5-11D5-96F8-00207802C01C}',NULL)       	
INSERT INTO ToolOptionSet VALUES ('{642B3800-9DF5-11D5-96F8-00207802C01C}','16777218','{642B38B0-9DF5-11D5-96F8-00207802C01C}',NULL)       	
INSERT INTO ToolOptionSet VALUES ('{642B3800-9DF5-11D5-96F8-00207802C01C}','16777218','{642B388C-9DF5-11D5-96F8-00207802C01C}',NULL)        
INSERT INTO ToolOptionSet VALUES ('{642B3800-9DF5-11D5-96F8-00207802C01C}','16777218','{642B388B-9DF5-11D5-96F8-00207802C01C}',NULL)        
	//MFC DLL Release settings
INSERT INTO ToolOptionSet VALUES ('{642B3800-9DF5-11D5-96F8-00207802C01C}','33554448','{642B38B9-9DF5-11D5-96F8-00207802C01C}',NULL)       
INSERT INTO ToolOptionSet VALUES ('{642B3800-9DF5-11D5-96F8-00207802C01C}','33554448','{642B38B5-9DF5-11D5-96F8-00207802C01C}',NULL)       
INSERT INTO ToolOptionSet VALUES ('{642B3800-9DF5-11D5-96F8-00207802C01C}','33554448','{642B38C6-9DF5-11D5-96F8-00207802C01C}',NULL)       
INSERT INTO ToolOptionSet VALUES ('{642B3800-9DF5-11D5-96F8-00207802C01C}','33554448','{642B38C4-9DF5-11D5-96F8-00207802C01C}',NULL)       
INSERT INTO ToolOptionSet VALUES ('{642B3800-9DF5-11D5-96F8-00207802C01C}','33554448','{642B38C1-9DF5-11D5-96F8-00207802C01C}',NULL)       
INSERT INTO ToolOptionSet VALUES ('{642B3800-9DF5-11D5-96F8-00207802C01C}','33554448','{642B38AB-9DF5-11D5-96F8-00207802C01C}',NULL)       
INSERT INTO ToolOptionSet VALUES ('{642B3800-9DF5-11D5-96F8-00207802C01C}','33554448','{642B38B0-9DF5-11D5-96F8-00207802C01C}',NULL)       
INSERT INTO ToolOptionSet VALUES ('{642B3800-9DF5-11D5-96F8-00207802C01C}','33554448','{642B38C3-9DF5-11D5-96F8-00207802C01C}',NULL)      
INSERT INTO ToolOptionSet VALUES ('{642B3800-9DF5-11D5-96F8-00207802C01C}','33554448','{642B388C-9DF5-11D5-96F8-00207802C01C}',NULL)        
INSERT INTO ToolOptionSet VALUES ('{642B3800-9DF5-11D5-96F8-00207802C01C}','33554448','{642B388B-9DF5-11D5-96F8-00207802C01C}',NULL)        
	// DLL Debug settings
INSERT INTO ToolOptionSet VALUES ('{642B3800-9DF5-11D5-96F8-00207802C01C}','33554688','{642B38C0-9DF5-11D5-96F8-00207802C01C}',NULL)       
INSERT INTO ToolOptionSet VALUES ('{642B3800-9DF5-11D5-96F8-00207802C01C}','33554688','{642B38BE-9DF5-11D5-96F8-00207802C01C}',NULL)       
INSERT INTO ToolOptionSet VALUES ('{642B3800-9DF5-11D5-96F8-00207802C01C}','33554688','{642B38BD-9DF5-11D5-96F8-00207802C01C}',NULL)       
INSERT INTO ToolOptionSet VALUES ('{642B3800-9DF5-11D5-96F8-00207802C01C}','33554688','{642B38C7-9DF5-11D5-96F8-00207802C01C}',NULL)       
INSERT INTO ToolOptionSet VALUES ('{642B3800-9DF5-11D5-96F8-00207802C01C}','33554688','{642B38C4-9DF5-11D5-96F8-00207802C01C}',NULL)       
INSERT INTO ToolOptionSet VALUES ('{642B3800-9DF5-11D5-96F8-00207802C01C}','33554688','{642B38C1-9DF5-11D5-96F8-00207802C01C}',NULL)       
INSERT INTO ToolOptionSet VALUES ('{642B3800-9DF5-11D5-96F8-00207802C01C}','33554688','{642B388C-9DF5-11D5-96F8-00207802C01C}',NULL)        
INSERT INTO ToolOptionSet VALUES ('{642B3800-9DF5-11D5-96F8-00207802C01C}','33554688','{642B388B-9DF5-11D5-96F8-00207802C01C}',NULL)        
	// ATL DLL Debug settings
INSERT INTO ToolOptionSet VALUES ('{642B3800-9DF5-11D5-96F8-00207802C01C}','33554689','{642B38C0-9DF5-11D5-96F8-00207802C01C}',NULL)       
INSERT INTO ToolOptionSet VALUES ('{642B3800-9DF5-11D5-96F8-00207802C01C}','33554689','{642B38BD-9DF5-11D5-96F8-00207802C01C}',NULL)       
INSERT INTO ToolOptionSet VALUES ('{642B3800-9DF5-11D5-96F8-00207802C01C}','33554689','{642B38B6-9DF5-11D5-96F8-00207802C01C}',NULL)       
INSERT INTO ToolOptionSet VALUES ('{642B3800-9DF5-11D5-96F8-00207802C01C}','33554689','{642B38B5-9DF5-11D5-96F8-00207802C01C}',NULL)       
INSERT INTO ToolOptionSet VALUES ('{642B3800-9DF5-11D5-96F8-00207802C01C}','33554689','{642B38C7-9DF5-11D5-96F8-00207802C01C}',NULL)       
INSERT INTO ToolOptionSet VALUES ('{642B3800-9DF5-11D5-96F8-00207802C01C}','33554689','{642B38C4-9DF5-11D5-96F8-00207802C01C}',NULL)       
INSERT INTO ToolOptionSet VALUES ('{642B3800-9DF5-11D5-96F8-00207802C01C}','33554689','{642B38C1-9DF5-11D5-96F8-00207802C01C}',NULL)       
INSERT INTO ToolOptionSet VALUES ('{642B3800-9DF5-11D5-96F8-00207802C01C}','33554689','{642B38B0-9DF5-11D5-96F8-00207802C01C}',NULL)       
INSERT INTO ToolOptionSet VALUES ('{642B3800-9DF5-11D5-96F8-00207802C01C}','33554689','{642B388C-9DF5-11D5-96F8-00207802C01C}',NULL)        
INSERT INTO ToolOptionSet VALUES ('{642B3800-9DF5-11D5-96F8-00207802C01C}','33554689','{642B388B-9DF5-11D5-96F8-00207802C01C}',NULL)        
	// ATL EXE Debug settings
INSERT INTO ToolOptionSet VALUES ('{642B3800-9DF5-11D5-96F8-00207802C01C}','16777473','{642B38C0-9DF5-11D5-96F8-00207802C01C}',NULL)       
INSERT INTO ToolOptionSet VALUES ('{642B3800-9DF5-11D5-96F8-00207802C01C}','16777473','{642B38BF-9DF5-11D5-96F8-00207802C01C}',NULL)       
INSERT INTO ToolOptionSet VALUES ('{642B3800-9DF5-11D5-96F8-00207802C01C}','16777473','{642B38B5-9DF5-11D5-96F8-00207802C01C}',NULL)       
INSERT INTO ToolOptionSet VALUES ('{642B3800-9DF5-11D5-96F8-00207802C01C}','16777473','{642B38C7-9DF5-11D5-96F8-00207802C01C}',NULL)       
INSERT INTO ToolOptionSet VALUES ('{642B3800-9DF5-11D5-96F8-00207802C01C}','16777473','{642B38C4-9DF5-11D5-96F8-00207802C01C}',NULL)       
INSERT INTO ToolOptionSet VALUES ('{642B3800-9DF5-11D5-96F8-00207802C01C}','16777473','{642B38C1-9DF5-11D5-96F8-00207802C01C}',NULL)       
INSERT INTO ToolOptionSet VALUES ('{642B3800-9DF5-11D5-96F8-00207802C01C}','16777473','{642B38B0-9DF5-11D5-96F8-00207802C01C}',NULL)       
INSERT INTO ToolOptionSet VALUES ('{642B3800-9DF5-11D5-96F8-00207802C01C}','16777473','{642B388C-9DF5-11D5-96F8-00207802C01C}',NULL)        
INSERT INTO ToolOptionSet VALUES ('{642B3800-9DF5-11D5-96F8-00207802C01C}','16777473','{642B388B-9DF5-11D5-96F8-00207802C01C}',NULL)        
	// MFC DLL Debug settings
INSERT INTO ToolOptionSet VALUES ('{642B3800-9DF5-11D5-96F8-00207802C01C}','33554704','{642B38C0-9DF5-11D5-96F8-00207802C01C}',NULL)       
INSERT INTO ToolOptionSet VALUES ('{642B3800-9DF5-11D5-96F8-00207802C01C}','33554704','{642B38BD-9DF5-11D5-96F8-00207802C01C}',NULL)       
INSERT INTO ToolOptionSet VALUES ('{642B3800-9DF5-11D5-96F8-00207802C01C}','33554704','{642B38B5-9DF5-11D5-96F8-00207802C01C}',NULL)       
INSERT INTO ToolOptionSet VALUES ('{642B3800-9DF5-11D5-96F8-00207802C01C}','33554704','{642B38C7-9DF5-11D5-96F8-00207802C01C}',NULL)       
INSERT INTO ToolOptionSet VALUES ('{642B3800-9DF5-11D5-96F8-00207802C01C}','33554704','{642B38C4-9DF5-11D5-96F8-00207802C01C}',NULL)       
INSERT INTO ToolOptionSet VALUES ('{642B3800-9DF5-11D5-96F8-00207802C01C}','33554704','{642B38C1-9DF5-11D5-96F8-00207802C01C}',NULL)       
INSERT INTO ToolOptionSet VALUES ('{642B3800-9DF5-11D5-96F8-00207802C01C}','33554704','{642B38B0-9DF5-11D5-96F8-00207802C01C}',NULL)       
INSERT INTO ToolOptionSet VALUES ('{642B3800-9DF5-11D5-96F8-00207802C01C}','33554704','{642B38C3-9DF5-11D5-96F8-00207802C01C}',NULL)      
INSERT INTO ToolOptionSet VALUES ('{642B3800-9DF5-11D5-96F8-00207802C01C}','33554704','{642B388C-9DF5-11D5-96F8-00207802C01C}',NULL)        
INSERT INTO ToolOptionSet VALUES ('{642B3800-9DF5-11D5-96F8-00207802C01C}','33554704','{642B388B-9DF5-11D5-96F8-00207802C01C}',NULL)        
	// MFC ActiveX Control release settings
INSERT INTO ToolOptionSet VALUES ('{642B3800-9DF5-11D5-96F8-00207802C01C}','33558544','{642B38B9-9DF5-11D5-96F8-00207802C01C}',NULL)       
INSERT INTO ToolOptionSet VALUES ('{642B3800-9DF5-11D5-96F8-00207802C01C}','33558544','{642B38B5-9DF5-11D5-96F8-00207802C01C}',NULL)       
INSERT INTO ToolOptionSet VALUES ('{642B3800-9DF5-11D5-96F8-00207802C01C}','33558544','{642B38B2-9DF5-11D5-96F8-00207802C01C}',NULL)       
INSERT INTO ToolOptionSet VALUES ('{642B3800-9DF5-11D5-96F8-00207802C01C}','33558544','{642B38C6-9DF5-11D5-96F8-00207802C01C}',NULL)       
INSERT INTO ToolOptionSet VALUES ('{642B3800-9DF5-11D5-96F8-00207802C01C}','33558544','{642B38C4-9DF5-11D5-96F8-00207802C01C}',NULL)       
INSERT INTO ToolOptionSet VALUES ('{642B3800-9DF5-11D5-96F8-00207802C01C}','33558544','{642B38C1-9DF5-11D5-96F8-00207802C01C}',NULL)       
INSERT INTO ToolOptionSet VALUES ('{642B3800-9DF5-11D5-96F8-00207802C01C}','33558544','{642B38AB-9DF5-11D5-96F8-00207802C01C}',NULL)       
INSERT INTO ToolOptionSet VALUES ('{642B3800-9DF5-11D5-96F8-00207802C01C}','33558544','{642B38B0-9DF5-11D5-96F8-00207802C01C}',NULL)       
INSERT INTO ToolOptionSet VALUES ('{642B3800-9DF5-11D5-96F8-00207802C01C}','33558544','{642B38C3-9DF5-11D5-96F8-00207802C01C}',NULL)      
INSERT INTO ToolOptionSet VALUES ('{642B3800-9DF5-11D5-96F8-00207802C01C}','33558544','{642B388C-9DF5-11D5-96F8-00207802C01C}',NULL)        
INSERT INTO ToolOptionSet VALUES ('{642B3800-9DF5-11D5-96F8-00207802C01C}','33558544','{642B388B-9DF5-11D5-96F8-00207802C01C}',NULL)        
	// MFC ActiveX Control debug settings
INSERT INTO ToolOptionSet VALUES ('{642B3800-9DF5-11D5-96F8-00207802C01C}','33558800','{642B38C0-9DF5-11D5-96F8-00207802C01C}',NULL)       
INSERT INTO ToolOptionSet VALUES ('{642B3800-9DF5-11D5-96F8-00207802C01C}','33558800','{642B38BD-9DF5-11D5-96F8-00207802C01C}',NULL)       
INSERT INTO ToolOptionSet VALUES ('{642B3800-9DF5-11D5-96F8-00207802C01C}','33558800','{642B38B5-9DF5-11D5-96F8-00207802C01C}',NULL)       
INSERT INTO ToolOptionSet VALUES ('{642B3800-9DF5-11D5-96F8-00207802C01C}','33558800','{642B38B2-9DF5-11D5-96F8-00207802C01C}',NULL)       
INSERT INTO ToolOptionSet VALUES ('{642B3800-9DF5-11D5-96F8-00207802C01C}','33558800','{642B38C7-9DF5-11D5-96F8-00207802C01C}',NULL)       
INSERT INTO ToolOptionSet VALUES ('{642B3800-9DF5-11D5-96F8-00207802C01C}','33558800','{642B38C4-9DF5-11D5-96F8-00207802C01C}',NULL)       
INSERT INTO ToolOptionSet VALUES ('{642B3800-9DF5-11D5-96F8-00207802C01C}','33558800','{642B38C1-9DF5-11D5-96F8-00207802C01C}',NULL)       
INSERT INTO ToolOptionSet VALUES ('{642B3800-9DF5-11D5-96F8-00207802C01C}','33558800','{642B38B0-9DF5-11D5-96F8-00207802C01C}',NULL)       
INSERT INTO ToolOptionSet VALUES ('{642B3800-9DF5-11D5-96F8-00207802C01C}','33558800','{642B38C3-9DF5-11D5-96F8-00207802C01C}',NULL)      
INSERT INTO ToolOptionSet VALUES ('{642B3800-9DF5-11D5-96F8-00207802C01C}','33558800','{642B388C-9DF5-11D5-96F8-00207802C01C}',NULL)        
INSERT INTO ToolOptionSet VALUES ('{642B3800-9DF5-11D5-96F8-00207802C01C}','33558800','{642B388B-9DF5-11D5-96F8-00207802C01C}',NULL)        
	// Concole application release settings
INSERT INTO ToolOptionSet VALUES ('{642B3800-9DF5-11D5-96F8-00207802C01C}','50331648','{642B38BE-9DF5-11D5-96F8-00207802C01C}',NULL)       
INSERT INTO ToolOptionSet VALUES ('{642B3800-9DF5-11D5-96F8-00207802C01C}','50331648','{642B38B8-9DF5-11D5-96F8-00207802C01C}',NULL)       
INSERT INTO ToolOptionSet VALUES ('{642B3800-9DF5-11D5-96F8-00207802C01C}','50331648','{642B38C6-9DF5-11D5-96F8-00207802C01C}',NULL)       
INSERT INTO ToolOptionSet VALUES ('{642B3800-9DF5-11D5-96F8-00207802C01C}','50331648','{642B38C4-9DF5-11D5-96F8-00207802C01C}',NULL)       
INSERT INTO ToolOptionSet VALUES ('{642B3800-9DF5-11D5-96F8-00207802C01C}','50331648','{642B38C1-9DF5-11D5-96F8-00207802C01C}',NULL)       
INSERT INTO ToolOptionSet VALUES ('{642B3800-9DF5-11D5-96F8-00207802C01C}','50331648','{642B38AB-9DF5-11D5-96F8-00207802C01C}',NULL)       
INSERT INTO ToolOptionSet VALUES ('{642B3800-9DF5-11D5-96F8-00207802C01C}','50331648','{642B388C-9DF5-11D5-96F8-00207802C01C}',NULL)        
INSERT INTO ToolOptionSet VALUES ('{642B3800-9DF5-11D5-96F8-00207802C01C}','50331648','{642B388B-9DF5-11D5-96F8-00207802C01C}',NULL)        
	// Concole application debug settings
INSERT INTO ToolOptionSet VALUES ('{642B3800-9DF5-11D5-96F8-00207802C01C}','50331904','{642B38C0-9DF5-11D5-96F8-00207802C01C}',NULL)       
INSERT INTO ToolOptionSet VALUES ('{642B3800-9DF5-11D5-96F8-00207802C01C}','50331904','{642B38BE-9DF5-11D5-96F8-00207802C01C}',NULL)       
INSERT INTO ToolOptionSet VALUES ('{642B3800-9DF5-11D5-96F8-00207802C01C}','50331904','{642B38BC-9DF5-11D5-96F8-00207802C01C}',NULL)       
INSERT INTO ToolOptionSet VALUES ('{642B3800-9DF5-11D5-96F8-00207802C01C}','50331904','{642B38C7-9DF5-11D5-96F8-00207802C01C}',NULL)       
INSERT INTO ToolOptionSet VALUES ('{642B3800-9DF5-11D5-96F8-00207802C01C}','50331904','{642B38C4-9DF5-11D5-96F8-00207802C01C}',NULL)       
INSERT INTO ToolOptionSet VALUES ('{642B3800-9DF5-11D5-96F8-00207802C01C}','50331904','{642B38C1-9DF5-11D5-96F8-00207802C01C}',NULL)       
INSERT INTO ToolOptionSet VALUES ('{642B3800-9DF5-11D5-96F8-00207802C01C}','50331904','{642B388C-9DF5-11D5-96F8-00207802C01C}',NULL)        
INSERT INTO ToolOptionSet VALUES ('{642B3800-9DF5-11D5-96F8-00207802C01C}','50331904','{642B388B-9DF5-11D5-96F8-00207802C01C}',NULL)        
	// Static Library release settings
INSERT INTO ToolOptionSet VALUES ('{642B3800-9DF5-11D5-96F8-00207802C01C}','67108864','{642B38BE-9DF5-11D5-96F8-00207802C01C}',NULL)       
INSERT INTO ToolOptionSet VALUES ('{642B3800-9DF5-11D5-96F8-00207802C01C}','67108864','{642B38B7-9DF5-11D5-96F8-00207802C01C}',NULL)       
INSERT INTO ToolOptionSet VALUES ('{642B3800-9DF5-11D5-96F8-00207802C01C}','67108864','{642B38C6-9DF5-11D5-96F8-00207802C01C}',NULL)       
INSERT INTO ToolOptionSet VALUES ('{642B3800-9DF5-11D5-96F8-00207802C01C}','67108864','{642B38C4-9DF5-11D5-96F8-00207802C01C}',NULL)       
INSERT INTO ToolOptionSet VALUES ('{642B3800-9DF5-11D5-96F8-00207802C01C}','67108864','{642B38C1-9DF5-11D5-96F8-00207802C01C}',NULL)       
INSERT INTO ToolOptionSet VALUES ('{642B3800-9DF5-11D5-96F8-00207802C01C}','67108864','{642B38AB-9DF5-11D5-96F8-00207802C01C}',NULL)       
INSERT INTO ToolOptionSet VALUES ('{642B3800-9DF5-11D5-96F8-00207802C01C}','67108864','{642B388C-9DF5-11D5-96F8-00207802C01C}',NULL)        
INSERT INTO ToolOptionSet VALUES ('{642B3800-9DF5-11D5-96F8-00207802C01C}','67108864','{642B388B-9DF5-11D5-96F8-00207802C01C}',NULL)        
	// Static Library debug settings
INSERT INTO ToolOptionSet VALUES ('{642B3800-9DF5-11D5-96F8-00207802C01C}','67109120','{642B38C0-9DF5-11D5-96F8-00207802C01C}',NULL)       
INSERT INTO ToolOptionSet VALUES ('{642B3800-9DF5-11D5-96F8-00207802C01C}','67109120','{642B38BE-9DF5-11D5-96F8-00207802C01C}',NULL)       
INSERT INTO ToolOptionSet VALUES ('{642B3800-9DF5-11D5-96F8-00207802C01C}','67109120','{642B38BB-9DF5-11D5-96F8-00207802C01C}',NULL)       
INSERT INTO ToolOptionSet VALUES ('{642B3800-9DF5-11D5-96F8-00207802C01C}','67109120','{642B38C7-9DF5-11D5-96F8-00207802C01C}',NULL)       
INSERT INTO ToolOptionSet VALUES ('{642B3800-9DF5-11D5-96F8-00207802C01C}','67109120','{642B38C4-9DF5-11D5-96F8-00207802C01C}',NULL)       
INSERT INTO ToolOptionSet VALUES ('{642B3800-9DF5-11D5-96F8-00207802C01C}','67109120','{642B38C1-9DF5-11D5-96F8-00207802C01C}',NULL)       
INSERT INTO ToolOptionSet VALUES ('{642B3800-9DF5-11D5-96F8-00207802C01C}','67109120','{642B388C-9DF5-11D5-96F8-00207802C01C}',NULL) 
INSERT INTO ToolOptionSet VALUES ('{642B3800-9DF5-11D5-96F8-00207802C01C}','67109120','{642B388B-9DF5-11D5-96F8-00207802C01C}',NULL) 

 
// LINK EMULATOR
	//EXE Release settings
INSERT INTO ToolOptionSet VALUES ('{642B3801-9DF5-11D5-96F8-00207802C01C}','16777216','{642B3898-9DF5-11D5-96F8-00207802C01C}',NULL)       
INSERT INTO ToolOptionSet VALUES ('{642B3801-9DF5-11D5-96F8-00207802C01C}','16777216','{642B3896-9DF5-11D5-96F8-00207802C01C}',NULL)       
INSERT INTO ToolOptionSet VALUES ('{642B3801-9DF5-11D5-96F8-00207802C01C}','16777216','{642B388D-9DF5-11D5-96F8-00207802C01C}',NULL)       
INSERT INTO ToolOptionSet VALUES ('{642B3801-9DF5-11D5-96F8-00207802C01C}','16777216','{642B38A5-9DF5-11D5-96F8-00207802C01C}',NULL)       
INSERT INTO ToolOptionSet VALUES ('{642B3801-9DF5-11D5-96F8-00207802C01C}','16777216','{642B38A7-9DF5-11D5-96F8-00207802C01C}',NULL)       
INSERT INTO ToolOptionSet VALUES ('{642B3801-9DF5-11D5-96F8-00207802C01C}','16777216','{642B38A4-9DF5-11D5-96F8-00207802C01C}',NULL)       
INSERT INTO ToolOptionSet VALUES ('{642B3801-9DF5-11D5-96F8-00207802C01C}','16777216','{642B38A8-9DF5-11D5-96F8-00207802C01C}',NULL)      
	//MFC EXE Release settings
INSERT INTO ToolOptionSet VALUES ('{642B3801-9DF5-11D5-96F8-00207802C01C}','16777232','{642B3899-9DF5-11D5-96F8-00207802C01C}',NULL)       
INSERT INTO ToolOptionSet VALUES ('{642B3801-9DF5-11D5-96F8-00207802C01C}','16777232','{642B3890-9DF5-11D5-96F8-00207802C01C}',NULL)       
INSERT INTO ToolOptionSet VALUES ('{642B3801-9DF5-11D5-96F8-00207802C01C}','16777232','{642B38A5-9DF5-11D5-96F8-00207802C01C}',NULL)       
INSERT INTO ToolOptionSet VALUES ('{642B3801-9DF5-11D5-96F8-00207802C01C}','16777232','{642B38A7-9DF5-11D5-96F8-00207802C01C}',NULL)       
INSERT INTO ToolOptionSet VALUES ('{642B3801-9DF5-11D5-96F8-00207802C01C}','16777232','{642B38A4-9DF5-11D5-96F8-00207802C01C}',NULL)       
INSERT INTO ToolOptionSet VALUES ('{642B3801-9DF5-11D5-96F8-00207802C01C}','16777232','{642B38A8-9DF5-11D5-96F8-00207802C01C}',NULL)      
	// EXE Debug settings
INSERT INTO ToolOptionSet VALUES ('{642B3801-9DF5-11D5-96F8-00207802C01C}','16777472','{642B38A2-9DF5-11D5-96F8-00207802C01C}',NULL)       
INSERT INTO ToolOptionSet VALUES ('{642B3801-9DF5-11D5-96F8-00207802C01C}','16777472','{642B38A1-9DF5-11D5-96F8-00207802C01C}',NULL)       
INSERT INTO ToolOptionSet VALUES ('{642B3801-9DF5-11D5-96F8-00207802C01C}','16777472','{642B38A0-9DF5-11D5-96F8-00207802C01C}',NULL)       
INSERT INTO ToolOptionSet VALUES ('{642B3801-9DF5-11D5-96F8-00207802C01C}','16777472','{642B389F-9DF5-11D5-96F8-00207802C01C}',NULL)       
INSERT INTO ToolOptionSet VALUES ('{642B3801-9DF5-11D5-96F8-00207802C01C}','16777472','{642B388D-9DF5-11D5-96F8-00207802C01C}',NULL)       
INSERT INTO ToolOptionSet VALUES ('{642B3801-9DF5-11D5-96F8-00207802C01C}','16777472','{642B38A5-9DF5-11D5-96F8-00207802C01C}',NULL)       
INSERT INTO ToolOptionSet VALUES ('{642B3801-9DF5-11D5-96F8-00207802C01C}','16777472','{642B38A7-9DF5-11D5-96F8-00207802C01C}',NULL)       
INSERT INTO ToolOptionSet VALUES ('{642B3801-9DF5-11D5-96F8-00207802C01C}','16777472','{642B38A4-9DF5-11D5-96F8-00207802C01C}',NULL)       
INSERT INTO ToolOptionSet VALUES ('{642B3801-9DF5-11D5-96F8-00207802C01C}','16777472','{642B38A3-9DF5-11D5-96F8-00207802C01C}',NULL)      
	//MFC EXE Debug settings
INSERT INTO ToolOptionSet VALUES ('{642B3801-9DF5-11D5-96F8-00207802C01C}','16777488','{642B389B-9DF5-11D5-96F8-00207802C01C}',NULL)       
INSERT INTO ToolOptionSet VALUES ('{642B3801-9DF5-11D5-96F8-00207802C01C}','16777488','{642B3899-9DF5-11D5-96F8-00207802C01C}',NULL)       
INSERT INTO ToolOptionSet VALUES ('{642B3801-9DF5-11D5-96F8-00207802C01C}','16777488','{642B38A5-9DF5-11D5-96F8-00207802C01C}',NULL)       
INSERT INTO ToolOptionSet VALUES ('{642B3801-9DF5-11D5-96F8-00207802C01C}','16777488','{642B38A7-9DF5-11D5-96F8-00207802C01C}',NULL)       
INSERT INTO ToolOptionSet VALUES ('{642B3801-9DF5-11D5-96F8-00207802C01C}','16777488','{642B38A4-9DF5-11D5-96F8-00207802C01C}',NULL)       
INSERT INTO ToolOptionSet VALUES ('{642B3801-9DF5-11D5-96F8-00207802C01C}','16777488','{642B38A3-9DF5-11D5-96F8-00207802C01C}',NULL)      
	//DLL Release settings
INSERT INTO ToolOptionSet VALUES ('{642B3801-9DF5-11D5-96F8-00207802C01C}','33554432','{642B38A2-9DF5-11D5-96F8-00207802C01C}',NULL)       
INSERT INTO ToolOptionSet VALUES ('{642B3801-9DF5-11D5-96F8-00207802C01C}','33554432','{642B3896-9DF5-11D5-96F8-00207802C01C}',NULL)       
INSERT INTO ToolOptionSet VALUES ('{642B3801-9DF5-11D5-96F8-00207802C01C}','33554432','{642B3895-9DF5-11D5-96F8-00207802C01C}',NULL)       
INSERT INTO ToolOptionSet VALUES ('{642B3801-9DF5-11D5-96F8-00207802C01C}','33554432','{642B388D-9DF5-11D5-96F8-00207802C01C}',NULL)       
INSERT INTO ToolOptionSet VALUES ('{642B3801-9DF5-11D5-96F8-00207802C01C}','33554432','{642B38A6-9DF5-11D5-96F8-00207802C01C}',NULL)       
INSERT INTO ToolOptionSet VALUES ('{642B3801-9DF5-11D5-96F8-00207802C01C}','33554432','{642B38A7-9DF5-11D5-96F8-00207802C01C}',NULL)       
INSERT INTO ToolOptionSet VALUES ('{642B3801-9DF5-11D5-96F8-00207802C01C}','33554432','{642B38A4-9DF5-11D5-96F8-00207802C01C}',NULL)       
INSERT INTO ToolOptionSet VALUES ('{642B3801-9DF5-11D5-96F8-00207802C01C}','33554432','{642B38A8-9DF5-11D5-96F8-00207802C01C}',NULL)      
	//ATL DLL Release MinSize settings
INSERT INTO ToolOptionSet VALUES ('{642B3801-9DF5-11D5-96F8-00207802C01C}','33554433','{642B3895-9DF5-11D5-96F8-00207802C01C}',NULL)       
INSERT INTO ToolOptionSet VALUES ('{642B3801-9DF5-11D5-96F8-00207802C01C}','33554433','{642B388F-9DF5-11D5-96F8-00207802C01C}',NULL)       
INSERT INTO ToolOptionSet VALUES ('{642B3801-9DF5-11D5-96F8-00207802C01C}','33554433','{642B38A6-9DF5-11D5-96F8-00207802C01C}',NULL)       
INSERT INTO ToolOptionSet VALUES ('{642B3801-9DF5-11D5-96F8-00207802C01C}','33554433','{642B38A7-9DF5-11D5-96F8-00207802C01C}',NULL)       
INSERT INTO ToolOptionSet VALUES ('{642B3801-9DF5-11D5-96F8-00207802C01C}','33554433','{642B38A4-9DF5-11D5-96F8-00207802C01C}',NULL)       
INSERT INTO ToolOptionSet VALUES ('{642B3801-9DF5-11D5-96F8-00207802C01C}','33554433','{642B38A8-9DF5-11D5-96F8-00207802C01C}',NULL)      
	//ATL DLL Release MinDep settings
INSERT INTO ToolOptionSet VALUES ('{642B3801-9DF5-11D5-96F8-00207802C01C}','33554434','{642B3895-9DF5-11D5-96F8-00207802C01C}',NULL)       
INSERT INTO ToolOptionSet VALUES ('{642B3801-9DF5-11D5-96F8-00207802C01C}','33554434','{642B388F-9DF5-11D5-96F8-00207802C01C}',NULL)       
INSERT INTO ToolOptionSet VALUES ('{642B3801-9DF5-11D5-96F8-00207802C01C}','33554434','{642B38A6-9DF5-11D5-96F8-00207802C01C}',NULL)       
INSERT INTO ToolOptionSet VALUES ('{642B3801-9DF5-11D5-96F8-00207802C01C}','33554434','{642B38A7-9DF5-11D5-96F8-00207802C01C}',NULL)       
INSERT INTO ToolOptionSet VALUES ('{642B3801-9DF5-11D5-96F8-00207802C01C}','33554434','{642B38A4-9DF5-11D5-96F8-00207802C01C}',NULL)       
INSERT INTO ToolOptionSet VALUES ('{642B3801-9DF5-11D5-96F8-00207802C01C}','33554434','{642B38A8-9DF5-11D5-96F8-00207802C01C}',NULL)      
	//ATL EXE Release MinSize settings
INSERT INTO ToolOptionSet VALUES ('{642B3801-9DF5-11D5-96F8-00207802C01C}','16777217','{642B3898-9DF5-11D5-96F8-00207802C01C}',NULL)       
INSERT INTO ToolOptionSet VALUES ('{642B3801-9DF5-11D5-96F8-00207802C01C}','16777217','{642B388F-9DF5-11D5-96F8-00207802C01C}',NULL)       
INSERT INTO ToolOptionSet VALUES ('{642B3801-9DF5-11D5-96F8-00207802C01C}','16777217','{642B38A5-9DF5-11D5-96F8-00207802C01C}',NULL)       
INSERT INTO ToolOptionSet VALUES ('{642B3801-9DF5-11D5-96F8-00207802C01C}','16777217','{642B38A7-9DF5-11D5-96F8-00207802C01C}',NULL)       
INSERT INTO ToolOptionSet VALUES ('{642B3801-9DF5-11D5-96F8-00207802C01C}','16777217','{642B38A4-9DF5-11D5-96F8-00207802C01C}',NULL)       
INSERT INTO ToolOptionSet VALUES ('{642B3801-9DF5-11D5-96F8-00207802C01C}','16777217','{642B38A8-9DF5-11D5-96F8-00207802C01C}',NULL)      
	//ATL EXE Release MinDep settings
INSERT INTO ToolOptionSet VALUES ('{642B3801-9DF5-11D5-96F8-00207802C01C}','16777218','{642B3898-9DF5-11D5-96F8-00207802C01C}',NULL)       
INSERT INTO ToolOptionSet VALUES ('{642B3801-9DF5-11D5-96F8-00207802C01C}','16777218','{642B388F-9DF5-11D5-96F8-00207802C01C}',NULL)       
INSERT INTO ToolOptionSet VALUES ('{642B3801-9DF5-11D5-96F8-00207802C01C}','16777218','{642B38A5-9DF5-11D5-96F8-00207802C01C}',NULL)       
INSERT INTO ToolOptionSet VALUES ('{642B3801-9DF5-11D5-96F8-00207802C01C}','16777218','{642B38A7-9DF5-11D5-96F8-00207802C01C}',NULL)       
INSERT INTO ToolOptionSet VALUES ('{642B3801-9DF5-11D5-96F8-00207802C01C}','16777218','{642B38A4-9DF5-11D5-96F8-00207802C01C}',NULL)       
INSERT INTO ToolOptionSet VALUES ('{642B3801-9DF5-11D5-96F8-00207802C01C}','16777218','{642B38A8-9DF5-11D5-96F8-00207802C01C}',NULL)      
	//MFC DLL Release settings
INSERT INTO ToolOptionSet VALUES ('{642B3801-9DF5-11D5-96F8-00207802C01C}','33554448','{642B3895-9DF5-11D5-96F8-00207802C01C}',NULL)       
INSERT INTO ToolOptionSet VALUES ('{642B3801-9DF5-11D5-96F8-00207802C01C}','33554448','{642B388F-9DF5-11D5-96F8-00207802C01C}',NULL)       
INSERT INTO ToolOptionSet VALUES ('{642B3801-9DF5-11D5-96F8-00207802C01C}','33554448','{642B38A6-9DF5-11D5-96F8-00207802C01C}',NULL)       
INSERT INTO ToolOptionSet VALUES ('{642B3801-9DF5-11D5-96F8-00207802C01C}','33554448','{642B38A7-9DF5-11D5-96F8-00207802C01C}',NULL)       
INSERT INTO ToolOptionSet VALUES ('{642B3801-9DF5-11D5-96F8-00207802C01C}','33554448','{642B38A4-9DF5-11D5-96F8-00207802C01C}',NULL)       
INSERT INTO ToolOptionSet VALUES ('{642B3801-9DF5-11D5-96F8-00207802C01C}','33554448','{642B38A8-9DF5-11D5-96F8-00207802C01C}',NULL)      
	// DLL Debug settings
INSERT INTO ToolOptionSet VALUES ('{642B3801-9DF5-11D5-96F8-00207802C01C}','33554688','{642B38A2-9DF5-11D5-96F8-00207802C01C}',NULL)       
INSERT INTO ToolOptionSet VALUES ('{642B3801-9DF5-11D5-96F8-00207802C01C}','33554688','{642B38A1-9DF5-11D5-96F8-00207802C01C}',NULL)       
INSERT INTO ToolOptionSet VALUES ('{642B3801-9DF5-11D5-96F8-00207802C01C}','33554688','{642B389F-9DF5-11D5-96F8-00207802C01C}',NULL)       
INSERT INTO ToolOptionSet VALUES ('{642B3801-9DF5-11D5-96F8-00207802C01C}','33554688','{642B389E-9DF5-11D5-96F8-00207802C01C}',NULL)       
INSERT INTO ToolOptionSet VALUES ('{642B3801-9DF5-11D5-96F8-00207802C01C}','33554688','{642B388D-9DF5-11D5-96F8-00207802C01C}',NULL)       
INSERT INTO ToolOptionSet VALUES ('{642B3801-9DF5-11D5-96F8-00207802C01C}','33554688','{642B38A6-9DF5-11D5-96F8-00207802C01C}',NULL)       
INSERT INTO ToolOptionSet VALUES ('{642B3801-9DF5-11D5-96F8-00207802C01C}','33554688','{642B38A7-9DF5-11D5-96F8-00207802C01C}',NULL)       
INSERT INTO ToolOptionSet VALUES ('{642B3801-9DF5-11D5-96F8-00207802C01C}','33554688','{642B38A4-9DF5-11D5-96F8-00207802C01C}',NULL)       
INSERT INTO ToolOptionSet VALUES ('{642B3801-9DF5-11D5-96F8-00207802C01C}','33554688','{642B38A3-9DF5-11D5-96F8-00207802C01C}',NULL)      
	// ATL DLL Debug settings
INSERT INTO ToolOptionSet VALUES ('{642B3801-9DF5-11D5-96F8-00207802C01C}','33554689','{642B389E-9DF5-11D5-96F8-00207802C01C}',NULL)       
INSERT INTO ToolOptionSet VALUES ('{642B3801-9DF5-11D5-96F8-00207802C01C}','33554689','{642B389A-9DF5-11D5-96F8-00207802C01C}',NULL)       
INSERT INTO ToolOptionSet VALUES ('{642B3801-9DF5-11D5-96F8-00207802C01C}','33554689','{642B388F-9DF5-11D5-96F8-00207802C01C}',NULL)       
INSERT INTO ToolOptionSet VALUES ('{642B3801-9DF5-11D5-96F8-00207802C01C}','33554689','{642B38A6-9DF5-11D5-96F8-00207802C01C}',NULL)       
INSERT INTO ToolOptionSet VALUES ('{642B3801-9DF5-11D5-96F8-00207802C01C}','33554689','{642B38A7-9DF5-11D5-96F8-00207802C01C}',NULL)       
INSERT INTO ToolOptionSet VALUES ('{642B3801-9DF5-11D5-96F8-00207802C01C}','33554689','{642B38A4-9DF5-11D5-96F8-00207802C01C}',NULL)       
INSERT INTO ToolOptionSet VALUES ('{642B3801-9DF5-11D5-96F8-00207802C01C}','33554689','{642B38A3-9DF5-11D5-96F8-00207802C01C}',NULL)      
	// ATL EXE Debug settings
INSERT INTO ToolOptionSet VALUES ('{642B3801-9DF5-11D5-96F8-00207802C01C}','16777473','{642B38A0-9DF5-11D5-96F8-00207802C01C}',NULL)       	
INSERT INTO ToolOptionSet VALUES ('{642B3801-9DF5-11D5-96F8-00207802C01C}','16777473','{642B389A-9DF5-11D5-96F8-00207802C01C}',NULL)       
INSERT INTO ToolOptionSet VALUES ('{642B3801-9DF5-11D5-96F8-00207802C01C}','16777473','{642B388F-9DF5-11D5-96F8-00207802C01C}',NULL)       
INSERT INTO ToolOptionSet VALUES ('{642B3801-9DF5-11D5-96F8-00207802C01C}','16777473','{642B38A5-9DF5-11D5-96F8-00207802C01C}',NULL)       
INSERT INTO ToolOptionSet VALUES ('{642B3801-9DF5-11D5-96F8-00207802C01C}','16777473','{642B38A7-9DF5-11D5-96F8-00207802C01C}',NULL)       
INSERT INTO ToolOptionSet VALUES ('{642B3801-9DF5-11D5-96F8-00207802C01C}','16777473','{642B38A4-9DF5-11D5-96F8-00207802C01C}',NULL)       
INSERT INTO ToolOptionSet VALUES ('{642B3801-9DF5-11D5-96F8-00207802C01C}','16777473','{642B38A3-9DF5-11D5-96F8-00207802C01C}',NULL)      
	// MFC DLL Debug settings
INSERT INTO ToolOptionSet VALUES ('{642B3801-9DF5-11D5-96F8-00207802C01C}','33554704','{642B389E-9DF5-11D5-96F8-00207802C01C}',NULL)       
INSERT INTO ToolOptionSet VALUES ('{642B3801-9DF5-11D5-96F8-00207802C01C}','33554704','{642B389A-9DF5-11D5-96F8-00207802C01C}',NULL)       
INSERT INTO ToolOptionSet VALUES ('{642B3801-9DF5-11D5-96F8-00207802C01C}','33554704','{642B388F-9DF5-11D5-96F8-00207802C01C}',NULL)       
INSERT INTO ToolOptionSet VALUES ('{642B3801-9DF5-11D5-96F8-00207802C01C}','33554704','{642B38A6-9DF5-11D5-96F8-00207802C01C}',NULL)       
INSERT INTO ToolOptionSet VALUES ('{642B3801-9DF5-11D5-96F8-00207802C01C}','33554704','{642B38A7-9DF5-11D5-96F8-00207802C01C}',NULL)       
INSERT INTO ToolOptionSet VALUES ('{642B3801-9DF5-11D5-96F8-00207802C01C}','33554704','{642B38A4-9DF5-11D5-96F8-00207802C01C}',NULL)       
INSERT INTO ToolOptionSet VALUES ('{642B3801-9DF5-11D5-96F8-00207802C01C}','33554704','{642B38A3-9DF5-11D5-96F8-00207802C01C}',NULL)      
	// MFC ActiveX Control release settings
INSERT INTO ToolOptionSet VALUES ('{642B3801-9DF5-11D5-96F8-00207802C01C}','33558544','{642B3895-9DF5-11D5-96F8-00207802C01C}',NULL)       
INSERT INTO ToolOptionSet VALUES ('{642B3801-9DF5-11D5-96F8-00207802C01C}','33558544','{642B388F-9DF5-11D5-96F8-00207802C01C}',NULL)       
INSERT INTO ToolOptionSet VALUES ('{642B3801-9DF5-11D5-96F8-00207802C01C}','33558544','{642B38A6-9DF5-11D5-96F8-00207802C01C}',NULL)       
INSERT INTO ToolOptionSet VALUES ('{642B3801-9DF5-11D5-96F8-00207802C01C}','33558544','{642B38A7-9DF5-11D5-96F8-00207802C01C}',NULL)       
INSERT INTO ToolOptionSet VALUES ('{642B3801-9DF5-11D5-96F8-00207802C01C}','33558544','{642B38A4-9DF5-11D5-96F8-00207802C01C}',NULL)       
INSERT INTO ToolOptionSet VALUES ('{642B3801-9DF5-11D5-96F8-00207802C01C}','33558544','{642B38A8-9DF5-11D5-96F8-00207802C01C}',NULL)      
	// MFC ActiveX Control debug settings
INSERT INTO ToolOptionSet VALUES ('{642B3801-9DF5-11D5-96F8-00207802C01C}','33558800','{642B389E-9DF5-11D5-96F8-00207802C01C}',NULL)       
INSERT INTO ToolOptionSet VALUES ('{642B3801-9DF5-11D5-96F8-00207802C01C}','33558800','{642B389A-9DF5-11D5-96F8-00207802C01C}',NULL)       
INSERT INTO ToolOptionSet VALUES ('{642B3801-9DF5-11D5-96F8-00207802C01C}','33558800','{642B388F-9DF5-11D5-96F8-00207802C01C}',NULL)       
INSERT INTO ToolOptionSet VALUES ('{642B3801-9DF5-11D5-96F8-00207802C01C}','33558800','{642B38A6-9DF5-11D5-96F8-00207802C01C}',NULL)       
INSERT INTO ToolOptionSet VALUES ('{642B3801-9DF5-11D5-96F8-00207802C01C}','33558800','{642B38A7-9DF5-11D5-96F8-00207802C01C}',NULL)       
INSERT INTO ToolOptionSet VALUES ('{642B3801-9DF5-11D5-96F8-00207802C01C}','33558800','{642B38A4-9DF5-11D5-96F8-00207802C01C}',NULL)       
INSERT INTO ToolOptionSet VALUES ('{642B3801-9DF5-11D5-96F8-00207802C01C}','33558800','{642B38A3-9DF5-11D5-96F8-00207802C01C}',NULL)      
	// Concole application release settings
INSERT INTO ToolOptionSet VALUES ('{642B3801-9DF5-11D5-96F8-00207802C01C}','50331648','{642B38A2-9DF5-11D5-96F8-00207802C01C}',NULL)       
INSERT INTO ToolOptionSet VALUES ('{642B3801-9DF5-11D5-96F8-00207802C01C}','50331648','{642B389D-9DF5-11D5-96F8-00207802C01C}',NULL)       
INSERT INTO ToolOptionSet VALUES ('{642B3801-9DF5-11D5-96F8-00207802C01C}','50331648','{642B3893-9DF5-11D5-96F8-00207802C01C}',NULL)       
INSERT INTO ToolOptionSet VALUES ('{642B3801-9DF5-11D5-96F8-00207802C01C}','50331648','{642B38A5-9DF5-11D5-96F8-00207802C01C}',NULL)       
INSERT INTO ToolOptionSet VALUES ('{642B3801-9DF5-11D5-96F8-00207802C01C}','50331648','{642B38A7-9DF5-11D5-96F8-00207802C01C}',NULL)       
INSERT INTO ToolOptionSet VALUES ('{642B3801-9DF5-11D5-96F8-00207802C01C}','50331648','{642B38A4-9DF5-11D5-96F8-00207802C01C}',NULL)       
INSERT INTO ToolOptionSet VALUES ('{642B3801-9DF5-11D5-96F8-00207802C01C}','50331648','{642B38A8-9DF5-11D5-96F8-00207802C01C}',NULL)      
	// Concole application debug settings
INSERT INTO ToolOptionSet VALUES ('{642B3801-9DF5-11D5-96F8-00207802C01C}','50331904','{642B38A2-9DF5-11D5-96F8-00207802C01C}',NULL)       
INSERT INTO ToolOptionSet VALUES ('{642B3801-9DF5-11D5-96F8-00207802C01C}','50331904','{642B38A1-9DF5-11D5-96F8-00207802C01C}',NULL)       
INSERT INTO ToolOptionSet VALUES ('{642B3801-9DF5-11D5-96F8-00207802C01C}','50331904','{642B389D-9DF5-11D5-96F8-00207802C01C}',NULL)       
INSERT INTO ToolOptionSet VALUES ('{642B3801-9DF5-11D5-96F8-00207802C01C}','50331904','{642B389C-9DF5-11D5-96F8-00207802C01C}',NULL)       
INSERT INTO ToolOptionSet VALUES ('{642B3801-9DF5-11D5-96F8-00207802C01C}','50331904','{642B38A5-9DF5-11D5-96F8-00207802C01C}',NULL)       
INSERT INTO ToolOptionSet VALUES ('{642B3801-9DF5-11D5-96F8-00207802C01C}','50331904','{642B38A7-9DF5-11D5-96F8-00207802C01C}',NULL)       
INSERT INTO ToolOptionSet VALUES ('{642B3801-9DF5-11D5-96F8-00207802C01C}','50331904','{642B38A4-9DF5-11D5-96F8-00207802C01C}',NULL)       
INSERT INTO ToolOptionSet VALUES ('{642B3801-9DF5-11D5-96F8-00207802C01C}','50331904','{642B38A3-9DF5-11D5-96F8-00207802C01C}',NULL)      


// VCRC EMULATOR
	//EXE Release settings
INSERT INTO ToolOptionSet VALUES ('{642B3802-9DF5-11D5-96F8-00207802C01C}','16777216','{642B3883-9DF5-11D5-96F8-00207802C01C}',NULL)       
INSERT INTO ToolOptionSet VALUES ('{642B3802-9DF5-11D5-96F8-00207802C01C}','16777216','{642B387F-9DF5-11D5-96F8-00207802C01C}',NULL)        
INSERT INTO ToolOptionSet VALUES ('{642B3802-9DF5-11D5-96F8-00207802C01C}','16777216','{642B3882-9DF5-11D5-96F8-00207802C01C}',NULL)       
INSERT INTO ToolOptionSet VALUES ('{642B3802-9DF5-11D5-96F8-00207802C01C}','16777216','{642B3881-9DF5-11D5-96F8-00207802C01C}',NULL)        
INSERT INTO ToolOptionSet VALUES ('{642B3802-9DF5-11D5-96F8-00207802C01C}','16777216','{642B3880-9DF5-11D5-96F8-00207802C01C}',NULL)        
	//MFC EXE Release settings
INSERT INTO ToolOptionSet VALUES ('{642B3802-9DF5-11D5-96F8-00207802C01C}','16777232','{642B3883-9DF5-11D5-96F8-00207802C01C}',NULL)       
INSERT INTO ToolOptionSet VALUES ('{642B3802-9DF5-11D5-96F8-00207802C01C}','16777232','{642B387F-9DF5-11D5-96F8-00207802C01C}',NULL)        
INSERT INTO ToolOptionSet VALUES ('{642B3802-9DF5-11D5-96F8-00207802C01C}','16777232','{642B3882-9DF5-11D5-96F8-00207802C01C}',NULL)       
INSERT INTO ToolOptionSet VALUES ('{642B3802-9DF5-11D5-96F8-00207802C01C}','16777232','{642B3881-9DF5-11D5-96F8-00207802C01C}',NULL)        
INSERT INTO ToolOptionSet VALUES ('{642B3802-9DF5-11D5-96F8-00207802C01C}','16777232','{642B3880-9DF5-11D5-96F8-00207802C01C}',NULL)        
	// EXE Debug settings
INSERT INTO ToolOptionSet VALUES ('{642B3802-9DF5-11D5-96F8-00207802C01C}','16777472','{642B3881-9DF5-11D5-96F8-00207802C01C}',NULL)        
INSERT INTO ToolOptionSet VALUES ('{642B3802-9DF5-11D5-96F8-00207802C01C}','16777472','{642B3883-9DF5-11D5-96F8-00207802C01C}',NULL)       
INSERT INTO ToolOptionSet VALUES ('{642B3802-9DF5-11D5-96F8-00207802C01C}','16777472','{642B387F-9DF5-11D5-96F8-00207802C01C}',NULL)        
INSERT INTO ToolOptionSet VALUES ('{642B3802-9DF5-11D5-96F8-00207802C01C}','16777472','{642B3884-9DF5-11D5-96F8-00207802C01C}',NULL)       
INSERT INTO ToolOptionSet VALUES ('{642B3802-9DF5-11D5-96F8-00207802C01C}','16777472','{642B3880-9DF5-11D5-96F8-00207802C01C}',NULL)        
	//MFC EXE Debug settings
INSERT INTO ToolOptionSet VALUES ('{642B3802-9DF5-11D5-96F8-00207802C01C}','16777488','{642B3883-9DF5-11D5-96F8-00207802C01C}',NULL)       
INSERT INTO ToolOptionSet VALUES ('{642B3802-9DF5-11D5-96F8-00207802C01C}','16777488','{642B387F-9DF5-11D5-96F8-00207802C01C}',NULL)        
INSERT INTO ToolOptionSet VALUES ('{642B3802-9DF5-11D5-96F8-00207802C01C}','16777488','{642B3884-9DF5-11D5-96F8-00207802C01C}',NULL)       
INSERT INTO ToolOptionSet VALUES ('{642B3802-9DF5-11D5-96F8-00207802C01C}','16777488','{642B3881-9DF5-11D5-96F8-00207802C01C}',NULL)        
INSERT INTO ToolOptionSet VALUES ('{642B3802-9DF5-11D5-96F8-00207802C01C}','16777488','{642B3880-9DF5-11D5-96F8-00207802C01C}',NULL)        
	//DLL Release settings
INSERT INTO ToolOptionSet VALUES ('{642B3802-9DF5-11D5-96F8-00207802C01C}','33554432','{642B3883-9DF5-11D5-96F8-00207802C01C}',NULL)       
INSERT INTO ToolOptionSet VALUES ('{642B3802-9DF5-11D5-96F8-00207802C01C}','33554432','{642B387F-9DF5-11D5-96F8-00207802C01C}',NULL)        
INSERT INTO ToolOptionSet VALUES ('{642B3802-9DF5-11D5-96F8-00207802C01C}','33554432','{642B3882-9DF5-11D5-96F8-00207802C01C}',NULL)       
INSERT INTO ToolOptionSet VALUES ('{642B3802-9DF5-11D5-96F8-00207802C01C}','33554432','{642B3881-9DF5-11D5-96F8-00207802C01C}',NULL)        
INSERT INTO ToolOptionSet VALUES ('{642B3802-9DF5-11D5-96F8-00207802C01C}','33554432','{642B3880-9DF5-11D5-96F8-00207802C01C}',NULL)        
	//ATL DLL Release MinSize settings
INSERT INTO ToolOptionSet VALUES ('{642B3802-9DF5-11D5-96F8-00207802C01C}','33554433','{642B3883-9DF5-11D5-96F8-00207802C01C}',NULL)       
INSERT INTO ToolOptionSet VALUES ('{642B3802-9DF5-11D5-96F8-00207802C01C}','33554433','{642B387F-9DF5-11D5-96F8-00207802C01C}',NULL)        
INSERT INTO ToolOptionSet VALUES ('{642B3802-9DF5-11D5-96F8-00207802C01C}','33554433','{642B3882-9DF5-11D5-96F8-00207802C01C}',NULL)       
INSERT INTO ToolOptionSet VALUES ('{642B3802-9DF5-11D5-96F8-00207802C01C}','33554433','{642B3881-9DF5-11D5-96F8-00207802C01C}',NULL)        
INSERT INTO ToolOptionSet VALUES ('{642B3802-9DF5-11D5-96F8-00207802C01C}','33554433','{642B3880-9DF5-11D5-96F8-00207802C01C}',NULL)        
	//ATL DLL Release MinDep settings
INSERT INTO ToolOptionSet VALUES ('{642B3802-9DF5-11D5-96F8-00207802C01C}','33554434','{642B3883-9DF5-11D5-96F8-00207802C01C}',NULL)       
INSERT INTO ToolOptionSet VALUES ('{642B3802-9DF5-11D5-96F8-00207802C01C}','33554434','{642B387F-9DF5-11D5-96F8-00207802C01C}',NULL)        
INSERT INTO ToolOptionSet VALUES ('{642B3802-9DF5-11D5-96F8-00207802C01C}','33554434','{642B3882-9DF5-11D5-96F8-00207802C01C}',NULL)       
INSERT INTO ToolOptionSet VALUES ('{642B3802-9DF5-11D5-96F8-00207802C01C}','33554434','{642B3881-9DF5-11D5-96F8-00207802C01C}',NULL)        
INSERT INTO ToolOptionSet VALUES ('{642B3802-9DF5-11D5-96F8-00207802C01C}','33554434','{642B3880-9DF5-11D5-96F8-00207802C01C}',NULL)        
	//ATL EXE Release MinSize settings
INSERT INTO ToolOptionSet VALUES ('{642B3802-9DF5-11D5-96F8-00207802C01C}','16777217','{642B3883-9DF5-11D5-96F8-00207802C01C}',NULL)       
INSERT INTO ToolOptionSet VALUES ('{642B3802-9DF5-11D5-96F8-00207802C01C}','16777217','{642B387F-9DF5-11D5-96F8-00207802C01C}',NULL)        
INSERT INTO ToolOptionSet VALUES ('{642B3802-9DF5-11D5-96F8-00207802C01C}','16777217','{642B3882-9DF5-11D5-96F8-00207802C01C}',NULL)       
INSERT INTO ToolOptionSet VALUES ('{642B3802-9DF5-11D5-96F8-00207802C01C}','16777217','{642B3881-9DF5-11D5-96F8-00207802C01C}',NULL)        
INSERT INTO ToolOptionSet VALUES ('{642B3802-9DF5-11D5-96F8-00207802C01C}','16777217','{642B3880-9DF5-11D5-96F8-00207802C01C}',NULL)        
	//ATL EXE Release MinDep settings
INSERT INTO ToolOptionSet VALUES ('{642B3802-9DF5-11D5-96F8-00207802C01C}','16777218','{642B3883-9DF5-11D5-96F8-00207802C01C}',NULL)       
INSERT INTO ToolOptionSet VALUES ('{642B3802-9DF5-11D5-96F8-00207802C01C}','16777218','{642B387F-9DF5-11D5-96F8-00207802C01C}',NULL)        
INSERT INTO ToolOptionSet VALUES ('{642B3802-9DF5-11D5-96F8-00207802C01C}','16777218','{642B3882-9DF5-11D5-96F8-00207802C01C}',NULL)       
INSERT INTO ToolOptionSet VALUES ('{642B3802-9DF5-11D5-96F8-00207802C01C}','16777218','{642B3881-9DF5-11D5-96F8-00207802C01C}',NULL)        
INSERT INTO ToolOptionSet VALUES ('{642B3802-9DF5-11D5-96F8-00207802C01C}','16777218','{642B3880-9DF5-11D5-96F8-00207802C01C}',NULL)        
	//MFC DLL Release settings
INSERT INTO ToolOptionSet VALUES ('{642B3802-9DF5-11D5-96F8-00207802C01C}','33554448','{642B3883-9DF5-11D5-96F8-00207802C01C}',NULL)       
INSERT INTO ToolOptionSet VALUES ('{642B3802-9DF5-11D5-96F8-00207802C01C}','33554448','{642B387F-9DF5-11D5-96F8-00207802C01C}',NULL)        
INSERT INTO ToolOptionSet VALUES ('{642B3802-9DF5-11D5-96F8-00207802C01C}','33554448','{642B3882-9DF5-11D5-96F8-00207802C01C}',NULL)       
INSERT INTO ToolOptionSet VALUES ('{642B3802-9DF5-11D5-96F8-00207802C01C}','33554448','{642B3881-9DF5-11D5-96F8-00207802C01C}',NULL)        
INSERT INTO ToolOptionSet VALUES ('{642B3802-9DF5-11D5-96F8-00207802C01C}','33554448','{642B3880-9DF5-11D5-96F8-00207802C01C}',NULL)        
	// DLL Debug settings
INSERT INTO ToolOptionSet VALUES ('{642B3802-9DF5-11D5-96F8-00207802C01C}','33554688','{642B3883-9DF5-11D5-96F8-00207802C01C}',NULL)       
INSERT INTO ToolOptionSet VALUES ('{642B3802-9DF5-11D5-96F8-00207802C01C}','33554688','{642B387F-9DF5-11D5-96F8-00207802C01C}',NULL)        
INSERT INTO ToolOptionSet VALUES ('{642B3802-9DF5-11D5-96F8-00207802C01C}','33554688','{642B3884-9DF5-11D5-96F8-00207802C01C}',NULL)       
INSERT INTO ToolOptionSet VALUES ('{642B3802-9DF5-11D5-96F8-00207802C01C}','33554688','{642B3881-9DF5-11D5-96F8-00207802C01C}',NULL)        
INSERT INTO ToolOptionSet VALUES ('{642B3802-9DF5-11D5-96F8-00207802C01C}','33554688','{642B3880-9DF5-11D5-96F8-00207802C01C}',NULL)        
	// ATL DLL Debug settings
INSERT INTO ToolOptionSet VALUES ('{642B3802-9DF5-11D5-96F8-00207802C01C}','33554689','{642B3883-9DF5-11D5-96F8-00207802C01C}',NULL)       
INSERT INTO ToolOptionSet VALUES ('{642B3802-9DF5-11D5-96F8-00207802C01C}','33554689','{642B387F-9DF5-11D5-96F8-00207802C01C}',NULL)        
INSERT INTO ToolOptionSet VALUES ('{642B3802-9DF5-11D5-96F8-00207802C01C}','33554689','{642B3884-9DF5-11D5-96F8-00207802C01C}',NULL)       
INSERT INTO ToolOptionSet VALUES ('{642B3802-9DF5-11D5-96F8-00207802C01C}','33554689','{642B3881-9DF5-11D5-96F8-00207802C01C}',NULL)        
INSERT INTO ToolOptionSet VALUES ('{642B3802-9DF5-11D5-96F8-00207802C01C}','33554689','{642B3880-9DF5-11D5-96F8-00207802C01C}',NULL)        
	// ATL EXE Debug settings
INSERT INTO ToolOptionSet VALUES ('{642B3802-9DF5-11D5-96F8-00207802C01C}','16777473','{642B3883-9DF5-11D5-96F8-00207802C01C}',NULL)       
INSERT INTO ToolOptionSet VALUES ('{642B3802-9DF5-11D5-96F8-00207802C01C}','16777473','{642B387F-9DF5-11D5-96F8-00207802C01C}',NULL)        
INSERT INTO ToolOptionSet VALUES ('{642B3802-9DF5-11D5-96F8-00207802C01C}','16777473','{642B3884-9DF5-11D5-96F8-00207802C01C}',NULL)       
INSERT INTO ToolOptionSet VALUES ('{642B3802-9DF5-11D5-96F8-00207802C01C}','16777473','{642B3881-9DF5-11D5-96F8-00207802C01C}',NULL)        
INSERT INTO ToolOptionSet VALUES ('{642B3802-9DF5-11D5-96F8-00207802C01C}','16777473','{642B3880-9DF5-11D5-96F8-00207802C01C}',NULL)        
	// MFC DLL Debug settings
INSERT INTO ToolOptionSet VALUES ('{642B3802-9DF5-11D5-96F8-00207802C01C}','33554704','{642B3883-9DF5-11D5-96F8-00207802C01C}',NULL)       
INSERT INTO ToolOptionSet VALUES ('{642B3802-9DF5-11D5-96F8-00207802C01C}','33554704','{642B387F-9DF5-11D5-96F8-00207802C01C}',NULL)        
INSERT INTO ToolOptionSet VALUES ('{642B3802-9DF5-11D5-96F8-00207802C01C}','33554704','{642B3884-9DF5-11D5-96F8-00207802C01C}',NULL)       
INSERT INTO ToolOptionSet VALUES ('{642B3802-9DF5-11D5-96F8-00207802C01C}','33554704','{642B3881-9DF5-11D5-96F8-00207802C01C}',NULL)        
INSERT INTO ToolOptionSet VALUES ('{642B3802-9DF5-11D5-96F8-00207802C01C}','33554704','{642B3880-9DF5-11D5-96F8-00207802C01C}',NULL)        
	// MFC ActiveX Control release settings
INSERT INTO ToolOptionSet VALUES ('{642B3802-9DF5-11D5-96F8-00207802C01C}','33558544','{642B3883-9DF5-11D5-96F8-00207802C01C}',NULL)       
INSERT INTO ToolOptionSet VALUES ('{642B3802-9DF5-11D5-96F8-00207802C01C}','33558544','{642B387F-9DF5-11D5-96F8-00207802C01C}',NULL)        
INSERT INTO ToolOptionSet VALUES ('{642B3802-9DF5-11D5-96F8-00207802C01C}','33558544','{642B3882-9DF5-11D5-96F8-00207802C01C}',NULL)       
INSERT INTO ToolOptionSet VALUES ('{642B3802-9DF5-11D5-96F8-00207802C01C}','33558544','{642B3881-9DF5-11D5-96F8-00207802C01C}',NULL)        
INSERT INTO ToolOptionSet VALUES ('{642B3802-9DF5-11D5-96F8-00207802C01C}','33558544','{642B3880-9DF5-11D5-96F8-00207802C01C}',NULL)        
	// MFC ActiveX Control debug settings
INSERT INTO ToolOptionSet VALUES ('{642B3802-9DF5-11D5-96F8-00207802C01C}','33558800','{642B3883-9DF5-11D5-96F8-00207802C01C}',NULL)       
INSERT INTO ToolOptionSet VALUES ('{642B3802-9DF5-11D5-96F8-00207802C01C}','33558800','{642B387F-9DF5-11D5-96F8-00207802C01C}',NULL)        
INSERT INTO ToolOptionSet VALUES ('{642B3802-9DF5-11D5-96F8-00207802C01C}','33558800','{642B3884-9DF5-11D5-96F8-00207802C01C}',NULL)       
INSERT INTO ToolOptionSet VALUES ('{642B3802-9DF5-11D5-96F8-00207802C01C}','33558800','{642B3881-9DF5-11D5-96F8-00207802C01C}',NULL)        
INSERT INTO ToolOptionSet VALUES ('{642B3802-9DF5-11D5-96F8-00207802C01C}','33558800','{642B3880-9DF5-11D5-96F8-00207802C01C}',NULL)        
	// Concole application release settings
INSERT INTO ToolOptionSet VALUES ('{642B3802-9DF5-11D5-96F8-00207802C01C}','50331648','{642B387F-9DF5-11D5-96F8-00207802C01C}',NULL)        
INSERT INTO ToolOptionSet VALUES ('{642B3802-9DF5-11D5-96F8-00207802C01C}','50331648','{642B3882-9DF5-11D5-96F8-00207802C01C}',NULL)       
INSERT INTO ToolOptionSet VALUES ('{642B3802-9DF5-11D5-96F8-00207802C01C}','50331648','{642B3881-9DF5-11D5-96F8-00207802C01C}',NULL)        
INSERT INTO ToolOptionSet VALUES ('{642B3802-9DF5-11D5-96F8-00207802C01C}','50331648','{642B3880-9DF5-11D5-96F8-00207802C01C}',NULL)        
	// Concole application debug settings
INSERT INTO ToolOptionSet VALUES ('{642B3802-9DF5-11D5-96F8-00207802C01C}','50331904','{642B3883-9DF5-11D5-96F8-00207802C01C}',NULL)       
INSERT INTO ToolOptionSet VALUES ('{642B3802-9DF5-11D5-96F8-00207802C01C}','50331904','{642B387F-9DF5-11D5-96F8-00207802C01C}',NULL)        
INSERT INTO ToolOptionSet VALUES ('{642B3802-9DF5-11D5-96F8-00207802C01C}','50331904','{642B3884-9DF5-11D5-96F8-00207802C01C}',NULL)       
INSERT INTO ToolOptionSet VALUES ('{642B3802-9DF5-11D5-96F8-00207802C01C}','50331904','{642B3881-9DF5-11D5-96F8-00207802C01C}',NULL)        
INSERT INTO ToolOptionSet VALUES ('{642B3802-9DF5-11D5-96F8-00207802C01C}','50331904','{642B3880-9DF5-11D5-96F8-00207802C01C}',NULL)        
    // Static Library release settings
INSERT INTO ToolOptionSet VALUES ('{642B3802-9DF5-11D5-96F8-00207802C01C}','67108864','{642B387F-9DF5-11D5-96F8-00207802C01C}',NULL)        
INSERT INTO ToolOptionSet VALUES ('{642B3802-9DF5-11D5-96F8-00207802C01C}','67108864','{642B3881-9DF5-11D5-96F8-00207802C01C}',NULL)        
INSERT INTO ToolOptionSet VALUES ('{642B3802-9DF5-11D5-96F8-00207802C01C}','67108864','{642B3880-9DF5-11D5-96F8-00207802C01C}',NULL)        
	// Static Library debug settings
INSERT INTO ToolOptionSet VALUES ('{642B3802-9DF5-11D5-96F8-00207802C01C}','67109120','{642B387F-9DF5-11D5-96F8-00207802C01C}',NULL) 
INSERT INTO ToolOptionSet VALUES ('{642B3802-9DF5-11D5-96F8-00207802C01C}','67109120','{642B3881-9DF5-11D5-96F8-00207802C01C}',NULL) 
INSERT INTO ToolOptionSet VALUES ('{642B3802-9DF5-11D5-96F8-00207802C01C}','67109120','{642B3880-9DF5-11D5-96F8-00207802C01C}',NULL) 

// MIDL EMULATOR
	//EXE Release settings
INSERT INTO ToolOptionSet VALUES ('{642B3803-9DF5-11D5-96F8-00207802C01C}','16777216','{642B3889-9DF5-11D5-96F8-00207802C01C}',NULL)       
INSERT INTO ToolOptionSet VALUES ('{642B3803-9DF5-11D5-96F8-00207802C01C}','16777216','{642B3887-9DF5-11D5-96F8-00207802C01C}',NULL)       
	//MFC EXE Release settings
INSERT INTO ToolOptionSet VALUES ('{642B3803-9DF5-11D5-96F8-00207802C01C}','16777232','{642B3889-9DF5-11D5-96F8-00207802C01C}',NULL)       
INSERT INTO ToolOptionSet VALUES ('{642B3803-9DF5-11D5-96F8-00207802C01C}','16777232','{642B3887-9DF5-11D5-96F8-00207802C01C}',NULL)       
	// EXE Debug settings
INSERT INTO ToolOptionSet VALUES ('{642B3803-9DF5-11D5-96F8-00207802C01C}','16777472','{642B3889-9DF5-11D5-96F8-00207802C01C}',NULL)       
INSERT INTO ToolOptionSet VALUES ('{642B3803-9DF5-11D5-96F8-00207802C01C}','16777472','{642B3888-9DF5-11D5-96F8-00207802C01C}',NULL)       
	//MFC EXE Debug settings
INSERT INTO ToolOptionSet VALUES ('{642B3803-9DF5-11D5-96F8-00207802C01C}','16777488','{642B3889-9DF5-11D5-96F8-00207802C01C}',NULL)       
INSERT INTO ToolOptionSet VALUES ('{642B3803-9DF5-11D5-96F8-00207802C01C}','16777488','{642B3888-9DF5-11D5-96F8-00207802C01C}',NULL)       
	//DLL Release settings
INSERT INTO ToolOptionSet VALUES ('{642B3803-9DF5-11D5-96F8-00207802C01C}','33554432','{642B3889-9DF5-11D5-96F8-00207802C01C}',NULL)       
INSERT INTO ToolOptionSet VALUES ('{642B3803-9DF5-11D5-96F8-00207802C01C}','33554432','{642B3887-9DF5-11D5-96F8-00207802C01C}',NULL)       
	//ATL DLL Release MinSize settings
INSERT INTO ToolOptionSet VALUES ('{642B3803-9DF5-11D5-96F8-00207802C01C}','33554433','{642B3889-9DF5-11D5-96F8-00207802C01C}',NULL)       
INSERT INTO ToolOptionSet VALUES ('{642B3803-9DF5-11D5-96F8-00207802C01C}','33554433','{642B3887-9DF5-11D5-96F8-00207802C01C}',NULL)       
	//ATL DLL Release MinDep settings
INSERT INTO ToolOptionSet VALUES ('{642B3803-9DF5-11D5-96F8-00207802C01C}','33554434','{642B3889-9DF5-11D5-96F8-00207802C01C}',NULL)       
INSERT INTO ToolOptionSet VALUES ('{642B3803-9DF5-11D5-96F8-00207802C01C}','33554434','{642B3887-9DF5-11D5-96F8-00207802C01C}',NULL)       
	//ATL EXE Release MinSize settings
INSERT INTO ToolOptionSet VALUES ('{642B3803-9DF5-11D5-96F8-00207802C01C}','16777217','{642B3889-9DF5-11D5-96F8-00207802C01C}',NULL)       
INSERT INTO ToolOptionSet VALUES ('{642B3803-9DF5-11D5-96F8-00207802C01C}','16777217','{642B3887-9DF5-11D5-96F8-00207802C01C}',NULL)       
	//ATL EXE Release MinDep settings
INSERT INTO ToolOptionSet VALUES ('{642B3803-9DF5-11D5-96F8-00207802C01C}','16777218','{642B3889-9DF5-11D5-96F8-00207802C01C}',NULL)       
INSERT INTO ToolOptionSet VALUES ('{642B3803-9DF5-11D5-96F8-00207802C01C}','16777218','{642B3887-9DF5-11D5-96F8-00207802C01C}',NULL)       
	//MFC DLL Release settings
INSERT INTO ToolOptionSet VALUES ('{642B3803-9DF5-11D5-96F8-00207802C01C}','33554448','{642B3889-9DF5-11D5-96F8-00207802C01C}',NULL)       
INSERT INTO ToolOptionSet VALUES ('{642B3803-9DF5-11D5-96F8-00207802C01C}','33554448','{642B3887-9DF5-11D5-96F8-00207802C01C}',NULL)       
	// DLL Debug settings
INSERT INTO ToolOptionSet VALUES ('{642B3803-9DF5-11D5-96F8-00207802C01C}','33554688','{642B3889-9DF5-11D5-96F8-00207802C01C}',NULL)       
INSERT INTO ToolOptionSet VALUES ('{642B3803-9DF5-11D5-96F8-00207802C01C}','33554688','{642B3888-9DF5-11D5-96F8-00207802C01C}',NULL)       
	// ATL DLL Debug settings
INSERT INTO ToolOptionSet VALUES ('{642B3803-9DF5-11D5-96F8-00207802C01C}','33554689','{642B3889-9DF5-11D5-96F8-00207802C01C}',NULL)       
INSERT INTO ToolOptionSet VALUES ('{642B3803-9DF5-11D5-96F8-00207802C01C}','33554689','{642B3888-9DF5-11D5-96F8-00207802C01C}',NULL)       
	// ATL EXE Debug settings
INSERT INTO ToolOptionSet VALUES ('{642B3803-9DF5-11D5-96F8-00207802C01C}','16777473','{642B3889-9DF5-11D5-96F8-00207802C01C}',NULL)       
INSERT INTO ToolOptionSet VALUES ('{642B3803-9DF5-11D5-96F8-00207802C01C}','16777473','{642B3888-9DF5-11D5-96F8-00207802C01C}',NULL)       
	// MFC DLL Debug settings
INSERT INTO ToolOptionSet VALUES ('{642B3803-9DF5-11D5-96F8-00207802C01C}','33554704','{642B3889-9DF5-11D5-96F8-00207802C01C}',NULL)       
INSERT INTO ToolOptionSet VALUES ('{642B3803-9DF5-11D5-96F8-00207802C01C}','33554704','{642B3888-9DF5-11D5-96F8-00207802C01C}',NULL)       
	// MFC ActiveX Control release settings
INSERT INTO ToolOptionSet VALUES ('{642B3803-9DF5-11D5-96F8-00207802C01C}','33558544','{642B3889-9DF5-11D5-96F8-00207802C01C}',NULL)       
INSERT INTO ToolOptionSet VALUES ('{642B3803-9DF5-11D5-96F8-00207802C01C}','33558544','{642B3887-9DF5-11D5-96F8-00207802C01C}',NULL)       
	// MFC ActiveX Control debug settings
INSERT INTO ToolOptionSet VALUES ('{642B3803-9DF5-11D5-96F8-00207802C01C}','33558800','{642B3889-9DF5-11D5-96F8-00207802C01C}',NULL)       
INSERT INTO ToolOptionSet VALUES ('{642B3803-9DF5-11D5-96F8-00207802C01C}','33558800','{642B3888-9DF5-11D5-96F8-00207802C01C}',NULL)       
	// Concole application release settings
INSERT INTO ToolOptionSet VALUES ('{642B3803-9DF5-11D5-96F8-00207802C01C}','50331648','{642B3889-9DF5-11D5-96F8-00207802C01C}',NULL)       
INSERT INTO ToolOptionSet VALUES ('{642B3803-9DF5-11D5-96F8-00207802C01C}','50331648','{642B3887-9DF5-11D5-96F8-00207802C01C}',NULL)       
	// Concole application debug settings
INSERT INTO ToolOptionSet VALUES ('{642B3803-9DF5-11D5-96F8-00207802C01C}','50331904','{642B3889-9DF5-11D5-96F8-00207802C01C}',NULL)       
INSERT INTO ToolOptionSet VALUES ('{642B3803-9DF5-11D5-96F8-00207802C01C}','50331904','{642B3888-9DF5-11D5-96F8-00207802C01C}',NULL)       

// BSC EMULATOR
INSERT INTO ToolOptionSet VALUES ('{642B3804-9DF5-11D5-96F8-00207802C01C}','16777216','{642B3886-9DF5-11D5-96F8-00207802C01C}',NULL)       
INSERT INTO ToolOptionSet VALUES ('{642B3804-9DF5-11D5-96F8-00207802C01C}','16777232','{642B3886-9DF5-11D5-96F8-00207802C01C}',NULL)       
INSERT INTO ToolOptionSet VALUES ('{642B3804-9DF5-11D5-96F8-00207802C01C}','16777472','{642B3886-9DF5-11D5-96F8-00207802C01C}',NULL)       
INSERT INTO ToolOptionSet VALUES ('{642B3804-9DF5-11D5-96F8-00207802C01C}','16777488','{642B3886-9DF5-11D5-96F8-00207802C01C}',NULL)       
INSERT INTO ToolOptionSet VALUES ('{642B3804-9DF5-11D5-96F8-00207802C01C}','33554432','{642B3886-9DF5-11D5-96F8-00207802C01C}',NULL)       
INSERT INTO ToolOptionSet VALUES ('{642B3804-9DF5-11D5-96F8-00207802C01C}','33554433','{642B3889-9DF5-11D5-96F8-00207802C01C}',NULL)       
INSERT INTO ToolOptionSet VALUES ('{642B3804-9DF5-11D5-96F8-00207802C01C}','33554434','{642B3889-9DF5-11D5-96F8-00207802C01C}',NULL)       
//ATL EXE Release MinSize settings
INSERT INTO ToolOptionSet VALUES ('{642B3804-9DF5-11D5-96F8-00207802C01C}','16777217','{642B3889-9DF5-11D5-96F8-00207802C01C}',NULL)       
//ATL EXE Release MinDep settings
INSERT INTO ToolOptionSet VALUES ('{642B3804-9DF5-11D5-96F8-00207802C01C}','16777218','{642B3889-9DF5-11D5-96F8-00207802C01C}',NULL)       
INSERT INTO ToolOptionSet VALUES ('{642B3804-9DF5-11D5-96F8-00207802C01C}','33554448','{642B3886-9DF5-11D5-96F8-00207802C01C}',NULL)       
INSERT INTO ToolOptionSet VALUES ('{642B3804-9DF5-11D5-96F8-00207802C01C}','33554688','{642B3886-9DF5-11D5-96F8-00207802C01C}',NULL)       
INSERT INTO ToolOptionSet VALUES ('{642B3804-9DF5-11D5-96F8-00207802C01C}','33554689','{642B3889-9DF5-11D5-96F8-00207802C01C}',NULL)       
// ATL EXE Debug settings
INSERT INTO ToolOptionSet VALUES ('{642B3804-9DF5-11D5-96F8-00207802C01C}','16777473','{642B3889-9DF5-11D5-96F8-00207802C01C}',NULL)       
INSERT INTO ToolOptionSet VALUES ('{642B3804-9DF5-11D5-96F8-00207802C01C}','33554704','{642B3886-9DF5-11D5-96F8-00207802C01C}',NULL)       
INSERT INTO ToolOptionSet VALUES ('{642B3804-9DF5-11D5-96F8-00207802C01C}','33558544','{642B3886-9DF5-11D5-96F8-00207802C01C}',NULL)       
INSERT INTO ToolOptionSet VALUES ('{642B3804-9DF5-11D5-96F8-00207802C01C}','33558800','{642B3886-9DF5-11D5-96F8-00207802C01C}',NULL)       
INSERT INTO ToolOptionSet VALUES ('{642B3804-9DF5-11D5-96F8-00207802C01C}','50331648','{642B3886-9DF5-11D5-96F8-00207802C01C}',NULL)       
INSERT INTO ToolOptionSet VALUES ('{642B3804-9DF5-11D5-96F8-00207802C01C}','50331904','{642B3886-9DF5-11D5-96F8-00207802C01C}',NULL)       
INSERT INTO ToolOptionSet VALUES ('{642B3804-9DF5-11D5-96F8-00207802C01C}','67108864','{642B3886-9DF5-11D5-96F8-00207802C01C}',NULL)       


// COFF EMULATOR
INSERT INTO ToolOptionSet VALUES ('{642B3805-9DF5-11D5-96F8-00207802C01C}','67108864','{642B3885-9DF5-11D5-96F8-00207802C01C}',NULL)       
INSERT INTO ToolOptionSet VALUES ('{642B3805-9DF5-11D5-96F8-00207802C01C}','67109120','{642B3885-9DF5-11D5-96F8-00207802C01C}',NULL)       
