/////////////////////////////////   MIPSIV  ////////////////////////////////////////

// ******** Vendor  ********
INSERT INTO Vendor VALUES ('{35583C00-7208-11D3-99F3-00105A0DF099}','Microsoft','Microsoft' )
INSERT INTO Vendor VALUES ('{35583C05-7208-11D3-99F3-00105A0DF099}','NEC','NEC' )

// ******** CPUFamily  ********
INSERT INTO CPUFamily VALUES ('{0AA21800-6BCD-11D3-8437-005004848CBA}','MIPS','MIPS family','1','MIPS') 

// ******** IdeFamily  ********
INSERT INTO IDEFamily VALUES ('{08F3917F-4E03-4840-9760-C46D67874971}','MIPSIV',NULL,'Win32 (WCE MIPSIV)','150','vc60.pdb','MIPSIV',FALSE)    

// ******** CPU  ********
INSERT INTO CPU VALUES ('{0B2FE524-26C5-4194-8CEF-B1582DEB5A98}','{35583C05-7208-11D3-99F3-00105A0DF099}','MIPSIV','NEC Mips IV','{0AA21800-6BCD-11D3-8437-005004848CBA}','{08F3917F-4E03-4840-9760-C46D67874971}','5000','0','0','870','MIPSIV' ) 

// ******** PID  ********
INSERT INTO ObjAttr VALUES ('ProductID','{0B2FE524-26C5-4194-8CEF-B1582DEB5A98}','ProductID','ProductID',2,0,'PID',0)

// ******** Tool  ********
INSERT INTO Tool VALUES ('{9FA11350-10D9-4998-90FF-EE6E39FC44C4}','{35583C00-7208-11D3-99F3-00105A0DF099}','CLMIPS4','MIPSIV source compiler','clmips.exe',NULL )
INSERT INTO Tool VALUES ('{9FA11351-10D9-4998-90FF-EE6E39FC44C4}','{35583C00-7208-11D3-99F3-00105A0DF099}','LINKMIPS4','MIPSIV Linker','link.exe',NULL )
INSERT INTO Tool VALUES ('{9FA11352-10D9-4998-90FF-EE6E39FC44C4}','{35583C00-7208-11D3-99F3-00105A0DF099}','VCRCMIPS4','baseline resource compiler','rc.exe',NULL )
INSERT INTO Tool VALUES ('{9FA11353-10D9-4998-90FF-EE6E39FC44C4}','{35583C00-7208-11D3-99F3-00105A0DF099}','MIDLMIPS4','MIPSIV middle compiler','midl.exe',NULL )
INSERT INTO Tool VALUES ('{9FA11354-10D9-4998-90FF-EE6E39FC44C4}','{35583C00-7208-11D3-99F3-00105A0DF099}','BSCMIPS4','MIPSIV browser compiler','bscmake.exe','COMMON\EVC\BIN' )
INSERT INTO Tool VALUES ('{9FA11355-10D9-4998-90FF-EE6E39FC44C4}','{35583C00-7208-11D3-99F3-00105A0DF099}','COFFMIPS4','MIPSIV coff','link.exe',NULL )
INSERT INTO Tool VALUES ('{F5424672-621A-4d51-BB15-9A975E46B552}','{35583C00-7208-11D3-99F3-00105A0DF099}','DBGMIPS4','MIPSIV debugger','odmips4',NULL )
INSERT INTO Tool VALUES ('{8C500C5D-9D8A-4e8a-93A6-DEEE4B920EA7}','{35583C00-7208-11D3-99F3-00105A0DF099}','LIBMIPS4','MIPSIV library manager','link.exe',NULL )
INSERT INTO Tool VALUES ('{054CA6D5-76BC-47d6-B4B5-08D1037F8235}','{35583C00-7208-11D3-99F3-00105A0DF099}','DBGCEFMIPS4','CEF debugger for MIPSIV','odcefmips4',NULL )

// ******** ObjAttr  ********
// DBGMIPSIV
INSERT INTO ObjAttr VALUES ('IsEmulation',	'{F5424672-621A-4d51-BB15-9A975E46B552}','Emulation','Specifies whether this is for emulation','1','0',NULL,NULL )
INSERT INTO ObjAttr VALUES ('STSupport',	'{F5424672-621A-4d51-BB15-9A975E46B552}','ST Support','The type of ST support','1','1',NULL,NULL )
INSERT INTO ObjAttr VALUES ('SupportsATP',	'{F5424672-621A-4d51-BB15-9A975E46B552}','Supports ATP','Specifies whether ATP is supported','1','0',NULL,NULL )
INSERT INTO ObjAttr VALUES ('SupportsSINH',	'{F5424672-621A-4d51-BB15-9A975E46B552}','Supports SINH','Specifies whether SINH is supported','1','0',NULL,NULL )
INSERT INTO ObjAttr VALUES ('TargetUP',		'{F5424672-621A-4d51-BB15-9A975E46B552}','?','Specifies the target UP','1','135',NULL,NULL )
INSERT INTO ObjAttr VALUES ('EE',			'{F5424672-621A-4d51-BB15-9A975E46B552}','EE','The EE for this debugger','2','0','EECXXCE',NULL )
INSERT INTO ObjAttr VALUES ('EM',			'{F5424672-621A-4d51-BB15-9A975E46B552}','EM','The EM for this debugger','2','0','EMCE',NULL )
INSERT INTO ObjAttr VALUES ('SH',			'{F5424672-621A-4d51-BB15-9A975E46B552}','SH','The SH for this debugger','2','0','SHCVCE',NULL )
// LINKMIPSIV
INSERT INTO ObjAttr VALUES ('Input',		'{9FA11351-10D9-4998-90FF-EE6E39FC44C4}','Input','The extension of files take','2','0','*.obj;*.res;*.lib;*.def;*.rsc',NULL )
INSERT INTO ObjAttr VALUES ('Prefix',		'{9FA11351-10D9-4998-90FF-EE6E39FC44C4}','Prefix','The prefix of the tool','2','0','LINK32',NULL )
// LIBMIPSIV
INSERT INTO ObjAttr VALUES ('Input',		'{8C500C5D-9D8A-4e8a-93A6-DEEE4B920EA7}','Input','The extension of files take','2','0','*.obj;*.res;*.lib',NULL )
INSERT INTO ObjAttr VALUES ('Prefix',		'{8C500C5D-9D8A-4e8a-93A6-DEEE4B920EA7}','Prefix','The prefix of the tool','2','0','LIB32',NULL )
// CLMIPSIV
INSERT INTO ObjAttr VALUES ('Input',		'{9FA11350-10D9-4998-90FF-EE6E39FC44C4}','Input','The extension of files take','2','0','*.c;*.cpp;*.cxx',NULL )
INSERT INTO ObjAttr VALUES ('Prefix',		'{9FA11350-10D9-4998-90FF-EE6E39FC44C4}','Prefix','The prefix of the tool','2','0','CPP',NULL )
// DBGCEFMIPSIV
INSERT INTO ObjAttr VALUES ('NativeDebugger','{054CA6D5-76BC-47d6-B4B5-08D1037F8235}','DBGMIPS4','MIPSIV native debugger','3','0',NULL,'{F5424672-621A-4d51-BB15-9A975E46B552}' )

// ******** OS  ********
INSERT INTO OS VALUES ('{42CA0006-5AA4-11D3-99E7-00105A0DF099}','{35583C00-7208-11D3-99F3-00105A0DF099}','Default','Default','0.00','0','0' )

// ******** Platform  ********
INSERT INTO Platform VALUES ('{8A9A2F80-6887-11D3-842E-005004848CBA}','{35583C00-7208-11D3-99F3-00105A0DF099}','Default','Default','{42CA0006-5AA4-11D3-99E7-00105A0DF099}',NULL,'0','0' )

// ******** ToolEntry  ********
// MIPSIV                      // Platform                              // OS                                    // CPU                                   //TOOL                                   // Tool Type
INSERT INTO ToolEntry VALUES ('{8A9A2F80-6887-11D3-842E-005004848CBA}','{42CA0006-5AA4-11D3-99E7-00105A0DF099}','{0B2FE524-26C5-4194-8CEF-B1582DEB5A98}','{9FA11350-10D9-4998-90FF-EE6E39FC44C4}','1' )
INSERT INTO ToolEntry VALUES ('{8A9A2F80-6887-11D3-842E-005004848CBA}','{42CA0006-5AA4-11D3-99E7-00105A0DF099}','{0B2FE524-26C5-4194-8CEF-B1582DEB5A98}','{9FA11351-10D9-4998-90FF-EE6E39FC44C4}','4' )
INSERT INTO ToolEntry VALUES ('{8A9A2F80-6887-11D3-842E-005004848CBA}','{42CA0006-5AA4-11D3-99E7-00105A0DF099}','{0B2FE524-26C5-4194-8CEF-B1582DEB5A98}','{9FA11352-10D9-4998-90FF-EE6E39FC44C4}','3' )
INSERT INTO ToolEntry VALUES ('{8A9A2F80-6887-11D3-842E-005004848CBA}','{42CA0006-5AA4-11D3-99E7-00105A0DF099}','{0B2FE524-26C5-4194-8CEF-B1582DEB5A98}','{9FA11353-10D9-4998-90FF-EE6E39FC44C4}','7' )
INSERT INTO ToolEntry VALUES ('{8A9A2F80-6887-11D3-842E-005004848CBA}','{42CA0006-5AA4-11D3-99E7-00105A0DF099}','{0B2FE524-26C5-4194-8CEF-B1582DEB5A98}','{9FA11354-10D9-4998-90FF-EE6E39FC44C4}','8' )
INSERT INTO ToolEntry VALUES ('{8A9A2F80-6887-11D3-842E-005004848CBA}','{42CA0006-5AA4-11D3-99E7-00105A0DF099}','{0B2FE524-26C5-4194-8CEF-B1582DEB5A98}','{9FA11355-10D9-4998-90FF-EE6E39FC44C4}','9' )
INSERT INTO ToolEntry VALUES ('{8A9A2F80-6887-11D3-842E-005004848CBA}','{42CA0006-5AA4-11D3-99E7-00105A0DF099}','{0B2FE524-26C5-4194-8CEF-B1582DEB5A98}','{F5424672-621A-4d51-BB15-9A975E46B552}','2' )
INSERT INTO ToolEntry VALUES ('{8A9A2F80-6887-11D3-842E-005004848CBA}','{42CA0006-5AA4-11D3-99E7-00105A0DF099}','{0B2FE524-26C5-4194-8CEF-B1582DEB5A98}','{054CA6D5-76BC-47d6-B4B5-08D1037F8235}','6' )
INSERT INTO ToolEntry VALUES ('{8A9A2F80-6887-11D3-842E-005004848CBA}','{42CA0006-5AA4-11D3-99E7-00105A0DF099}','{0B2FE524-26C5-4194-8CEF-B1582DEB5A98}','{8C500C5D-9D8A-4e8a-93A6-DEEE4B920EA7}','5' )

// ******** ToolOption  ********
                // CL
INSERT INTO ToolOption VALUES ('{D2D8A6AA-A1D9-424D-B81C-B8859B1C80DC}', '{9FA11350-10D9-4998-90FF-EE6E39FC44C4}','PRECOMPILE_HEADER_MIPS4','UI support precompile header','2','1003',NULL,FALSE)         
INSERT INTO ToolOption VALUES ('{3A576059-F062-40B2-AFB7-CC17EA792716}', '{9FA11350-10D9-4998-90FF-EE6E39FC44C4}','DISABLE_CONSTRUCTION_DISPLACEMENT_MIPS4','UI disable construction displacement','2','1001','/vd0',FALSE)
INSERT INTO ToolOption VALUES ('{56E6AD3C-FF6F-4EB9-8C51-7E94387C831C}', '{9FA11350-10D9-4998-90FF-EE6E39FC44C4}','GENERAL_PURPOSE_ALWAYS_MIPS4','UI pointer to member presentation method','2','1002','/vmg',FALSE)    
INSERT INTO ToolOption VALUES ('{2C3D023C-0152-4439-A876-AD45911226AB}', '{9FA11350-10D9-4998-90FF-EE6E39FC44C4}','ASSEMBLY_LISTING_MIPS4','UI configure assembly listing','2','1000','/FA',FALSE)       
INSERT INTO ToolOption VALUES ('{CD8CBC68-3791-4E89-919E-AE0E93FF6DF1}', '{9FA11350-10D9-4998-90FF-EE6E39FC44C4}','CECRTMT_MIPS4','Release Lib Macro','2',NULL,'/M$(CECrtMT)',FALSE) 
INSERT INTO ToolOption VALUES ('{BFC10A4A-83D8-47D9-862C-825B81437FF3}', '{9FA11350-10D9-4998-90FF-EE6E39FC44C4}','NDEBUG_MIPS4','the NDEBUG define for release prjs','2',NULL,'/D NDEBUG',FALSE)  
INSERT INTO ToolOption VALUES ('{07534F77-F1BF-4748-A399-83D048DCB34C}', '{9FA11350-10D9-4998-90FF-EE6E39FC44C4}','UNICODE_MIPS4','Turn on Unicode','2',NULL,'/D UNICODE /D _UNICODE',FALSE)    
INSERT INTO ToolOption VALUES ('{BFD34A69-6D23-4F61-B6FD-3645AE08BF76}', '{9FA11350-10D9-4998-90FF-EE6E39FC44C4}','AFXDLL_MIPS4','Define _AFXDLL for dynamic linking to MFC','2',NULL,'/D _AFXDLL',FALSE)    
INSERT INTO ToolOption VALUES ('{F71CE5F2-4B4C-40D5-9DC5-DD6B57222E8D}', '{9FA11350-10D9-4998-90FF-EE6E39FC44C4}','CECRTMTDEBUG_MIPS4','Debug Lib Macro','2',NULL,'/M$(CECrtMTDebug)',FALSE)   
INSERT INTO ToolOption VALUES ('{62DEFA42-3118-4805-9D60-23E323D4A4CA}', '{9FA11350-10D9-4998-90FF-EE6E39FC44C4}','ATL_STATIC_REGISTRY_MIPS4','Define _ATL_STATIC_REGISTRY','2',NULL,'/D _ATL_STATIC_REGISTRY',FALSE)       
INSERT INTO ToolOption VALUES ('{7FAD5E73-7EE1-4CE4-9476-257D6ACC380F}', '{9FA11350-10D9-4998-90FF-EE6E39FC44C4}','MIPS4_CPLR_DBG','IDS_MIPS4_CPLR_DBG','2','1','/DDEBUG',FALSE) 
INSERT INTO ToolOption VALUES ('{87CD6AEF-7BD6-4C81-92E2-19850713719C}', '{9FA11350-10D9-4998-90FF-EE6E39FC44C4}','MIPS4EXE_CPLR_DBG','IDS_MIPS4EXE_CPLR_DBG','2','1','/Zi  /DMIPS /D_MIPS_ /D_MIPS64 /DR4000 /D "MIPSIV" /DUNDER_CE=$(CEVersion) /D_WIN32_WCE=$(CEVersion)',FALSE)  
INSERT INTO ToolOption VALUES ('{B39AEA7F-ADC3-4B7E-A3F8-654AAEE9EFA4}', '{9FA11350-10D9-4998-90FF-EE6E39FC44C4}','MIPS4_CPLR_COMMON','IDS_MIPS4_CPLR_COMMON','2','1','/c /nologo /QMmips4 /QMn32 /QMFPE /D_WIN32_WCE=$(CEVersion) /D $(CePlatform)',FALSE)   
INSERT INTO ToolOption VALUES ('{2288DA68-014C-46A0-ACB6-2AADF961F61B}', '{9FA11350-10D9-4998-90FF-EE6E39FC44C4}','MIPS4DLL_CPLR_DBG','IDS_MIPS4DLL_CPLR_DBG','2','1','/Zi  /DMIPS /D_MIPS_ /D_MIPS64 /DR4000 /D "MIPSIV" /DUNDER_CE=$(CEVersion) /D_WIN32_WCE=$(CEVersion)',FALSE)  
INSERT INTO ToolOption VALUES ('{302254B7-D2D0-4284-8529-8A4C22D84E63}', '{9FA11350-10D9-4998-90FF-EE6E39FC44C4}','MIPS4CON_CPLR_DBG','IDS_MIPS4CON_CPLR_DBG','2','1','/Zi  /DMIPS /D_MIPS_ /D_MIPS64 /DR4000 /D "MIPSIV" /DUNDER_CE=$(CEVersion) /D_WIN32_WCE=$(CEVersion)',FALSE)  
INSERT INTO ToolOption VALUES ('{72EB73D7-0F57-4EEB-8F0D-2EAB5364A7CB}', '{9FA11350-10D9-4998-90FF-EE6E39FC44C4}','MIPS4LIB_CPLR_DBG','IDS_MIPS4LIB_CPLR_DBG','2','1','/Zi  /DMIPS /D_MIPS_ /D_MIPS64 /DR4000 /D "MIPSIV" /DUNDER_CE=$(CEVersion) /D_WIN32_WCE=$(CEVersion)',FALSE)  
INSERT INTO ToolOption VALUES ('{59CC9922-D568-4654-A54A-F2D7DD1442E2}', '{9FA11350-10D9-4998-90FF-EE6E39FC44C4}','MIPS4EXE_CPLR_REL','IDS_MIPS4EXE_CPLR_REL','2','1','/DMIPS /D_MIPS_ /D_MIPS64 /DR4000 /D "MIPSIV" /DUNDER_CE=$(CEVersion) /D_WIN32_WCE=$(CEVersion)',FALSE)       
INSERT INTO ToolOption VALUES ('{97DD0520-6A63-4EBC-A0F5-474B19AFA541}', '{9FA11350-10D9-4998-90FF-EE6E39FC44C4}','MIPS4DLL_CPLR_REL','IDS_MIPS4DLL_CPLR_REL','2','1','/DMIPS /D_MIPS_ /D_MIPS64 /DR4000 /D "MIPSIV" /DUNDER_CE=$(CEVersion) /D_WIN32_WCE=$(CEVersion)',FALSE)       
INSERT INTO ToolOption VALUES ('{266B7099-B2DF-4691-9DA6-1C5A4CD3DB03}', '{9FA11350-10D9-4998-90FF-EE6E39FC44C4}','MIPS4CON_CPLR_REL','IDS_MIPS4CON_CPLR_REL','2','1','/DMIPS /D_MIPS_ /D_MIPS64 /DR4000 /D "MIPSIV" /DUNDER_CE=$(CEVersion) /D_WIN32_WCE=$(CEVersion)',FALSE)       
INSERT INTO ToolOption VALUES ('{DFFEED02-9DFC-4447-B041-C05AA9DAE547}', '{9FA11350-10D9-4998-90FF-EE6E39FC44C4}','MIPS4LIB_CPLR_REL','IDS_MIPS4LIB_CPLR_REL','2','1','/DMIPS /D_MIPS_ /D_MIPS64 /DR4000 /D "MIPSIV" /DUNDER_CE=$(CEVersion) /D_WIN32_WCE=$(CEVersion)',FALSE)       
INSERT INTO ToolOption VALUES ('{D3227D99-0E75-4B2F-9E75-6F241DAF8D40}', '{9FA11350-10D9-4998-90FF-EE6E39FC44C4}','MIPS4ATL_CPLR_DBG','Specific flags for MIPS4 Compiler (ATL DBG build)','2','1','/D _USRDLL',FALSE)      
INSERT INTO ToolOption VALUES ('{3DCE8E5A-AFC5-4D89-BFED-7BA336D41DBD}', '{9FA11350-10D9-4998-90FF-EE6E39FC44C4}','MIPS4MFC_CPLR_COMMON',NULL,'2','1','/c /nologo /QMmips4 /QMn32 /QMFPE /D_WIN32_WCE=$(CEVersion) /D $(CePlatform)',FALSE)          
INSERT INTO ToolOption VALUES ('{7BFE8AB3-62C6-48DC-BBBE-53BA3D9E3156}', '{9FA11350-10D9-4998-90FF-EE6E39FC44C4}','MIPS4ATL_CPLR_COMMON',NULL,'2','1','/D _USRDLL /QMmips4 /QMn32 /QMFPE /c /D $(CePlatform)',FALSE)         
INSERT INTO ToolOption VALUES ('{1901C485-F68D-4215-A8D9-80D411B342B5}', '{9FA11350-10D9-4998-90FF-EE6E39FC44C4}','MIPS4ATL_CPLR_REL',NULL,'2','1','/nologo /DMIPS /D_MIPS_ /D_MIPS64 /DR4000 /D "MIPSIV" /DUNDER_CE=$(CEVersion) /D_WIN32_WCE=$(CEVersion)',FALSE)     
INSERT INTO ToolOption VALUES ('{DAE1CB09-886F-4F8D-9D89-432AD45A6C40}', '{9FA11350-10D9-4998-90FF-EE6E39FC44C4}','MIPS4ACTIVEX_CPLR_COMMON',NULL,'2','1','/GX-',FALSE)
INSERT INTO ToolOption VALUES ('{3540BC38-8511-4999-A53A-C44B19829585}', '{9FA11350-10D9-4998-90FF-EE6E39FC44C4}','MIPS4_MAXIMUM_OPTIMIZATION','maximum opts. (/Ogityb1 /Gs)','2',NULL,'/O2',FALSE)          
INSERT INTO ToolOption VALUES ('{CDF3DDB9-4663-4286-BF36-B4DF57492C15}', '{9FA11350-10D9-4998-90FF-EE6E39FC44C4}','MIPS4DISABLE_OPTIMIZATIONS','Disables all compiler optimizations','2',NULL,'/Od',FALSE)    
INSERT INTO ToolOption VALUES ('{1EB2D573-1547-438E-9D11-58B2137C77A2}', '{9FA11350-10D9-4998-90FF-EE6E39FC44C4}','AUTOMATIC PRECOMPILED HEADERS_MIPS4','Use automatic precompiled headers','2','1','/YX',FALSE)     
INSERT INTO ToolOption VALUES ('{E074F04D-B415-4A8F-AEB0-4B81DD7E5154}', '{9FA11350-10D9-4998-90FF-EE6E39FC44C4}','WARNING_LEVEL','Use Warning Level 3','2','1','/W3',FALSE)

                // LINK
INSERT INTO ToolOption VALUES ('{9DEB8413-3C3D-4F34-AC88-3198E9F44675}', '{9FA11351-10D9-4998-90FF-EE6E39FC44C4}','LINKDBG_FORMAT_COFF_MIPS4','UI debug format COFF','2','1004','/debugtype:coff',FALSE)  
INSERT INTO ToolOption VALUES ('{8568C98D-6C68-432A-9377-744701846C26}', '{9FA11351-10D9-4998-90FF-EE6E39FC44C4}','BASE_TENTHOUSAND_MIPS4','/base flag for .exe proj types','2',NULL,'/base:0x00010000',FALSE)   
INSERT INTO ToolOption VALUES ('{63C9DDBF-62EC-4EE1-971F-FC5B426ED3E5}', '{9FA11351-10D9-4998-90FF-EE6E39FC44C4}','BASE_100K_MIPS4','/base flag for .dll proj types','2',NULL,'/base:0x00100000',FALSE)       
INSERT INTO ToolOption VALUES ('{5359A0AA-6E31-479D-92AF-0A325C768166}', '{9FA11351-10D9-4998-90FF-EE6E39FC44C4}','STACK_MIPS4','standard /STACK setting','2',NULL,'/STACK:65536,4096',FALSE)   
INSERT INTO ToolOption VALUES ('{AFD28363-150B-4411-8054-8001E3365797}', '{9FA11351-10D9-4998-90FF-EE6E39FC44C4}','INCREMENTAL_LINKING_MIPS4','Incremental Linking Flag','2','1006','/INCREMENTAL:YES',FALSE)  
INSERT INTO ToolOption VALUES ('{FECEF37E-9267-475C-B103-B75EC2BE3441}', '{9FA11351-10D9-4998-90FF-EE6E39FC44C4}','MACHINE_MIPS4','set machine type for linker','2',NULL,'/MACHINE:MIPSFPU',FALSE) 
INSERT INTO ToolOption VALUES ('{6D05879B-C19C-41C2-8235-58214ADB60B4}', '{9FA11351-10D9-4998-90FF-EE6E39FC44C4}','NO_INCREMENTAL_LINKING_MIPS4','Incremental Linking Flag','2','1006','/INCREMENTAL:NO',FALSE)   
INSERT INTO ToolOption VALUES ('{D3171AA3-3C6B-4407-A1DB-58945A9DE2A9}', '{9FA11351-10D9-4998-90FF-EE6E39FC44C4}','MIPS4_LINK_MIPS4_COMMON','IDS_MIPS4_LINK_MIPS4_COMMON','2','1','/NOLOGO /subsystem:$(CESubsystem) /nodefaultlib:$(CENoDefaultLib)',FALSE)       
INSERT INTO ToolOption VALUES ('{A2C11555-2F35-4FF2-8FA8-84064016570A}', '{9FA11351-10D9-4998-90FF-EE6E39FC44C4}','MIPS4_LINK_DBG','IDS_MIPS4_LINK_DBG','2','1','/DEBUG /DEBUGTYPE:CV',FALSE)  
INSERT INTO ToolOption VALUES ('{38758B4A-FD03-4DFE-84BA-7F07FF7B7FC1}', '{9FA11351-10D9-4998-90FF-EE6E39FC44C4}','MIPS4EXE_LINK_DBG','IDS_MIPS4EXE_LINK_DBG','2','1','/entry:WinMainCRTStartup',FALSE)      
INSERT INTO ToolOption VALUES ('{B4E4B8C9-9099-46A9-9A66-92E90E571130}', '{9FA11351-10D9-4998-90FF-EE6E39FC44C4}','MIPS4_LIB_DBG','IDS_MIPS4_LIB_DBG','2','1','commctrl.lib coredll.lib',FALSE)   
INSERT INTO ToolOption VALUES ('{6E3EECC5-411B-4C74-9E98-E44B8788FDE0}', '{9FA11351-10D9-4998-90FF-EE6E39FC44C4}','MIPS4DLL_LINK_DBG','IDS_MIPS4DLL_LINK_DBG','2','1','/DLL /entry:_DllMainCRTStartup',FALSE)   
INSERT INTO ToolOption VALUES ('{7C795548-C9F8-4739-A991-21DCA62FD7CD}', '{9FA11351-10D9-4998-90FF-EE6E39FC44C4}','MIPS4_CONLIB','IDS_MIPS4_CONLIB','2','1','commctrl.lib coredll.lib',FALSE)  
INSERT INTO ToolOption VALUES ('{5E90B13B-6DE0-4B3C-9440-71B5769B3E3D}', '{9FA11351-10D9-4998-90FF-EE6E39FC44C4}','MIPS4CON_LINK_DBG','IDS_MIPS4CON_LINK_DBG','2','1','/entry:WinMainCRTStartup',FALSE)      
INSERT INTO ToolOption VALUES ('{59913318-5D5B-46D6-B6B5-3CD13C3DB51A}', '{9FA11351-10D9-4998-90FF-EE6E39FC44C4}','MIPS4MFCEXE_LINK_DBG','Specific flags for MIPS4 Linker (MFC EXE Debug build)','2','1','/DEBUG /entry:wWinMainCRTStartup',FALSE)     
INSERT INTO ToolOption VALUES ('{584D2D9F-2340-4E77-8CCD-2F73D3B2502F}', '{9FA11351-10D9-4998-90FF-EE6E39FC44C4}','MIPS4MFCDLL_LINK_DBG','Specific flags for MIPS4 Linker (MFC DLL Debug build)','2','1','/DEBUG',FALSE)   
INSERT INTO ToolOption VALUES ('{EFB63E03-ADD0-452B-BFBE-20CC71CD409C}', '{9FA11351-10D9-4998-90FF-EE6E39FC44C4}','MIPS4MFCEXE_LINK_COMMON','MIPS4_LINK_MIPS4_COMMON without defaultlib','2','1','/NOLOGO /subsystem:$(CESubsystem)',FALSE)
INSERT INTO ToolOption VALUES ('{413C665F-4BA6-4790-8676-CBB0160C8EA4}', '{9FA11351-10D9-4998-90FF-EE6E39FC44C4}','MIPS4EXE_LINK_REL','IDS_MIPS4EXE_LINK_REL','2','1','/entry:WinMainCRTStartup',FALSE)      
INSERT INTO ToolOption VALUES ('{F7134121-06B2-4156-B8F2-469F5E673301}', '{9FA11351-10D9-4998-90FF-EE6E39FC44C4}','MIPS4_LINK_REL','IDS_MIPS4_LINK_REL','2','1',NULL,FALSE)      
INSERT INTO ToolOption VALUES ('{CD419507-D6E5-4FD5-8D8B-954F5805A8C4}', '{9FA11351-10D9-4998-90FF-EE6E39FC44C4}','MIPS4_LIB_REL','IDS_MIPS4_LIB_REL','2','1','commctrl.lib coredll.lib',FALSE)   
INSERT INTO ToolOption VALUES ('{355D1DD3-A2B9-43C8-89FF-5BBAABDAA534}', '{9FA11351-10D9-4998-90FF-EE6E39FC44C4}','MIPS4DLL_LINK_REL','IDS_MIPS4DLL_LINK_REL','2','1','/DLL /entry:_DllMainCRTStartup',FALSE)   
INSERT INTO ToolOption VALUES ('{93DCE74B-489C-4273-8AB6-31702D14ED97}', '{9FA11351-10D9-4998-90FF-EE6E39FC44C4}','MIPS4_LINK_REL','IDS_MIPS4_LINK_REL','2','1',NULL,FALSE)      
INSERT INTO ToolOption VALUES ('{E58F3D0C-09B2-4DEB-8B90-04EDF756F837}', '{9FA11351-10D9-4998-90FF-EE6E39FC44C4}','MIPS4CON_LINK_REL','IDS_MIPS4CON_LINK_REL','2','1','/entry:WinMainCRTStartup',FALSE)      
INSERT INTO ToolOption VALUES ('{C8E64302-CA04-47B5-9CD9-1C8F2CF9D823}', '{9FA11351-10D9-4998-90FF-EE6E39FC44C4}','MIPS4_LINK_REL','IDS_MIPS4_LINK_REL','2','1',NULL,FALSE)      
INSERT INTO ToolOption VALUES ('{BEC5B494-4291-4F45-BFEC-D62715E51BAC}', '{9FA11351-10D9-4998-90FF-EE6E39FC44C4}','MIPS4LIB_LINK','IDS_MIPS4LIB_LINK','2','1','/NOLOGO',FALSE)   
INSERT INTO ToolOption VALUES ('{CE3B33DD-9238-49FA-AB1A-D206304E8BED}', '{9FA11351-10D9-4998-90FF-EE6E39FC44C4}','MIPS4MFCEXE_LINK_REL','Specific flags for MIPS4 Linker (MFC EXE Release build)','2','1','/entry:wWinMainCRTStartup',FALSE)          
INSERT INTO ToolOption VALUES ('{3DCC55C5-81C2-4CCB-870D-F48F46AAA3D3}', '{9FA11351-10D9-4998-90FF-EE6E39FC44C4}','MIPS4MFCDLL_LINK_COMMON','MIPS4_LINK_MIPS4_COMMON without defaultlib','2','1','/NOLOGO /subsystem:$(CESubsystem)',FALSE)

                // LIB
INSERT INTO ToolOption VALUES ('{C3083920-F375-4C20-9E00-CBA7BB6FFFC0}', '{8C500C5D-9D8A-4e8a-93A6-DEEE4B920EA7}','MIPS4_LIB_COMMON',NULL,'2',NULL,'/nologo',FALSE) 

                // MIDL
INSERT INTO ToolOption VALUES ('{DB852A98-6671-4C51-B543-C80A2A97A979}', '{9FA11353-10D9-4998-90FF-EE6E39FC44C4}','MIPS4_MTL_COMMON','IDS_MIPS4_MTL_COMMON','2','1','/nologo /mktyplib203 /win32',FALSE) 
INSERT INTO ToolOption VALUES ('{4E79A414-6F61-4DAC-863C-EF98E60F3B92}', '{9FA11353-10D9-4998-90FF-EE6E39FC44C4}','DEFINE_DEBUG','Define DEBUG','2','1','/D DEBUG',FALSE) 
INSERT INTO ToolOption VALUES ('{BC3AF106-93C9-4456-9E40-B5B00F824030}', '{9FA11353-10D9-4998-90FF-EE6E39FC44C4}','DEFINE_NDEBUG','Define NDEBUG','2',NULL,'/D NDEBUG',FALSE)  

                // BSC
INSERT INTO ToolOption VALUES ('{AA77A538-DDAD-4CCF-9947-D4816CF6B749}', '{9FA11354-10D9-4998-90FF-EE6E39FC44C4}','MIPS4_BSC_COMMON','IDS_MIPS4_BSC_COMMON','2','1','/nologo',FALSE)

                // COFF
INSERT INTO ToolOption VALUES ('{6B46C38E-AD5B-4171-9D52-6D9EF588B89A}', '{9FA11355-10D9-4998-90FF-EE6E39FC44C4}','MIPS4_COFF_COMMON','IDS_MIPS4LIB_LINK','2','1','/nologo',FALSE)  

                // VCRC
INSERT INTO ToolOption VALUES ('{3ADD5F58-A882-466A-BE0A-F34EB590850E}', '{9FA11352-10D9-4998-90FF-EE6E39FC44C4}','DEFINE_DEBUG','Define DEBUG','2','1','/D DEBUG',FALSE)   
INSERT INTO ToolOption VALUES ('{486F07A3-0ABE-4661-9050-2A0DEF4A37CF}', '{9FA11352-10D9-4998-90FF-EE6E39FC44C4}','DMIPS4_RC_COMMON','IDS_DMIPS4_RC_COMMON','2','1','/r /DUNDER_CE=$(CEVersion) /D_WIN32_WCE=$(CEVersion)',FALSE)      
INSERT INTO ToolOption VALUES ('{9BE7117B-CDAF-4FFA-86EF-4388E92F74AD}', '{9FA11352-10D9-4998-90FF-EE6E39FC44C4}','DEFINE_NDEBUG','Define NDEBUG','2','1','/D NDEBUG',FALSE)  
INSERT INTO ToolOption VALUES ('{6D3E86F5-8D44-4EA4-B77D-44DD8661996A}', '{9FA11352-10D9-4998-90FF-EE6E39FC44C4}','CEPLATFORM','CePlatform Macro','2','1','/D $(CePlatform)',FALSE)
INSERT INTO ToolOption VALUES ('{3B5E485A-6026-44DD-B86F-8502519769DE}', '{9FA11352-10D9-4998-90FF-EE6E39FC44C4}','PROCESSOR_DEFINE','Processor Define','2','1','/D MIPS /D _MIPS_',FALSE)
INSERT INTO ToolOption VALUES ('{A7CACDC8-FF49-46EC-9061-3F8FA22DB3E3}', '{9FA11352-10D9-4998-90FF-EE6E39FC44C4}','DEFINE_UNICODE','Define Unicode','2','1','/D UNICODE /D _UNICODE',FALSE)

// ******** OptionValue  ********

// ******** ToolOptionSet  ********
// LIB MIPS4
INSERT INTO ToolOptionSet VALUES ('{8C500C5D-9D8A-4e8a-93A6-DEEE4B920EA7}','67108864','{C3083920-F375-4C20-9E00-CBA7BB6FFFC0}',NULL)       
INSERT INTO ToolOptionSet VALUES ('{8C500C5D-9D8A-4e8a-93A6-DEEE4B920EA7}','67109120','{C3083920-F375-4C20-9E00-CBA7BB6FFFC0}',NULL)       

// CL MIPS4
INSERT INTO ToolOptionSet VALUES ('{9FA11350-10D9-4998-90FF-EE6E39FC44C4}','16777216','{B39AEA7F-ADC3-4B7E-A3F8-654AAEE9EFA4}',NULL)       
INSERT INTO ToolOptionSet VALUES ('{9FA11350-10D9-4998-90FF-EE6E39FC44C4}','16777216','{59CC9922-D568-4654-A54A-F2D7DD1442E2}',NULL)       
INSERT INTO ToolOptionSet VALUES ('{9FA11350-10D9-4998-90FF-EE6E39FC44C4}','16777216','{3540BC38-8511-4999-A53A-C44B19829585}',NULL)       
INSERT INTO ToolOptionSet VALUES ('{9FA11350-10D9-4998-90FF-EE6E39FC44C4}','16777216','{07534F77-F1BF-4748-A399-83D048DCB34C}',NULL)       
INSERT INTO ToolOptionSet VALUES ('{9FA11350-10D9-4998-90FF-EE6E39FC44C4}','16777216','{BFC10A4A-83D8-47D9-862C-825B81437FF3}',NULL)       
INSERT INTO ToolOptionSet VALUES ('{9FA11350-10D9-4998-90FF-EE6E39FC44C4}','16777216','{CD8CBC68-3791-4E89-919E-AE0E93FF6DF1}',NULL)       
INSERT INTO ToolOptionSet VALUES ('{9FA11350-10D9-4998-90FF-EE6E39FC44C4}','16777232','{59CC9922-D568-4654-A54A-F2D7DD1442E2}',NULL)       
INSERT INTO ToolOptionSet VALUES ('{9FA11350-10D9-4998-90FF-EE6E39FC44C4}','16777232','{3DCE8E5A-AFC5-4D89-BFED-7BA336D41DBD}',NULL)       
INSERT INTO ToolOptionSet VALUES ('{9FA11350-10D9-4998-90FF-EE6E39FC44C4}','16777232','{3540BC38-8511-4999-A53A-C44B19829585}',NULL)       
INSERT INTO ToolOptionSet VALUES ('{9FA11350-10D9-4998-90FF-EE6E39FC44C4}','16777232','{07534F77-F1BF-4748-A399-83D048DCB34C}',NULL)       
INSERT INTO ToolOptionSet VALUES ('{9FA11350-10D9-4998-90FF-EE6E39FC44C4}','16777232','{BFC10A4A-83D8-47D9-862C-825B81437FF3}',NULL)       
INSERT INTO ToolOptionSet VALUES ('{9FA11350-10D9-4998-90FF-EE6E39FC44C4}','16777232','{CD8CBC68-3791-4E89-919E-AE0E93FF6DF1}',NULL)       
INSERT INTO ToolOptionSet VALUES ('{9FA11350-10D9-4998-90FF-EE6E39FC44C4}','16777232','{BFD34A69-6D23-4F61-B6FD-3645AE08BF76}',NULL)      
INSERT INTO ToolOptionSet VALUES ('{9FA11350-10D9-4998-90FF-EE6E39FC44C4}','16777472','{7FAD5E73-7EE1-4CE4-9476-257D6ACC380F}',NULL)       
INSERT INTO ToolOptionSet VALUES ('{9FA11350-10D9-4998-90FF-EE6E39FC44C4}','16777472','{87CD6AEF-7BD6-4C81-92E2-19850713719C}',NULL)       
INSERT INTO ToolOptionSet VALUES ('{9FA11350-10D9-4998-90FF-EE6E39FC44C4}','16777472','{B39AEA7F-ADC3-4B7E-A3F8-654AAEE9EFA4}',NULL)       
INSERT INTO ToolOptionSet VALUES ('{9FA11350-10D9-4998-90FF-EE6E39FC44C4}','16777472','{CDF3DDB9-4663-4286-BF36-B4DF57492C15}',NULL)       
INSERT INTO ToolOptionSet VALUES ('{9FA11350-10D9-4998-90FF-EE6E39FC44C4}','16777472','{07534F77-F1BF-4748-A399-83D048DCB34C}',NULL)       
INSERT INTO ToolOptionSet VALUES ('{9FA11350-10D9-4998-90FF-EE6E39FC44C4}','16777472','{F71CE5F2-4B4C-40D5-9DC5-DD6B57222E8D}',NULL)      
INSERT INTO ToolOptionSet VALUES ('{9FA11350-10D9-4998-90FF-EE6E39FC44C4}','16777488','{7FAD5E73-7EE1-4CE4-9476-257D6ACC380F}',NULL)       
INSERT INTO ToolOptionSet VALUES ('{9FA11350-10D9-4998-90FF-EE6E39FC44C4}','16777488','{87CD6AEF-7BD6-4C81-92E2-19850713719C}',NULL)       
INSERT INTO ToolOptionSet VALUES ('{9FA11350-10D9-4998-90FF-EE6E39FC44C4}','16777488','{3DCE8E5A-AFC5-4D89-BFED-7BA336D41DBD}',NULL)       
INSERT INTO ToolOptionSet VALUES ('{9FA11350-10D9-4998-90FF-EE6E39FC44C4}','16777488','{CDF3DDB9-4663-4286-BF36-B4DF57492C15}',NULL)       
INSERT INTO ToolOptionSet VALUES ('{9FA11350-10D9-4998-90FF-EE6E39FC44C4}','16777488','{07534F77-F1BF-4748-A399-83D048DCB34C}',NULL)       
INSERT INTO ToolOptionSet VALUES ('{9FA11350-10D9-4998-90FF-EE6E39FC44C4}','16777488','{F71CE5F2-4B4C-40D5-9DC5-DD6B57222E8D}',NULL)      
INSERT INTO ToolOptionSet VALUES ('{9FA11350-10D9-4998-90FF-EE6E39FC44C4}','16777488','{BFD34A69-6D23-4F61-B6FD-3645AE08BF76}',NULL)      
INSERT INTO ToolOptionSet VALUES ('{9FA11350-10D9-4998-90FF-EE6E39FC44C4}','33554432','{B39AEA7F-ADC3-4B7E-A3F8-654AAEE9EFA4}',NULL)       
INSERT INTO ToolOptionSet VALUES ('{9FA11350-10D9-4998-90FF-EE6E39FC44C4}','33554432','{97DD0520-6A63-4EBC-A0F5-474B19AFA541}',NULL)       
INSERT INTO ToolOptionSet VALUES ('{9FA11350-10D9-4998-90FF-EE6E39FC44C4}','33554432','{3540BC38-8511-4999-A53A-C44B19829585}',NULL)       
INSERT INTO ToolOptionSet VALUES ('{9FA11350-10D9-4998-90FF-EE6E39FC44C4}','33554432','{07534F77-F1BF-4748-A399-83D048DCB34C}',NULL)       
INSERT INTO ToolOptionSet VALUES ('{9FA11350-10D9-4998-90FF-EE6E39FC44C4}','33554432','{BFC10A4A-83D8-47D9-862C-825B81437FF3}',NULL)       
INSERT INTO ToolOptionSet VALUES ('{9FA11350-10D9-4998-90FF-EE6E39FC44C4}','33554432','{CD8CBC68-3791-4E89-919E-AE0E93FF6DF1}',NULL)       
INSERT INTO ToolOptionSet VALUES ('{9FA11350-10D9-4998-90FF-EE6E39FC44C4}','33554433','{7BFE8AB3-62C6-48DC-BBBE-53BA3D9E3156}',NULL)       
INSERT INTO ToolOptionSet VALUES ('{9FA11350-10D9-4998-90FF-EE6E39FC44C4}','33554433','{1901C485-F68D-4215-A8D9-80D411B342B5}',NULL)       
INSERT INTO ToolOptionSet VALUES ('{9FA11350-10D9-4998-90FF-EE6E39FC44C4}','33554433','{3540BC38-8511-4999-A53A-C44B19829585}',NULL)       
INSERT INTO ToolOptionSet VALUES ('{9FA11350-10D9-4998-90FF-EE6E39FC44C4}','33554433','{07534F77-F1BF-4748-A399-83D048DCB34C}',NULL)       
INSERT INTO ToolOptionSet VALUES ('{9FA11350-10D9-4998-90FF-EE6E39FC44C4}','33554433','{BFC10A4A-83D8-47D9-862C-825B81437FF3}',NULL)       
INSERT INTO ToolOptionSet VALUES ('{9FA11350-10D9-4998-90FF-EE6E39FC44C4}','33554433','{CD8CBC68-3791-4E89-919E-AE0E93FF6DF1}',NULL)       
INSERT INTO ToolOptionSet VALUES ('{9FA11350-10D9-4998-90FF-EE6E39FC44C4}','33554434','{7BFE8AB3-62C6-48DC-BBBE-53BA3D9E3156}',NULL)       
INSERT INTO ToolOptionSet VALUES ('{9FA11350-10D9-4998-90FF-EE6E39FC44C4}','33554434','{1901C485-F68D-4215-A8D9-80D411B342B5}',NULL)       
INSERT INTO ToolOptionSet VALUES ('{9FA11350-10D9-4998-90FF-EE6E39FC44C4}','33554434','{3540BC38-8511-4999-A53A-C44B19829585}',NULL)       
INSERT INTO ToolOptionSet VALUES ('{9FA11350-10D9-4998-90FF-EE6E39FC44C4}','33554434','{07534F77-F1BF-4748-A399-83D048DCB34C}',NULL)       
INSERT INTO ToolOptionSet VALUES ('{9FA11350-10D9-4998-90FF-EE6E39FC44C4}','33554434','{62DEFA42-3118-4805-9D60-23E323D4A4CA}',NULL)       
INSERT INTO ToolOptionSet VALUES ('{9FA11350-10D9-4998-90FF-EE6E39FC44C4}','33554434','{BFC10A4A-83D8-47D9-862C-825B81437FF3}',NULL)       
INSERT INTO ToolOptionSet VALUES ('{9FA11350-10D9-4998-90FF-EE6E39FC44C4}','33554434','{CD8CBC68-3791-4E89-919E-AE0E93FF6DF1}',NULL)    
	// ATL EXE Release MinSize Settings
INSERT INTO ToolOptionSet VALUES ('{9FA11350-10D9-4998-90FF-EE6E39FC44C4}','16777217','{3DCE8E5A-AFC5-4D89-BFED-7BA336D41DBD}',NULL)    
INSERT INTO ToolOptionSet VALUES ('{9FA11350-10D9-4998-90FF-EE6E39FC44C4}','16777217','{1901C485-F68D-4215-A8D9-80D411B342B5}',NULL)    
INSERT INTO ToolOptionSet VALUES ('{9FA11350-10D9-4998-90FF-EE6E39FC44C4}','16777217','{3540BC38-8511-4999-A53A-C44B19829585}',NULL)    
INSERT INTO ToolOptionSet VALUES ('{9FA11350-10D9-4998-90FF-EE6E39FC44C4}','16777217','{07534F77-F1BF-4748-A399-83D048DCB34C}',NULL)    
INSERT INTO ToolOptionSet VALUES ('{9FA11350-10D9-4998-90FF-EE6E39FC44C4}','16777217','{BFC10A4A-83D8-47D9-862C-825B81437FF3}',NULL)    
INSERT INTO ToolOptionSet VALUES ('{9FA11350-10D9-4998-90FF-EE6E39FC44C4}','16777217','{CD8CBC68-3791-4E89-919E-AE0E93FF6DF1}',NULL)    
INSERT INTO ToolOptionSet VALUES ('{9FA11350-10D9-4998-90FF-EE6E39FC44C4}','16777217','{1EB2D573-1547-438E-9D11-58B2137C77A2}',NULL)    
INSERT INTO ToolOptionSet VALUES ('{9FA11350-10D9-4998-90FF-EE6E39FC44C4}','16777217','{E074F04D-B415-4A8F-AEB0-4B81DD7E5154}',NULL)    	
	// ATL EXE Release MinDep Settings                                   
INSERT INTO ToolOptionSet VALUES ('{9FA11350-10D9-4998-90FF-EE6E39FC44C4}','16777218','{3DCE8E5A-AFC5-4D89-BFED-7BA336D41DBD}',NULL)    
INSERT INTO ToolOptionSet VALUES ('{9FA11350-10D9-4998-90FF-EE6E39FC44C4}','16777218','{1901C485-F68D-4215-A8D9-80D411B342B5}',NULL)    
INSERT INTO ToolOptionSet VALUES ('{9FA11350-10D9-4998-90FF-EE6E39FC44C4}','16777218','{3540BC38-8511-4999-A53A-C44B19829585}',NULL)    
INSERT INTO ToolOptionSet VALUES ('{9FA11350-10D9-4998-90FF-EE6E39FC44C4}','16777218','{07534F77-F1BF-4748-A399-83D048DCB34C}',NULL)    
INSERT INTO ToolOptionSet VALUES ('{9FA11350-10D9-4998-90FF-EE6E39FC44C4}','16777218','{62DEFA42-3118-4805-9D60-23E323D4A4CA}',NULL)    
INSERT INTO ToolOptionSet VALUES ('{9FA11350-10D9-4998-90FF-EE6E39FC44C4}','16777218','{BFC10A4A-83D8-47D9-862C-825B81437FF3}',NULL)    
INSERT INTO ToolOptionSet VALUES ('{9FA11350-10D9-4998-90FF-EE6E39FC44C4}','16777218','{CD8CBC68-3791-4E89-919E-AE0E93FF6DF1}',NULL)    
INSERT INTO ToolOptionSet VALUES ('{9FA11350-10D9-4998-90FF-EE6E39FC44C4}','16777218','{1EB2D573-1547-438E-9D11-58B2137C77A2}',NULL)    
INSERT INTO ToolOptionSet VALUES ('{9FA11350-10D9-4998-90FF-EE6E39FC44C4}','16777218','{E074F04D-B415-4A8F-AEB0-4B81DD7E5154}',NULL)    	
   
INSERT INTO ToolOptionSet VALUES ('{9FA11350-10D9-4998-90FF-EE6E39FC44C4}','33554448','{97DD0520-6A63-4EBC-A0F5-474B19AFA541}',NULL)       
INSERT INTO ToolOptionSet VALUES ('{9FA11350-10D9-4998-90FF-EE6E39FC44C4}','33554448','{3DCE8E5A-AFC5-4D89-BFED-7BA336D41DBD}',NULL)       
INSERT INTO ToolOptionSet VALUES ('{9FA11350-10D9-4998-90FF-EE6E39FC44C4}','33554448','{3540BC38-8511-4999-A53A-C44B19829585}',NULL)       
INSERT INTO ToolOptionSet VALUES ('{9FA11350-10D9-4998-90FF-EE6E39FC44C4}','33554448','{07534F77-F1BF-4748-A399-83D048DCB34C}',NULL)       
INSERT INTO ToolOptionSet VALUES ('{9FA11350-10D9-4998-90FF-EE6E39FC44C4}','33554448','{BFC10A4A-83D8-47D9-862C-825B81437FF3}',NULL)       
INSERT INTO ToolOptionSet VALUES ('{9FA11350-10D9-4998-90FF-EE6E39FC44C4}','33554448','{CD8CBC68-3791-4E89-919E-AE0E93FF6DF1}',NULL)       
INSERT INTO ToolOptionSet VALUES ('{9FA11350-10D9-4998-90FF-EE6E39FC44C4}','33554448','{BFD34A69-6D23-4F61-B6FD-3645AE08BF76}',NULL)      
INSERT INTO ToolOptionSet VALUES ('{9FA11350-10D9-4998-90FF-EE6E39FC44C4}','33554688','{7FAD5E73-7EE1-4CE4-9476-257D6ACC380F}',NULL)       
INSERT INTO ToolOptionSet VALUES ('{9FA11350-10D9-4998-90FF-EE6E39FC44C4}','33554688','{B39AEA7F-ADC3-4B7E-A3F8-654AAEE9EFA4}',NULL)       
INSERT INTO ToolOptionSet VALUES ('{9FA11350-10D9-4998-90FF-EE6E39FC44C4}','33554688','{2288DA68-014C-46A0-ACB6-2AADF961F61B}',NULL)       
INSERT INTO ToolOptionSet VALUES ('{9FA11350-10D9-4998-90FF-EE6E39FC44C4}','33554688','{CDF3DDB9-4663-4286-BF36-B4DF57492C15}',NULL)       
INSERT INTO ToolOptionSet VALUES ('{9FA11350-10D9-4998-90FF-EE6E39FC44C4}','33554688','{07534F77-F1BF-4748-A399-83D048DCB34C}',NULL)       
INSERT INTO ToolOptionSet VALUES ('{9FA11350-10D9-4998-90FF-EE6E39FC44C4}','33554688','{F71CE5F2-4B4C-40D5-9DC5-DD6B57222E8D}',NULL)      
INSERT INTO ToolOptionSet VALUES ('{9FA11350-10D9-4998-90FF-EE6E39FC44C4}','33554689','{7FAD5E73-7EE1-4CE4-9476-257D6ACC380F}',NULL)       
INSERT INTO ToolOptionSet VALUES ('{9FA11350-10D9-4998-90FF-EE6E39FC44C4}','33554689','{2288DA68-014C-46A0-ACB6-2AADF961F61B}',NULL)       
INSERT INTO ToolOptionSet VALUES ('{9FA11350-10D9-4998-90FF-EE6E39FC44C4}','33554689','{D3227D99-0E75-4B2F-9E75-6F241DAF8D40}',NULL)       
INSERT INTO ToolOptionSet VALUES ('{9FA11350-10D9-4998-90FF-EE6E39FC44C4}','33554689','{3DCE8E5A-AFC5-4D89-BFED-7BA336D41DBD}',NULL)       
INSERT INTO ToolOptionSet VALUES ('{9FA11350-10D9-4998-90FF-EE6E39FC44C4}','33554689','{CDF3DDB9-4663-4286-BF36-B4DF57492C15}',NULL)       
INSERT INTO ToolOptionSet VALUES ('{9FA11350-10D9-4998-90FF-EE6E39FC44C4}','33554689','{07534F77-F1BF-4748-A399-83D048DCB34C}',NULL)       
INSERT INTO ToolOptionSet VALUES ('{9FA11350-10D9-4998-90FF-EE6E39FC44C4}','33554689','{F71CE5F2-4B4C-40D5-9DC5-DD6B57222E8D}',NULL) 
	// ATL EXE Debug Settings	
INSERT INTO ToolOptionSet VALUES ('{9FA11350-10D9-4998-90FF-EE6E39FC44C4}','16777473','{7FAD5E73-7EE1-4CE4-9476-257D6ACC380F}',NULL) 
INSERT INTO ToolOptionSet VALUES ('{9FA11350-10D9-4998-90FF-EE6E39FC44C4}','16777473','{87CD6AEF-7BD6-4C81-92E2-19850713719C}',NULL) 
INSERT INTO ToolOptionSet VALUES ('{9FA11350-10D9-4998-90FF-EE6E39FC44C4}','16777473','{3DCE8E5A-AFC5-4D89-BFED-7BA336D41DBD}',NULL) 
INSERT INTO ToolOptionSet VALUES ('{9FA11350-10D9-4998-90FF-EE6E39FC44C4}','16777473','{CDF3DDB9-4663-4286-BF36-B4DF57492C15}',NULL) 
INSERT INTO ToolOptionSet VALUES ('{9FA11350-10D9-4998-90FF-EE6E39FC44C4}','16777473','{07534F77-F1BF-4748-A399-83D048DCB34C}',NULL) 
INSERT INTO ToolOptionSet VALUES ('{9FA11350-10D9-4998-90FF-EE6E39FC44C4}','16777473','{F71CE5F2-4B4C-40D5-9DC5-DD6B57222E8D}',NULL) 
INSERT INTO ToolOptionSet VALUES ('{9FA11350-10D9-4998-90FF-EE6E39FC44C4}','16777473','{1EB2D573-1547-438E-9D11-58B2137C77A2}',NULL) 
INSERT INTO ToolOptionSet VALUES ('{9FA11350-10D9-4998-90FF-EE6E39FC44C4}','16777473','{E074F04D-B415-4A8F-AEB0-4B81DD7E5154}',NULL) 
     
INSERT INTO ToolOptionSet VALUES ('{9FA11350-10D9-4998-90FF-EE6E39FC44C4}','33554704','{7FAD5E73-7EE1-4CE4-9476-257D6ACC380F}',NULL)       
INSERT INTO ToolOptionSet VALUES ('{9FA11350-10D9-4998-90FF-EE6E39FC44C4}','33554704','{2288DA68-014C-46A0-ACB6-2AADF961F61B}',NULL)       
INSERT INTO ToolOptionSet VALUES ('{9FA11350-10D9-4998-90FF-EE6E39FC44C4}','33554704','{3DCE8E5A-AFC5-4D89-BFED-7BA336D41DBD}',NULL)       
INSERT INTO ToolOptionSet VALUES ('{9FA11350-10D9-4998-90FF-EE6E39FC44C4}','33554704','{CDF3DDB9-4663-4286-BF36-B4DF57492C15}',NULL)       
INSERT INTO ToolOptionSet VALUES ('{9FA11350-10D9-4998-90FF-EE6E39FC44C4}','33554704','{07534F77-F1BF-4748-A399-83D048DCB34C}',NULL)       
INSERT INTO ToolOptionSet VALUES ('{9FA11350-10D9-4998-90FF-EE6E39FC44C4}','33554704','{F71CE5F2-4B4C-40D5-9DC5-DD6B57222E8D}',NULL)      
INSERT INTO ToolOptionSet VALUES ('{9FA11350-10D9-4998-90FF-EE6E39FC44C4}','33554704','{BFD34A69-6D23-4F61-B6FD-3645AE08BF76}',NULL)      
INSERT INTO ToolOptionSet VALUES ('{9FA11350-10D9-4998-90FF-EE6E39FC44C4}','33558544','{97DD0520-6A63-4EBC-A0F5-474B19AFA541}',NULL)       
INSERT INTO ToolOptionSet VALUES ('{9FA11350-10D9-4998-90FF-EE6E39FC44C4}','33558544','{3DCE8E5A-AFC5-4D89-BFED-7BA336D41DBD}',NULL)       
INSERT INTO ToolOptionSet VALUES ('{9FA11350-10D9-4998-90FF-EE6E39FC44C4}','33558544','{DAE1CB09-886F-4F8D-9D89-432AD45A6C40}',NULL)       
INSERT INTO ToolOptionSet VALUES ('{9FA11350-10D9-4998-90FF-EE6E39FC44C4}','33558544','{3540BC38-8511-4999-A53A-C44B19829585}',NULL)       
INSERT INTO ToolOptionSet VALUES ('{9FA11350-10D9-4998-90FF-EE6E39FC44C4}','33558544','{07534F77-F1BF-4748-A399-83D048DCB34C}',NULL)       
INSERT INTO ToolOptionSet VALUES ('{9FA11350-10D9-4998-90FF-EE6E39FC44C4}','33558544','{BFC10A4A-83D8-47D9-862C-825B81437FF3}',NULL)       
INSERT INTO ToolOptionSet VALUES ('{9FA11350-10D9-4998-90FF-EE6E39FC44C4}','33558544','{CD8CBC68-3791-4E89-919E-AE0E93FF6DF1}',NULL)       
INSERT INTO ToolOptionSet VALUES ('{9FA11350-10D9-4998-90FF-EE6E39FC44C4}','33558544','{BFD34A69-6D23-4F61-B6FD-3645AE08BF76}',NULL)      
INSERT INTO ToolOptionSet VALUES ('{9FA11350-10D9-4998-90FF-EE6E39FC44C4}','33558800','{7FAD5E73-7EE1-4CE4-9476-257D6ACC380F}',NULL)       
INSERT INTO ToolOptionSet VALUES ('{9FA11350-10D9-4998-90FF-EE6E39FC44C4}','33558800','{2288DA68-014C-46A0-ACB6-2AADF961F61B}',NULL)       
INSERT INTO ToolOptionSet VALUES ('{9FA11350-10D9-4998-90FF-EE6E39FC44C4}','33558800','{3DCE8E5A-AFC5-4D89-BFED-7BA336D41DBD}',NULL)       
INSERT INTO ToolOptionSet VALUES ('{9FA11350-10D9-4998-90FF-EE6E39FC44C4}','33558800','{DAE1CB09-886F-4F8D-9D89-432AD45A6C40}',NULL)       
INSERT INTO ToolOptionSet VALUES ('{9FA11350-10D9-4998-90FF-EE6E39FC44C4}','33558800','{CDF3DDB9-4663-4286-BF36-B4DF57492C15}',NULL)       
INSERT INTO ToolOptionSet VALUES ('{9FA11350-10D9-4998-90FF-EE6E39FC44C4}','33558800','{07534F77-F1BF-4748-A399-83D048DCB34C}',NULL)       
INSERT INTO ToolOptionSet VALUES ('{9FA11350-10D9-4998-90FF-EE6E39FC44C4}','33558800','{F71CE5F2-4B4C-40D5-9DC5-DD6B57222E8D}',NULL)      
INSERT INTO ToolOptionSet VALUES ('{9FA11350-10D9-4998-90FF-EE6E39FC44C4}','33558800','{BFD34A69-6D23-4F61-B6FD-3645AE08BF76}',NULL)      
INSERT INTO ToolOptionSet VALUES ('{9FA11350-10D9-4998-90FF-EE6E39FC44C4}','50331648','{B39AEA7F-ADC3-4B7E-A3F8-654AAEE9EFA4}',NULL)       
INSERT INTO ToolOptionSet VALUES ('{9FA11350-10D9-4998-90FF-EE6E39FC44C4}','50331648','{266B7099-B2DF-4691-9DA6-1C5A4CD3DB03}',NULL)       
INSERT INTO ToolOptionSet VALUES ('{9FA11350-10D9-4998-90FF-EE6E39FC44C4}','50331648','{3540BC38-8511-4999-A53A-C44B19829585}',NULL)       
INSERT INTO ToolOptionSet VALUES ('{9FA11350-10D9-4998-90FF-EE6E39FC44C4}','50331648','{07534F77-F1BF-4748-A399-83D048DCB34C}',NULL)       
INSERT INTO ToolOptionSet VALUES ('{9FA11350-10D9-4998-90FF-EE6E39FC44C4}','50331648','{BFC10A4A-83D8-47D9-862C-825B81437FF3}',NULL)       
INSERT INTO ToolOptionSet VALUES ('{9FA11350-10D9-4998-90FF-EE6E39FC44C4}','50331648','{CD8CBC68-3791-4E89-919E-AE0E93FF6DF1}',NULL)       
INSERT INTO ToolOptionSet VALUES ('{9FA11350-10D9-4998-90FF-EE6E39FC44C4}','50331904','{7FAD5E73-7EE1-4CE4-9476-257D6ACC380F}',NULL)       
INSERT INTO ToolOptionSet VALUES ('{9FA11350-10D9-4998-90FF-EE6E39FC44C4}','50331904','{B39AEA7F-ADC3-4B7E-A3F8-654AAEE9EFA4}',NULL)       
INSERT INTO ToolOptionSet VALUES ('{9FA11350-10D9-4998-90FF-EE6E39FC44C4}','50331904','{302254B7-D2D0-4284-8529-8A4C22D84E63}',NULL)       
INSERT INTO ToolOptionSet VALUES ('{9FA11350-10D9-4998-90FF-EE6E39FC44C4}','50331904','{CDF3DDB9-4663-4286-BF36-B4DF57492C15}',NULL)       
INSERT INTO ToolOptionSet VALUES ('{9FA11350-10D9-4998-90FF-EE6E39FC44C4}','50331904','{07534F77-F1BF-4748-A399-83D048DCB34C}',NULL)       
INSERT INTO ToolOptionSet VALUES ('{9FA11350-10D9-4998-90FF-EE6E39FC44C4}','50331904','{F71CE5F2-4B4C-40D5-9DC5-DD6B57222E8D}',NULL)      
INSERT INTO ToolOptionSet VALUES ('{9FA11350-10D9-4998-90FF-EE6E39FC44C4}','67108864','{B39AEA7F-ADC3-4B7E-A3F8-654AAEE9EFA4}',NULL)       
INSERT INTO ToolOptionSet VALUES ('{9FA11350-10D9-4998-90FF-EE6E39FC44C4}','67108864','{DFFEED02-9DFC-4447-B041-C05AA9DAE547}',NULL)       
INSERT INTO ToolOptionSet VALUES ('{9FA11350-10D9-4998-90FF-EE6E39FC44C4}','67108864','{3540BC38-8511-4999-A53A-C44B19829585}',NULL)       
INSERT INTO ToolOptionSet VALUES ('{9FA11350-10D9-4998-90FF-EE6E39FC44C4}','67108864','{07534F77-F1BF-4748-A399-83D048DCB34C}',NULL)       
INSERT INTO ToolOptionSet VALUES ('{9FA11350-10D9-4998-90FF-EE6E39FC44C4}','67108864','{BFC10A4A-83D8-47D9-862C-825B81437FF3}',NULL)       
INSERT INTO ToolOptionSet VALUES ('{9FA11350-10D9-4998-90FF-EE6E39FC44C4}','67108864','{CD8CBC68-3791-4E89-919E-AE0E93FF6DF1}',NULL)       
INSERT INTO ToolOptionSet VALUES ('{9FA11350-10D9-4998-90FF-EE6E39FC44C4}','67109120','{7FAD5E73-7EE1-4CE4-9476-257D6ACC380F}',NULL)       
INSERT INTO ToolOptionSet VALUES ('{9FA11350-10D9-4998-90FF-EE6E39FC44C4}','67109120','{B39AEA7F-ADC3-4B7E-A3F8-654AAEE9EFA4}',NULL)       
INSERT INTO ToolOptionSet VALUES ('{9FA11350-10D9-4998-90FF-EE6E39FC44C4}','67109120','{72EB73D7-0F57-4EEB-8F0D-2EAB5364A7CB}',NULL)       
INSERT INTO ToolOptionSet VALUES ('{9FA11350-10D9-4998-90FF-EE6E39FC44C4}','67109120','{CDF3DDB9-4663-4286-BF36-B4DF57492C15}',NULL)       
INSERT INTO ToolOptionSet VALUES ('{9FA11350-10D9-4998-90FF-EE6E39FC44C4}','67109120','{07534F77-F1BF-4748-A399-83D048DCB34C}',NULL)       
INSERT INTO ToolOptionSet VALUES ('{9FA11350-10D9-4998-90FF-EE6E39FC44C4}','67109120','{F71CE5F2-4B4C-40D5-9DC5-DD6B57222E8D}',NULL)      

INSERT INTO ToolOptionSet VALUES ('{9FA11350-10D9-4998-90FF-EE6E39FC44C4}','16777216','{1EB2D573-1547-438E-9D11-58B2137C77A2}',NULL)        
INSERT INTO ToolOptionSet VALUES ('{9FA11350-10D9-4998-90FF-EE6E39FC44C4}','16777232','{1EB2D573-1547-438E-9D11-58B2137C77A2}',NULL)        
INSERT INTO ToolOptionSet VALUES ('{9FA11350-10D9-4998-90FF-EE6E39FC44C4}','16777472','{1EB2D573-1547-438E-9D11-58B2137C77A2}',NULL)        
INSERT INTO ToolOptionSet VALUES ('{9FA11350-10D9-4998-90FF-EE6E39FC44C4}','16777488','{1EB2D573-1547-438E-9D11-58B2137C77A2}',NULL)        
INSERT INTO ToolOptionSet VALUES ('{9FA11350-10D9-4998-90FF-EE6E39FC44C4}','33554432','{1EB2D573-1547-438E-9D11-58B2137C77A2}',NULL)        
INSERT INTO ToolOptionSet VALUES ('{9FA11350-10D9-4998-90FF-EE6E39FC44C4}','33554433','{1EB2D573-1547-438E-9D11-58B2137C77A2}',NULL)        
INSERT INTO ToolOptionSet VALUES ('{9FA11350-10D9-4998-90FF-EE6E39FC44C4}','33554434','{1EB2D573-1547-438E-9D11-58B2137C77A2}',NULL)        
INSERT INTO ToolOptionSet VALUES ('{9FA11350-10D9-4998-90FF-EE6E39FC44C4}','33554448','{1EB2D573-1547-438E-9D11-58B2137C77A2}',NULL)        
INSERT INTO ToolOptionSet VALUES ('{9FA11350-10D9-4998-90FF-EE6E39FC44C4}','33554688','{1EB2D573-1547-438E-9D11-58B2137C77A2}',NULL)        
INSERT INTO ToolOptionSet VALUES ('{9FA11350-10D9-4998-90FF-EE6E39FC44C4}','33554689','{1EB2D573-1547-438E-9D11-58B2137C77A2}',NULL)        
INSERT INTO ToolOptionSet VALUES ('{9FA11350-10D9-4998-90FF-EE6E39FC44C4}','33554704','{1EB2D573-1547-438E-9D11-58B2137C77A2}',NULL)        
INSERT INTO ToolOptionSet VALUES ('{9FA11350-10D9-4998-90FF-EE6E39FC44C4}','33558544','{1EB2D573-1547-438E-9D11-58B2137C77A2}',NULL)        
INSERT INTO ToolOptionSet VALUES ('{9FA11350-10D9-4998-90FF-EE6E39FC44C4}','33558800','{1EB2D573-1547-438E-9D11-58B2137C77A2}',NULL)        
INSERT INTO ToolOptionSet VALUES ('{9FA11350-10D9-4998-90FF-EE6E39FC44C4}','50331648','{1EB2D573-1547-438E-9D11-58B2137C77A2}',NULL)        
INSERT INTO ToolOptionSet VALUES ('{9FA11350-10D9-4998-90FF-EE6E39FC44C4}','50331904','{1EB2D573-1547-438E-9D11-58B2137C77A2}',NULL)        
INSERT INTO ToolOptionSet VALUES ('{9FA11350-10D9-4998-90FF-EE6E39FC44C4}','67108864','{1EB2D573-1547-438E-9D11-58B2137C77A2}',NULL)        
INSERT INTO ToolOptionSet VALUES ('{9FA11350-10D9-4998-90FF-EE6E39FC44C4}','67109120','{1EB2D573-1547-438E-9D11-58B2137C77A2}',NULL)        
				// WARNING_LEVEL
INSERT INTO ToolOptionSet VALUES ('{9FA11350-10D9-4998-90FF-EE6E39FC44C4}','16777216','{E074F04D-B415-4A8F-AEB0-4B81DD7E5154}',NULL)        
INSERT INTO ToolOptionSet VALUES ('{9FA11350-10D9-4998-90FF-EE6E39FC44C4}','16777232','{E074F04D-B415-4A8F-AEB0-4B81DD7E5154}',NULL)        
INSERT INTO ToolOptionSet VALUES ('{9FA11350-10D9-4998-90FF-EE6E39FC44C4}','16777472','{E074F04D-B415-4A8F-AEB0-4B81DD7E5154}',NULL)        
INSERT INTO ToolOptionSet VALUES ('{9FA11350-10D9-4998-90FF-EE6E39FC44C4}','16777488','{E074F04D-B415-4A8F-AEB0-4B81DD7E5154}',NULL)        
INSERT INTO ToolOptionSet VALUES ('{9FA11350-10D9-4998-90FF-EE6E39FC44C4}','33554432','{E074F04D-B415-4A8F-AEB0-4B81DD7E5154}',NULL)        
INSERT INTO ToolOptionSet VALUES ('{9FA11350-10D9-4998-90FF-EE6E39FC44C4}','33554433','{E074F04D-B415-4A8F-AEB0-4B81DD7E5154}',NULL)        
INSERT INTO ToolOptionSet VALUES ('{9FA11350-10D9-4998-90FF-EE6E39FC44C4}','33554434','{E074F04D-B415-4A8F-AEB0-4B81DD7E5154}',NULL)        
INSERT INTO ToolOptionSet VALUES ('{9FA11350-10D9-4998-90FF-EE6E39FC44C4}','33554448','{E074F04D-B415-4A8F-AEB0-4B81DD7E5154}',NULL)        
INSERT INTO ToolOptionSet VALUES ('{9FA11350-10D9-4998-90FF-EE6E39FC44C4}','33554688','{E074F04D-B415-4A8F-AEB0-4B81DD7E5154}',NULL)        
INSERT INTO ToolOptionSet VALUES ('{9FA11350-10D9-4998-90FF-EE6E39FC44C4}','33554689','{E074F04D-B415-4A8F-AEB0-4B81DD7E5154}',NULL)        
INSERT INTO ToolOptionSet VALUES ('{9FA11350-10D9-4998-90FF-EE6E39FC44C4}','33554704','{E074F04D-B415-4A8F-AEB0-4B81DD7E5154}',NULL)        
INSERT INTO ToolOptionSet VALUES ('{9FA11350-10D9-4998-90FF-EE6E39FC44C4}','33558544','{E074F04D-B415-4A8F-AEB0-4B81DD7E5154}',NULL)        
INSERT INTO ToolOptionSet VALUES ('{9FA11350-10D9-4998-90FF-EE6E39FC44C4}','33558800','{E074F04D-B415-4A8F-AEB0-4B81DD7E5154}',NULL)        
INSERT INTO ToolOptionSet VALUES ('{9FA11350-10D9-4998-90FF-EE6E39FC44C4}','50331648','{E074F04D-B415-4A8F-AEB0-4B81DD7E5154}',NULL)        
INSERT INTO ToolOptionSet VALUES ('{9FA11350-10D9-4998-90FF-EE6E39FC44C4}','50331904','{E074F04D-B415-4A8F-AEB0-4B81DD7E5154}',NULL)        
INSERT INTO ToolOptionSet VALUES ('{9FA11350-10D9-4998-90FF-EE6E39FC44C4}','67108864','{E074F04D-B415-4A8F-AEB0-4B81DD7E5154}',NULL)        
INSERT INTO ToolOptionSet VALUES ('{9FA11350-10D9-4998-90FF-EE6E39FC44C4}','67109120','{E074F04D-B415-4A8F-AEB0-4B81DD7E5154}',NULL)        


// LINK MIPSIV
INSERT INTO ToolOptionSet VALUES ('{9FA11351-10D9-4998-90FF-EE6E39FC44C4}','16777216','{D3171AA3-3C6B-4407-A1DB-58945A9DE2A9}',NULL)       
INSERT INTO ToolOptionSet VALUES ('{9FA11351-10D9-4998-90FF-EE6E39FC44C4}','16777216','{413C665F-4BA6-4790-8676-CBB0160C8EA4}',NULL)       
INSERT INTO ToolOptionSet VALUES ('{9FA11351-10D9-4998-90FF-EE6E39FC44C4}','16777216','{CD419507-D6E5-4FD5-8D8B-954F5805A8C4}',NULL)       
INSERT INTO ToolOptionSet VALUES ('{9FA11351-10D9-4998-90FF-EE6E39FC44C4}','16777216','{8568C98D-6C68-432A-9377-744701846C26}',NULL)       
INSERT INTO ToolOptionSet VALUES ('{9FA11351-10D9-4998-90FF-EE6E39FC44C4}','16777216','{5359A0AA-6E31-479D-92AF-0A325C768166}',NULL)       
INSERT INTO ToolOptionSet VALUES ('{9FA11351-10D9-4998-90FF-EE6E39FC44C4}','16777216','{FECEF37E-9267-475C-B103-B75EC2BE3441}',NULL)       
INSERT INTO ToolOptionSet VALUES ('{9FA11351-10D9-4998-90FF-EE6E39FC44C4}','16777216','{6D05879B-C19C-41C2-8235-58214ADB60B4}',NULL)      
INSERT INTO ToolOptionSet VALUES ('{9FA11351-10D9-4998-90FF-EE6E39FC44C4}','16777232','{EFB63E03-ADD0-452B-BFBE-20CC71CD409C}',NULL)       
INSERT INTO ToolOptionSet VALUES ('{9FA11351-10D9-4998-90FF-EE6E39FC44C4}','16777232','{CE3B33DD-9238-49FA-AB1A-D206304E8BED}',NULL)       
INSERT INTO ToolOptionSet VALUES ('{9FA11351-10D9-4998-90FF-EE6E39FC44C4}','16777232','{8568C98D-6C68-432A-9377-744701846C26}',NULL)       
INSERT INTO ToolOptionSet VALUES ('{9FA11351-10D9-4998-90FF-EE6E39FC44C4}','16777232','{5359A0AA-6E31-479D-92AF-0A325C768166}',NULL)       
INSERT INTO ToolOptionSet VALUES ('{9FA11351-10D9-4998-90FF-EE6E39FC44C4}','16777232','{FECEF37E-9267-475C-B103-B75EC2BE3441}',NULL)       
INSERT INTO ToolOptionSet VALUES ('{9FA11351-10D9-4998-90FF-EE6E39FC44C4}','16777232','{6D05879B-C19C-41C2-8235-58214ADB60B4}',NULL)      
INSERT INTO ToolOptionSet VALUES ('{9FA11351-10D9-4998-90FF-EE6E39FC44C4}','16777472','{D3171AA3-3C6B-4407-A1DB-58945A9DE2A9}',NULL)       
INSERT INTO ToolOptionSet VALUES ('{9FA11351-10D9-4998-90FF-EE6E39FC44C4}','16777472','{A2C11555-2F35-4FF2-8FA8-84064016570A}',NULL)       
INSERT INTO ToolOptionSet VALUES ('{9FA11351-10D9-4998-90FF-EE6E39FC44C4}','16777472','{38758B4A-FD03-4DFE-84BA-7F07FF7B7FC1}',NULL)       
INSERT INTO ToolOptionSet VALUES ('{9FA11351-10D9-4998-90FF-EE6E39FC44C4}','16777472','{B4E4B8C9-9099-46A9-9A66-92E90E571130}',NULL)       
INSERT INTO ToolOptionSet VALUES ('{9FA11351-10D9-4998-90FF-EE6E39FC44C4}','16777472','{8568C98D-6C68-432A-9377-744701846C26}',NULL)       
INSERT INTO ToolOptionSet VALUES ('{9FA11351-10D9-4998-90FF-EE6E39FC44C4}','16777472','{5359A0AA-6E31-479D-92AF-0A325C768166}',NULL)       
INSERT INTO ToolOptionSet VALUES ('{9FA11351-10D9-4998-90FF-EE6E39FC44C4}','16777472','{FECEF37E-9267-475C-B103-B75EC2BE3441}',NULL)       
INSERT INTO ToolOptionSet VALUES ('{9FA11351-10D9-4998-90FF-EE6E39FC44C4}','16777472','{AFD28363-150B-4411-8054-8001E3365797}',NULL)      
INSERT INTO ToolOptionSet VALUES ('{9FA11351-10D9-4998-90FF-EE6E39FC44C4}','16777488','{59913318-5D5B-46D6-B6B5-3CD13C3DB51A}',NULL)       
INSERT INTO ToolOptionSet VALUES ('{9FA11351-10D9-4998-90FF-EE6E39FC44C4}','16777488','{EFB63E03-ADD0-452B-BFBE-20CC71CD409C}',NULL)       
INSERT INTO ToolOptionSet VALUES ('{9FA11351-10D9-4998-90FF-EE6E39FC44C4}','16777488','{8568C98D-6C68-432A-9377-744701846C26}',NULL)       
INSERT INTO ToolOptionSet VALUES ('{9FA11351-10D9-4998-90FF-EE6E39FC44C4}','16777488','{5359A0AA-6E31-479D-92AF-0A325C768166}',NULL)       
INSERT INTO ToolOptionSet VALUES ('{9FA11351-10D9-4998-90FF-EE6E39FC44C4}','16777488','{FECEF37E-9267-475C-B103-B75EC2BE3441}',NULL)       
INSERT INTO ToolOptionSet VALUES ('{9FA11351-10D9-4998-90FF-EE6E39FC44C4}','16777488','{AFD28363-150B-4411-8054-8001E3365797}',NULL)      
INSERT INTO ToolOptionSet VALUES ('{9FA11351-10D9-4998-90FF-EE6E39FC44C4}','33554432','{D3171AA3-3C6B-4407-A1DB-58945A9DE2A9}',NULL)       
INSERT INTO ToolOptionSet VALUES ('{9FA11351-10D9-4998-90FF-EE6E39FC44C4}','33554432','{CD419507-D6E5-4FD5-8D8B-954F5805A8C4}',NULL)       
INSERT INTO ToolOptionSet VALUES ('{9FA11351-10D9-4998-90FF-EE6E39FC44C4}','33554432','{355D1DD3-A2B9-43C8-89FF-5BBAABDAA534}',NULL)       
INSERT INTO ToolOptionSet VALUES ('{9FA11351-10D9-4998-90FF-EE6E39FC44C4}','33554432','{63C9DDBF-62EC-4EE1-971F-FC5B426ED3E5}',NULL)       
INSERT INTO ToolOptionSet VALUES ('{9FA11351-10D9-4998-90FF-EE6E39FC44C4}','33554432','{5359A0AA-6E31-479D-92AF-0A325C768166}',NULL)       
INSERT INTO ToolOptionSet VALUES ('{9FA11351-10D9-4998-90FF-EE6E39FC44C4}','33554432','{FECEF37E-9267-475C-B103-B75EC2BE3441}',NULL)       
INSERT INTO ToolOptionSet VALUES ('{9FA11351-10D9-4998-90FF-EE6E39FC44C4}','33554432','{6D05879B-C19C-41C2-8235-58214ADB60B4}',NULL)      
INSERT INTO ToolOptionSet VALUES ('{9FA11351-10D9-4998-90FF-EE6E39FC44C4}','33554433','{355D1DD3-A2B9-43C8-89FF-5BBAABDAA534}',NULL)       
INSERT INTO ToolOptionSet VALUES ('{9FA11351-10D9-4998-90FF-EE6E39FC44C4}','33554433','{3DCC55C5-81C2-4CCB-870D-F48F46AAA3D3}',NULL)       
INSERT INTO ToolOptionSet VALUES ('{9FA11351-10D9-4998-90FF-EE6E39FC44C4}','33554433','{63C9DDBF-62EC-4EE1-971F-FC5B426ED3E5}',NULL)       
INSERT INTO ToolOptionSet VALUES ('{9FA11351-10D9-4998-90FF-EE6E39FC44C4}','33554433','{5359A0AA-6E31-479D-92AF-0A325C768166}',NULL)       
INSERT INTO ToolOptionSet VALUES ('{9FA11351-10D9-4998-90FF-EE6E39FC44C4}','33554433','{FECEF37E-9267-475C-B103-B75EC2BE3441}',NULL)       
INSERT INTO ToolOptionSet VALUES ('{9FA11351-10D9-4998-90FF-EE6E39FC44C4}','33554433','{6D05879B-C19C-41C2-8235-58214ADB60B4}',NULL)      
INSERT INTO ToolOptionSet VALUES ('{9FA11351-10D9-4998-90FF-EE6E39FC44C4}','33554434','{355D1DD3-A2B9-43C8-89FF-5BBAABDAA534}',NULL)       
INSERT INTO ToolOptionSet VALUES ('{9FA11351-10D9-4998-90FF-EE6E39FC44C4}','33554434','{3DCC55C5-81C2-4CCB-870D-F48F46AAA3D3}',NULL)       
INSERT INTO ToolOptionSet VALUES ('{9FA11351-10D9-4998-90FF-EE6E39FC44C4}','33554434','{63C9DDBF-62EC-4EE1-971F-FC5B426ED3E5}',NULL)       
INSERT INTO ToolOptionSet VALUES ('{9FA11351-10D9-4998-90FF-EE6E39FC44C4}','33554434','{5359A0AA-6E31-479D-92AF-0A325C768166}',NULL)       
INSERT INTO ToolOptionSet VALUES ('{9FA11351-10D9-4998-90FF-EE6E39FC44C4}','33554434','{FECEF37E-9267-475C-B103-B75EC2BE3441}',NULL)       
INSERT INTO ToolOptionSet VALUES ('{9FA11351-10D9-4998-90FF-EE6E39FC44C4}','33554434','{6D05879B-C19C-41C2-8235-58214ADB60B4}',NULL)      
	// ATL EXE Release MinSize Settings
INSERT INTO ToolOptionSet VALUES ('{9FA11351-10D9-4998-90FF-EE6E39FC44C4}','16777217','{413C665F-4BA6-4790-8676-CBB0160C8EA4}',NULL)       
INSERT INTO ToolOptionSet VALUES ('{9FA11351-10D9-4998-90FF-EE6E39FC44C4}','16777217','{3DCC55C5-81C2-4CCB-870D-F48F46AAA3D3}',NULL)       
INSERT INTO ToolOptionSet VALUES ('{9FA11351-10D9-4998-90FF-EE6E39FC44C4}','16777217','{8568C98D-6C68-432A-9377-744701846C26}',NULL)       
INSERT INTO ToolOptionSet VALUES ('{9FA11351-10D9-4998-90FF-EE6E39FC44C4}','16777217','{5359A0AA-6E31-479D-92AF-0A325C768166}',NULL)       
INSERT INTO ToolOptionSet VALUES ('{9FA11351-10D9-4998-90FF-EE6E39FC44C4}','16777217','{FECEF37E-9267-475C-B103-B75EC2BE3441}',NULL)      
INSERT INTO ToolOptionSet VALUES ('{9FA11351-10D9-4998-90FF-EE6E39FC44C4}','16777217','{6D05879B-C19C-41C2-8235-58214ADB60B4}',NULL)      
	// ATL EXE Release MinDep Settings                                   
INSERT INTO ToolOptionSet VALUES ('{9FA11351-10D9-4998-90FF-EE6E39FC44C4}','16777218','{413C665F-4BA6-4790-8676-CBB0160C8EA4}',NULL)       
INSERT INTO ToolOptionSet VALUES ('{9FA11351-10D9-4998-90FF-EE6E39FC44C4}','16777218','{3DCC55C5-81C2-4CCB-870D-F48F46AAA3D3}',NULL)       
INSERT INTO ToolOptionSet VALUES ('{9FA11351-10D9-4998-90FF-EE6E39FC44C4}','16777218','{8568C98D-6C68-432A-9377-744701846C26}',NULL)       
INSERT INTO ToolOptionSet VALUES ('{9FA11351-10D9-4998-90FF-EE6E39FC44C4}','16777218','{5359A0AA-6E31-479D-92AF-0A325C768166}',NULL)       
INSERT INTO ToolOptionSet VALUES ('{9FA11351-10D9-4998-90FF-EE6E39FC44C4}','16777218','{FECEF37E-9267-475C-B103-B75EC2BE3441}',NULL)      
INSERT INTO ToolOptionSet VALUES ('{9FA11351-10D9-4998-90FF-EE6E39FC44C4}','16777218','{6D05879B-C19C-41C2-8235-58214ADB60B4}',NULL)      

INSERT INTO ToolOptionSet VALUES ('{9FA11351-10D9-4998-90FF-EE6E39FC44C4}','33554448','{355D1DD3-A2B9-43C8-89FF-5BBAABDAA534}',NULL)       
INSERT INTO ToolOptionSet VALUES ('{9FA11351-10D9-4998-90FF-EE6E39FC44C4}','33554448','{3DCC55C5-81C2-4CCB-870D-F48F46AAA3D3}',NULL)       
INSERT INTO ToolOptionSet VALUES ('{9FA11351-10D9-4998-90FF-EE6E39FC44C4}','33554448','{63C9DDBF-62EC-4EE1-971F-FC5B426ED3E5}',NULL)       
INSERT INTO ToolOptionSet VALUES ('{9FA11351-10D9-4998-90FF-EE6E39FC44C4}','33554448','{5359A0AA-6E31-479D-92AF-0A325C768166}',NULL)       
INSERT INTO ToolOptionSet VALUES ('{9FA11351-10D9-4998-90FF-EE6E39FC44C4}','33554448','{FECEF37E-9267-475C-B103-B75EC2BE3441}',NULL)       
INSERT INTO ToolOptionSet VALUES ('{9FA11351-10D9-4998-90FF-EE6E39FC44C4}','33554448','{6D05879B-C19C-41C2-8235-58214ADB60B4}',NULL)      
INSERT INTO ToolOptionSet VALUES ('{9FA11351-10D9-4998-90FF-EE6E39FC44C4}','33554688','{D3171AA3-3C6B-4407-A1DB-58945A9DE2A9}',NULL)       
INSERT INTO ToolOptionSet VALUES ('{9FA11351-10D9-4998-90FF-EE6E39FC44C4}','33554688','{A2C11555-2F35-4FF2-8FA8-84064016570A}',NULL)       
INSERT INTO ToolOptionSet VALUES ('{9FA11351-10D9-4998-90FF-EE6E39FC44C4}','33554688','{B4E4B8C9-9099-46A9-9A66-92E90E571130}',NULL)       
INSERT INTO ToolOptionSet VALUES ('{9FA11351-10D9-4998-90FF-EE6E39FC44C4}','33554688','{6E3EECC5-411B-4C74-9E98-E44B8788FDE0}',NULL)       
INSERT INTO ToolOptionSet VALUES ('{9FA11351-10D9-4998-90FF-EE6E39FC44C4}','33554688','{63C9DDBF-62EC-4EE1-971F-FC5B426ED3E5}',NULL)       
INSERT INTO ToolOptionSet VALUES ('{9FA11351-10D9-4998-90FF-EE6E39FC44C4}','33554688','{5359A0AA-6E31-479D-92AF-0A325C768166}',NULL)       
INSERT INTO ToolOptionSet VALUES ('{9FA11351-10D9-4998-90FF-EE6E39FC44C4}','33554688','{FECEF37E-9267-475C-B103-B75EC2BE3441}',NULL)       
INSERT INTO ToolOptionSet VALUES ('{9FA11351-10D9-4998-90FF-EE6E39FC44C4}','33554688','{AFD28363-150B-4411-8054-8001E3365797}',NULL)      
INSERT INTO ToolOptionSet VALUES ('{9FA11351-10D9-4998-90FF-EE6E39FC44C4}','33554689','{6E3EECC5-411B-4C74-9E98-E44B8788FDE0}',NULL)       
INSERT INTO ToolOptionSet VALUES ('{9FA11351-10D9-4998-90FF-EE6E39FC44C4}','33554689','{584D2D9F-2340-4E77-8CCD-2F73D3B2502F}',NULL)       
INSERT INTO ToolOptionSet VALUES ('{9FA11351-10D9-4998-90FF-EE6E39FC44C4}','33554689','{3DCC55C5-81C2-4CCB-870D-F48F46AAA3D3}',NULL)       
INSERT INTO ToolOptionSet VALUES ('{9FA11351-10D9-4998-90FF-EE6E39FC44C4}','33554689','{63C9DDBF-62EC-4EE1-971F-FC5B426ED3E5}',NULL)       
INSERT INTO ToolOptionSet VALUES ('{9FA11351-10D9-4998-90FF-EE6E39FC44C4}','33554689','{5359A0AA-6E31-479D-92AF-0A325C768166}',NULL)       
INSERT INTO ToolOptionSet VALUES ('{9FA11351-10D9-4998-90FF-EE6E39FC44C4}','33554689','{FECEF37E-9267-475C-B103-B75EC2BE3441}',NULL)       
INSERT INTO ToolOptionSet VALUES ('{9FA11351-10D9-4998-90FF-EE6E39FC44C4}','33554689','{AFD28363-150B-4411-8054-8001E3365797}',NULL)      
	// ATL EXE Debug Settings	
INSERT INTO ToolOptionSet VALUES ('{9FA11351-10D9-4998-90FF-EE6E39FC44C4}','16777473','{38758B4A-FD03-4DFE-84BA-7F07FF7B7FC1}',NULL)       
INSERT INTO ToolOptionSet VALUES ('{9FA11351-10D9-4998-90FF-EE6E39FC44C4}','16777473','{584D2D9F-2340-4E77-8CCD-2F73D3B2502F}',NULL)       
INSERT INTO ToolOptionSet VALUES ('{9FA11351-10D9-4998-90FF-EE6E39FC44C4}','16777473','{3DCC55C5-81C2-4CCB-870D-F48F46AAA3D3}',NULL)       
INSERT INTO ToolOptionSet VALUES ('{9FA11351-10D9-4998-90FF-EE6E39FC44C4}','16777473','{8568C98D-6C68-432A-9377-744701846C26}',NULL)       
INSERT INTO ToolOptionSet VALUES ('{9FA11351-10D9-4998-90FF-EE6E39FC44C4}','16777473','{5359A0AA-6E31-479D-92AF-0A325C768166}',NULL)       
INSERT INTO ToolOptionSet VALUES ('{9FA11351-10D9-4998-90FF-EE6E39FC44C4}','16777473','{FECEF37E-9267-475C-B103-B75EC2BE3441}',NULL)      
INSERT INTO ToolOptionSet VALUES ('{9FA11351-10D9-4998-90FF-EE6E39FC44C4}','16777473','{AFD28363-150B-4411-8054-8001E3365797}',NULL)       

INSERT INTO ToolOptionSet VALUES ('{9FA11351-10D9-4998-90FF-EE6E39FC44C4}','33554704','{6E3EECC5-411B-4C74-9E98-E44B8788FDE0}',NULL)       
INSERT INTO ToolOptionSet VALUES ('{9FA11351-10D9-4998-90FF-EE6E39FC44C4}','33554704','{584D2D9F-2340-4E77-8CCD-2F73D3B2502F}',NULL)       
INSERT INTO ToolOptionSet VALUES ('{9FA11351-10D9-4998-90FF-EE6E39FC44C4}','33554704','{3DCC55C5-81C2-4CCB-870D-F48F46AAA3D3}',NULL)       
INSERT INTO ToolOptionSet VALUES ('{9FA11351-10D9-4998-90FF-EE6E39FC44C4}','33554704','{63C9DDBF-62EC-4EE1-971F-FC5B426ED3E5}',NULL)       
INSERT INTO ToolOptionSet VALUES ('{9FA11351-10D9-4998-90FF-EE6E39FC44C4}','33554704','{5359A0AA-6E31-479D-92AF-0A325C768166}',NULL)       
INSERT INTO ToolOptionSet VALUES ('{9FA11351-10D9-4998-90FF-EE6E39FC44C4}','33554704','{FECEF37E-9267-475C-B103-B75EC2BE3441}',NULL)       
INSERT INTO ToolOptionSet VALUES ('{9FA11351-10D9-4998-90FF-EE6E39FC44C4}','33554704','{AFD28363-150B-4411-8054-8001E3365797}',NULL)      
INSERT INTO ToolOptionSet VALUES ('{9FA11351-10D9-4998-90FF-EE6E39FC44C4}','33558544','{355D1DD3-A2B9-43C8-89FF-5BBAABDAA534}',NULL)       
INSERT INTO ToolOptionSet VALUES ('{9FA11351-10D9-4998-90FF-EE6E39FC44C4}','33558544','{3DCC55C5-81C2-4CCB-870D-F48F46AAA3D3}',NULL)       
INSERT INTO ToolOptionSet VALUES ('{9FA11351-10D9-4998-90FF-EE6E39FC44C4}','33558544','{63C9DDBF-62EC-4EE1-971F-FC5B426ED3E5}',NULL)       
INSERT INTO ToolOptionSet VALUES ('{9FA11351-10D9-4998-90FF-EE6E39FC44C4}','33558544','{5359A0AA-6E31-479D-92AF-0A325C768166}',NULL)       
INSERT INTO ToolOptionSet VALUES ('{9FA11351-10D9-4998-90FF-EE6E39FC44C4}','33558544','{FECEF37E-9267-475C-B103-B75EC2BE3441}',NULL)       
INSERT INTO ToolOptionSet VALUES ('{9FA11351-10D9-4998-90FF-EE6E39FC44C4}','33558544','{6D05879B-C19C-41C2-8235-58214ADB60B4}',NULL)      
INSERT INTO ToolOptionSet VALUES ('{9FA11351-10D9-4998-90FF-EE6E39FC44C4}','33558800','{6E3EECC5-411B-4C74-9E98-E44B8788FDE0}',NULL)       
INSERT INTO ToolOptionSet VALUES ('{9FA11351-10D9-4998-90FF-EE6E39FC44C4}','33558800','{584D2D9F-2340-4E77-8CCD-2F73D3B2502F}',NULL)       
INSERT INTO ToolOptionSet VALUES ('{9FA11351-10D9-4998-90FF-EE6E39FC44C4}','33558800','{3DCC55C5-81C2-4CCB-870D-F48F46AAA3D3}',NULL)       
INSERT INTO ToolOptionSet VALUES ('{9FA11351-10D9-4998-90FF-EE6E39FC44C4}','33558800','{63C9DDBF-62EC-4EE1-971F-FC5B426ED3E5}',NULL)       
INSERT INTO ToolOptionSet VALUES ('{9FA11351-10D9-4998-90FF-EE6E39FC44C4}','33558800','{5359A0AA-6E31-479D-92AF-0A325C768166}',NULL)       
INSERT INTO ToolOptionSet VALUES ('{9FA11351-10D9-4998-90FF-EE6E39FC44C4}','33558800','{FECEF37E-9267-475C-B103-B75EC2BE3441}',NULL)       
INSERT INTO ToolOptionSet VALUES ('{9FA11351-10D9-4998-90FF-EE6E39FC44C4}','33558800','{AFD28363-150B-4411-8054-8001E3365797}',NULL)      
INSERT INTO ToolOptionSet VALUES ('{9FA11351-10D9-4998-90FF-EE6E39FC44C4}','50331648','{D3171AA3-3C6B-4407-A1DB-58945A9DE2A9}',NULL)       
INSERT INTO ToolOptionSet VALUES ('{9FA11351-10D9-4998-90FF-EE6E39FC44C4}','50331648','{7C795548-C9F8-4739-A991-21DCA62FD7CD}',NULL)       
INSERT INTO ToolOptionSet VALUES ('{9FA11351-10D9-4998-90FF-EE6E39FC44C4}','50331648','{E58F3D0C-09B2-4DEB-8B90-04EDF756F837}',NULL)       
INSERT INTO ToolOptionSet VALUES ('{9FA11351-10D9-4998-90FF-EE6E39FC44C4}','50331648','{8568C98D-6C68-432A-9377-744701846C26}',NULL)       
INSERT INTO ToolOptionSet VALUES ('{9FA11351-10D9-4998-90FF-EE6E39FC44C4}','50331648','{5359A0AA-6E31-479D-92AF-0A325C768166}',NULL)       
INSERT INTO ToolOptionSet VALUES ('{9FA11351-10D9-4998-90FF-EE6E39FC44C4}','50331648','{FECEF37E-9267-475C-B103-B75EC2BE3441}',NULL)       
INSERT INTO ToolOptionSet VALUES ('{9FA11351-10D9-4998-90FF-EE6E39FC44C4}','50331648','{6D05879B-C19C-41C2-8235-58214ADB60B4}',NULL)      
INSERT INTO ToolOptionSet VALUES ('{9FA11351-10D9-4998-90FF-EE6E39FC44C4}','50331904','{D3171AA3-3C6B-4407-A1DB-58945A9DE2A9}',NULL)       
INSERT INTO ToolOptionSet VALUES ('{9FA11351-10D9-4998-90FF-EE6E39FC44C4}','50331904','{A2C11555-2F35-4FF2-8FA8-84064016570A}',NULL)       
INSERT INTO ToolOptionSet VALUES ('{9FA11351-10D9-4998-90FF-EE6E39FC44C4}','50331904','{7C795548-C9F8-4739-A991-21DCA62FD7CD}',NULL)       
INSERT INTO ToolOptionSet VALUES ('{9FA11351-10D9-4998-90FF-EE6E39FC44C4}','50331904','{5E90B13B-6DE0-4B3C-9440-71B5769B3E3D}',NULL)       
INSERT INTO ToolOptionSet VALUES ('{9FA11351-10D9-4998-90FF-EE6E39FC44C4}','50331904','{8568C98D-6C68-432A-9377-744701846C26}',NULL)       
INSERT INTO ToolOptionSet VALUES ('{9FA11351-10D9-4998-90FF-EE6E39FC44C4}','50331904','{5359A0AA-6E31-479D-92AF-0A325C768166}',NULL)       
INSERT INTO ToolOptionSet VALUES ('{9FA11351-10D9-4998-90FF-EE6E39FC44C4}','50331904','{FECEF37E-9267-475C-B103-B75EC2BE3441}',NULL)       
INSERT INTO ToolOptionSet VALUES ('{9FA11351-10D9-4998-90FF-EE6E39FC44C4}','50331904','{AFD28363-150B-4411-8054-8001E3365797}',NULL)      


// VCRC MIPSIV
INSERT INTO ToolOptionSet VALUES ('{9FA11352-10D9-4998-90FF-EE6E39FC44C4}','16777216','{486F07A3-0ABE-4661-9050-2A0DEF4A37CF}',NULL)       
INSERT INTO ToolOptionSet VALUES ('{9FA11352-10D9-4998-90FF-EE6E39FC44C4}','16777232','{486F07A3-0ABE-4661-9050-2A0DEF4A37CF}',NULL)       
INSERT INTO ToolOptionSet VALUES ('{9FA11352-10D9-4998-90FF-EE6E39FC44C4}','16777472','{486F07A3-0ABE-4661-9050-2A0DEF4A37CF}',NULL)       
INSERT INTO ToolOptionSet VALUES ('{9FA11352-10D9-4998-90FF-EE6E39FC44C4}','16777488','{486F07A3-0ABE-4661-9050-2A0DEF4A37CF}',NULL)       
INSERT INTO ToolOptionSet VALUES ('{9FA11352-10D9-4998-90FF-EE6E39FC44C4}','33554432','{486F07A3-0ABE-4661-9050-2A0DEF4A37CF}',NULL)       
INSERT INTO ToolOptionSet VALUES ('{9FA11352-10D9-4998-90FF-EE6E39FC44C4}','33554433','{486F07A3-0ABE-4661-9050-2A0DEF4A37CF}',NULL)       
INSERT INTO ToolOptionSet VALUES ('{9FA11352-10D9-4998-90FF-EE6E39FC44C4}','33554434','{486F07A3-0ABE-4661-9050-2A0DEF4A37CF}',NULL)       
INSERT INTO ToolOptionSet VALUES ('{9FA11352-10D9-4998-90FF-EE6E39FC44C4}','33554448','{486F07A3-0ABE-4661-9050-2A0DEF4A37CF}',NULL)       
INSERT INTO ToolOptionSet VALUES ('{9FA11352-10D9-4998-90FF-EE6E39FC44C4}','33554688','{486F07A3-0ABE-4661-9050-2A0DEF4A37CF}',NULL)       
INSERT INTO ToolOptionSet VALUES ('{9FA11352-10D9-4998-90FF-EE6E39FC44C4}','33554689','{486F07A3-0ABE-4661-9050-2A0DEF4A37CF}',NULL)       
INSERT INTO ToolOptionSet VALUES ('{9FA11352-10D9-4998-90FF-EE6E39FC44C4}','33554704','{486F07A3-0ABE-4661-9050-2A0DEF4A37CF}',NULL)       
INSERT INTO ToolOptionSet VALUES ('{9FA11352-10D9-4998-90FF-EE6E39FC44C4}','33558544','{486F07A3-0ABE-4661-9050-2A0DEF4A37CF}',NULL)       
INSERT INTO ToolOptionSet VALUES ('{9FA11352-10D9-4998-90FF-EE6E39FC44C4}','33558800','{486F07A3-0ABE-4661-9050-2A0DEF4A37CF}',NULL)       
INSERT INTO ToolOptionSet VALUES ('{9FA11352-10D9-4998-90FF-EE6E39FC44C4}','50331904','{486F07A3-0ABE-4661-9050-2A0DEF4A37CF}',NULL)       

                // Define UNICODE
INSERT INTO ToolOptionSet VALUES ('{9FA11352-10D9-4998-90FF-EE6E39FC44C4}','16777216','{A7CACDC8-FF49-46EC-9061-3F8FA22DB3E3}',NULL)        
INSERT INTO ToolOptionSet VALUES ('{9FA11352-10D9-4998-90FF-EE6E39FC44C4}','16777232','{A7CACDC8-FF49-46EC-9061-3F8FA22DB3E3}',NULL)        
INSERT INTO ToolOptionSet VALUES ('{9FA11352-10D9-4998-90FF-EE6E39FC44C4}','16777472','{A7CACDC8-FF49-46EC-9061-3F8FA22DB3E3}',NULL)        
INSERT INTO ToolOptionSet VALUES ('{9FA11352-10D9-4998-90FF-EE6E39FC44C4}','16777488','{A7CACDC8-FF49-46EC-9061-3F8FA22DB3E3}',NULL)        
INSERT INTO ToolOptionSet VALUES ('{9FA11352-10D9-4998-90FF-EE6E39FC44C4}','33554432','{A7CACDC8-FF49-46EC-9061-3F8FA22DB3E3}',NULL)        
INSERT INTO ToolOptionSet VALUES ('{9FA11352-10D9-4998-90FF-EE6E39FC44C4}','33554433','{A7CACDC8-FF49-46EC-9061-3F8FA22DB3E3}',NULL)        
INSERT INTO ToolOptionSet VALUES ('{9FA11352-10D9-4998-90FF-EE6E39FC44C4}','33554434','{A7CACDC8-FF49-46EC-9061-3F8FA22DB3E3}',NULL)        
INSERT INTO ToolOptionSet VALUES ('{9FA11352-10D9-4998-90FF-EE6E39FC44C4}','33554448','{A7CACDC8-FF49-46EC-9061-3F8FA22DB3E3}',NULL)        
INSERT INTO ToolOptionSet VALUES ('{9FA11352-10D9-4998-90FF-EE6E39FC44C4}','33554688','{A7CACDC8-FF49-46EC-9061-3F8FA22DB3E3}',NULL)        
INSERT INTO ToolOptionSet VALUES ('{9FA11352-10D9-4998-90FF-EE6E39FC44C4}','33554689','{A7CACDC8-FF49-46EC-9061-3F8FA22DB3E3}',NULL)        
INSERT INTO ToolOptionSet VALUES ('{9FA11352-10D9-4998-90FF-EE6E39FC44C4}','33554704','{A7CACDC8-FF49-46EC-9061-3F8FA22DB3E3}',NULL)        
INSERT INTO ToolOptionSet VALUES ('{9FA11352-10D9-4998-90FF-EE6E39FC44C4}','33558544','{A7CACDC8-FF49-46EC-9061-3F8FA22DB3E3}',NULL)        
INSERT INTO ToolOptionSet VALUES ('{9FA11352-10D9-4998-90FF-EE6E39FC44C4}','33558800','{A7CACDC8-FF49-46EC-9061-3F8FA22DB3E3}',NULL)        
INSERT INTO ToolOptionSet VALUES ('{9FA11352-10D9-4998-90FF-EE6E39FC44C4}','50331648','{A7CACDC8-FF49-46EC-9061-3F8FA22DB3E3}',NULL)        
INSERT INTO ToolOptionSet VALUES ('{9FA11352-10D9-4998-90FF-EE6E39FC44C4}','50331904','{A7CACDC8-FF49-46EC-9061-3F8FA22DB3E3}',NULL)        
INSERT INTO ToolOptionSet VALUES ('{9FA11352-10D9-4998-90FF-EE6E39FC44C4}','67108864','{A7CACDC8-FF49-46EC-9061-3F8FA22DB3E3}',NULL)        
INSERT INTO ToolOptionSet VALUES ('{9FA11352-10D9-4998-90FF-EE6E39FC44C4}','67109120','{A7CACDC8-FF49-46EC-9061-3F8FA22DB3E3}',NULL)        

                // Define NDEBUG
INSERT INTO ToolOptionSet VALUES ('{9FA11352-10D9-4998-90FF-EE6E39FC44C4}','50331648','{9BE7117B-CDAF-4FFA-86EF-4388E92F74AD}',NULL)       
INSERT INTO ToolOptionSet VALUES ('{9FA11352-10D9-4998-90FF-EE6E39FC44C4}','33554433','{9BE7117B-CDAF-4FFA-86EF-4388E92F74AD}',NULL)       
INSERT INTO ToolOptionSet VALUES ('{9FA11352-10D9-4998-90FF-EE6E39FC44C4}','33554434','{9BE7117B-CDAF-4FFA-86EF-4388E92F74AD}',NULL)       
INSERT INTO ToolOptionSet VALUES ('{9FA11352-10D9-4998-90FF-EE6E39FC44C4}','16777216','{9BE7117B-CDAF-4FFA-86EF-4388E92F74AD}',NULL)       
INSERT INTO ToolOptionSet VALUES ('{9FA11352-10D9-4998-90FF-EE6E39FC44C4}','16777232','{9BE7117B-CDAF-4FFA-86EF-4388E92F74AD}',NULL)       
INSERT INTO ToolOptionSet VALUES ('{9FA11352-10D9-4998-90FF-EE6E39FC44C4}','33554432','{9BE7117B-CDAF-4FFA-86EF-4388E92F74AD}',NULL)       
INSERT INTO ToolOptionSet VALUES ('{9FA11352-10D9-4998-90FF-EE6E39FC44C4}','33554448','{9BE7117B-CDAF-4FFA-86EF-4388E92F74AD}',NULL)       
INSERT INTO ToolOptionSet VALUES ('{9FA11352-10D9-4998-90FF-EE6E39FC44C4}','33558544','{9BE7117B-CDAF-4FFA-86EF-4388E92F74AD}',NULL)       

                // Define DEBUG
INSERT INTO ToolOptionSet VALUES ('{9FA11352-10D9-4998-90FF-EE6E39FC44C4}','16777472','{3ADD5F58-A882-466A-BE0A-F34EB590850E}',NULL)       
INSERT INTO ToolOptionSet VALUES ('{9FA11352-10D9-4998-90FF-EE6E39FC44C4}','16777488','{3ADD5F58-A882-466A-BE0A-F34EB590850E}',NULL)       
INSERT INTO ToolOptionSet VALUES ('{9FA11352-10D9-4998-90FF-EE6E39FC44C4}','33554688','{3ADD5F58-A882-466A-BE0A-F34EB590850E}',NULL)       
INSERT INTO ToolOptionSet VALUES ('{9FA11352-10D9-4998-90FF-EE6E39FC44C4}','33554689','{3ADD5F58-A882-466A-BE0A-F34EB590850E}',NULL)       
INSERT INTO ToolOptionSet VALUES ('{9FA11352-10D9-4998-90FF-EE6E39FC44C4}','33554704','{3ADD5F58-A882-466A-BE0A-F34EB590850E}',NULL)       
INSERT INTO ToolOptionSet VALUES ('{9FA11352-10D9-4998-90FF-EE6E39FC44C4}','33558800','{3ADD5F58-A882-466A-BE0A-F34EB590850E}',NULL)       
INSERT INTO ToolOptionSet VALUES ('{9FA11352-10D9-4998-90FF-EE6E39FC44C4}','50331904','{3ADD5F58-A882-466A-BE0A-F34EB590850E}',NULL)       

				// $(CePlatform)
INSERT INTO ToolOptionSet VALUES ('{9FA11352-10D9-4998-90FF-EE6E39FC44C4}','16777216','{6D3E86F5-8D44-4EA4-B77D-44DD8661996A}',NULL)        
INSERT INTO ToolOptionSet VALUES ('{9FA11352-10D9-4998-90FF-EE6E39FC44C4}','16777232','{6D3E86F5-8D44-4EA4-B77D-44DD8661996A}',NULL)        
INSERT INTO ToolOptionSet VALUES ('{9FA11352-10D9-4998-90FF-EE6E39FC44C4}','16777472','{6D3E86F5-8D44-4EA4-B77D-44DD8661996A}',NULL)        
INSERT INTO ToolOptionSet VALUES ('{9FA11352-10D9-4998-90FF-EE6E39FC44C4}','16777488','{6D3E86F5-8D44-4EA4-B77D-44DD8661996A}',NULL)        
INSERT INTO ToolOptionSet VALUES ('{9FA11352-10D9-4998-90FF-EE6E39FC44C4}','33554432','{6D3E86F5-8D44-4EA4-B77D-44DD8661996A}',NULL)        
INSERT INTO ToolOptionSet VALUES ('{9FA11352-10D9-4998-90FF-EE6E39FC44C4}','33554433','{6D3E86F5-8D44-4EA4-B77D-44DD8661996A}',NULL)        
INSERT INTO ToolOptionSet VALUES ('{9FA11352-10D9-4998-90FF-EE6E39FC44C4}','33554434','{6D3E86F5-8D44-4EA4-B77D-44DD8661996A}',NULL)        
INSERT INTO ToolOptionSet VALUES ('{9FA11352-10D9-4998-90FF-EE6E39FC44C4}','33554448','{6D3E86F5-8D44-4EA4-B77D-44DD8661996A}',NULL)        
INSERT INTO ToolOptionSet VALUES ('{9FA11352-10D9-4998-90FF-EE6E39FC44C4}','33554688','{6D3E86F5-8D44-4EA4-B77D-44DD8661996A}',NULL)        
INSERT INTO ToolOptionSet VALUES ('{9FA11352-10D9-4998-90FF-EE6E39FC44C4}','33554689','{6D3E86F5-8D44-4EA4-B77D-44DD8661996A}',NULL)        
INSERT INTO ToolOptionSet VALUES ('{9FA11352-10D9-4998-90FF-EE6E39FC44C4}','33554704','{6D3E86F5-8D44-4EA4-B77D-44DD8661996A}',NULL)        
INSERT INTO ToolOptionSet VALUES ('{9FA11352-10D9-4998-90FF-EE6E39FC44C4}','33558544','{6D3E86F5-8D44-4EA4-B77D-44DD8661996A}',NULL)        
INSERT INTO ToolOptionSet VALUES ('{9FA11352-10D9-4998-90FF-EE6E39FC44C4}','33558800','{6D3E86F5-8D44-4EA4-B77D-44DD8661996A}',NULL)        
INSERT INTO ToolOptionSet VALUES ('{9FA11352-10D9-4998-90FF-EE6E39FC44C4}','50331648','{6D3E86F5-8D44-4EA4-B77D-44DD8661996A}',NULL)        
INSERT INTO ToolOptionSet VALUES ('{9FA11352-10D9-4998-90FF-EE6E39FC44C4}','50331904','{6D3E86F5-8D44-4EA4-B77D-44DD8661996A}',NULL)        
INSERT INTO ToolOptionSet VALUES ('{9FA11352-10D9-4998-90FF-EE6E39FC44C4}','67108864','{6D3E86F5-8D44-4EA4-B77D-44DD8661996A}',NULL)        
INSERT INTO ToolOptionSet VALUES ('{9FA11352-10D9-4998-90FF-EE6E39FC44C4}','67109120','{6D3E86F5-8D44-4EA4-B77D-44DD8661996A}',NULL)        

				// Processor Define
INSERT INTO ToolOptionSet VALUES ('{9FA11352-10D9-4998-90FF-EE6E39FC44C4}','16777216','{3B5E485A-6026-44DD-B86F-8502519769DE}',NULL)        
INSERT INTO ToolOptionSet VALUES ('{9FA11352-10D9-4998-90FF-EE6E39FC44C4}','16777232','{3B5E485A-6026-44DD-B86F-8502519769DE}',NULL)        
INSERT INTO ToolOptionSet VALUES ('{9FA11352-10D9-4998-90FF-EE6E39FC44C4}','16777472','{3B5E485A-6026-44DD-B86F-8502519769DE}',NULL)        
INSERT INTO ToolOptionSet VALUES ('{9FA11352-10D9-4998-90FF-EE6E39FC44C4}','16777488','{3B5E485A-6026-44DD-B86F-8502519769DE}',NULL)        
INSERT INTO ToolOptionSet VALUES ('{9FA11352-10D9-4998-90FF-EE6E39FC44C4}','33554432','{3B5E485A-6026-44DD-B86F-8502519769DE}',NULL)        
INSERT INTO ToolOptionSet VALUES ('{9FA11352-10D9-4998-90FF-EE6E39FC44C4}','33554433','{3B5E485A-6026-44DD-B86F-8502519769DE}',NULL)        
INSERT INTO ToolOptionSet VALUES ('{9FA11352-10D9-4998-90FF-EE6E39FC44C4}','33554434','{3B5E485A-6026-44DD-B86F-8502519769DE}',NULL)        
INSERT INTO ToolOptionSet VALUES ('{9FA11352-10D9-4998-90FF-EE6E39FC44C4}','33554448','{3B5E485A-6026-44DD-B86F-8502519769DE}',NULL)        
INSERT INTO ToolOptionSet VALUES ('{9FA11352-10D9-4998-90FF-EE6E39FC44C4}','33554688','{3B5E485A-6026-44DD-B86F-8502519769DE}',NULL)        
INSERT INTO ToolOptionSet VALUES ('{9FA11352-10D9-4998-90FF-EE6E39FC44C4}','33554689','{3B5E485A-6026-44DD-B86F-8502519769DE}',NULL)        
INSERT INTO ToolOptionSet VALUES ('{9FA11352-10D9-4998-90FF-EE6E39FC44C4}','33554704','{3B5E485A-6026-44DD-B86F-8502519769DE}',NULL)        
INSERT INTO ToolOptionSet VALUES ('{9FA11352-10D9-4998-90FF-EE6E39FC44C4}','33558544','{3B5E485A-6026-44DD-B86F-8502519769DE}',NULL)        
INSERT INTO ToolOptionSet VALUES ('{9FA11352-10D9-4998-90FF-EE6E39FC44C4}','33558800','{3B5E485A-6026-44DD-B86F-8502519769DE}',NULL)        
INSERT INTO ToolOptionSet VALUES ('{9FA11352-10D9-4998-90FF-EE6E39FC44C4}','50331648','{3B5E485A-6026-44DD-B86F-8502519769DE}',NULL)        
INSERT INTO ToolOptionSet VALUES ('{9FA11352-10D9-4998-90FF-EE6E39FC44C4}','50331904','{3B5E485A-6026-44DD-B86F-8502519769DE}',NULL)        
INSERT INTO ToolOptionSet VALUES ('{9FA11352-10D9-4998-90FF-EE6E39FC44C4}','67108864','{3B5E485A-6026-44DD-B86F-8502519769DE}',NULL)        
INSERT INTO ToolOptionSet VALUES ('{9FA11352-10D9-4998-90FF-EE6E39FC44C4}','67109120','{3B5E485A-6026-44DD-B86F-8502519769DE}',NULL)        

	// ATL EXE Release MinSize Settings
INSERT INTO ToolOptionSet VALUES ('{9FA11352-10D9-4998-90FF-EE6E39FC44C4}','16777217','{6D3E86F5-8D44-4EA4-B77D-44DD8661996A}',NULL)        	
INSERT INTO ToolOptionSet VALUES ('{9FA11352-10D9-4998-90FF-EE6E39FC44C4}','16777217','{3B5E485A-6026-44DD-B86F-8502519769DE}',NULL)        
INSERT INTO ToolOptionSet VALUES ('{9FA11352-10D9-4998-90FF-EE6E39FC44C4}','16777217','{9BE7117B-CDAF-4FFA-86EF-4388E92F74AD}',NULL)       
INSERT INTO ToolOptionSet VALUES ('{9FA11352-10D9-4998-90FF-EE6E39FC44C4}','16777217','{A7CACDC8-FF49-46EC-9061-3F8FA22DB3E3}',NULL)        
INSERT INTO ToolOptionSet VALUES ('{9FA11352-10D9-4998-90FF-EE6E39FC44C4}','16777217','{486F07A3-0ABE-4661-9050-2A0DEF4A37CF}',NULL)       
	// ATL EXE Release MinDep Settings                                   
INSERT INTO ToolOptionSet VALUES ('{9FA11352-10D9-4998-90FF-EE6E39FC44C4}','16777218','{6D3E86F5-8D44-4EA4-B77D-44DD8661996A}',NULL)        	
INSERT INTO ToolOptionSet VALUES ('{9FA11352-10D9-4998-90FF-EE6E39FC44C4}','16777218','{3B5E485A-6026-44DD-B86F-8502519769DE}',NULL)        
INSERT INTO ToolOptionSet VALUES ('{9FA11352-10D9-4998-90FF-EE6E39FC44C4}','16777218','{9BE7117B-CDAF-4FFA-86EF-4388E92F74AD}',NULL)       
INSERT INTO ToolOptionSet VALUES ('{9FA11352-10D9-4998-90FF-EE6E39FC44C4}','16777218','{A7CACDC8-FF49-46EC-9061-3F8FA22DB3E3}',NULL)        
INSERT INTO ToolOptionSet VALUES ('{9FA11352-10D9-4998-90FF-EE6E39FC44C4}','16777218','{486F07A3-0ABE-4661-9050-2A0DEF4A37CF}',NULL)       
	// ATL EXE Debug Settings	
INSERT INTO ToolOptionSet VALUES ('{9FA11352-10D9-4998-90FF-EE6E39FC44C4}','16777473','{6D3E86F5-8D44-4EA4-B77D-44DD8661996A}',NULL)        
INSERT INTO ToolOptionSet VALUES ('{9FA11352-10D9-4998-90FF-EE6E39FC44C4}','16777473','{3B5E485A-6026-44DD-B86F-8502519769DE}',NULL)        
INSERT INTO ToolOptionSet VALUES ('{9FA11352-10D9-4998-90FF-EE6E39FC44C4}','16777473','{3ADD5F58-A882-466A-BE0A-F34EB590850E}',NULL)       
INSERT INTO ToolOptionSet VALUES ('{9FA11352-10D9-4998-90FF-EE6E39FC44C4}','16777473','{A7CACDC8-FF49-46EC-9061-3F8FA22DB3E3}',NULL)        
INSERT INTO ToolOptionSet VALUES ('{9FA11352-10D9-4998-90FF-EE6E39FC44C4}','16777473','{486F07A3-0ABE-4661-9050-2A0DEF4A37CF}',NULL)       



// MIDL MIPSIV
INSERT INTO ToolOptionSet VALUES ('{9FA11353-10D9-4998-90FF-EE6E39FC44C4}','16777216','{DB852A98-6671-4C51-B543-C80A2A97A979}',NULL)       
INSERT INTO ToolOptionSet VALUES ('{9FA11353-10D9-4998-90FF-EE6E39FC44C4}','16777232','{DB852A98-6671-4C51-B543-C80A2A97A979}',NULL)       
INSERT INTO ToolOptionSet VALUES ('{9FA11353-10D9-4998-90FF-EE6E39FC44C4}','16777472','{DB852A98-6671-4C51-B543-C80A2A97A979}',NULL)       
INSERT INTO ToolOptionSet VALUES ('{9FA11353-10D9-4998-90FF-EE6E39FC44C4}','16777488','{DB852A98-6671-4C51-B543-C80A2A97A979}',NULL)       
INSERT INTO ToolOptionSet VALUES ('{9FA11353-10D9-4998-90FF-EE6E39FC44C4}','33554432','{DB852A98-6671-4C51-B543-C80A2A97A979}',NULL)       
INSERT INTO ToolOptionSet VALUES ('{9FA11353-10D9-4998-90FF-EE6E39FC44C4}','33554433','{DB852A98-6671-4C51-B543-C80A2A97A979}',NULL)       
INSERT INTO ToolOptionSet VALUES ('{9FA11353-10D9-4998-90FF-EE6E39FC44C4}','33554434','{DB852A98-6671-4C51-B543-C80A2A97A979}',NULL)       
	// ATL EXE Release MinSize Settings
INSERT INTO ToolOptionSet VALUES ('{9FA11353-10D9-4998-90FF-EE6E39FC44C4}','16777217','{DB852A98-6671-4C51-B543-C80A2A97A979}',NULL)       
INSERT INTO ToolOptionSet VALUES ('{9FA11353-10D9-4998-90FF-EE6E39FC44C4}','16777217','{BC3AF106-93C9-4456-9E40-B5B00F824030}',NULL)       
	// ATL EXE Release MinDep Settings 
INSERT INTO ToolOptionSet VALUES ('{9FA11353-10D9-4998-90FF-EE6E39FC44C4}','16777218','{DB852A98-6671-4C51-B543-C80A2A97A979}',NULL)       
INSERT INTO ToolOptionSet VALUES ('{9FA11353-10D9-4998-90FF-EE6E39FC44C4}','16777218','{BC3AF106-93C9-4456-9E40-B5B00F824030}',NULL)       

INSERT INTO ToolOptionSet VALUES ('{9FA11353-10D9-4998-90FF-EE6E39FC44C4}','33554448','{DB852A98-6671-4C51-B543-C80A2A97A979}',NULL)       
INSERT INTO ToolOptionSet VALUES ('{9FA11353-10D9-4998-90FF-EE6E39FC44C4}','33554688','{DB852A98-6671-4C51-B543-C80A2A97A979}',NULL)       
INSERT INTO ToolOptionSet VALUES ('{9FA11353-10D9-4998-90FF-EE6E39FC44C4}','33554689','{DB852A98-6671-4C51-B543-C80A2A97A979}',NULL)       
	// ATL EXE Debug Settings	
INSERT INTO ToolOptionSet VALUES ('{9FA11353-10D9-4998-90FF-EE6E39FC44C4}','16777473','{DB852A98-6671-4C51-B543-C80A2A97A979}',NULL)       
INSERT INTO ToolOptionSet VALUES ('{9FA11353-10D9-4998-90FF-EE6E39FC44C4}','16777473','{4E79A414-6F61-4DAC-863C-EF98E60F3B92}',NULL)       

INSERT INTO ToolOptionSet VALUES ('{9FA11353-10D9-4998-90FF-EE6E39FC44C4}','33554704','{DB852A98-6671-4C51-B543-C80A2A97A979}',NULL)       
INSERT INTO ToolOptionSet VALUES ('{9FA11353-10D9-4998-90FF-EE6E39FC44C4}','33558544','{DB852A98-6671-4C51-B543-C80A2A97A979}',NULL)       
INSERT INTO ToolOptionSet VALUES ('{9FA11353-10D9-4998-90FF-EE6E39FC44C4}','33558800','{DB852A98-6671-4C51-B543-C80A2A97A979}',NULL)       
INSERT INTO ToolOptionSet VALUES ('{9FA11353-10D9-4998-90FF-EE6E39FC44C4}','50331648','{DB852A98-6671-4C51-B543-C80A2A97A979}',NULL)       
INSERT INTO ToolOptionSet VALUES ('{9FA11353-10D9-4998-90FF-EE6E39FC44C4}','50331904','{DB852A98-6671-4C51-B543-C80A2A97A979}',NULL)       

                // Define NDEBUG
INSERT INTO ToolOptionSet VALUES ('{9FA11353-10D9-4998-90FF-EE6E39FC44C4}','16777216','{BC3AF106-93C9-4456-9E40-B5B00F824030}',NULL)       
INSERT INTO ToolOptionSet VALUES ('{9FA11353-10D9-4998-90FF-EE6E39FC44C4}','16777232','{BC3AF106-93C9-4456-9E40-B5B00F824030}',NULL)       
INSERT INTO ToolOptionSet VALUES ('{9FA11353-10D9-4998-90FF-EE6E39FC44C4}','33554432','{BC3AF106-93C9-4456-9E40-B5B00F824030}',NULL)       
INSERT INTO ToolOptionSet VALUES ('{9FA11353-10D9-4998-90FF-EE6E39FC44C4}','33554433','{BC3AF106-93C9-4456-9E40-B5B00F824030}',NULL)       
INSERT INTO ToolOptionSet VALUES ('{9FA11353-10D9-4998-90FF-EE6E39FC44C4}','33554434','{BC3AF106-93C9-4456-9E40-B5B00F824030}',NULL)       
INSERT INTO ToolOptionSet VALUES ('{9FA11353-10D9-4998-90FF-EE6E39FC44C4}','33554448','{BC3AF106-93C9-4456-9E40-B5B00F824030}',NULL)       
INSERT INTO ToolOptionSet VALUES ('{9FA11353-10D9-4998-90FF-EE6E39FC44C4}','33558544','{BC3AF106-93C9-4456-9E40-B5B00F824030}',NULL)       
INSERT INTO ToolOptionSet VALUES ('{9FA11353-10D9-4998-90FF-EE6E39FC44C4}','50331648','{BC3AF106-93C9-4456-9E40-B5B00F824030}',NULL)       

                // Define DEBUG
INSERT INTO ToolOptionSet VALUES ('{9FA11353-10D9-4998-90FF-EE6E39FC44C4}','16777472','{4E79A414-6F61-4DAC-863C-EF98E60F3B92}',NULL)       
INSERT INTO ToolOptionSet VALUES ('{9FA11353-10D9-4998-90FF-EE6E39FC44C4}','16777488','{4E79A414-6F61-4DAC-863C-EF98E60F3B92}',NULL)       
INSERT INTO ToolOptionSet VALUES ('{9FA11353-10D9-4998-90FF-EE6E39FC44C4}','33554688','{4E79A414-6F61-4DAC-863C-EF98E60F3B92}',NULL)       
INSERT INTO ToolOptionSet VALUES ('{9FA11353-10D9-4998-90FF-EE6E39FC44C4}','33554689','{4E79A414-6F61-4DAC-863C-EF98E60F3B92}',NULL)       
INSERT INTO ToolOptionSet VALUES ('{9FA11353-10D9-4998-90FF-EE6E39FC44C4}','33554704','{4E79A414-6F61-4DAC-863C-EF98E60F3B92}',NULL)       
INSERT INTO ToolOptionSet VALUES ('{9FA11353-10D9-4998-90FF-EE6E39FC44C4}','50331904','{4E79A414-6F61-4DAC-863C-EF98E60F3B92}',NULL)       
INSERT INTO ToolOptionSet VALUES ('{9FA11353-10D9-4998-90FF-EE6E39FC44C4}','33558800','{4E79A414-6F61-4DAC-863C-EF98E60F3B92}',NULL)       


// BSC MIPSIV
INSERT INTO ToolOptionSet VALUES ('{9FA11354-10D9-4998-90FF-EE6E39FC44C4}','16777216','{AA77A538-DDAD-4CCF-9947-D4816CF6B749}',NULL)       
INSERT INTO ToolOptionSet VALUES ('{9FA11354-10D9-4998-90FF-EE6E39FC44C4}','16777232','{AA77A538-DDAD-4CCF-9947-D4816CF6B749}',NULL)       
INSERT INTO ToolOptionSet VALUES ('{9FA11354-10D9-4998-90FF-EE6E39FC44C4}','16777472','{AA77A538-DDAD-4CCF-9947-D4816CF6B749}',NULL)       
INSERT INTO ToolOptionSet VALUES ('{9FA11354-10D9-4998-90FF-EE6E39FC44C4}','16777488','{AA77A538-DDAD-4CCF-9947-D4816CF6B749}',NULL)       
INSERT INTO ToolOptionSet VALUES ('{9FA11354-10D9-4998-90FF-EE6E39FC44C4}','33554432','{AA77A538-DDAD-4CCF-9947-D4816CF6B749}',NULL)       
INSERT INTO ToolOptionSet VALUES ('{9FA11354-10D9-4998-90FF-EE6E39FC44C4}','33554433','{DB852A98-6671-4C51-B543-C80A2A97A979}',NULL)       
INSERT INTO ToolOptionSet VALUES ('{9FA11354-10D9-4998-90FF-EE6E39FC44C4}','33554434','{DB852A98-6671-4C51-B543-C80A2A97A979}',NULL)       
	// ATL EXE Release MinSize Settings
INSERT INTO ToolOptionSet VALUES ('{9FA11354-10D9-4998-90FF-EE6E39FC44C4}','16777217','{DB852A98-6671-4C51-B543-C80A2A97A979}',NULL)       
	// ATL EXE Release MinDep Settings 
INSERT INTO ToolOptionSet VALUES ('{9FA11354-10D9-4998-90FF-EE6E39FC44C4}','16777218','{DB852A98-6671-4C51-B543-C80A2A97A979}',NULL)       
INSERT INTO ToolOptionSet VALUES ('{9FA11354-10D9-4998-90FF-EE6E39FC44C4}','33554448','{AA77A538-DDAD-4CCF-9947-D4816CF6B749}',NULL)       
INSERT INTO ToolOptionSet VALUES ('{9FA11354-10D9-4998-90FF-EE6E39FC44C4}','33554688','{AA77A538-DDAD-4CCF-9947-D4816CF6B749}',NULL)       
INSERT INTO ToolOptionSet VALUES ('{9FA11354-10D9-4998-90FF-EE6E39FC44C4}','33554689','{DB852A98-6671-4C51-B543-C80A2A97A979}',NULL)       
	// ATL EXE Debug Settings	
INSERT INTO ToolOptionSet VALUES ('{9FA11354-10D9-4998-90FF-EE6E39FC44C4}','16777473','{DB852A98-6671-4C51-B543-C80A2A97A979}',NULL)       
INSERT INTO ToolOptionSet VALUES ('{9FA11354-10D9-4998-90FF-EE6E39FC44C4}','33554704','{AA77A538-DDAD-4CCF-9947-D4816CF6B749}',NULL)       
INSERT INTO ToolOptionSet VALUES ('{9FA11354-10D9-4998-90FF-EE6E39FC44C4}','33558544','{AA77A538-DDAD-4CCF-9947-D4816CF6B749}',NULL)       
INSERT INTO ToolOptionSet VALUES ('{9FA11354-10D9-4998-90FF-EE6E39FC44C4}','33558800','{AA77A538-DDAD-4CCF-9947-D4816CF6B749}',NULL)       
INSERT INTO ToolOptionSet VALUES ('{9FA11354-10D9-4998-90FF-EE6E39FC44C4}','50331648','{AA77A538-DDAD-4CCF-9947-D4816CF6B749}',NULL)       
INSERT INTO ToolOptionSet VALUES ('{9FA11354-10D9-4998-90FF-EE6E39FC44C4}','50331904','{AA77A538-DDAD-4CCF-9947-D4816CF6B749}',NULL)       
INSERT INTO ToolOptionSet VALUES ('{9FA11354-10D9-4998-90FF-EE6E39FC44C4}','67108864','{AA77A538-DDAD-4CCF-9947-D4816CF6B749}',NULL)       


// COFF MIPSIV
INSERT INTO ToolOptionSet VALUES ('{9FA11355-10D9-4998-90FF-EE6E39FC44C4}','67108864','{6B46C38E-AD5B-4171-9D52-6D9EF588B89A}',NULL)       
INSERT INTO ToolOptionSet VALUES ('{9FA11355-10D9-4998-90FF-EE6E39FC44C4}','67109120','{6B46C38E-AD5B-4171-9D52-6D9EF588B89A}',NULL)       
