/////////////////////////////////   MIPSII   ////////////////////////////////////////

// ******** Vendor  ********
INSERT INTO Vendor VALUES ('{35583C00-7208-11D3-99F3-00105A0DF099}','Microsoft','Microsoft' )
INSERT INTO Vendor VALUES ('{35583C05-7208-11D3-99F3-00105A0DF099}','NEC','NEC' )

// ******** CPUFamily  ********
INSERT INTO CPUFamily VALUES ('{0AA21800-6BCD-11D3-8437-005004848CBA}','MIPS','MIPS family','1','MIPS')  

// ******** IdeFamily  ********
INSERT INTO IDEFamily VALUES ('{36E37401-9D9D-11d5-96F8-00207802C01C}','MIPSII',NULL,'Win32 (WCE MIPSII)','161','vc60.pdb','MIPSII',FALSE)          

// ******** CPU  ********
INSERT INTO CPU VALUES ('{689DDC64-9D9D-11d5-96F8-00207802C01C}','{35583C05-7208-11D3-99F3-00105A0DF099}','MIPSII','MipsII 32-bit','{0AA21800-6BCD-11D3-8437-005004848CBA}','{36E37401-9D9D-11d5-96F8-00207802C01C}','4000','0','0','358','MIPSII' )

// ******** PID  ********
INSERT INTO ObjAttr VALUES ('ProductID','{689DDC64-9D9D-11d5-96F8-00207802C01C}','ProductID','ProductID',2,0,'PID',0)

// ******** Tool  ********
INSERT INTO Tool VALUES ('{E777AC60-9D97-11D5-96F8-00207802C01C}','{35583C00-7208-11D3-99F3-00105A0DF099}','CLMIPSII','MIPSII source compiler','clmips.exe',NULL )
INSERT INTO Tool VALUES ('{E777AC61-9D97-11D5-96F8-00207802C01C}','{35583C00-7208-11D3-99F3-00105A0DF099}','LINKMIPSII','MIPSII Linker','link.exe',NULL )
INSERT INTO Tool VALUES ('{E777AC62-9D97-11D5-96F8-00207802C01C}','{35583C00-7208-11D3-99F3-00105A0DF099}','VCRCMIPSII','baseline resource compiler','rc.exe',NULL )
INSERT INTO Tool VALUES ('{E777AC63-9D97-11D5-96F8-00207802C01C}','{35583C00-7208-11D3-99F3-00105A0DF099}','MIDLMIPSII','MIPSII middle compiler','midl.exe','COMMON\VCCE\BIN' )
INSERT INTO Tool VALUES ('{E777AC64-9D97-11D5-96F8-00207802C01C}','{35583C00-7208-11D3-99F3-00105A0DF099}','BSCMIPSII','MIPSII browser compiler','bscmake.exe','COMMON\VCCE\BIN' )
INSERT INTO Tool VALUES ('{E777AC65-9D97-11D5-96F8-00207802C01C}','{35583C00-7208-11D3-99F3-00105A0DF099}','COFFMIPSII','MIPSII coff','link.exe',NULL )
INSERT INTO Tool VALUES ('{E777AC66-9D97-11D5-96F8-00207802C01C}','{35583C00-7208-11D3-99F3-00105A0DF099}','DBGMIPSII','MIPSII debugger','odmip2',NULL )
INSERT INTO Tool VALUES ('{E777AC67-9D97-11D5-96F8-00207802C01C}','{35583C00-7208-11D3-99F3-00105A0DF099}','LIBMIPSII','MIPSII library manager','link.exe',NULL )
INSERT INTO Tool VALUES ('{E777AC68-9D97-11D5-96F8-00207802C01C}','{35583C00-7208-11D3-99F3-00105A0DF099}','CLMIPSII_201','MIPSII source compiler SPECIFIC','clmips.exe',NULL )
INSERT INTO Tool VALUES ('{E777AC69-9D97-11D5-96F8-00207802C01C}','{35583C00-7208-11D3-99F3-00105A0DF099}','DBGCEFMIPSII','CEF debugger for MIPSII','odcefmips',NULL )

// ******** ObjAttr  ********
// DBGMIPSII
INSERT INTO ObjAttr VALUES ('IsEmulation',	'{E777AC66-9D97-11D5-96F8-00207802C01C}','Emulation','Specifies whether this is for emulation','1','0',NULL,NULL )
INSERT INTO ObjAttr VALUES ('STSupport',		'{E777AC66-9D97-11D5-96F8-00207802C01C}','ST Support','The type of ST support','1','1',NULL,NULL )
INSERT INTO ObjAttr VALUES ('SupportsATP',	'{E777AC66-9D97-11D5-96F8-00207802C01C}','Supports ATP','Specifies whether ATP is supported','1','0',NULL,NULL )
INSERT INTO ObjAttr VALUES ('SupportsSINH',	'{E777AC66-9D97-11D5-96F8-00207802C01C}','Supports SINH','Specifies whether SINH is supported','1','0',NULL,NULL )
INSERT INTO ObjAttr VALUES ('TargetUP',		'{E777AC66-9D97-11D5-96F8-00207802C01C}','?','Specifies the target UP','1','130',NULL,NULL )
INSERT INTO ObjAttr VALUES ('EE',				'{E777AC66-9D97-11D5-96F8-00207802C01C}','EE','The EE for this debugger','2','0','EECXXCE',NULL )
INSERT INTO ObjAttr VALUES ('EM',				'{E777AC66-9D97-11D5-96F8-00207802C01C}','EM','The EM for this debugger','2','0','EMCE',NULL )
INSERT INTO ObjAttr VALUES ('SH',				'{E777AC66-9D97-11D5-96F8-00207802C01C}','SH','The SH for this debugger','2','0','SHCVCE',NULL )
// CLMIPSII
INSERT INTO ObjAttr VALUES ('Input',	'{E777AC60-9D97-11D5-96F8-00207802C01C}','Input','The extension of files take','2','0','*.c;*.cpp;*.cxx',NULL )
INSERT INTO ObjAttr VALUES ('Prefix','{E777AC60-9D97-11D5-96F8-00207802C01C}','Prefix','The prefix of the tool','2','0','CPP',NULL )
// LINKMIPSII
INSERT INTO ObjAttr VALUES ('Input',	'{E777AC61-9D97-11D5-96F8-00207802C01C}','Input','The extension of files take','2','0','*.obj;*.res;*.lib;*.def;*.rsc',NULL )
INSERT INTO ObjAttr VALUES ('Prefix','{E777AC61-9D97-11D5-96F8-00207802C01C}','Prefix','The prefix of the tool','2','0','LINK32',NULL )
// LIBMIPSII
INSERT INTO ObjAttr VALUES ('Input',	'{E777AC67-9D97-11D5-96F8-00207802C01C}','Input','The extension of files take','2','0','*.obj;*.res;*.lib',NULL )
INSERT INTO ObjAttr VALUES ('Prefix','{E777AC67-9D97-11D5-96F8-00207802C01C}','Prefix','The prefix of the tool','2','0','LIB32',NULL )
// DBGCEFMIPSII
INSERT INTO ObjAttr VALUES ('NativeDebugger','{E777AC69-9D97-11D5-96F8-00207802C01C}','DBGMIPSII','MIPSII native debugger','3','0',NULL,'{E777AC66-9D97-11D5-96F8-00207802C01C}' )

// ******** OS  ********
INSERT INTO OS VALUES ('{42CA0001-5AA4-11D3-99E7-00105A0DF099}','{35583C00-7208-11D3-99F3-00105A0DF099}','Windows CE 2.01',NULL,'2.01','2','1' )
INSERT INTO OS VALUES ('{42CA0006-5AA4-11D3-99E7-00105A0DF099}','{35583C00-7208-11D3-99F3-00105A0DF099}','Default','Default','0.00','0','0' )

// ******** Platform  ********
INSERT INTO Platform VALUES ('{0B7D1302-289F-11D2-974F-00A0240918F0}','{35583C00-7208-11D3-99F3-00105A0DF099}','Palmsize PC 2.01','Palmsize PC 2.01','{42CA0001-5AA4-11D3-99E7-00105A0DF099}','PSPC 2.01','2','1' )
INSERT INTO Platform VALUES ('{0B7D1303-289F-11D2-974F-00A0240918F0}','{35583C00-7208-11D3-99F3-00105A0DF099}','AutoPC 2.01','Auto PC','{42CA0001-5AA4-11D3-99E7-00105A0DF099}','AutoPC 2.01','2','1' )
INSERT INTO Platform VALUES ('{8A9A2F80-6887-11D3-842E-005004848CBA}','{35583C00-7208-11D3-99F3-00105A0DF099}','Default','Default','{42CA0006-5AA4-11D3-99E7-00105A0DF099}',NULL,'0','0' )

// ******** ToolEntry  ********
// MIPSII                    // Platform                              // OS                                     // CPU                                   //TOOL                             // Tool Type
INSERT INTO ToolEntry VALUES ('{0B7D1302-289F-11D2-974F-00A0240918F0}','{42CA0001-5AA4-11D3-99E7-00105A0DF099}','{689DDC64-9D9D-11d5-96F8-00207802C01C}','{E777AC68-9D97-11D5-96F8-00207802C01C}','1' )
INSERT INTO ToolEntry VALUES ('{0B7D1303-289F-11D2-974F-00A0240918F0}','{42CA0001-5AA4-11D3-99E7-00105A0DF099}','{689DDC64-9D9D-11d5-96F8-00207802C01C}','{E777AC68-9D97-11D5-96F8-00207802C01C}','1' )
INSERT INTO ToolEntry VALUES ('{8A9A2F80-6887-11D3-842E-005004848CBA}','{42CA0006-5AA4-11D3-99E7-00105A0DF099}','{689DDC64-9D9D-11d5-96F8-00207802C01C}','{E777AC60-9D97-11D5-96F8-00207802C01C}','1' )
INSERT INTO ToolEntry VALUES ('{8A9A2F80-6887-11D3-842E-005004848CBA}','{42CA0006-5AA4-11D3-99E7-00105A0DF099}','{689DDC64-9D9D-11d5-96F8-00207802C01C}','{E777AC61-9D97-11D5-96F8-00207802C01C}','4' )
INSERT INTO ToolEntry VALUES ('{8A9A2F80-6887-11D3-842E-005004848CBA}','{42CA0006-5AA4-11D3-99E7-00105A0DF099}','{689DDC64-9D9D-11d5-96F8-00207802C01C}','{E777AC62-9D97-11D5-96F8-00207802C01C}','3' )
INSERT INTO ToolEntry VALUES ('{8A9A2F80-6887-11D3-842E-005004848CBA}','{42CA0006-5AA4-11D3-99E7-00105A0DF099}','{689DDC64-9D9D-11d5-96F8-00207802C01C}','{E777AC63-9D97-11D5-96F8-00207802C01C}','7' )
INSERT INTO ToolEntry VALUES ('{8A9A2F80-6887-11D3-842E-005004848CBA}','{42CA0006-5AA4-11D3-99E7-00105A0DF099}','{689DDC64-9D9D-11d5-96F8-00207802C01C}','{E777AC64-9D97-11D5-96F8-00207802C01C}','8' )
INSERT INTO ToolEntry VALUES ('{8A9A2F80-6887-11D3-842E-005004848CBA}','{42CA0006-5AA4-11D3-99E7-00105A0DF099}','{689DDC64-9D9D-11d5-96F8-00207802C01C}','{E777AC65-9D97-11D5-96F8-00207802C01C}','9' )
INSERT INTO ToolEntry VALUES ('{8A9A2F80-6887-11D3-842E-005004848CBA}','{42CA0006-5AA4-11D3-99E7-00105A0DF099}','{689DDC64-9D9D-11d5-96F8-00207802C01C}','{E777AC66-9D97-11D5-96F8-00207802C01C}','2' )
INSERT INTO ToolEntry VALUES ('{8A9A2F80-6887-11D3-842E-005004848CBA}','{42CA0006-5AA4-11D3-99E7-00105A0DF099}','{689DDC64-9D9D-11d5-96F8-00207802C01C}','{E777AC69-9D97-11D5-96F8-00207802C01C}','6' )
INSERT INTO ToolEntry VALUES ('{8A9A2F80-6887-11D3-842E-005004848CBA}','{42CA0006-5AA4-11D3-99E7-00105A0DF099}','{689DDC64-9D9D-11d5-96F8-00207802C01C}','{E777AC67-9D97-11D5-96F8-00207802C01C}','5' )

// ******** ToolOption  ********
                // CL
INSERT INTO ToolOption VALUES ('{E777AC6A-9D97-11D5-96F8-00207802C01C}', '{E777AC60-9D97-11D5-96F8-00207802C01C}','ASSEMBLY_LISTING_MIPSII','UI configure assembly listing','2','1000','/FA',FALSE)       
INSERT INTO ToolOption VALUES ('{E777AC6B-9D97-11D5-96F8-00207802C01C}', '{E777AC60-9D97-11D5-96F8-00207802C01C}','DISABLE_CONSTRUCTION_DISPLACEMENT_MIPSII','UI disable construction displacement','2','1001','/vd0',FALSE)
INSERT INTO ToolOption VALUES ('{E777AC6C-9D97-11D5-96F8-00207802C01C}', '{E777AC60-9D97-11D5-96F8-00207802C01C}','GENERAL_PURPOSE_ALWAYS_MIPSII','UI pointer to member presentation method','2','1002','/vmg',FALSE)    
INSERT INTO ToolOption VALUES ('{E777AC6D-9D97-11D5-96F8-00207802C01C}', '{E777AC60-9D97-11D5-96F8-00207802C01C}','PRECOMPILE_HEADER_MIPSII','UI support precompile header','2','1003',NULL,FALSE)         
INSERT INTO ToolOption VALUES ('{E777AC6E-9D97-11D5-96F8-00207802C01C}', '{E777AC60-9D97-11D5-96F8-00207802C01C}','MIPSII_MAXIMUM_OPTIMIZATION','maximum opts. (/Ogityb1 /Gs)','2',NULL,'/O2',FALSE) 
INSERT INTO ToolOption VALUES ('{E777AC6F-9D97-11D5-96F8-00207802C01C}', '{E777AC60-9D97-11D5-96F8-00207802C01C}','MIPSIIDISABLE_OPTIMIZATIONS','Disables all compiler optimizations','2',NULL,'/Od',FALSE)      
INSERT INTO ToolOption VALUES ('{E777AC70-9D97-11D5-96F8-00207802C01C}', '{E777AC60-9D97-11D5-96F8-00207802C01C}','CECRTMT_MIPSII','Release Lib Macro','2',NULL,'/M$(CECrtMT)',FALSE)   
INSERT INTO ToolOption VALUES ('{E777AC71-9D97-11D5-96F8-00207802C01C}', '{E777AC60-9D97-11D5-96F8-00207802C01C}','UNICODE_MIPSII','Turn on Unicode','2',NULL,'/D UNICODE /D _UNICODE',FALSE)      
INSERT INTO ToolOption VALUES ('{E777AC72-9D97-11D5-96F8-00207802C01C}', '{E777AC60-9D97-11D5-96F8-00207802C01C}','CECRTMTDEBUG_MIPSII','Debug Lib Macro','2',NULL,'/M$(CECrtMTDebug)',FALSE)      
INSERT INTO ToolOption VALUES ('{E777AC73-9D97-11D5-96F8-00207802C01C}', '{E777AC60-9D97-11D5-96F8-00207802C01C}','AFXDLL_MIPSII','Define _AFXDLL for dynamic linking to MFC','2',NULL,'/D _AFXDLL',FALSE)      
INSERT INTO ToolOption VALUES ('{E777AC74-9D97-11D5-96F8-00207802C01C}', '{E777AC60-9D97-11D5-96F8-00207802C01C}','ATL_STATIC_REGISTRY_MIPSII','Define _ATL_STATIC_REGISTRY','2',NULL,'/D _ATL_STATIC_REGISTRY',FALSE)         
INSERT INTO ToolOption VALUES ('{E777AC75-9D97-11D5-96F8-00207802C01C}', '{E777AC60-9D97-11D5-96F8-00207802C01C}','NDEBUG_MIPSII','the NDEBUG define for release prjs','2',NULL,'/D NDEBUG',FALSE) 
INSERT INTO ToolOption VALUES ('{E777AC76-9D97-11D5-96F8-00207802C01C}', '{E777AC60-9D97-11D5-96F8-00207802C01C}','MIPSII_CPLR_DBG','IDS_MIPSII_CPLR_DBG','2','1','/DDEBUG',FALSE)     
INSERT INTO ToolOption VALUES ('{E777AC77-9D97-11D5-96F8-00207802C01C}', '{E777AC60-9D97-11D5-96F8-00207802C01C}','MIPSIIEXE_CPLR_DBG','IDS_MIPSIIEXE_CPLR_DBG','2','1','/Zi /DMIPS /D_MIPS_ /DR4000 /DMIPSII /DUNDER_CE=$(CEVersion) /D_WIN32_WCE=$(CEVersion)',FALSE)      
INSERT INTO ToolOption VALUES ('{E777AC78-9D97-11D5-96F8-00207802C01C}', '{E777AC60-9D97-11D5-96F8-00207802C01C}','MIPSII_CPLR_COMMON','IDS_MIPSII_CPLR_COMMON','2','1','/c /nologo /D_WIN32_WCE=$(CEVersion) /QMmips2 /QMFPE /D $(CePlatform)',FALSE)       
INSERT INTO ToolOption VALUES ('{E777AC79-9D97-11D5-96F8-00207802C01C}', '{E777AC60-9D97-11D5-96F8-00207802C01C}','MIPSIIDLL_CPLR_DBG','IDS_MIPSIIDLL_CPLR_DBG','2','1','/Zi  /DMIPS /D_MIPS_ /DR4000 /DMIPSII /DUNDER_CE=$(CEVersion) /D_WIN32_WCE=$(CEVersion)',FALSE)      
INSERT INTO ToolOption VALUES ('{E777AC7A-9D97-11D5-96F8-00207802C01C}', '{E777AC60-9D97-11D5-96F8-00207802C01C}','MIPSIICON_CPLR_DBG','IDS_MIPSIICON_CPLR_DBG','2','1','/Zi  /DMIPS /D_MIPS_ /DR4000 /DMIPSII /DUNDER_CE=$(CEVersion) /D_WIN32_WCE=$(CEVersion)',FALSE)      
INSERT INTO ToolOption VALUES ('{E777AC7B-9D97-11D5-96F8-00207802C01C}', '{E777AC60-9D97-11D5-96F8-00207802C01C}','MIPSIILIB_CPLR_DBG','IDS_MIPSIILIB_CPLR_DBG','2','1','/Zi  /DMIPS /D_MIPS_ /DR4000 /DMIPSII /DUNDER_CE=$(CEVersion) /D_WIN32_WCE=$(CEVersion)',FALSE)      
INSERT INTO ToolOption VALUES ('{E777AC7C-9D97-11D5-96F8-00207802C01C}', '{E777AC60-9D97-11D5-96F8-00207802C01C}','MIPSIIEXE_CPLR_REL','IDS_MIPSIIEXE_CPLR_REL','2','1','/DMIPS /D_MIPS_ /DR4000 /DMIPSII /DUNDER_CE=$(CEVersion) /D_WIN32_WCE=$(CEVersion)',FALSE)
INSERT INTO ToolOption VALUES ('{E777AC7D-9D97-11D5-96F8-00207802C01C}', '{E777AC60-9D97-11D5-96F8-00207802C01C}','MIPSIIDLL_CPLR_REL','IDS_MIPSIIDLL_CPLR_REL','2','1','/DMIPS /D_MIPS_ /DR4000 /DMIPSII /DUNDER_CE=$(CEVersion) /D_WIN32_WCE=$(CEVersion)',FALSE)
INSERT INTO ToolOption VALUES ('{E777AC7E-9D97-11D5-96F8-00207802C01C}', '{E777AC60-9D97-11D5-96F8-00207802C01C}','MIPSIICON_CPLR_REL','IDS_MIPSIICON_CPLR_REL','2','1','/DMIPS /D_MIPS_ /DR4000 /DMIPSII /DUNDER_CE=$(CEVersion) /D_WIN32_WCE=$(CEVersion)',FALSE)
INSERT INTO ToolOption VALUES ('{E777AC7F-9D97-11D5-96F8-00207802C01C}', '{E777AC60-9D97-11D5-96F8-00207802C01C}','MIPSIILIB_CPLR_REL','IDS_MIPSIILIB_CPLR_REL','2','1','/DMIPS /D_MIPS_ /DR4000 /DMIPSII /DUNDER_CE=$(CEVersion) /D_WIN32_WCE=$(CEVersion)',FALSE)
INSERT INTO ToolOption VALUES ('{E777AC80-9D97-11D5-96F8-00207802C01C}', '{E777AC60-9D97-11D5-96F8-00207802C01C}','MIPSIIATL_CPLR_DBG','Specific flags for MIPSII Compiler (ATL DBG build)','2','1','/D _USRDLL',FALSE)          
INSERT INTO ToolOption VALUES ('{E777AC81-9D97-11D5-96F8-00207802C01C}', '{E777AC60-9D97-11D5-96F8-00207802C01C}','MIPSIIMFC_CPLR_COMMON',NULL,'2','1','/c /nologo /D_WIN32_WCE=$(CEVersion) /QMmips2 /QMFPE /D $(CePlatform)',FALSE) 
INSERT INTO ToolOption VALUES ('{E777AC82-9D97-11D5-96F8-00207802C01C}', '{E777AC60-9D97-11D5-96F8-00207802C01C}','MIPSIIATL_CPLR_COMMON',NULL,'2','1','/D _USRDLL /c /QMmips2 /QMFPE /D $(CePlatform)',FALSE)
INSERT INTO ToolOption VALUES ('{E777AC83-9D97-11D5-96F8-00207802C01C}', '{E777AC60-9D97-11D5-96F8-00207802C01C}','MIPSIIATL_CPLR_REL',NULL,'2','1','/nologo /DMIPS /D_MIPS_ /DR4000 /DMIPSII /DUNDER_CE=$(CEVersion) /D_WIN32_WCE=$(CEVersion)',FALSE)       
INSERT INTO ToolOption VALUES ('{E777AC84-9D97-11D5-96F8-00207802C01C}', '{E777AC60-9D97-11D5-96F8-00207802C01C}','MIPSIIACTIVEX_CPLR_COMMON',NULL,'2','1','/GX-',FALSE)  
INSERT INTO ToolOption VALUES ('{E777AC85-9D97-11D5-96F8-00207802C01C}', '{E777AC60-9D97-11D5-96F8-00207802C01C}','AUTOMATIC PRECOMPILED HEADERS_MIPSII','Use automatic precompiled headers','2','1','/YX',FALSE)     
INSERT INTO ToolOption VALUES ('{E777AC86-9D97-11D5-96F8-00207802C01C}', '{E777AC60-9D97-11D5-96F8-00207802C01C}','WARNING_LEVEL','Use Warning Level 3','2','1','/W3',FALSE)
INSERT INTO ToolOption VALUES ('{E777AC87-9D97-11D5-96F8-00207802C01C}', '{E777AC60-9D97-11D5-96F8-00207802C01C}','MIPSII_ASSUME_NO_ALIASING','Assume No Aliasing is Supported','2','1007','/Oa',FALSE)

                // LINK
INSERT INTO ToolOption VALUES ('{E777AC88-9D97-11D5-96F8-00207802C01C}', '{E777AC61-9D97-11D5-96F8-00207802C01C}','LINKDBG_FORMAT_COFF_MIPSII','UI debug format COFF','2','1004','/debugtype:coff',FALSE)  
INSERT INTO ToolOption VALUES ('{E777AC89-9D97-11D5-96F8-00207802C01C}', '{E777AC61-9D97-11D5-96F8-00207802C01C}','MACHINE_MIPSII','set machine type for linker','2',NULL,'/MACHINE:MIPS',FALSE)   
INSERT INTO ToolOption VALUES ('{E777AC8A-9D97-11D5-96F8-00207802C01C}', '{E777AC61-9D97-11D5-96F8-00207802C01C}','STACK_MIPSII','standard /STACK setting','2',NULL,'/STACK:65536,4096',FALSE)     
INSERT INTO ToolOption VALUES ('{E777AC8B-9D97-11D5-96F8-00207802C01C}', '{E777AC61-9D97-11D5-96F8-00207802C01C}','BASE_TENTHOUSAND_MIPSII','/base flag for .exe proj types','2',NULL,'/base:0x00010000',FALSE)  
INSERT INTO ToolOption VALUES ('{E777AC8C-9D97-11D5-96F8-00207802C01C}', '{E777AC61-9D97-11D5-96F8-00207802C01C}','BASE_100K_MIPSII','/base flag for .dll proj types','2',NULL,'/base:0x00100000',FALSE)         
INSERT INTO ToolOption VALUES ('{E777AC8D-9D97-11D5-96F8-00207802C01C}', '{E777AC61-9D97-11D5-96F8-00207802C01C}','INCREMENTAL_LINKING_MIPSII','Incremental Linking Flag','2','1006','/INCREMENTAL:YES',FALSE)    
INSERT INTO ToolOption VALUES ('{E777AC8E-9D97-11D5-96F8-00207802C01C}', '{E777AC61-9D97-11D5-96F8-00207802C01C}','NO_INCREMENTAL_LINKING_MIPSII','Incremental Linking Flag','2','1006','/INCREMENTAL:NO',FALSE)  
INSERT INTO ToolOption VALUES ('{E777AC8F-9D97-11D5-96F8-00207802C01C}', '{E777AC61-9D97-11D5-96F8-00207802C01C}','MIPSII_LINK_MIPSII_COMMON','IDS_MIPSII_LINK_MIPSII_COMMON','2','1','/NOLOGO /subsystem:$(CESubsystem) /nodefaultlib:$(CENoDefaultLib)',FALSE) 
INSERT INTO ToolOption VALUES ('{E777AC90-9D97-11D5-96F8-00207802C01C}', '{E777AC61-9D97-11D5-96F8-00207802C01C}','MIPSII_LINK_DBG','IDS_MIPSII_LINK_DBG','2','1','/DEBUG /DEBUGTYPE:CV',FALSE)      
INSERT INTO ToolOption VALUES ('{E777AC91-9D97-11D5-96F8-00207802C01C}', '{E777AC61-9D97-11D5-96F8-00207802C01C}','MIPSIIEXE_LINK_DBG','IDS_MIPSIIEXE_LINK_DBG','2','1','/entry:WinMainCRTStartup',FALSE)          
INSERT INTO ToolOption VALUES ('{E777AC92-9D97-11D5-96F8-00207802C01C}', '{E777AC61-9D97-11D5-96F8-00207802C01C}','MIPSII_LIB_DBG','IDS_MIPSII_LIB_DBG','2','1','commctrl.lib coredll.lib ',FALSE)    
INSERT INTO ToolOption VALUES ('{E777AC93-9D97-11D5-96F8-00207802C01C}', '{E777AC61-9D97-11D5-96F8-00207802C01C}','MIPSIIDLL_LINK_DBG','IDS_MIPSIIDLL_LINK_DBG','2','1','/DLL /entry:_DllMainCRTStartup',FALSE)    
INSERT INTO ToolOption VALUES ('{E777AC94-9D97-11D5-96F8-00207802C01C}', '{E777AC61-9D97-11D5-96F8-00207802C01C}','MIPSII_CONLIB','IDS_MIPSII_CONLIB','2','1','commctrl.lib coredll.lib ',FALSE)      
INSERT INTO ToolOption VALUES ('{E777AC95-9D97-11D5-96F8-00207802C01C}', '{E777AC61-9D97-11D5-96F8-00207802C01C}','MIPSIICON_LINK_DBG','IDS_MIPSIICON_LINK_DBG','2','1','/entry:WinMainCRTStartup',FALSE)          
INSERT INTO ToolOption VALUES ('{E777AC96-9D97-11D5-96F8-00207802C01C}', '{E777AC61-9D97-11D5-96F8-00207802C01C}','MIPSIIMFCEXE_LINK_DBG','Specific flags for MIPSII Linker (MFC EXE Debug build)','2','1','/DEBUG /entry:wWinMainCRTStartup',FALSE)         
INSERT INTO ToolOption VALUES ('{E777AC97-9D97-11D5-96F8-00207802C01C}', '{E777AC61-9D97-11D5-96F8-00207802C01C}','MIPSIIMFCDLL_LINK_DBG','Specific flags for MIPSII Linker (MFC DLL Debug build)','2','1','/DEBUG',FALSE)       
INSERT INTO ToolOption VALUES ('{E777AC98-9D97-11D5-96F8-00207802C01C}', '{E777AC61-9D97-11D5-96F8-00207802C01C}','MIPSIIMFCEXE_LINK_COMMON','MIPSII_LINK_MIPSII_COMMON without defaultlib','2','1','/NOLOGO /subsystem:$(CESubsystem)',FALSE)   
INSERT INTO ToolOption VALUES ('{E777AC99-9D97-11D5-96F8-00207802C01C}', '{E777AC61-9D97-11D5-96F8-00207802C01C}','MIPSIIEXE_LINK_REL','IDS_MIPSIIEXE_LINK_REL','2','1','/entry:WinMainCRTStartup',FALSE)          
INSERT INTO ToolOption VALUES ('{E777AC9A-9D97-11D5-96F8-00207802C01C}', '{E777AC61-9D97-11D5-96F8-00207802C01C}','MIPSII_LINK_REL','IDS_MIPSII_LINK_REL','2','1',NULL,FALSE)          
INSERT INTO ToolOption VALUES ('{E777AC9B-9D97-11D5-96F8-00207802C01C}', '{E777AC61-9D97-11D5-96F8-00207802C01C}','MIPSII_LIB_REL','IDS_MIPSII_LIB_REL','2','1','commctrl.lib coredll.lib ',FALSE)    
INSERT INTO ToolOption VALUES ('{E777AC9C-9D97-11D5-96F8-00207802C01C}', '{E777AC61-9D97-11D5-96F8-00207802C01C}','MIPSIIDLL_LINK_REL','IDS_MIPSIIDLL_LINK_REL','2','1','/DLL /entry:_DllMainCRTStartup',FALSE)    
INSERT INTO ToolOption VALUES ('{E777AC9D-9D97-11D5-96F8-00207802C01C}', '{E777AC61-9D97-11D5-96F8-00207802C01C}','MIPSII_LINK_REL','IDS_MIPSII_LINK_REL','2','1',NULL,FALSE)          
INSERT INTO ToolOption VALUES ('{E777AC9E-9D97-11D5-96F8-00207802C01C}', '{E777AC61-9D97-11D5-96F8-00207802C01C}','MIPSIICON_LINK_REL','IDS_MIPSIICON_LINK_REL','2','1','/entry:WinMainCRTStartup',FALSE)          
INSERT INTO ToolOption VALUES ('{E777AC9F-9D97-11D5-96F8-00207802C01C}', '{E777AC61-9D97-11D5-96F8-00207802C01C}','MIPSII_LINK_REL','IDS_MIPSII_LINK_REL','2','1',NULL,FALSE)          
INSERT INTO ToolOption VALUES ('{E777ACA0-9D97-11D5-96F8-00207802C01C}', '{E777AC61-9D97-11D5-96F8-00207802C01C}','MIPSIILIB_LINK','IDS_MIPSIILIB_LINK','2','1','/NOLOGO',FALSE)       
INSERT INTO ToolOption VALUES ('{E777ACA1-9D97-11D5-96F8-00207802C01C}', '{E777AC61-9D97-11D5-96F8-00207802C01C}','MIPSIIMFCEXE_LINK_REL','Specific flags for MIPSII Linker (MFC EXE Release build)','2','1','/entry:wWinMainCRTStartup',FALSE)   
INSERT INTO ToolOption VALUES ('{E777ACA2-9D97-11D5-96F8-00207802C01C}', '{E777AC61-9D97-11D5-96F8-00207802C01C}','MIPSIIMFCDLL_LINK_COMMON','MIPSII_LINK_MIPSII_COMMON without defaultlib','2','1','/NOLOGO /subsystem:$(CESubsystem)',FALSE)   

                // LIB
INSERT INTO ToolOption VALUES ('{E777ACA3-9D97-11D5-96F8-00207802C01C}', '{E777AC67-9D97-11D5-96F8-00207802C01C}','MIPSII_LIB_COMMON',NULL,'2',NULL,'/nologo',FALSE)   

                // CLMIPSII_201
INSERT INTO ToolOption VALUES ('{E777ACA4-9D97-11D5-96F8-00207802C01C}', '{E777AC68-9D97-11D5-96F8-00207802C01C}','MIPSII_201_CPLR_SPECIFIC',NULL,'2','1','/QMOC',FALSE)  
                // IsSupported
INSERT INTO ToolOption VALUES ('{E777ACA5-9D97-11D5-96F8-00207802C01C}', '{E777AC68-9D97-11D5-96F8-00207802C01C}','PRECOMPILE_HEADER','Precompile header support','2','1003',NULL,FALSE)  
INSERT INTO ToolOption VALUES ('{E777ACA6-9D97-11D5-96F8-00207802C01C}', '{E777AC68-9D97-11D5-96F8-00207802C01C}','ASSEMBLY_LISTING','Assembly Listing support','2','1000',NULL,FALSE)  
INSERT INTO ToolOption VALUES ('{E777ACA7-9D97-11D5-96F8-00207802C01C}', '{E777AC68-9D97-11D5-96F8-00207802C01C}','GENERAL_PURPOSE_ALWAYS','General Purpose Always support','2','1002',NULL,FALSE)  
INSERT INTO ToolOption VALUES ('{E777ACA8-9D97-11D5-96F8-00207802C01C}', '{E777AC68-9D97-11D5-96F8-00207802C01C}','DISABLE_CONSTRUCTION_DISPLACEMENT','Disable Construction Displacement support','2','1001',NULL,FALSE)  

                // BSC
INSERT INTO ToolOption VALUES ('{E777ACA9-9D97-11D5-96F8-00207802C01C}', '{E777AC64-9D97-11D5-96F8-00207802C01C}','MIPSII_BSC_COMMON','IDS_MIPSII_BSC_COMMON','2','1','/nologo',FALSE) 

                // COFF
INSERT INTO ToolOption VALUES ('{E777ACAA-9D97-11D5-96F8-00207802C01C}', '{E777AC65-9D97-11D5-96F8-00207802C01C}','MIPSII_COFF_COMMON','IDS_MIPSIILIB_LINK','2','1','/nologo',FALSE)   

                // MIDL
INSERT INTO ToolOption VALUES ('{E777ACAB-9D97-11D5-96F8-00207802C01C}', '{E777AC63-9D97-11D5-96F8-00207802C01C}','MIPSII_MTL_COMMON','IDS_MIPSII_MTL_COMMON','2','1','/nologo /mktyplib203 /win32',FALSE)  
INSERT INTO ToolOption VALUES ('{E777ACAC-9D97-11D5-96F8-00207802C01C}', '{E777AC63-9D97-11D5-96F8-00207802C01C}','DEFINE_DEBUG','Define DEBUG','2','1','/D DEBUG',FALSE)     
INSERT INTO ToolOption VALUES ('{E777ACAD-9D97-11D5-96F8-00207802C01C}', '{E777AC63-9D97-11D5-96F8-00207802C01C}','DEFINE_NDEBUG','Define NDEBUG','2',NULL,'/D NDEBUG',FALSE) 

                // VCRC
INSERT INTO ToolOption VALUES ('{E777ACAE-9D97-11D5-96F8-00207802C01C}', '{E777AC62-9D97-11D5-96F8-00207802C01C}','DEFINE_DEBUG','Define DEBUG','2','1','/D DEBUG',FALSE)       
INSERT INTO ToolOption VALUES ('{E777ACAF-9D97-11D5-96F8-00207802C01C}', '{E777AC62-9D97-11D5-96F8-00207802C01C}','DMIPSII_RC_COMMON','IDS_DMIPSII_RC_COMMON','2','1','/r /DUNDER_CE=$(CEVersion) /D_WIN32_WCE=$(CEVersion)',FALSE)          
INSERT INTO ToolOption VALUES ('{E777ACB0-9D97-11D5-96F8-00207802C01C}', '{E777AC62-9D97-11D5-96F8-00207802C01C}','DEFINE_NDEBUG','Define NDEBUG','2','1','/D NDEBUG',FALSE)      
INSERT INTO ToolOption VALUES ('{E777ACB1-9D97-11D5-96F8-00207802C01C}', '{E777AC62-9D97-11D5-96F8-00207802C01C}','CEPLATFORM','CePlatform Macro','2','1','/D $(CePlatform)',FALSE)
INSERT INTO ToolOption VALUES ('{E777ACB2-9D97-11D5-96F8-00207802C01C}', '{E777AC62-9D97-11D5-96F8-00207802C01C}','PROCESSOR_DEFINE','Processor Define','2','1','/D MIPS /D _MIPS_ /DR4000 /DMIPSII',FALSE)
INSERT INTO ToolOption VALUES ('{E777ACB3-9D97-11D5-96F8-00207802C01C}', '{E777AC62-9D97-11D5-96F8-00207802C01C}','DEFINE_UNICODE','Define Unicode','2','1','/D UNICODE /D _UNICODE',FALSE)

// ******** OptionValue  ********

// ******** ToolOptionSet  ********
// CL MIPSII_201
INSERT INTO ToolOptionSet VALUES ('{E777AC68-9D97-11D5-96F8-00207802C01C}','16777472','{E777ACA4-9D97-11D5-96F8-00207802C01C}',NULL)       

// LIB MIPSII
INSERT INTO ToolOptionSet VALUES ('{E777AC67-9D97-11D5-96F8-00207802C01C}','67108864','{E777ACA3-9D97-11D5-96F8-00207802C01C}',NULL)       
INSERT INTO ToolOptionSet VALUES ('{E777AC67-9D97-11D5-96F8-00207802C01C}','67109120','{E777ACA3-9D97-11D5-96F8-00207802C01C}',NULL)       

// CL MIPSII
	//EXE Release settings
INSERT INTO ToolOptionSet VALUES ('{E777AC60-9D97-11D5-96F8-00207802C01C}','16777216','{E777AC78-9D97-11D5-96F8-00207802C01C}',NULL)       
INSERT INTO ToolOptionSet VALUES ('{E777AC60-9D97-11D5-96F8-00207802C01C}','16777216','{E777AC7C-9D97-11D5-96F8-00207802C01C}',NULL)       
INSERT INTO ToolOptionSet VALUES ('{E777AC60-9D97-11D5-96F8-00207802C01C}','16777216','{E777AC6E-9D97-11D5-96F8-00207802C01C}',NULL)       
INSERT INTO ToolOptionSet VALUES ('{E777AC60-9D97-11D5-96F8-00207802C01C}','16777216','{E777AC71-9D97-11D5-96F8-00207802C01C}',NULL)       
INSERT INTO ToolOptionSet VALUES ('{E777AC60-9D97-11D5-96F8-00207802C01C}','16777216','{E777AC75-9D97-11D5-96F8-00207802C01C}',NULL)       
INSERT INTO ToolOptionSet VALUES ('{E777AC60-9D97-11D5-96F8-00207802C01C}','16777216','{E777AC70-9D97-11D5-96F8-00207802C01C}',NULL)       
INSERT INTO ToolOptionSet VALUES ('{E777AC60-9D97-11D5-96F8-00207802C01C}','16777216','{E777AC85-9D97-11D5-96F8-00207802C01C}',NULL)        
INSERT INTO ToolOptionSet VALUES ('{E777AC60-9D97-11D5-96F8-00207802C01C}','16777216','{E777AC86-9D97-11D5-96F8-00207802C01C}',NULL)        
	//MFC EXE Release settings
INSERT INTO ToolOptionSet VALUES ('{E777AC60-9D97-11D5-96F8-00207802C01C}','16777232','{E777AC7C-9D97-11D5-96F8-00207802C01C}',NULL)       
INSERT INTO ToolOptionSet VALUES ('{E777AC60-9D97-11D5-96F8-00207802C01C}','16777232','{E777AC81-9D97-11D5-96F8-00207802C01C}',NULL)       
INSERT INTO ToolOptionSet VALUES ('{E777AC60-9D97-11D5-96F8-00207802C01C}','16777232','{E777AC6E-9D97-11D5-96F8-00207802C01C}',NULL)       
INSERT INTO ToolOptionSet VALUES ('{E777AC60-9D97-11D5-96F8-00207802C01C}','16777232','{E777AC71-9D97-11D5-96F8-00207802C01C}',NULL)       
INSERT INTO ToolOptionSet VALUES ('{E777AC60-9D97-11D5-96F8-00207802C01C}','16777232','{E777AC75-9D97-11D5-96F8-00207802C01C}',NULL)       
INSERT INTO ToolOptionSet VALUES ('{E777AC60-9D97-11D5-96F8-00207802C01C}','16777232','{E777AC70-9D97-11D5-96F8-00207802C01C}',NULL)       
INSERT INTO ToolOptionSet VALUES ('{E777AC60-9D97-11D5-96F8-00207802C01C}','16777232','{E777AC73-9D97-11D5-96F8-00207802C01C}',NULL)      
INSERT INTO ToolOptionSet VALUES ('{E777AC60-9D97-11D5-96F8-00207802C01C}','16777232','{E777AC85-9D97-11D5-96F8-00207802C01C}',NULL)        
INSERT INTO ToolOptionSet VALUES ('{E777AC60-9D97-11D5-96F8-00207802C01C}','16777232','{E777AC86-9D97-11D5-96F8-00207802C01C}',NULL)        
	// EXE Debug settings
INSERT INTO ToolOptionSet VALUES ('{E777AC60-9D97-11D5-96F8-00207802C01C}','16777472','{E777AC76-9D97-11D5-96F8-00207802C01C}',NULL)       
INSERT INTO ToolOptionSet VALUES ('{E777AC60-9D97-11D5-96F8-00207802C01C}','16777472','{E777AC77-9D97-11D5-96F8-00207802C01C}',NULL)       
INSERT INTO ToolOptionSet VALUES ('{E777AC60-9D97-11D5-96F8-00207802C01C}','16777472','{E777AC78-9D97-11D5-96F8-00207802C01C}',NULL)       
INSERT INTO ToolOptionSet VALUES ('{E777AC60-9D97-11D5-96F8-00207802C01C}','16777472','{E777AC6F-9D97-11D5-96F8-00207802C01C}',NULL)       
INSERT INTO ToolOptionSet VALUES ('{E777AC60-9D97-11D5-96F8-00207802C01C}','16777472','{E777AC71-9D97-11D5-96F8-00207802C01C}',NULL)       
INSERT INTO ToolOptionSet VALUES ('{E777AC60-9D97-11D5-96F8-00207802C01C}','16777472','{E777AC72-9D97-11D5-96F8-00207802C01C}',NULL)       
INSERT INTO ToolOptionSet VALUES ('{E777AC60-9D97-11D5-96F8-00207802C01C}','16777472','{E777AC85-9D97-11D5-96F8-00207802C01C}',NULL)        
INSERT INTO ToolOptionSet VALUES ('{E777AC60-9D97-11D5-96F8-00207802C01C}','16777472','{E777AC86-9D97-11D5-96F8-00207802C01C}',NULL)        
	//MFC EXE Debug settings
INSERT INTO ToolOptionSet VALUES ('{E777AC60-9D97-11D5-96F8-00207802C01C}','16777488','{E777AC76-9D97-11D5-96F8-00207802C01C}',NULL)       
INSERT INTO ToolOptionSet VALUES ('{E777AC60-9D97-11D5-96F8-00207802C01C}','16777488','{E777AC77-9D97-11D5-96F8-00207802C01C}',NULL)       
INSERT INTO ToolOptionSet VALUES ('{E777AC60-9D97-11D5-96F8-00207802C01C}','16777488','{E777AC81-9D97-11D5-96F8-00207802C01C}',NULL)       
INSERT INTO ToolOptionSet VALUES ('{E777AC60-9D97-11D5-96F8-00207802C01C}','16777488','{E777AC6F-9D97-11D5-96F8-00207802C01C}',NULL)       
INSERT INTO ToolOptionSet VALUES ('{E777AC60-9D97-11D5-96F8-00207802C01C}','16777488','{E777AC71-9D97-11D5-96F8-00207802C01C}',NULL)       
INSERT INTO ToolOptionSet VALUES ('{E777AC60-9D97-11D5-96F8-00207802C01C}','16777488','{E777AC72-9D97-11D5-96F8-00207802C01C}',NULL)       
INSERT INTO ToolOptionSet VALUES ('{E777AC60-9D97-11D5-96F8-00207802C01C}','16777488','{E777AC73-9D97-11D5-96F8-00207802C01C}',NULL)      
INSERT INTO ToolOptionSet VALUES ('{E777AC60-9D97-11D5-96F8-00207802C01C}','16777488','{E777AC85-9D97-11D5-96F8-00207802C01C}',NULL)        
INSERT INTO ToolOptionSet VALUES ('{E777AC60-9D97-11D5-96F8-00207802C01C}','16777488','{E777AC86-9D97-11D5-96F8-00207802C01C}',NULL)        
	//DLL Release settings
INSERT INTO ToolOptionSet VALUES ('{E777AC60-9D97-11D5-96F8-00207802C01C}','33554432','{E777AC78-9D97-11D5-96F8-00207802C01C}',NULL)       
INSERT INTO ToolOptionSet VALUES ('{E777AC60-9D97-11D5-96F8-00207802C01C}','33554432','{E777AC7D-9D97-11D5-96F8-00207802C01C}',NULL)       
INSERT INTO ToolOptionSet VALUES ('{E777AC60-9D97-11D5-96F8-00207802C01C}','33554432','{E777AC6E-9D97-11D5-96F8-00207802C01C}',NULL)       
INSERT INTO ToolOptionSet VALUES ('{E777AC60-9D97-11D5-96F8-00207802C01C}','33554432','{E777AC71-9D97-11D5-96F8-00207802C01C}',NULL)       
INSERT INTO ToolOptionSet VALUES ('{E777AC60-9D97-11D5-96F8-00207802C01C}','33554432','{E777AC75-9D97-11D5-96F8-00207802C01C}',NULL)       
INSERT INTO ToolOptionSet VALUES ('{E777AC60-9D97-11D5-96F8-00207802C01C}','33554432','{E777AC70-9D97-11D5-96F8-00207802C01C}',NULL)       
INSERT INTO ToolOptionSet VALUES ('{E777AC60-9D97-11D5-96F8-00207802C01C}','33554432','{E777AC85-9D97-11D5-96F8-00207802C01C}',NULL)        
INSERT INTO ToolOptionSet VALUES ('{E777AC60-9D97-11D5-96F8-00207802C01C}','33554432','{E777AC86-9D97-11D5-96F8-00207802C01C}',NULL)        
	//ATL DLL Release MinSize settings
INSERT INTO ToolOptionSet VALUES ('{E777AC60-9D97-11D5-96F8-00207802C01C}','33554433','{E777AC82-9D97-11D5-96F8-00207802C01C}',NULL)       
INSERT INTO ToolOptionSet VALUES ('{E777AC60-9D97-11D5-96F8-00207802C01C}','33554433','{E777AC83-9D97-11D5-96F8-00207802C01C}',NULL)       
INSERT INTO ToolOptionSet VALUES ('{E777AC60-9D97-11D5-96F8-00207802C01C}','33554433','{E777AC6E-9D97-11D5-96F8-00207802C01C}',NULL)       
INSERT INTO ToolOptionSet VALUES ('{E777AC60-9D97-11D5-96F8-00207802C01C}','33554433','{E777AC71-9D97-11D5-96F8-00207802C01C}',NULL)       
INSERT INTO ToolOptionSet VALUES ('{E777AC60-9D97-11D5-96F8-00207802C01C}','33554433','{E777AC75-9D97-11D5-96F8-00207802C01C}',NULL)       
INSERT INTO ToolOptionSet VALUES ('{E777AC60-9D97-11D5-96F8-00207802C01C}','33554433','{E777AC70-9D97-11D5-96F8-00207802C01C}',NULL)       
INSERT INTO ToolOptionSet VALUES ('{E777AC60-9D97-11D5-96F8-00207802C01C}','33554433','{E777AC85-9D97-11D5-96F8-00207802C01C}',NULL)        
INSERT INTO ToolOptionSet VALUES ('{E777AC60-9D97-11D5-96F8-00207802C01C}','33554433','{E777AC86-9D97-11D5-96F8-00207802C01C}',NULL)        
	//ATL DLL Release MinDep settings
INSERT INTO ToolOptionSet VALUES ('{E777AC60-9D97-11D5-96F8-00207802C01C}','33554434','{E777AC82-9D97-11D5-96F8-00207802C01C}',NULL)       
INSERT INTO ToolOptionSet VALUES ('{E777AC60-9D97-11D5-96F8-00207802C01C}','33554434','{E777AC83-9D97-11D5-96F8-00207802C01C}',NULL)       
INSERT INTO ToolOptionSet VALUES ('{E777AC60-9D97-11D5-96F8-00207802C01C}','33554434','{E777AC6E-9D97-11D5-96F8-00207802C01C}',NULL)       
INSERT INTO ToolOptionSet VALUES ('{E777AC60-9D97-11D5-96F8-00207802C01C}','33554434','{E777AC71-9D97-11D5-96F8-00207802C01C}',NULL)       
INSERT INTO ToolOptionSet VALUES ('{E777AC60-9D97-11D5-96F8-00207802C01C}','33554434','{E777AC74-9D97-11D5-96F8-00207802C01C}',NULL)       
INSERT INTO ToolOptionSet VALUES ('{E777AC60-9D97-11D5-96F8-00207802C01C}','33554434','{E777AC75-9D97-11D5-96F8-00207802C01C}',NULL)       
INSERT INTO ToolOptionSet VALUES ('{E777AC60-9D97-11D5-96F8-00207802C01C}','33554434','{E777AC70-9D97-11D5-96F8-00207802C01C}',NULL)       
INSERT INTO ToolOptionSet VALUES ('{E777AC60-9D97-11D5-96F8-00207802C01C}','33554434','{E777AC85-9D97-11D5-96F8-00207802C01C}',NULL)        
INSERT INTO ToolOptionSet VALUES ('{E777AC60-9D97-11D5-96F8-00207802C01C}','33554434','{E777AC86-9D97-11D5-96F8-00207802C01C}',NULL)        
// ATL EXE Release MinSize Settings
INSERT INTO ToolOptionSet VALUES ('{E777AC60-9D97-11D5-96F8-00207802C01C}','16777217','{E777AC81-9D97-11D5-96F8-00207802C01C}',NULL)       
INSERT INTO ToolOptionSet VALUES ('{E777AC60-9D97-11D5-96F8-00207802C01C}','16777217','{E777AC83-9D97-11D5-96F8-00207802C01C}',NULL)       
INSERT INTO ToolOptionSet VALUES ('{E777AC60-9D97-11D5-96F8-00207802C01C}','16777217','{E777AC6E-9D97-11D5-96F8-00207802C01C}',NULL)       
INSERT INTO ToolOptionSet VALUES ('{E777AC60-9D97-11D5-96F8-00207802C01C}','16777217','{E777AC71-9D97-11D5-96F8-00207802C01C}',NULL)       
INSERT INTO ToolOptionSet VALUES ('{E777AC60-9D97-11D5-96F8-00207802C01C}','16777217','{E777AC75-9D97-11D5-96F8-00207802C01C}',NULL)       
INSERT INTO ToolOptionSet VALUES ('{E777AC60-9D97-11D5-96F8-00207802C01C}','16777217','{E777AC70-9D97-11D5-96F8-00207802C01C}',NULL)       
INSERT INTO ToolOptionSet VALUES ('{E777AC60-9D97-11D5-96F8-00207802C01C}','16777217','{E777AC85-9D97-11D5-96F8-00207802C01C}',NULL)        
INSERT INTO ToolOptionSet VALUES ('{E777AC60-9D97-11D5-96F8-00207802C01C}','16777217','{E777AC86-9D97-11D5-96F8-00207802C01C}',NULL)       
// ATL EXE Release MinDep Settings   
INSERT INTO ToolOptionSet VALUES ('{E777AC60-9D97-11D5-96F8-00207802C01C}','16777218','{E777AC81-9D97-11D5-96F8-00207802C01C}',NULL)       
INSERT INTO ToolOptionSet VALUES ('{E777AC60-9D97-11D5-96F8-00207802C01C}','16777218','{E777AC83-9D97-11D5-96F8-00207802C01C}',NULL)       
INSERT INTO ToolOptionSet VALUES ('{E777AC60-9D97-11D5-96F8-00207802C01C}','16777218','{E777AC6E-9D97-11D5-96F8-00207802C01C}',NULL)       
INSERT INTO ToolOptionSet VALUES ('{E777AC60-9D97-11D5-96F8-00207802C01C}','16777218','{E777AC71-9D97-11D5-96F8-00207802C01C}',NULL)       
INSERT INTO ToolOptionSet VALUES ('{E777AC60-9D97-11D5-96F8-00207802C01C}','16777218','{E777AC74-9D97-11D5-96F8-00207802C01C}',NULL)       
INSERT INTO ToolOptionSet VALUES ('{E777AC60-9D97-11D5-96F8-00207802C01C}','16777218','{E777AC75-9D97-11D5-96F8-00207802C01C}',NULL)       
INSERT INTO ToolOptionSet VALUES ('{E777AC60-9D97-11D5-96F8-00207802C01C}','16777218','{E777AC70-9D97-11D5-96F8-00207802C01C}',NULL)       
INSERT INTO ToolOptionSet VALUES ('{E777AC60-9D97-11D5-96F8-00207802C01C}','16777218','{E777AC85-9D97-11D5-96F8-00207802C01C}',NULL)        
INSERT INTO ToolOptionSet VALUES ('{E777AC60-9D97-11D5-96F8-00207802C01C}','16777218','{E777AC86-9D97-11D5-96F8-00207802C01C}',NULL)       
	//MFC DLL Release settings
INSERT INTO ToolOptionSet VALUES ('{E777AC60-9D97-11D5-96F8-00207802C01C}','33554448','{E777AC7D-9D97-11D5-96F8-00207802C01C}',NULL)       
INSERT INTO ToolOptionSet VALUES ('{E777AC60-9D97-11D5-96F8-00207802C01C}','33554448','{E777AC81-9D97-11D5-96F8-00207802C01C}',NULL)       
INSERT INTO ToolOptionSet VALUES ('{E777AC60-9D97-11D5-96F8-00207802C01C}','33554448','{E777AC6E-9D97-11D5-96F8-00207802C01C}',NULL)       
INSERT INTO ToolOptionSet VALUES ('{E777AC60-9D97-11D5-96F8-00207802C01C}','33554448','{E777AC71-9D97-11D5-96F8-00207802C01C}',NULL)       
INSERT INTO ToolOptionSet VALUES ('{E777AC60-9D97-11D5-96F8-00207802C01C}','33554448','{E777AC75-9D97-11D5-96F8-00207802C01C}',NULL)       
INSERT INTO ToolOptionSet VALUES ('{E777AC60-9D97-11D5-96F8-00207802C01C}','33554448','{E777AC70-9D97-11D5-96F8-00207802C01C}',NULL)       
INSERT INTO ToolOptionSet VALUES ('{E777AC60-9D97-11D5-96F8-00207802C01C}','33554448','{E777AC73-9D97-11D5-96F8-00207802C01C}',NULL)      
INSERT INTO ToolOptionSet VALUES ('{E777AC60-9D97-11D5-96F8-00207802C01C}','33554448','{E777AC85-9D97-11D5-96F8-00207802C01C}',NULL)        
INSERT INTO ToolOptionSet VALUES ('{E777AC60-9D97-11D5-96F8-00207802C01C}','33554448','{E777AC86-9D97-11D5-96F8-00207802C01C}',NULL)        
	// DLL Debug settings
INSERT INTO ToolOptionSet VALUES ('{E777AC60-9D97-11D5-96F8-00207802C01C}','33554688','{E777AC76-9D97-11D5-96F8-00207802C01C}',NULL)       
INSERT INTO ToolOptionSet VALUES ('{E777AC60-9D97-11D5-96F8-00207802C01C}','33554688','{E777AC78-9D97-11D5-96F8-00207802C01C}',NULL)       
INSERT INTO ToolOptionSet VALUES ('{E777AC60-9D97-11D5-96F8-00207802C01C}','33554688','{E777AC79-9D97-11D5-96F8-00207802C01C}',NULL)       
INSERT INTO ToolOptionSet VALUES ('{E777AC60-9D97-11D5-96F8-00207802C01C}','33554688','{E777AC6F-9D97-11D5-96F8-00207802C01C}',NULL)       
INSERT INTO ToolOptionSet VALUES ('{E777AC60-9D97-11D5-96F8-00207802C01C}','33554688','{E777AC71-9D97-11D5-96F8-00207802C01C}',NULL)       
INSERT INTO ToolOptionSet VALUES ('{E777AC60-9D97-11D5-96F8-00207802C01C}','33554688','{E777AC72-9D97-11D5-96F8-00207802C01C}',NULL)       
INSERT INTO ToolOptionSet VALUES ('{E777AC60-9D97-11D5-96F8-00207802C01C}','33554688','{E777AC85-9D97-11D5-96F8-00207802C01C}',NULL)        
INSERT INTO ToolOptionSet VALUES ('{E777AC60-9D97-11D5-96F8-00207802C01C}','33554688','{E777AC86-9D97-11D5-96F8-00207802C01C}',NULL)        
	// ATL DLL Debug settings
INSERT INTO ToolOptionSet VALUES ('{E777AC60-9D97-11D5-96F8-00207802C01C}','33554689','{E777AC76-9D97-11D5-96F8-00207802C01C}',NULL)       
INSERT INTO ToolOptionSet VALUES ('{E777AC60-9D97-11D5-96F8-00207802C01C}','33554689','{E777AC79-9D97-11D5-96F8-00207802C01C}',NULL)       
INSERT INTO ToolOptionSet VALUES ('{E777AC60-9D97-11D5-96F8-00207802C01C}','33554689','{E777AC80-9D97-11D5-96F8-00207802C01C}',NULL)       
INSERT INTO ToolOptionSet VALUES ('{E777AC60-9D97-11D5-96F8-00207802C01C}','33554689','{E777AC81-9D97-11D5-96F8-00207802C01C}',NULL)       
INSERT INTO ToolOptionSet VALUES ('{E777AC60-9D97-11D5-96F8-00207802C01C}','33554689','{E777AC6F-9D97-11D5-96F8-00207802C01C}',NULL)       
INSERT INTO ToolOptionSet VALUES ('{E777AC60-9D97-11D5-96F8-00207802C01C}','33554689','{E777AC71-9D97-11D5-96F8-00207802C01C}',NULL)       
INSERT INTO ToolOptionSet VALUES ('{E777AC60-9D97-11D5-96F8-00207802C01C}','33554689','{E777AC72-9D97-11D5-96F8-00207802C01C}',NULL)       
INSERT INTO ToolOptionSet VALUES ('{E777AC60-9D97-11D5-96F8-00207802C01C}','33554689','{E777AC85-9D97-11D5-96F8-00207802C01C}',NULL)        
INSERT INTO ToolOptionSet VALUES ('{E777AC60-9D97-11D5-96F8-00207802C01C}','33554689','{E777AC86-9D97-11D5-96F8-00207802C01C}',NULL)        
	// ATL EXE Debug Settings
INSERT INTO ToolOptionSet VALUES ('{E777AC60-9D97-11D5-96F8-00207802C01C}','16777473','{E777AC76-9D97-11D5-96F8-00207802C01C}',NULL)       
INSERT INTO ToolOptionSet VALUES ('{E777AC60-9D97-11D5-96F8-00207802C01C}','16777473','{E777AC77-9D97-11D5-96F8-00207802C01C}',NULL)       	
INSERT INTO ToolOptionSet VALUES ('{E777AC60-9D97-11D5-96F8-00207802C01C}','16777473','{E777AC81-9D97-11D5-96F8-00207802C01C}',NULL)       
INSERT INTO ToolOptionSet VALUES ('{E777AC60-9D97-11D5-96F8-00207802C01C}','16777473','{E777AC6F-9D97-11D5-96F8-00207802C01C}',NULL)       
INSERT INTO ToolOptionSet VALUES ('{E777AC60-9D97-11D5-96F8-00207802C01C}','16777473','{E777AC71-9D97-11D5-96F8-00207802C01C}',NULL)       
INSERT INTO ToolOptionSet VALUES ('{E777AC60-9D97-11D5-96F8-00207802C01C}','16777473','{E777AC72-9D97-11D5-96F8-00207802C01C}',NULL)       
INSERT INTO ToolOptionSet VALUES ('{E777AC60-9D97-11D5-96F8-00207802C01C}','16777473','{E777AC85-9D97-11D5-96F8-00207802C01C}',NULL)        
INSERT INTO ToolOptionSet VALUES ('{E777AC60-9D97-11D5-96F8-00207802C01C}','16777473','{E777AC86-9D97-11D5-96F8-00207802C01C}',NULL)        
	// MFC DLL Debug settings
INSERT INTO ToolOptionSet VALUES ('{E777AC60-9D97-11D5-96F8-00207802C01C}','33554704','{E777AC76-9D97-11D5-96F8-00207802C01C}',NULL)       
INSERT INTO ToolOptionSet VALUES ('{E777AC60-9D97-11D5-96F8-00207802C01C}','33554704','{E777AC79-9D97-11D5-96F8-00207802C01C}',NULL)       
INSERT INTO ToolOptionSet VALUES ('{E777AC60-9D97-11D5-96F8-00207802C01C}','33554704','{E777AC81-9D97-11D5-96F8-00207802C01C}',NULL)       
INSERT INTO ToolOptionSet VALUES ('{E777AC60-9D97-11D5-96F8-00207802C01C}','33554704','{E777AC6F-9D97-11D5-96F8-00207802C01C}',NULL)       
INSERT INTO ToolOptionSet VALUES ('{E777AC60-9D97-11D5-96F8-00207802C01C}','33554704','{E777AC71-9D97-11D5-96F8-00207802C01C}',NULL)       
INSERT INTO ToolOptionSet VALUES ('{E777AC60-9D97-11D5-96F8-00207802C01C}','33554704','{E777AC72-9D97-11D5-96F8-00207802C01C}',NULL)       
INSERT INTO ToolOptionSet VALUES ('{E777AC60-9D97-11D5-96F8-00207802C01C}','33554704','{E777AC73-9D97-11D5-96F8-00207802C01C}',NULL)      
INSERT INTO ToolOptionSet VALUES ('{E777AC60-9D97-11D5-96F8-00207802C01C}','33554704','{E777AC85-9D97-11D5-96F8-00207802C01C}',NULL)        
INSERT INTO ToolOptionSet VALUES ('{E777AC60-9D97-11D5-96F8-00207802C01C}','33554704','{E777AC86-9D97-11D5-96F8-00207802C01C}',NULL)        
	// MFC ActiveX Control release settings
INSERT INTO ToolOptionSet VALUES ('{E777AC60-9D97-11D5-96F8-00207802C01C}','33558544','{E777AC7D-9D97-11D5-96F8-00207802C01C}',NULL)       
INSERT INTO ToolOptionSet VALUES ('{E777AC60-9D97-11D5-96F8-00207802C01C}','33558544','{E777AC81-9D97-11D5-96F8-00207802C01C}',NULL)       
INSERT INTO ToolOptionSet VALUES ('{E777AC60-9D97-11D5-96F8-00207802C01C}','33558544','{E777AC84-9D97-11D5-96F8-00207802C01C}',NULL)       
INSERT INTO ToolOptionSet VALUES ('{E777AC60-9D97-11D5-96F8-00207802C01C}','33558544','{E777AC6E-9D97-11D5-96F8-00207802C01C}',NULL)       
INSERT INTO ToolOptionSet VALUES ('{E777AC60-9D97-11D5-96F8-00207802C01C}','33558544','{E777AC71-9D97-11D5-96F8-00207802C01C}',NULL)       
INSERT INTO ToolOptionSet VALUES ('{E777AC60-9D97-11D5-96F8-00207802C01C}','33558544','{E777AC75-9D97-11D5-96F8-00207802C01C}',NULL)       
INSERT INTO ToolOptionSet VALUES ('{E777AC60-9D97-11D5-96F8-00207802C01C}','33558544','{E777AC70-9D97-11D5-96F8-00207802C01C}',NULL)       
INSERT INTO ToolOptionSet VALUES ('{E777AC60-9D97-11D5-96F8-00207802C01C}','33558544','{E777AC73-9D97-11D5-96F8-00207802C01C}',NULL)      
INSERT INTO ToolOptionSet VALUES ('{E777AC60-9D97-11D5-96F8-00207802C01C}','33558544','{E777AC85-9D97-11D5-96F8-00207802C01C}',NULL)        
INSERT INTO ToolOptionSet VALUES ('{E777AC60-9D97-11D5-96F8-00207802C01C}','33558544','{E777AC86-9D97-11D5-96F8-00207802C01C}',NULL)        
	// MFC ActiveX Control debug settings
INSERT INTO ToolOptionSet VALUES ('{E777AC60-9D97-11D5-96F8-00207802C01C}','33558800','{E777AC76-9D97-11D5-96F8-00207802C01C}',NULL)       
INSERT INTO ToolOptionSet VALUES ('{E777AC60-9D97-11D5-96F8-00207802C01C}','33558800','{E777AC79-9D97-11D5-96F8-00207802C01C}',NULL)       
INSERT INTO ToolOptionSet VALUES ('{E777AC60-9D97-11D5-96F8-00207802C01C}','33558800','{E777AC81-9D97-11D5-96F8-00207802C01C}',NULL)       
INSERT INTO ToolOptionSet VALUES ('{E777AC60-9D97-11D5-96F8-00207802C01C}','33558800','{E777AC84-9D97-11D5-96F8-00207802C01C}',NULL)       
INSERT INTO ToolOptionSet VALUES ('{E777AC60-9D97-11D5-96F8-00207802C01C}','33558800','{E777AC6F-9D97-11D5-96F8-00207802C01C}',NULL)       
INSERT INTO ToolOptionSet VALUES ('{E777AC60-9D97-11D5-96F8-00207802C01C}','33558800','{E777AC71-9D97-11D5-96F8-00207802C01C}',NULL)       
INSERT INTO ToolOptionSet VALUES ('{E777AC60-9D97-11D5-96F8-00207802C01C}','33558800','{E777AC72-9D97-11D5-96F8-00207802C01C}',NULL)       
INSERT INTO ToolOptionSet VALUES ('{E777AC60-9D97-11D5-96F8-00207802C01C}','33558800','{E777AC73-9D97-11D5-96F8-00207802C01C}',NULL)      
INSERT INTO ToolOptionSet VALUES ('{E777AC60-9D97-11D5-96F8-00207802C01C}','33558800','{E777AC85-9D97-11D5-96F8-00207802C01C}',NULL)        
INSERT INTO ToolOptionSet VALUES ('{E777AC60-9D97-11D5-96F8-00207802C01C}','33558800','{E777AC86-9D97-11D5-96F8-00207802C01C}',NULL)        
	// Concole application release settings
INSERT INTO ToolOptionSet VALUES ('{E777AC60-9D97-11D5-96F8-00207802C01C}','50331648','{E777AC78-9D97-11D5-96F8-00207802C01C}',NULL)       
INSERT INTO ToolOptionSet VALUES ('{E777AC60-9D97-11D5-96F8-00207802C01C}','50331648','{E777AC7E-9D97-11D5-96F8-00207802C01C}',NULL)       
INSERT INTO ToolOptionSet VALUES ('{E777AC60-9D97-11D5-96F8-00207802C01C}','50331648','{E777AC6E-9D97-11D5-96F8-00207802C01C}',NULL)       
INSERT INTO ToolOptionSet VALUES ('{E777AC60-9D97-11D5-96F8-00207802C01C}','50331648','{E777AC71-9D97-11D5-96F8-00207802C01C}',NULL)       
INSERT INTO ToolOptionSet VALUES ('{E777AC60-9D97-11D5-96F8-00207802C01C}','50331648','{E777AC75-9D97-11D5-96F8-00207802C01C}',NULL)       
INSERT INTO ToolOptionSet VALUES ('{E777AC60-9D97-11D5-96F8-00207802C01C}','50331648','{E777AC70-9D97-11D5-96F8-00207802C01C}',NULL)       
INSERT INTO ToolOptionSet VALUES ('{E777AC60-9D97-11D5-96F8-00207802C01C}','50331648','{E777AC85-9D97-11D5-96F8-00207802C01C}',NULL)        
INSERT INTO ToolOptionSet VALUES ('{E777AC60-9D97-11D5-96F8-00207802C01C}','50331648','{E777AC86-9D97-11D5-96F8-00207802C01C}',NULL)        
	// Concole application debug settings
INSERT INTO ToolOptionSet VALUES ('{E777AC60-9D97-11D5-96F8-00207802C01C}','50331904','{E777AC76-9D97-11D5-96F8-00207802C01C}',NULL)       
INSERT INTO ToolOptionSet VALUES ('{E777AC60-9D97-11D5-96F8-00207802C01C}','50331904','{E777AC78-9D97-11D5-96F8-00207802C01C}',NULL)       
INSERT INTO ToolOptionSet VALUES ('{E777AC60-9D97-11D5-96F8-00207802C01C}','50331904','{E777AC7A-9D97-11D5-96F8-00207802C01C}',NULL)       
INSERT INTO ToolOptionSet VALUES ('{E777AC60-9D97-11D5-96F8-00207802C01C}','50331904','{E777AC6F-9D97-11D5-96F8-00207802C01C}',NULL)       
INSERT INTO ToolOptionSet VALUES ('{E777AC60-9D97-11D5-96F8-00207802C01C}','50331904','{E777AC71-9D97-11D5-96F8-00207802C01C}',NULL)       
INSERT INTO ToolOptionSet VALUES ('{E777AC60-9D97-11D5-96F8-00207802C01C}','50331904','{E777AC72-9D97-11D5-96F8-00207802C01C}',NULL)       
INSERT INTO ToolOptionSet VALUES ('{E777AC60-9D97-11D5-96F8-00207802C01C}','50331904','{E777AC85-9D97-11D5-96F8-00207802C01C}',NULL)        
INSERT INTO ToolOptionSet VALUES ('{E777AC60-9D97-11D5-96F8-00207802C01C}','50331904','{E777AC86-9D97-11D5-96F8-00207802C01C}',NULL)        
	// Static Library release settings
INSERT INTO ToolOptionSet VALUES ('{E777AC60-9D97-11D5-96F8-00207802C01C}','67108864','{E777AC78-9D97-11D5-96F8-00207802C01C}',NULL)       
INSERT INTO ToolOptionSet VALUES ('{E777AC60-9D97-11D5-96F8-00207802C01C}','67108864','{E777AC7F-9D97-11D5-96F8-00207802C01C}',NULL)       
INSERT INTO ToolOptionSet VALUES ('{E777AC60-9D97-11D5-96F8-00207802C01C}','67108864','{E777AC6E-9D97-11D5-96F8-00207802C01C}',NULL)       
INSERT INTO ToolOptionSet VALUES ('{E777AC60-9D97-11D5-96F8-00207802C01C}','67108864','{E777AC71-9D97-11D5-96F8-00207802C01C}',NULL)       
INSERT INTO ToolOptionSet VALUES ('{E777AC60-9D97-11D5-96F8-00207802C01C}','67108864','{E777AC75-9D97-11D5-96F8-00207802C01C}',NULL)       
INSERT INTO ToolOptionSet VALUES ('{E777AC60-9D97-11D5-96F8-00207802C01C}','67108864','{E777AC70-9D97-11D5-96F8-00207802C01C}',NULL)       
INSERT INTO ToolOptionSet VALUES ('{E777AC60-9D97-11D5-96F8-00207802C01C}','67108864','{E777AC85-9D97-11D5-96F8-00207802C01C}',NULL)        
INSERT INTO ToolOptionSet VALUES ('{E777AC60-9D97-11D5-96F8-00207802C01C}','67108864','{E777AC86-9D97-11D5-96F8-00207802C01C}',NULL)        
	// Static Library debug settings
INSERT INTO ToolOptionSet VALUES ('{E777AC60-9D97-11D5-96F8-00207802C01C}','67109120','{E777AC76-9D97-11D5-96F8-00207802C01C}',NULL)       
INSERT INTO ToolOptionSet VALUES ('{E777AC60-9D97-11D5-96F8-00207802C01C}','67109120','{E777AC78-9D97-11D5-96F8-00207802C01C}',NULL)       
INSERT INTO ToolOptionSet VALUES ('{E777AC60-9D97-11D5-96F8-00207802C01C}','67109120','{E777AC7B-9D97-11D5-96F8-00207802C01C}',NULL)       
INSERT INTO ToolOptionSet VALUES ('{E777AC60-9D97-11D5-96F8-00207802C01C}','67109120','{E777AC6F-9D97-11D5-96F8-00207802C01C}',NULL)       
INSERT INTO ToolOptionSet VALUES ('{E777AC60-9D97-11D5-96F8-00207802C01C}','67109120','{E777AC71-9D97-11D5-96F8-00207802C01C}',NULL)       
INSERT INTO ToolOptionSet VALUES ('{E777AC60-9D97-11D5-96F8-00207802C01C}','67109120','{E777AC72-9D97-11D5-96F8-00207802C01C}',NULL)       
INSERT INTO ToolOptionSet VALUES ('{E777AC60-9D97-11D5-96F8-00207802C01C}','67109120','{E777AC85-9D97-11D5-96F8-00207802C01C}',NULL) 
INSERT INTO ToolOptionSet VALUES ('{E777AC60-9D97-11D5-96F8-00207802C01C}','67109120','{E777AC86-9D97-11D5-96F8-00207802C01C}',NULL) 

// LINK MIPSII
	//EXE Release settings
INSERT INTO ToolOptionSet VALUES ('{E777AC61-9D97-11D5-96F8-00207802C01C}','16777216','{E777AC8F-9D97-11D5-96F8-00207802C01C}',NULL)       
INSERT INTO ToolOptionSet VALUES ('{E777AC61-9D97-11D5-96F8-00207802C01C}','16777216','{E777AC99-9D97-11D5-96F8-00207802C01C}',NULL)       
INSERT INTO ToolOptionSet VALUES ('{E777AC61-9D97-11D5-96F8-00207802C01C}','16777216','{E777AC9B-9D97-11D5-96F8-00207802C01C}',NULL)       
INSERT INTO ToolOptionSet VALUES ('{E777AC61-9D97-11D5-96F8-00207802C01C}','16777216','{E777AC8B-9D97-11D5-96F8-00207802C01C}',NULL)       
INSERT INTO ToolOptionSet VALUES ('{E777AC61-9D97-11D5-96F8-00207802C01C}','16777216','{E777AC8A-9D97-11D5-96F8-00207802C01C}',NULL)       
INSERT INTO ToolOptionSet VALUES ('{E777AC61-9D97-11D5-96F8-00207802C01C}','16777216','{E777AC89-9D97-11D5-96F8-00207802C01C}',NULL)       
INSERT INTO ToolOptionSet VALUES ('{E777AC61-9D97-11D5-96F8-00207802C01C}','16777216','{E777AC8E-9D97-11D5-96F8-00207802C01C}',NULL)      
	//MFC EXE Release settings 
INSERT INTO ToolOptionSet VALUES ('{E777AC61-9D97-11D5-96F8-00207802C01C}','16777232','{E777AC98-9D97-11D5-96F8-00207802C01C}',NULL)       
INSERT INTO ToolOptionSet VALUES ('{E777AC61-9D97-11D5-96F8-00207802C01C}','16777232','{E777ACA1-9D97-11D5-96F8-00207802C01C}',NULL)       
INSERT INTO ToolOptionSet VALUES ('{E777AC61-9D97-11D5-96F8-00207802C01C}','16777232','{E777AC8B-9D97-11D5-96F8-00207802C01C}',NULL)       
INSERT INTO ToolOptionSet VALUES ('{E777AC61-9D97-11D5-96F8-00207802C01C}','16777232','{E777AC8A-9D97-11D5-96F8-00207802C01C}',NULL)       
INSERT INTO ToolOptionSet VALUES ('{E777AC61-9D97-11D5-96F8-00207802C01C}','16777232','{E777AC89-9D97-11D5-96F8-00207802C01C}',NULL)       
INSERT INTO ToolOptionSet VALUES ('{E777AC61-9D97-11D5-96F8-00207802C01C}','16777232','{E777AC8E-9D97-11D5-96F8-00207802C01C}',NULL)      
	// EXE Debug settings
INSERT INTO ToolOptionSet VALUES ('{E777AC61-9D97-11D5-96F8-00207802C01C}','16777472','{E777AC8F-9D97-11D5-96F8-00207802C01C}',NULL)       
INSERT INTO ToolOptionSet VALUES ('{E777AC61-9D97-11D5-96F8-00207802C01C}','16777472','{E777AC90-9D97-11D5-96F8-00207802C01C}',NULL)       
INSERT INTO ToolOptionSet VALUES ('{E777AC61-9D97-11D5-96F8-00207802C01C}','16777472','{E777AC91-9D97-11D5-96F8-00207802C01C}',NULL)       
INSERT INTO ToolOptionSet VALUES ('{E777AC61-9D97-11D5-96F8-00207802C01C}','16777472','{E777AC92-9D97-11D5-96F8-00207802C01C}',NULL)       
INSERT INTO ToolOptionSet VALUES ('{E777AC61-9D97-11D5-96F8-00207802C01C}','16777472','{E777AC8B-9D97-11D5-96F8-00207802C01C}',NULL)       
INSERT INTO ToolOptionSet VALUES ('{E777AC61-9D97-11D5-96F8-00207802C01C}','16777472','{E777AC8A-9D97-11D5-96F8-00207802C01C}',NULL)       
INSERT INTO ToolOptionSet VALUES ('{E777AC61-9D97-11D5-96F8-00207802C01C}','16777472','{E777AC89-9D97-11D5-96F8-00207802C01C}',NULL)       
INSERT INTO ToolOptionSet VALUES ('{E777AC61-9D97-11D5-96F8-00207802C01C}','16777472','{E777AC8D-9D97-11D5-96F8-00207802C01C}',NULL)      
	//MFC EXE Debug settings
INSERT INTO ToolOptionSet VALUES ('{E777AC61-9D97-11D5-96F8-00207802C01C}','16777488','{E777AC96-9D97-11D5-96F8-00207802C01C}',NULL)       
INSERT INTO ToolOptionSet VALUES ('{E777AC61-9D97-11D5-96F8-00207802C01C}','16777488','{E777AC98-9D97-11D5-96F8-00207802C01C}',NULL)       
INSERT INTO ToolOptionSet VALUES ('{E777AC61-9D97-11D5-96F8-00207802C01C}','16777488','{E777AC8B-9D97-11D5-96F8-00207802C01C}',NULL)       
INSERT INTO ToolOptionSet VALUES ('{E777AC61-9D97-11D5-96F8-00207802C01C}','16777488','{E777AC8A-9D97-11D5-96F8-00207802C01C}',NULL)       
INSERT INTO ToolOptionSet VALUES ('{E777AC61-9D97-11D5-96F8-00207802C01C}','16777488','{E777AC89-9D97-11D5-96F8-00207802C01C}',NULL)       
INSERT INTO ToolOptionSet VALUES ('{E777AC61-9D97-11D5-96F8-00207802C01C}','16777488','{E777AC8D-9D97-11D5-96F8-00207802C01C}',NULL)      
	//DLL Release settings
INSERT INTO ToolOptionSet VALUES ('{E777AC61-9D97-11D5-96F8-00207802C01C}','33554432','{E777AC8F-9D97-11D5-96F8-00207802C01C}',NULL)       
INSERT INTO ToolOptionSet VALUES ('{E777AC61-9D97-11D5-96F8-00207802C01C}','33554432','{E777AC9B-9D97-11D5-96F8-00207802C01C}',NULL)       
INSERT INTO ToolOptionSet VALUES ('{E777AC61-9D97-11D5-96F8-00207802C01C}','33554432','{E777AC9C-9D97-11D5-96F8-00207802C01C}',NULL)       
INSERT INTO ToolOptionSet VALUES ('{E777AC61-9D97-11D5-96F8-00207802C01C}','33554432','{E777AC8C-9D97-11D5-96F8-00207802C01C}',NULL)       
INSERT INTO ToolOptionSet VALUES ('{E777AC61-9D97-11D5-96F8-00207802C01C}','33554432','{E777AC8A-9D97-11D5-96F8-00207802C01C}',NULL)       
INSERT INTO ToolOptionSet VALUES ('{E777AC61-9D97-11D5-96F8-00207802C01C}','33554432','{E777AC89-9D97-11D5-96F8-00207802C01C}',NULL)       
INSERT INTO ToolOptionSet VALUES ('{E777AC61-9D97-11D5-96F8-00207802C01C}','33554432','{E777AC8E-9D97-11D5-96F8-00207802C01C}',NULL)      
	//ATL DLL Release MinSize settings
INSERT INTO ToolOptionSet VALUES ('{E777AC61-9D97-11D5-96F8-00207802C01C}','33554433','{E777AC9C-9D97-11D5-96F8-00207802C01C}',NULL)       
INSERT INTO ToolOptionSet VALUES ('{E777AC61-9D97-11D5-96F8-00207802C01C}','33554433','{E777ACA2-9D97-11D5-96F8-00207802C01C}',NULL)       
INSERT INTO ToolOptionSet VALUES ('{E777AC61-9D97-11D5-96F8-00207802C01C}','33554433','{E777AC8C-9D97-11D5-96F8-00207802C01C}',NULL)       
INSERT INTO ToolOptionSet VALUES ('{E777AC61-9D97-11D5-96F8-00207802C01C}','33554433','{E777AC8A-9D97-11D5-96F8-00207802C01C}',NULL)       
INSERT INTO ToolOptionSet VALUES ('{E777AC61-9D97-11D5-96F8-00207802C01C}','33554433','{E777AC89-9D97-11D5-96F8-00207802C01C}',NULL)       
INSERT INTO ToolOptionSet VALUES ('{E777AC61-9D97-11D5-96F8-00207802C01C}','33554433','{E777AC8E-9D97-11D5-96F8-00207802C01C}',NULL)      
	//ATL DLL Release MinDep settings
INSERT INTO ToolOptionSet VALUES ('{E777AC61-9D97-11D5-96F8-00207802C01C}','33554434','{E777AC9C-9D97-11D5-96F8-00207802C01C}',NULL)       
INSERT INTO ToolOptionSet VALUES ('{E777AC61-9D97-11D5-96F8-00207802C01C}','33554434','{E777ACA2-9D97-11D5-96F8-00207802C01C}',NULL)       
INSERT INTO ToolOptionSet VALUES ('{E777AC61-9D97-11D5-96F8-00207802C01C}','33554434','{E777AC8C-9D97-11D5-96F8-00207802C01C}',NULL)       
INSERT INTO ToolOptionSet VALUES ('{E777AC61-9D97-11D5-96F8-00207802C01C}','33554434','{E777AC8A-9D97-11D5-96F8-00207802C01C}',NULL)       
INSERT INTO ToolOptionSet VALUES ('{E777AC61-9D97-11D5-96F8-00207802C01C}','33554434','{E777AC89-9D97-11D5-96F8-00207802C01C}',NULL)       
INSERT INTO ToolOptionSet VALUES ('{E777AC61-9D97-11D5-96F8-00207802C01C}','33554434','{E777AC8E-9D97-11D5-96F8-00207802C01C}',NULL)      
	// ATL EXE Release MinSize Settings
INSERT INTO ToolOptionSet VALUES ('{E777AC61-9D97-11D5-96F8-00207802C01C}','16777217','{E777AC99-9D97-11D5-96F8-00207802C01C}',NULL)       
INSERT INTO ToolOptionSet VALUES ('{E777AC61-9D97-11D5-96F8-00207802C01C}','16777217','{E777ACA2-9D97-11D5-96F8-00207802C01C}',NULL)       
INSERT INTO ToolOptionSet VALUES ('{E777AC61-9D97-11D5-96F8-00207802C01C}','16777217','{E777AC8B-9D97-11D5-96F8-00207802C01C}',NULL)       
INSERT INTO ToolOptionSet VALUES ('{E777AC61-9D97-11D5-96F8-00207802C01C}','16777217','{E777AC8A-9D97-11D5-96F8-00207802C01C}',NULL)       
INSERT INTO ToolOptionSet VALUES ('{E777AC61-9D97-11D5-96F8-00207802C01C}','16777217','{E777AC89-9D97-11D5-96F8-00207802C01C}',NULL)       
INSERT INTO ToolOptionSet VALUES ('{E777AC61-9D97-11D5-96F8-00207802C01C}','16777217','{E777AC8E-9D97-11D5-96F8-00207802C01C}',NULL)      
	// ATL EXE Release MinDep Settings                                   
INSERT INTO ToolOptionSet VALUES ('{E777AC61-9D97-11D5-96F8-00207802C01C}','16777218','{E777AC99-9D97-11D5-96F8-00207802C01C}',NULL)       
INSERT INTO ToolOptionSet VALUES ('{E777AC61-9D97-11D5-96F8-00207802C01C}','16777218','{E777ACA2-9D97-11D5-96F8-00207802C01C}',NULL)       
INSERT INTO ToolOptionSet VALUES ('{E777AC61-9D97-11D5-96F8-00207802C01C}','16777218','{E777AC8B-9D97-11D5-96F8-00207802C01C}',NULL)       
INSERT INTO ToolOptionSet VALUES ('{E777AC61-9D97-11D5-96F8-00207802C01C}','16777218','{E777AC8A-9D97-11D5-96F8-00207802C01C}',NULL)       
INSERT INTO ToolOptionSet VALUES ('{E777AC61-9D97-11D5-96F8-00207802C01C}','16777218','{E777AC89-9D97-11D5-96F8-00207802C01C}',NULL)       
INSERT INTO ToolOptionSet VALUES ('{E777AC61-9D97-11D5-96F8-00207802C01C}','16777218','{E777AC8E-9D97-11D5-96F8-00207802C01C}',NULL)      
	//MFC DLL Release settings
INSERT INTO ToolOptionSet VALUES ('{E777AC61-9D97-11D5-96F8-00207802C01C}','33554448','{E777AC9C-9D97-11D5-96F8-00207802C01C}',NULL)       
INSERT INTO ToolOptionSet VALUES ('{E777AC61-9D97-11D5-96F8-00207802C01C}','33554448','{E777ACA2-9D97-11D5-96F8-00207802C01C}',NULL)       
INSERT INTO ToolOptionSet VALUES ('{E777AC61-9D97-11D5-96F8-00207802C01C}','33554448','{E777AC8C-9D97-11D5-96F8-00207802C01C}',NULL)       
INSERT INTO ToolOptionSet VALUES ('{E777AC61-9D97-11D5-96F8-00207802C01C}','33554448','{E777AC8A-9D97-11D5-96F8-00207802C01C}',NULL)       
INSERT INTO ToolOptionSet VALUES ('{E777AC61-9D97-11D5-96F8-00207802C01C}','33554448','{E777AC89-9D97-11D5-96F8-00207802C01C}',NULL)       
INSERT INTO ToolOptionSet VALUES ('{E777AC61-9D97-11D5-96F8-00207802C01C}','33554448','{E777AC8E-9D97-11D5-96F8-00207802C01C}',NULL)      
	// DLL Debug settings
INSERT INTO ToolOptionSet VALUES ('{E777AC61-9D97-11D5-96F8-00207802C01C}','33554688','{E777AC8F-9D97-11D5-96F8-00207802C01C}',NULL)       
INSERT INTO ToolOptionSet VALUES ('{E777AC61-9D97-11D5-96F8-00207802C01C}','33554688','{E777AC90-9D97-11D5-96F8-00207802C01C}',NULL)       
INSERT INTO ToolOptionSet VALUES ('{E777AC61-9D97-11D5-96F8-00207802C01C}','33554688','{E777AC92-9D97-11D5-96F8-00207802C01C}',NULL)       
INSERT INTO ToolOptionSet VALUES ('{E777AC61-9D97-11D5-96F8-00207802C01C}','33554688','{E777AC93-9D97-11D5-96F8-00207802C01C}',NULL)       
INSERT INTO ToolOptionSet VALUES ('{E777AC61-9D97-11D5-96F8-00207802C01C}','33554688','{E777AC8C-9D97-11D5-96F8-00207802C01C}',NULL)       
INSERT INTO ToolOptionSet VALUES ('{E777AC61-9D97-11D5-96F8-00207802C01C}','33554688','{E777AC8A-9D97-11D5-96F8-00207802C01C}',NULL)       
INSERT INTO ToolOptionSet VALUES ('{E777AC61-9D97-11D5-96F8-00207802C01C}','33554688','{E777AC89-9D97-11D5-96F8-00207802C01C}',NULL)       
INSERT INTO ToolOptionSet VALUES ('{E777AC61-9D97-11D5-96F8-00207802C01C}','33554688','{E777AC8D-9D97-11D5-96F8-00207802C01C}',NULL)      
	// ATL DLL Debug settings
INSERT INTO ToolOptionSet VALUES ('{E777AC61-9D97-11D5-96F8-00207802C01C}','33554689','{E777AC93-9D97-11D5-96F8-00207802C01C}',NULL)       
INSERT INTO ToolOptionSet VALUES ('{E777AC61-9D97-11D5-96F8-00207802C01C}','33554689','{E777AC97-9D97-11D5-96F8-00207802C01C}',NULL)       
INSERT INTO ToolOptionSet VALUES ('{E777AC61-9D97-11D5-96F8-00207802C01C}','33554689','{E777ACA2-9D97-11D5-96F8-00207802C01C}',NULL)       
INSERT INTO ToolOptionSet VALUES ('{E777AC61-9D97-11D5-96F8-00207802C01C}','33554689','{E777AC8C-9D97-11D5-96F8-00207802C01C}',NULL)       
INSERT INTO ToolOptionSet VALUES ('{E777AC61-9D97-11D5-96F8-00207802C01C}','33554689','{E777AC8A-9D97-11D5-96F8-00207802C01C}',NULL)       
INSERT INTO ToolOptionSet VALUES ('{E777AC61-9D97-11D5-96F8-00207802C01C}','33554689','{E777AC89-9D97-11D5-96F8-00207802C01C}',NULL)       
INSERT INTO ToolOptionSet VALUES ('{E777AC61-9D97-11D5-96F8-00207802C01C}','33554689','{E777AC8D-9D97-11D5-96F8-00207802C01C}',NULL)      
	// ATL EXE Debug Settings
INSERT INTO ToolOptionSet VALUES ('{E777AC61-9D97-11D5-96F8-00207802C01C}','16777473','{E777AC91-9D97-11D5-96F8-00207802C01C}',NULL)       	
INSERT INTO ToolOptionSet VALUES ('{E777AC61-9D97-11D5-96F8-00207802C01C}','16777473','{E777AC97-9D97-11D5-96F8-00207802C01C}',NULL)       	
INSERT INTO ToolOptionSet VALUES ('{E777AC61-9D97-11D5-96F8-00207802C01C}','16777473','{E777ACA2-9D97-11D5-96F8-00207802C01C}',NULL)       	
INSERT INTO ToolOptionSet VALUES ('{E777AC61-9D97-11D5-96F8-00207802C01C}','16777473','{E777AC8B-9D97-11D5-96F8-00207802C01C}',NULL)       
INSERT INTO ToolOptionSet VALUES ('{E777AC61-9D97-11D5-96F8-00207802C01C}','16777473','{E777AC8A-9D97-11D5-96F8-00207802C01C}',NULL)       
INSERT INTO ToolOptionSet VALUES ('{E777AC61-9D97-11D5-96F8-00207802C01C}','16777473','{E777AC89-9D97-11D5-96F8-00207802C01C}',NULL)       
INSERT INTO ToolOptionSet VALUES ('{E777AC61-9D97-11D5-96F8-00207802C01C}','16777473','{E777AC8D-9D97-11D5-96F8-00207802C01C}',NULL)      
	// MFC DLL Debug settings
INSERT INTO ToolOptionSet VALUES ('{E777AC61-9D97-11D5-96F8-00207802C01C}','33554704','{E777AC93-9D97-11D5-96F8-00207802C01C}',NULL)       
INSERT INTO ToolOptionSet VALUES ('{E777AC61-9D97-11D5-96F8-00207802C01C}','33554704','{E777AC97-9D97-11D5-96F8-00207802C01C}',NULL)       
INSERT INTO ToolOptionSet VALUES ('{E777AC61-9D97-11D5-96F8-00207802C01C}','33554704','{E777ACA2-9D97-11D5-96F8-00207802C01C}',NULL)       
INSERT INTO ToolOptionSet VALUES ('{E777AC61-9D97-11D5-96F8-00207802C01C}','33554704','{E777AC8C-9D97-11D5-96F8-00207802C01C}',NULL)       
INSERT INTO ToolOptionSet VALUES ('{E777AC61-9D97-11D5-96F8-00207802C01C}','33554704','{E777AC8A-9D97-11D5-96F8-00207802C01C}',NULL)       
INSERT INTO ToolOptionSet VALUES ('{E777AC61-9D97-11D5-96F8-00207802C01C}','33554704','{E777AC89-9D97-11D5-96F8-00207802C01C}',NULL)       
INSERT INTO ToolOptionSet VALUES ('{E777AC61-9D97-11D5-96F8-00207802C01C}','33554704','{E777AC8D-9D97-11D5-96F8-00207802C01C}',NULL)      
	// MFC ActiveX Control release settings
INSERT INTO ToolOptionSet VALUES ('{E777AC61-9D97-11D5-96F8-00207802C01C}','33558544','{E777AC9C-9D97-11D5-96F8-00207802C01C}',NULL)       
INSERT INTO ToolOptionSet VALUES ('{E777AC61-9D97-11D5-96F8-00207802C01C}','33558544','{E777ACA2-9D97-11D5-96F8-00207802C01C}',NULL)       
INSERT INTO ToolOptionSet VALUES ('{E777AC61-9D97-11D5-96F8-00207802C01C}','33558544','{E777AC8C-9D97-11D5-96F8-00207802C01C}',NULL)       
INSERT INTO ToolOptionSet VALUES ('{E777AC61-9D97-11D5-96F8-00207802C01C}','33558544','{E777AC8A-9D97-11D5-96F8-00207802C01C}',NULL)       
INSERT INTO ToolOptionSet VALUES ('{E777AC61-9D97-11D5-96F8-00207802C01C}','33558544','{E777AC89-9D97-11D5-96F8-00207802C01C}',NULL)       
INSERT INTO ToolOptionSet VALUES ('{E777AC61-9D97-11D5-96F8-00207802C01C}','33558544','{E777AC8E-9D97-11D5-96F8-00207802C01C}',NULL)      
	// MFC ActiveX Control debug settings
INSERT INTO ToolOptionSet VALUES ('{E777AC61-9D97-11D5-96F8-00207802C01C}','33558800','{E777AC93-9D97-11D5-96F8-00207802C01C}',NULL)       
INSERT INTO ToolOptionSet VALUES ('{E777AC61-9D97-11D5-96F8-00207802C01C}','33558800','{E777AC97-9D97-11D5-96F8-00207802C01C}',NULL)       
INSERT INTO ToolOptionSet VALUES ('{E777AC61-9D97-11D5-96F8-00207802C01C}','33558800','{E777ACA2-9D97-11D5-96F8-00207802C01C}',NULL)       
INSERT INTO ToolOptionSet VALUES ('{E777AC61-9D97-11D5-96F8-00207802C01C}','33558800','{E777AC8C-9D97-11D5-96F8-00207802C01C}',NULL)       
INSERT INTO ToolOptionSet VALUES ('{E777AC61-9D97-11D5-96F8-00207802C01C}','33558800','{E777AC8A-9D97-11D5-96F8-00207802C01C}',NULL)       
INSERT INTO ToolOptionSet VALUES ('{E777AC61-9D97-11D5-96F8-00207802C01C}','33558800','{E777AC89-9D97-11D5-96F8-00207802C01C}',NULL)       
INSERT INTO ToolOptionSet VALUES ('{E777AC61-9D97-11D5-96F8-00207802C01C}','33558800','{E777AC8D-9D97-11D5-96F8-00207802C01C}',NULL)      
	// Concole application release settings
INSERT INTO ToolOptionSet VALUES ('{E777AC61-9D97-11D5-96F8-00207802C01C}','50331648','{E777AC8F-9D97-11D5-96F8-00207802C01C}',NULL)       
INSERT INTO ToolOptionSet VALUES ('{E777AC61-9D97-11D5-96F8-00207802C01C}','50331648','{E777AC94-9D97-11D5-96F8-00207802C01C}',NULL)       
INSERT INTO ToolOptionSet VALUES ('{E777AC61-9D97-11D5-96F8-00207802C01C}','50331648','{E777AC9E-9D97-11D5-96F8-00207802C01C}',NULL)       
INSERT INTO ToolOptionSet VALUES ('{E777AC61-9D97-11D5-96F8-00207802C01C}','50331648','{E777AC8B-9D97-11D5-96F8-00207802C01C}',NULL)       
INSERT INTO ToolOptionSet VALUES ('{E777AC61-9D97-11D5-96F8-00207802C01C}','50331648','{E777AC8A-9D97-11D5-96F8-00207802C01C}',NULL)       
INSERT INTO ToolOptionSet VALUES ('{E777AC61-9D97-11D5-96F8-00207802C01C}','50331648','{E777AC89-9D97-11D5-96F8-00207802C01C}',NULL)       
INSERT INTO ToolOptionSet VALUES ('{E777AC61-9D97-11D5-96F8-00207802C01C}','50331648','{E777AC8E-9D97-11D5-96F8-00207802C01C}',NULL)      
	// Concole application debug settings
INSERT INTO ToolOptionSet VALUES ('{E777AC61-9D97-11D5-96F8-00207802C01C}','50331904','{E777AC8F-9D97-11D5-96F8-00207802C01C}',NULL)       
INSERT INTO ToolOptionSet VALUES ('{E777AC61-9D97-11D5-96F8-00207802C01C}','50331904','{E777AC90-9D97-11D5-96F8-00207802C01C}',NULL)       
INSERT INTO ToolOptionSet VALUES ('{E777AC61-9D97-11D5-96F8-00207802C01C}','50331904','{E777AC94-9D97-11D5-96F8-00207802C01C}',NULL)       
INSERT INTO ToolOptionSet VALUES ('{E777AC61-9D97-11D5-96F8-00207802C01C}','50331904','{E777AC95-9D97-11D5-96F8-00207802C01C}',NULL)       
INSERT INTO ToolOptionSet VALUES ('{E777AC61-9D97-11D5-96F8-00207802C01C}','50331904','{E777AC8B-9D97-11D5-96F8-00207802C01C}',NULL)       
INSERT INTO ToolOptionSet VALUES ('{E777AC61-9D97-11D5-96F8-00207802C01C}','50331904','{E777AC8A-9D97-11D5-96F8-00207802C01C}',NULL)       
INSERT INTO ToolOptionSet VALUES ('{E777AC61-9D97-11D5-96F8-00207802C01C}','50331904','{E777AC89-9D97-11D5-96F8-00207802C01C}',NULL)       
INSERT INTO ToolOptionSet VALUES ('{E777AC61-9D97-11D5-96F8-00207802C01C}','50331904','{E777AC8D-9D97-11D5-96F8-00207802C01C}',NULL)      


// VCRC MIPSII
	//EXE Release settings
INSERT INTO ToolOptionSet VALUES ('{E777AC62-9D97-11D5-96F8-00207802C01C}','16777216','{E777ACAF-9D97-11D5-96F8-00207802C01C}',NULL)       
INSERT INTO ToolOptionSet VALUES ('{E777AC62-9D97-11D5-96F8-00207802C01C}','16777216','{E777ACB3-9D97-11D5-96F8-00207802C01C}',NULL)        
INSERT INTO ToolOptionSet VALUES ('{E777AC62-9D97-11D5-96F8-00207802C01C}','16777216','{E777ACB0-9D97-11D5-96F8-00207802C01C}',NULL)       
INSERT INTO ToolOptionSet VALUES ('{E777AC62-9D97-11D5-96F8-00207802C01C}','16777216','{E777ACB1-9D97-11D5-96F8-00207802C01C}',NULL)        
INSERT INTO ToolOptionSet VALUES ('{E777AC62-9D97-11D5-96F8-00207802C01C}','16777216','{E777ACB2-9D97-11D5-96F8-00207802C01C}',NULL)        
	//MFC EXE Release settings 
INSERT INTO ToolOptionSet VALUES ('{E777AC62-9D97-11D5-96F8-00207802C01C}','16777232','{E777ACAF-9D97-11D5-96F8-00207802C01C}',NULL)       
INSERT INTO ToolOptionSet VALUES ('{E777AC62-9D97-11D5-96F8-00207802C01C}','16777232','{E777ACB3-9D97-11D5-96F8-00207802C01C}',NULL)        
INSERT INTO ToolOptionSet VALUES ('{E777AC62-9D97-11D5-96F8-00207802C01C}','16777232','{E777ACB0-9D97-11D5-96F8-00207802C01C}',NULL)       
INSERT INTO ToolOptionSet VALUES ('{E777AC62-9D97-11D5-96F8-00207802C01C}','16777232','{E777ACB1-9D97-11D5-96F8-00207802C01C}',NULL)        
INSERT INTO ToolOptionSet VALUES ('{E777AC62-9D97-11D5-96F8-00207802C01C}','16777232','{E777ACB2-9D97-11D5-96F8-00207802C01C}',NULL)        
	// EXE Debug settings
INSERT INTO ToolOptionSet VALUES ('{E777AC62-9D97-11D5-96F8-00207802C01C}','16777472','{E777ACAF-9D97-11D5-96F8-00207802C01C}',NULL)       
INSERT INTO ToolOptionSet VALUES ('{E777AC62-9D97-11D5-96F8-00207802C01C}','16777472','{E777ACB3-9D97-11D5-96F8-00207802C01C}',NULL)        
INSERT INTO ToolOptionSet VALUES ('{E777AC62-9D97-11D5-96F8-00207802C01C}','16777472','{E777ACAE-9D97-11D5-96F8-00207802C01C}',NULL)       
INSERT INTO ToolOptionSet VALUES ('{E777AC62-9D97-11D5-96F8-00207802C01C}','16777472','{E777ACB1-9D97-11D5-96F8-00207802C01C}',NULL)        
INSERT INTO ToolOptionSet VALUES ('{E777AC62-9D97-11D5-96F8-00207802C01C}','16777472','{E777ACB2-9D97-11D5-96F8-00207802C01C}',NULL)        
	//MFC EXE Debug settings
INSERT INTO ToolOptionSet VALUES ('{E777AC62-9D97-11D5-96F8-00207802C01C}','16777488','{E777ACAF-9D97-11D5-96F8-00207802C01C}',NULL)       
INSERT INTO ToolOptionSet VALUES ('{E777AC62-9D97-11D5-96F8-00207802C01C}','16777488','{E777ACB3-9D97-11D5-96F8-00207802C01C}',NULL)        
INSERT INTO ToolOptionSet VALUES ('{E777AC62-9D97-11D5-96F8-00207802C01C}','16777488','{E777ACAE-9D97-11D5-96F8-00207802C01C}',NULL)       
INSERT INTO ToolOptionSet VALUES ('{E777AC62-9D97-11D5-96F8-00207802C01C}','16777488','{E777ACB1-9D97-11D5-96F8-00207802C01C}',NULL)        
INSERT INTO ToolOptionSet VALUES ('{E777AC62-9D97-11D5-96F8-00207802C01C}','16777488','{E777ACB2-9D97-11D5-96F8-00207802C01C}',NULL)        
	//DLL Release settings
INSERT INTO ToolOptionSet VALUES ('{E777AC62-9D97-11D5-96F8-00207802C01C}','33554432','{E777ACAF-9D97-11D5-96F8-00207802C01C}',NULL)       
INSERT INTO ToolOptionSet VALUES ('{E777AC62-9D97-11D5-96F8-00207802C01C}','33554432','{E777ACB3-9D97-11D5-96F8-00207802C01C}',NULL)        
INSERT INTO ToolOptionSet VALUES ('{E777AC62-9D97-11D5-96F8-00207802C01C}','33554432','{E777ACB0-9D97-11D5-96F8-00207802C01C}',NULL)       
INSERT INTO ToolOptionSet VALUES ('{E777AC62-9D97-11D5-96F8-00207802C01C}','33554432','{E777ACB1-9D97-11D5-96F8-00207802C01C}',NULL)        
INSERT INTO ToolOptionSet VALUES ('{E777AC62-9D97-11D5-96F8-00207802C01C}','33554432','{E777ACB2-9D97-11D5-96F8-00207802C01C}',NULL)        
	//ATL DLL Release MinSize settings
INSERT INTO ToolOptionSet VALUES ('{E777AC62-9D97-11D5-96F8-00207802C01C}','33554433','{E777ACAF-9D97-11D5-96F8-00207802C01C}',NULL)       
INSERT INTO ToolOptionSet VALUES ('{E777AC62-9D97-11D5-96F8-00207802C01C}','33554433','{E777ACB3-9D97-11D5-96F8-00207802C01C}',NULL)        
INSERT INTO ToolOptionSet VALUES ('{E777AC62-9D97-11D5-96F8-00207802C01C}','33554433','{E777ACB0-9D97-11D5-96F8-00207802C01C}',NULL)       
INSERT INTO ToolOptionSet VALUES ('{E777AC62-9D97-11D5-96F8-00207802C01C}','33554433','{E777ACB1-9D97-11D5-96F8-00207802C01C}',NULL)        
INSERT INTO ToolOptionSet VALUES ('{E777AC62-9D97-11D5-96F8-00207802C01C}','33554433','{E777ACB2-9D97-11D5-96F8-00207802C01C}',NULL)        
	//ATL DLL Release MinDep settings
INSERT INTO ToolOptionSet VALUES ('{E777AC62-9D97-11D5-96F8-00207802C01C}','33554434','{E777ACAF-9D97-11D5-96F8-00207802C01C}',NULL)       
INSERT INTO ToolOptionSet VALUES ('{E777AC62-9D97-11D5-96F8-00207802C01C}','33554434','{E777ACB3-9D97-11D5-96F8-00207802C01C}',NULL)        
INSERT INTO ToolOptionSet VALUES ('{E777AC62-9D97-11D5-96F8-00207802C01C}','33554434','{E777ACB0-9D97-11D5-96F8-00207802C01C}',NULL)       
INSERT INTO ToolOptionSet VALUES ('{E777AC62-9D97-11D5-96F8-00207802C01C}','33554434','{E777ACB1-9D97-11D5-96F8-00207802C01C}',NULL)        
INSERT INTO ToolOptionSet VALUES ('{E777AC62-9D97-11D5-96F8-00207802C01C}','33554434','{E777ACB2-9D97-11D5-96F8-00207802C01C}',NULL)        
	// ATL EXE Release MinSize Settings
INSERT INTO ToolOptionSet VALUES ('{E777AC62-9D97-11D5-96F8-00207802C01C}','16777217','{E777ACAF-9D97-11D5-96F8-00207802C01C}',NULL)       
INSERT INTO ToolOptionSet VALUES ('{E777AC62-9D97-11D5-96F8-00207802C01C}','16777217','{E777ACB3-9D97-11D5-96F8-00207802C01C}',NULL)        
INSERT INTO ToolOptionSet VALUES ('{E777AC62-9D97-11D5-96F8-00207802C01C}','16777217','{E777ACB0-9D97-11D5-96F8-00207802C01C}',NULL)       
INSERT INTO ToolOptionSet VALUES ('{E777AC62-9D97-11D5-96F8-00207802C01C}','16777217','{E777ACB1-9D97-11D5-96F8-00207802C01C}',NULL)        
INSERT INTO ToolOptionSet VALUES ('{E777AC62-9D97-11D5-96F8-00207802C01C}','16777217','{E777ACB2-9D97-11D5-96F8-00207802C01C}',NULL)        
	// ATL EXE Release MinDep Settings                                   
INSERT INTO ToolOptionSet VALUES ('{E777AC62-9D97-11D5-96F8-00207802C01C}','16777218','{E777ACAF-9D97-11D5-96F8-00207802C01C}',NULL)       
INSERT INTO ToolOptionSet VALUES ('{E777AC62-9D97-11D5-96F8-00207802C01C}','16777218','{E777ACB3-9D97-11D5-96F8-00207802C01C}',NULL)        
INSERT INTO ToolOptionSet VALUES ('{E777AC62-9D97-11D5-96F8-00207802C01C}','16777218','{E777ACB0-9D97-11D5-96F8-00207802C01C}',NULL)       
INSERT INTO ToolOptionSet VALUES ('{E777AC62-9D97-11D5-96F8-00207802C01C}','16777218','{E777ACB1-9D97-11D5-96F8-00207802C01C}',NULL)        
INSERT INTO ToolOptionSet VALUES ('{E777AC62-9D97-11D5-96F8-00207802C01C}','16777218','{E777ACB2-9D97-11D5-96F8-00207802C01C}',NULL)        
	//MFC DLL Release settings
INSERT INTO ToolOptionSet VALUES ('{E777AC62-9D97-11D5-96F8-00207802C01C}','33554448','{E777ACAF-9D97-11D5-96F8-00207802C01C}',NULL)       
INSERT INTO ToolOptionSet VALUES ('{E777AC62-9D97-11D5-96F8-00207802C01C}','33554448','{E777ACB3-9D97-11D5-96F8-00207802C01C}',NULL)        
INSERT INTO ToolOptionSet VALUES ('{E777AC62-9D97-11D5-96F8-00207802C01C}','33554448','{E777ACB0-9D97-11D5-96F8-00207802C01C}',NULL)       
INSERT INTO ToolOptionSet VALUES ('{E777AC62-9D97-11D5-96F8-00207802C01C}','33554448','{E777ACB1-9D97-11D5-96F8-00207802C01C}',NULL)        
INSERT INTO ToolOptionSet VALUES ('{E777AC62-9D97-11D5-96F8-00207802C01C}','33554448','{E777ACB2-9D97-11D5-96F8-00207802C01C}',NULL)        
	// DLL Debug settings
INSERT INTO ToolOptionSet VALUES ('{E777AC62-9D97-11D5-96F8-00207802C01C}','33554688','{E777ACAF-9D97-11D5-96F8-00207802C01C}',NULL)       
INSERT INTO ToolOptionSet VALUES ('{E777AC62-9D97-11D5-96F8-00207802C01C}','33554688','{E777ACB3-9D97-11D5-96F8-00207802C01C}',NULL)        
INSERT INTO ToolOptionSet VALUES ('{E777AC62-9D97-11D5-96F8-00207802C01C}','33554688','{E777ACAE-9D97-11D5-96F8-00207802C01C}',NULL)       
INSERT INTO ToolOptionSet VALUES ('{E777AC62-9D97-11D5-96F8-00207802C01C}','33554688','{E777ACB1-9D97-11D5-96F8-00207802C01C}',NULL)        
INSERT INTO ToolOptionSet VALUES ('{E777AC62-9D97-11D5-96F8-00207802C01C}','33554688','{E777ACB2-9D97-11D5-96F8-00207802C01C}',NULL)        
	// ATL DLL Debug settings
INSERT INTO ToolOptionSet VALUES ('{E777AC62-9D97-11D5-96F8-00207802C01C}','33554689','{E777ACAF-9D97-11D5-96F8-00207802C01C}',NULL)       
INSERT INTO ToolOptionSet VALUES ('{E777AC62-9D97-11D5-96F8-00207802C01C}','33554689','{E777ACB3-9D97-11D5-96F8-00207802C01C}',NULL)        
INSERT INTO ToolOptionSet VALUES ('{E777AC62-9D97-11D5-96F8-00207802C01C}','33554689','{E777ACAE-9D97-11D5-96F8-00207802C01C}',NULL)       
INSERT INTO ToolOptionSet VALUES ('{E777AC62-9D97-11D5-96F8-00207802C01C}','33554689','{E777ACB1-9D97-11D5-96F8-00207802C01C}',NULL)        
INSERT INTO ToolOptionSet VALUES ('{E777AC62-9D97-11D5-96F8-00207802C01C}','33554689','{E777ACB2-9D97-11D5-96F8-00207802C01C}',NULL)        
	// ATL EXE Debug Settings
INSERT INTO ToolOptionSet VALUES ('{E777AC62-9D97-11D5-96F8-00207802C01C}','16777473','{E777ACAF-9D97-11D5-96F8-00207802C01C}',NULL)       
INSERT INTO ToolOptionSet VALUES ('{E777AC62-9D97-11D5-96F8-00207802C01C}','16777473','{E777ACB3-9D97-11D5-96F8-00207802C01C}',NULL)        
INSERT INTO ToolOptionSet VALUES ('{E777AC62-9D97-11D5-96F8-00207802C01C}','16777473','{E777ACAE-9D97-11D5-96F8-00207802C01C}',NULL)       
INSERT INTO ToolOptionSet VALUES ('{E777AC62-9D97-11D5-96F8-00207802C01C}','16777473','{E777ACB1-9D97-11D5-96F8-00207802C01C}',NULL)        
INSERT INTO ToolOptionSet VALUES ('{E777AC62-9D97-11D5-96F8-00207802C01C}','16777473','{E777ACB2-9D97-11D5-96F8-00207802C01C}',NULL)        
	// MFC DLL Debug settings
INSERT INTO ToolOptionSet VALUES ('{E777AC62-9D97-11D5-96F8-00207802C01C}','33554704','{E777ACAF-9D97-11D5-96F8-00207802C01C}',NULL)       
INSERT INTO ToolOptionSet VALUES ('{E777AC62-9D97-11D5-96F8-00207802C01C}','33554704','{E777ACB3-9D97-11D5-96F8-00207802C01C}',NULL)        
INSERT INTO ToolOptionSet VALUES ('{E777AC62-9D97-11D5-96F8-00207802C01C}','33554704','{E777ACAE-9D97-11D5-96F8-00207802C01C}',NULL)       
INSERT INTO ToolOptionSet VALUES ('{E777AC62-9D97-11D5-96F8-00207802C01C}','33554704','{E777ACB1-9D97-11D5-96F8-00207802C01C}',NULL)        
INSERT INTO ToolOptionSet VALUES ('{E777AC62-9D97-11D5-96F8-00207802C01C}','33554704','{E777ACB2-9D97-11D5-96F8-00207802C01C}',NULL)        
	// MFC ActiveX Control release settings
INSERT INTO ToolOptionSet VALUES ('{E777AC62-9D97-11D5-96F8-00207802C01C}','33558544','{E777ACAF-9D97-11D5-96F8-00207802C01C}',NULL)       
INSERT INTO ToolOptionSet VALUES ('{E777AC62-9D97-11D5-96F8-00207802C01C}','33558544','{E777ACB3-9D97-11D5-96F8-00207802C01C}',NULL)        
INSERT INTO ToolOptionSet VALUES ('{E777AC62-9D97-11D5-96F8-00207802C01C}','33558544','{E777ACB0-9D97-11D5-96F8-00207802C01C}',NULL)       
INSERT INTO ToolOptionSet VALUES ('{E777AC62-9D97-11D5-96F8-00207802C01C}','33558544','{E777ACB1-9D97-11D5-96F8-00207802C01C}',NULL)        
INSERT INTO ToolOptionSet VALUES ('{E777AC62-9D97-11D5-96F8-00207802C01C}','33558544','{E777ACB2-9D97-11D5-96F8-00207802C01C}',NULL)        
	// MFC ActiveX Control debug settings
INSERT INTO ToolOptionSet VALUES ('{E777AC62-9D97-11D5-96F8-00207802C01C}','33558800','{E777ACAF-9D97-11D5-96F8-00207802C01C}',NULL)       
INSERT INTO ToolOptionSet VALUES ('{E777AC62-9D97-11D5-96F8-00207802C01C}','33558800','{E777ACB3-9D97-11D5-96F8-00207802C01C}',NULL)        
INSERT INTO ToolOptionSet VALUES ('{E777AC62-9D97-11D5-96F8-00207802C01C}','33558800','{E777ACAE-9D97-11D5-96F8-00207802C01C}',NULL)       
INSERT INTO ToolOptionSet VALUES ('{E777AC62-9D97-11D5-96F8-00207802C01C}','33558800','{E777ACB1-9D97-11D5-96F8-00207802C01C}',NULL)        
INSERT INTO ToolOptionSet VALUES ('{E777AC62-9D97-11D5-96F8-00207802C01C}','33558800','{E777ACB2-9D97-11D5-96F8-00207802C01C}',NULL)        
	// Concole application release settings
INSERT INTO ToolOptionSet VALUES ('{E777AC62-9D97-11D5-96F8-00207802C01C}','50331648','{E777ACB3-9D97-11D5-96F8-00207802C01C}',NULL)        
INSERT INTO ToolOptionSet VALUES ('{E777AC62-9D97-11D5-96F8-00207802C01C}','50331648','{E777ACB0-9D97-11D5-96F8-00207802C01C}',NULL)       
INSERT INTO ToolOptionSet VALUES ('{E777AC62-9D97-11D5-96F8-00207802C01C}','50331648','{E777ACB1-9D97-11D5-96F8-00207802C01C}',NULL)        
INSERT INTO ToolOptionSet VALUES ('{E777AC62-9D97-11D5-96F8-00207802C01C}','50331648','{E777ACB2-9D97-11D5-96F8-00207802C01C}',NULL)        
	// Concole application debug settings
INSERT INTO ToolOptionSet VALUES ('{E777AC62-9D97-11D5-96F8-00207802C01C}','50331904','{E777ACAF-9D97-11D5-96F8-00207802C01C}',NULL)       
INSERT INTO ToolOptionSet VALUES ('{E777AC62-9D97-11D5-96F8-00207802C01C}','50331904','{E777ACB3-9D97-11D5-96F8-00207802C01C}',NULL)        
INSERT INTO ToolOptionSet VALUES ('{E777AC62-9D97-11D5-96F8-00207802C01C}','50331904','{E777ACAE-9D97-11D5-96F8-00207802C01C}',NULL)       
INSERT INTO ToolOptionSet VALUES ('{E777AC62-9D97-11D5-96F8-00207802C01C}','50331904','{E777ACB1-9D97-11D5-96F8-00207802C01C}',NULL)        
INSERT INTO ToolOptionSet VALUES ('{E777AC62-9D97-11D5-96F8-00207802C01C}','50331904','{E777ACB2-9D97-11D5-96F8-00207802C01C}',NULL)        
	// Static Library release settings   
INSERT INTO ToolOptionSet VALUES ('{E777AC62-9D97-11D5-96F8-00207802C01C}','67108864','{E777ACB3-9D97-11D5-96F8-00207802C01C}',NULL)        
INSERT INTO ToolOptionSet VALUES ('{E777AC62-9D97-11D5-96F8-00207802C01C}','67108864','{E777ACB1-9D97-11D5-96F8-00207802C01C}',NULL)        
INSERT INTO ToolOptionSet VALUES ('{E777AC62-9D97-11D5-96F8-00207802C01C}','67108864','{E777ACB2-9D97-11D5-96F8-00207802C01C}',NULL)        
	// Static Library debug settings
INSERT INTO ToolOptionSet VALUES ('{E777AC62-9D97-11D5-96F8-00207802C01C}','67109120','{E777ACB3-9D97-11D5-96F8-00207802C01C}',NULL) 
INSERT INTO ToolOptionSet VALUES ('{E777AC62-9D97-11D5-96F8-00207802C01C}','67109120','{E777ACB1-9D97-11D5-96F8-00207802C01C}',NULL) 
INSERT INTO ToolOptionSet VALUES ('{E777AC62-9D97-11D5-96F8-00207802C01C}','67109120','{E777ACB2-9D97-11D5-96F8-00207802C01C}',NULL) 

				
// MIDL MIPSII
	//EXE Release settings
INSERT INTO ToolOptionSet VALUES ('{E777AC63-9D97-11D5-96F8-00207802C01C}','16777216','{E777ACAB-9D97-11D5-96F8-00207802C01C}',NULL)       
INSERT INTO ToolOptionSet VALUES ('{E777AC63-9D97-11D5-96F8-00207802C01C}','16777216','{E777ACAD-9D97-11D5-96F8-00207802C01C}',NULL)       
	//MFC EXE Release settings 
INSERT INTO ToolOptionSet VALUES ('{E777AC63-9D97-11D5-96F8-00207802C01C}','16777232','{E777ACAB-9D97-11D5-96F8-00207802C01C}',NULL)       
INSERT INTO ToolOptionSet VALUES ('{E777AC63-9D97-11D5-96F8-00207802C01C}','16777232','{E777ACAD-9D97-11D5-96F8-00207802C01C}',NULL)       
	// EXE Debug settings
INSERT INTO ToolOptionSet VALUES ('{E777AC63-9D97-11D5-96F8-00207802C01C}','16777472','{E777ACAB-9D97-11D5-96F8-00207802C01C}',NULL)       
INSERT INTO ToolOptionSet VALUES ('{E777AC63-9D97-11D5-96F8-00207802C01C}','16777472','{E777ACAC-9D97-11D5-96F8-00207802C01C}',NULL)       
	//MFC EXE Debug settings
INSERT INTO ToolOptionSet VALUES ('{E777AC63-9D97-11D5-96F8-00207802C01C}','16777488','{E777ACAB-9D97-11D5-96F8-00207802C01C}',NULL)       
INSERT INTO ToolOptionSet VALUES ('{E777AC63-9D97-11D5-96F8-00207802C01C}','16777488','{E777ACAC-9D97-11D5-96F8-00207802C01C}',NULL)       
	//DLL Release settings
INSERT INTO ToolOptionSet VALUES ('{E777AC63-9D97-11D5-96F8-00207802C01C}','33554432','{E777ACAB-9D97-11D5-96F8-00207802C01C}',NULL)       
INSERT INTO ToolOptionSet VALUES ('{E777AC63-9D97-11D5-96F8-00207802C01C}','33554432','{E777ACAD-9D97-11D5-96F8-00207802C01C}',NULL)       
	//ATL DLL Release MinSize settings
INSERT INTO ToolOptionSet VALUES ('{E777AC63-9D97-11D5-96F8-00207802C01C}','33554433','{E777ACAB-9D97-11D5-96F8-00207802C01C}',NULL)       
INSERT INTO ToolOptionSet VALUES ('{E777AC63-9D97-11D5-96F8-00207802C01C}','33554433','{E777ACAD-9D97-11D5-96F8-00207802C01C}',NULL)       
	//ATL DLL Release MinDep settings
INSERT INTO ToolOptionSet VALUES ('{E777AC63-9D97-11D5-96F8-00207802C01C}','33554434','{E777ACAB-9D97-11D5-96F8-00207802C01C}',NULL)       
INSERT INTO ToolOptionSet VALUES ('{E777AC63-9D97-11D5-96F8-00207802C01C}','33554434','{E777ACAD-9D97-11D5-96F8-00207802C01C}',NULL)       
	// ATL EXE Release MinSize Settings
INSERT INTO ToolOptionSet VALUES ('{E777AC63-9D97-11D5-96F8-00207802C01C}','16777217','{E777ACAB-9D97-11D5-96F8-00207802C01C}',NULL)       
INSERT INTO ToolOptionSet VALUES ('{E777AC63-9D97-11D5-96F8-00207802C01C}','16777217','{E777ACAD-9D97-11D5-96F8-00207802C01C}',NULL)       
	// ATL EXE Release MinDep Settings                                   
INSERT INTO ToolOptionSet VALUES ('{E777AC63-9D97-11D5-96F8-00207802C01C}','16777218','{E777ACAB-9D97-11D5-96F8-00207802C01C}',NULL)       
INSERT INTO ToolOptionSet VALUES ('{E777AC63-9D97-11D5-96F8-00207802C01C}','16777218','{E777ACAD-9D97-11D5-96F8-00207802C01C}',NULL)       
	//MFC DLL Release settings
INSERT INTO ToolOptionSet VALUES ('{E777AC63-9D97-11D5-96F8-00207802C01C}','33554448','{E777ACAB-9D97-11D5-96F8-00207802C01C}',NULL)       
INSERT INTO ToolOptionSet VALUES ('{E777AC63-9D97-11D5-96F8-00207802C01C}','33554448','{E777ACAD-9D97-11D5-96F8-00207802C01C}',NULL)       
	// DLL Debug settings
INSERT INTO ToolOptionSet VALUES ('{E777AC63-9D97-11D5-96F8-00207802C01C}','33554688','{E777ACAB-9D97-11D5-96F8-00207802C01C}',NULL)       
INSERT INTO ToolOptionSet VALUES ('{E777AC63-9D97-11D5-96F8-00207802C01C}','33554688','{E777ACAC-9D97-11D5-96F8-00207802C01C}',NULL)       
	// ATL DLL Debug settings
INSERT INTO ToolOptionSet VALUES ('{E777AC63-9D97-11D5-96F8-00207802C01C}','33554689','{E777ACAB-9D97-11D5-96F8-00207802C01C}',NULL)       
INSERT INTO ToolOptionSet VALUES ('{E777AC63-9D97-11D5-96F8-00207802C01C}','33554689','{E777ACAC-9D97-11D5-96F8-00207802C01C}',NULL)       
	// ATL EXE Debug Settings
INSERT INTO ToolOptionSet VALUES ('{E777AC63-9D97-11D5-96F8-00207802C01C}','16777473','{E777ACAB-9D97-11D5-96F8-00207802C01C}',NULL)       
INSERT INTO ToolOptionSet VALUES ('{E777AC63-9D97-11D5-96F8-00207802C01C}','16777473','{E777ACAC-9D97-11D5-96F8-00207802C01C}',NULL)       
	// MFC DLL Debug settings
INSERT INTO ToolOptionSet VALUES ('{E777AC63-9D97-11D5-96F8-00207802C01C}','33554704','{E777ACAB-9D97-11D5-96F8-00207802C01C}',NULL)       
INSERT INTO ToolOptionSet VALUES ('{E777AC63-9D97-11D5-96F8-00207802C01C}','33554704','{E777ACAC-9D97-11D5-96F8-00207802C01C}',NULL)       
	// MFC ActiveX Control release settings
INSERT INTO ToolOptionSet VALUES ('{E777AC63-9D97-11D5-96F8-00207802C01C}','33558544','{E777ACAB-9D97-11D5-96F8-00207802C01C}',NULL)       
INSERT INTO ToolOptionSet VALUES ('{E777AC63-9D97-11D5-96F8-00207802C01C}','33558544','{E777ACAD-9D97-11D5-96F8-00207802C01C}',NULL)       
	// MFC ActiveX Control debug settings
INSERT INTO ToolOptionSet VALUES ('{E777AC63-9D97-11D5-96F8-00207802C01C}','33558800','{E777ACAB-9D97-11D5-96F8-00207802C01C}',NULL)       
INSERT INTO ToolOptionSet VALUES ('{E777AC63-9D97-11D5-96F8-00207802C01C}','33558800','{E777ACAC-9D97-11D5-96F8-00207802C01C}',NULL)       
	// Concole application release settings
INSERT INTO ToolOptionSet VALUES ('{E777AC63-9D97-11D5-96F8-00207802C01C}','50331648','{E777ACAB-9D97-11D5-96F8-00207802C01C}',NULL)       
INSERT INTO ToolOptionSet VALUES ('{E777AC63-9D97-11D5-96F8-00207802C01C}','50331648','{E777ACAD-9D97-11D5-96F8-00207802C01C}',NULL)       
	// Concole application debug settings
INSERT INTO ToolOptionSet VALUES ('{E777AC63-9D97-11D5-96F8-00207802C01C}','50331904','{E777ACAB-9D97-11D5-96F8-00207802C01C}',NULL)       
INSERT INTO ToolOptionSet VALUES ('{E777AC63-9D97-11D5-96F8-00207802C01C}','50331904','{E777ACAC-9D97-11D5-96F8-00207802C01C}',NULL)       

// BSC MIPSII
INSERT INTO ToolOptionSet VALUES ('{E777AC64-9D97-11D5-96F8-00207802C01C}','16777216','{E777ACA9-9D97-11D5-96F8-00207802C01C}',NULL)       
INSERT INTO ToolOptionSet VALUES ('{E777AC64-9D97-11D5-96F8-00207802C01C}','16777232','{E777ACA9-9D97-11D5-96F8-00207802C01C}',NULL)       
INSERT INTO ToolOptionSet VALUES ('{E777AC64-9D97-11D5-96F8-00207802C01C}','16777472','{E777ACA9-9D97-11D5-96F8-00207802C01C}',NULL)       
INSERT INTO ToolOptionSet VALUES ('{E777AC64-9D97-11D5-96F8-00207802C01C}','16777488','{E777ACA9-9D97-11D5-96F8-00207802C01C}',NULL)       
INSERT INTO ToolOptionSet VALUES ('{E777AC64-9D97-11D5-96F8-00207802C01C}','33554432','{E777ACA9-9D97-11D5-96F8-00207802C01C}',NULL)       
INSERT INTO ToolOptionSet VALUES ('{E777AC64-9D97-11D5-96F8-00207802C01C}','33554433','{E777ACAB-9D97-11D5-96F8-00207802C01C}',NULL)       
INSERT INTO ToolOptionSet VALUES ('{E777AC64-9D97-11D5-96F8-00207802C01C}','33554434','{E777ACAB-9D97-11D5-96F8-00207802C01C}',NULL)       
// ATL EXE Release MinSize Settings
INSERT INTO ToolOptionSet VALUES ('{E777AC64-9D97-11D5-96F8-00207802C01C}','16777217','{E777ACAB-9D97-11D5-96F8-00207802C01C}',NULL)                                          
// ATL EXE Release MinDep Settings                                   
INSERT INTO ToolOptionSet VALUES ('{E777AC64-9D97-11D5-96F8-00207802C01C}','16777218','{E777ACAB-9D97-11D5-96F8-00207802C01C}',NULL)       
INSERT INTO ToolOptionSet VALUES ('{E777AC64-9D97-11D5-96F8-00207802C01C}','33554448','{E777ACA9-9D97-11D5-96F8-00207802C01C}',NULL)       
INSERT INTO ToolOptionSet VALUES ('{E777AC64-9D97-11D5-96F8-00207802C01C}','33554688','{E777ACA9-9D97-11D5-96F8-00207802C01C}',NULL)       
INSERT INTO ToolOptionSet VALUES ('{E777AC64-9D97-11D5-96F8-00207802C01C}','33554689','{E777ACAB-9D97-11D5-96F8-00207802C01C}',NULL)       
// ATL EXE Debug Settings
INSERT INTO ToolOptionSet VALUES ('{E777AC64-9D97-11D5-96F8-00207802C01C}','16777473','{E777ACAB-9D97-11D5-96F8-00207802C01C}',NULL)       
INSERT INTO ToolOptionSet VALUES ('{E777AC64-9D97-11D5-96F8-00207802C01C}','33554704','{E777ACA9-9D97-11D5-96F8-00207802C01C}',NULL)       
INSERT INTO ToolOptionSet VALUES ('{E777AC64-9D97-11D5-96F8-00207802C01C}','33558544','{E777ACA9-9D97-11D5-96F8-00207802C01C}',NULL)       
INSERT INTO ToolOptionSet VALUES ('{E777AC64-9D97-11D5-96F8-00207802C01C}','33558800','{E777ACA9-9D97-11D5-96F8-00207802C01C}',NULL)       
INSERT INTO ToolOptionSet VALUES ('{E777AC64-9D97-11D5-96F8-00207802C01C}','50331648','{E777ACA9-9D97-11D5-96F8-00207802C01C}',NULL)       
INSERT INTO ToolOptionSet VALUES ('{E777AC64-9D97-11D5-96F8-00207802C01C}','50331904','{E777ACA9-9D97-11D5-96F8-00207802C01C}',NULL)       
INSERT INTO ToolOptionSet VALUES ('{E777AC64-9D97-11D5-96F8-00207802C01C}','67108864','{E777ACA9-9D97-11D5-96F8-00207802C01C}',NULL)       


// COFF MIPSII
INSERT INTO ToolOptionSet VALUES ('{E777AC65-9D97-11D5-96F8-00207802C01C}','67108864','{E777ACAA-9D97-11D5-96F8-00207802C01C}',NULL)       
INSERT INTO ToolOptionSet VALUES ('{E777AC65-9D97-11D5-96F8-00207802C01C}','67109120','{E777ACAA-9D97-11D5-96F8-00207802C01C}',NULL)       
