/////////////////////////////////   MIPS16  ////////////////////////////////////////

// ******** Vendor  ********
INSERT INTO Vendor VALUES ('{35583C00-7208-11D3-99F3-00105A0DF099}','Microsoft','Microsoft' )
INSERT INTO Vendor VALUES ('{35583C05-7208-11D3-99F3-00105A0DF099}','NEC','NEC' )

// ******** CPUFamily  ********
INSERT INTO CPUFamily VALUES ('{0AA21800-6BCD-11D3-8437-005004848CBA}','MIPS','MIPS family','1','MIPS')  

// ******** IdeFamily  ********
INSERT INTO IDEFamily VALUES ('{FFEF61B6-6C93-11D3-843A-005004848CBA}','MIPS16',NULL,'Win32 (WCE MIPS16)','137','vc60.pdb','MIPS16',FALSE)    

// ******** CPU  ********
INSERT INTO CPU VALUES ('{D6519013-710F-11D3-99F2-00105A0DF099}','{35583C05-7208-11D3-99F3-00105A0DF099}','MIPS16','MipsII 16-bit','{0AA21800-6BCD-11D3-8437-005004848CBA}','{FFEF61B6-6C93-11D3-843A-005004848CBA}','4000','0','0','614','MIPS16' ) 

// ******** PID  ********
INSERT INTO ObjAttr VALUES ('ProductID','{D6519013-710F-11D3-99F2-00105A0DF099}','ProductID','ProductID',2,0,'PID',0)

// ******** Tool  ********
INSERT INTO Tool VALUES ('{A9E51474-6C9A-11D3-843A-005004848CBA}','{35583C00-7208-11D3-99F3-00105A0DF099}','CLMIPS16','MIPS16 source compiler','clmips.exe',NULL )
INSERT INTO Tool VALUES ('{A9E51475-6C9A-11D3-843A-005004848CBA}','{35583C00-7208-11D3-99F3-00105A0DF099}','LINKMIPS16','MIPS16 Linker','link.exe',NULL )
INSERT INTO Tool VALUES ('{A9E51476-6C9A-11D3-843A-005004848CBA}','{35583C00-7208-11D3-99F3-00105A0DF099}','VCRCMIPS16','baseline resource compiler','rc.exe',NULL )
INSERT INTO Tool VALUES ('{A9E51477-6C9A-11D3-843A-005004848CBA}','{35583C00-7208-11D3-99F3-00105A0DF099}','MIDLMIPS16','MIPS16 middle compiler','midl.exe','COMMON\VCCE\BIN' )
INSERT INTO Tool VALUES ('{A9E51478-6C9A-11D3-843A-005004848CBA}','{35583C00-7208-11D3-99F3-00105A0DF099}','BSCMIPS16','MIPS16 browser compiler','bscmake.exe','COMMON\VCCE\BIN' )
INSERT INTO Tool VALUES ('{A9E51479-6C9A-11D3-843A-005004848CBA}','{35583C00-7208-11D3-99F3-00105A0DF099}','COFFMIPS16','MIPS16 coff','link.exe',NULL )
INSERT INTO Tool VALUES ('{EDA934A4-6FBF-11D3-8441-005004848CBA}','{35583C00-7208-11D3-99F3-00105A0DF099}','DBGMIPS16','MIPS16 debugger','odmips16',NULL )
INSERT INTO Tool VALUES ('{220199D3-801C-11D3-8466-005004848CBA}','{35583C00-7208-11D3-99F3-00105A0DF099}','LIBMIPS16','MIPS16 library manager','link.exe',NULL )
INSERT INTO Tool VALUES ('{42CD0028-5AA4-11D3-99E7-00105A0DF099}','{35583C00-7208-11D3-99F3-00105A0DF099}','DBGCEFMIPS16','CEF debugger for MIPS16','odcefmips16',NULL )

// ******** ObjAttr  ********
// DBGMIPS16
INSERT INTO ObjAttr VALUES ('IsEmulation',	'{EDA934A4-6FBF-11D3-8441-005004848CBA}','Emulation','Specifies whether this is for emulation','1','0',NULL,NULL )
INSERT INTO ObjAttr VALUES ('STSupport',		'{EDA934A4-6FBF-11D3-8441-005004848CBA}','ST Support','The type of ST support','1','1',NULL,NULL )
INSERT INTO ObjAttr VALUES ('SupportsATP',	'{EDA934A4-6FBF-11D3-8441-005004848CBA}','Supports ATP','Specifies whether ATP is supported','1','0',NULL,NULL )
INSERT INTO ObjAttr VALUES ('SupportsSINH',	'{EDA934A4-6FBF-11D3-8441-005004848CBA}','Supports SINH','Specifies whether SINH is supported','1','0',NULL,NULL )
INSERT INTO ObjAttr VALUES ('TargetUP',		'{EDA934A4-6FBF-11D3-8441-005004848CBA}','?','Specifies the target UP','1','137',NULL,NULL )
INSERT INTO ObjAttr VALUES ('EE',				'{EDA934A4-6FBF-11D3-8441-005004848CBA}','EE','The EE for this debugger','2','0','EECXXCE',NULL )
INSERT INTO ObjAttr VALUES ('EM',				'{EDA934A4-6FBF-11D3-8441-005004848CBA}','EM','The EM for this debugger','2','0','EMCE',NULL )
INSERT INTO ObjAttr VALUES ('SH',				'{EDA934A4-6FBF-11D3-8441-005004848CBA}','SH','The SH for this debugger','2','0','SHCVCE',NULL )
// CLMIPS16
INSERT INTO ObjAttr VALUES ('Input',	'{A9E51474-6C9A-11D3-843A-005004848CBA}','Input','The extension of files take','2','0','*.c;*.cpp;*.cxx',NULL )
INSERT INTO ObjAttr VALUES ('Prefix','{A9E51474-6C9A-11D3-843A-005004848CBA}','Prefix','The prefix of the tool','2','0','CPP',NULL )
// LINKMIPS16
INSERT INTO ObjAttr VALUES ('Input',	'{A9E51475-6C9A-11D3-843A-005004848CBA}','Input','The extension of files take','2','0','*.obj;*.res;*.lib;*.def;*.rsc',NULL )
INSERT INTO ObjAttr VALUES ('Prefix','{A9E51475-6C9A-11D3-843A-005004848CBA}','Prefix','The prefix of the tool','2','0','LINK32',NULL )
// LIBMIPS16
INSERT INTO ObjAttr VALUES ('Input',	'{220199D3-801C-11D3-8466-005004848CBA}','Input','The extension of files take','2','0','*.obj;*.res;*.lib',NULL )
INSERT INTO ObjAttr VALUES ('Prefix','{220199D3-801C-11D3-8466-005004848CBA}','Prefix','The prefix of the tool','2','0','LIB32',NULL )
// DBGCEFMIPS16
INSERT INTO ObjAttr VALUES ('NativeDebugger','{42CD0028-5AA4-11D3-99E7-00105A0DF099}','DBFMIPS16','MIPS16 native debugger','3','0',NULL,'{EDA934A4-6FBF-11D3-8441-005004848CBA}' )

// ******** OS  ********
INSERT INTO OS VALUES ('{42CA0006-5AA4-11D3-99E7-00105A0DF099}','{35583C00-7208-11D3-99F3-00105A0DF099}','Default','Default','0.00','0','0' )

// ******** Platform  ********
INSERT INTO Platform VALUES ('{8A9A2F80-6887-11D3-842E-005004848CBA}','{35583C00-7208-11D3-99F3-00105A0DF099}','Default','Default','{42CA0006-5AA4-11D3-99E7-00105A0DF099}',NULL,'0','0' )

// ******** ToolEntry  ********
// MIPS16                   // Platform                              // OS                                     // CPU                                   //TOOL                             // Tool Type
INSERT INTO ToolEntry VALUES ('{8A9A2F80-6887-11D3-842E-005004848CBA}','{42CA0006-5AA4-11D3-99E7-00105A0DF099}','{D6519013-710F-11D3-99F2-00105A0DF099}','{A9E51474-6C9A-11D3-843A-005004848CBA}','1' )
INSERT INTO ToolEntry VALUES ('{8A9A2F80-6887-11D3-842E-005004848CBA}','{42CA0006-5AA4-11D3-99E7-00105A0DF099}','{D6519013-710F-11D3-99F2-00105A0DF099}','{A9E51475-6C9A-11D3-843A-005004848CBA}','4' )
INSERT INTO ToolEntry VALUES ('{8A9A2F80-6887-11D3-842E-005004848CBA}','{42CA0006-5AA4-11D3-99E7-00105A0DF099}','{D6519013-710F-11D3-99F2-00105A0DF099}','{A9E51476-6C9A-11D3-843A-005004848CBA}','3' )
INSERT INTO ToolEntry VALUES ('{8A9A2F80-6887-11D3-842E-005004848CBA}','{42CA0006-5AA4-11D3-99E7-00105A0DF099}','{D6519013-710F-11D3-99F2-00105A0DF099}','{A9E51477-6C9A-11D3-843A-005004848CBA}','7' )
INSERT INTO ToolEntry VALUES ('{8A9A2F80-6887-11D3-842E-005004848CBA}','{42CA0006-5AA4-11D3-99E7-00105A0DF099}','{D6519013-710F-11D3-99F2-00105A0DF099}','{A9E51478-6C9A-11D3-843A-005004848CBA}','8' )
INSERT INTO ToolEntry VALUES ('{8A9A2F80-6887-11D3-842E-005004848CBA}','{42CA0006-5AA4-11D3-99E7-00105A0DF099}','{D6519013-710F-11D3-99F2-00105A0DF099}','{A9E51479-6C9A-11D3-843A-005004848CBA}','9' )
INSERT INTO ToolEntry VALUES ('{8A9A2F80-6887-11D3-842E-005004848CBA}','{42CA0006-5AA4-11D3-99E7-00105A0DF099}','{D6519013-710F-11D3-99F2-00105A0DF099}','{EDA934A4-6FBF-11D3-8441-005004848CBA}','2' )
INSERT INTO ToolEntry VALUES ('{8A9A2F80-6887-11D3-842E-005004848CBA}','{42CA0006-5AA4-11D3-99E7-00105A0DF099}','{D6519013-710F-11D3-99F2-00105A0DF099}','{42CD0028-5AA4-11D3-99E7-00105A0DF099}','6' )
INSERT INTO ToolEntry VALUES ('{8A9A2F80-6887-11D3-842E-005004848CBA}','{42CA0006-5AA4-11D3-99E7-00105A0DF099}','{D6519013-710F-11D3-99F2-00105A0DF099}','{220199D3-801C-11D3-8466-005004848CBA}','5' )

// ******** ToolOption  ********
                // CL
INSERT INTO ToolOption VALUES ('{AAE9030D-C95B-11D3-9A06-00105A0DF099}', '{A9E51474-6C9A-11D3-843A-005004848CBA}','DISABLE_CONSTRUCTION_DISPLACEMENT_MIPS16','UI disable construction displacement','2','1001','/vd0',FALSE)
INSERT INTO ToolOption VALUES ('{AAE90317-C95B-11D3-9A06-00105A0DF099}', '{A9E51474-6C9A-11D3-843A-005004848CBA}','GENERAL_PURPOSE_ALWAYS_MIPS16','UI pointer to member presentation method','2','1002','/vmg',FALSE)    
INSERT INTO ToolOption VALUES ('{AAE90321-C95B-11D3-9A06-00105A0DF099}', '{A9E51474-6C9A-11D3-843A-005004848CBA}','PRECOMPILE_HEADER_MIPS16','UI support precompile header','2','1003',NULL,FALSE)         
INSERT INTO ToolOption VALUES ('{AAE902F9-C95B-11D3-9A06-00105A0DF099}', '{A9E51474-6C9A-11D3-843A-005004848CBA}','ASSEMBLY_LISTING_MIPS16','UI configure assembly listing','2','1000','/FA',FALSE)       
INSERT INTO ToolOption VALUES ('{AAE9033D-C95B-11D3-9A06-00105A0DF099}', '{A9E51474-6C9A-11D3-843A-005004848CBA}','MIPS16_MAXIMUM_OPTIMIZATION','maximum opts. (/Ogityb1 /Gs)','2',NULL,'/O2',FALSE)          
INSERT INTO ToolOption VALUES ('{AAE90348-C95B-11D3-9A06-00105A0DF099}', '{A9E51474-6C9A-11D3-843A-005004848CBA}','MIPS16DISABLE_OPTIMIZATIONS','Disables all compiler optimizations','2',NULL,'/Od',FALSE)    
INSERT INTO ToolOption VALUES ('{AAE903B2-C95B-11D3-9A06-00105A0DF099}', '{A9E51474-6C9A-11D3-843A-005004848CBA}','NDEBUG_MIPS16','the NDEBUG define for release prjs','2',NULL,'/D NDEBUG',FALSE)  
INSERT INTO ToolOption VALUES ('{AAE903DD-C95B-11D3-9A06-00105A0DF099}', '{A9E51474-6C9A-11D3-843A-005004848CBA}','CECRTMT_MIPS16','Release Lib Macro','2',NULL,'/M$(CECrtMT)',FALSE) 
INSERT INTO ToolOption VALUES ('{AAE90399-C95B-11D3-9A06-00105A0DF099}', '{A9E51474-6C9A-11D3-843A-005004848CBA}','ATL_STATIC_REGISTRY_MIPS16','Define _ATL_STATIC_REGISTRY','2',NULL,'/D _ATL_STATIC_REGISTRY',FALSE)       
INSERT INTO ToolOption VALUES ('{AAE9019C-C95B-11D3-9A06-00105A0DF099}', '{A9E51474-6C9A-11D3-843A-005004848CBA}','MIPS16_CPLR_DBG','IDS_MIPS16_CPLR_DBG','2','1','/DDEBUG',FALSE) 
INSERT INTO ToolOption VALUES ('{AAE9019D-C95B-11D3-9A06-00105A0DF099}', '{A9E51474-6C9A-11D3-843A-005004848CBA}','MIPS16EXE_CPLR_DBG','IDS_MIPS16EXE_CPLR_DBG','2','1','/Zi /DMIPS /D_MIPS_ /DR4000 /DMIPSII /DMIPS16 /DUNDER_CE=$(CEVersion) /D_WIN32_WCE=$(CEVersion)',FALSE)  
INSERT INTO ToolOption VALUES ('{AAE9019E-C95B-11D3-9A06-00105A0DF099}', '{A9E51474-6C9A-11D3-843A-005004848CBA}','MIPS16_CPLR_COMMON','IDS_MIPS16_CPLR_COMMON','2','1','/c /nologo /QMmips16 /D_WIN32_WCE=$(CEVersion) /D $(CePlatform)',FALSE)  
INSERT INTO ToolOption VALUES ('{AAE90381-C95B-11D3-9A06-00105A0DF099}', '{A9E51474-6C9A-11D3-843A-005004848CBA}','UNICODE_MIPS16','Turn on Unicode','2',NULL,'/D UNICODE /D _UNICODE',FALSE)    
INSERT INTO ToolOption VALUES ('{AAE903E8-C95B-11D3-9A06-00105A0DF099}', '{A9E51474-6C9A-11D3-843A-005004848CBA}','CECRTMTDEBUG_MIPS16','Debug Lib Macro','2',NULL,'/M$(CECrtMTDebug)',FALSE)   
INSERT INTO ToolOption VALUES ('{AAE903F3-C95B-11D3-9A06-00105A0DF099}', '{A9E51474-6C9A-11D3-843A-005004848CBA}','AFXDLL_MIPS16','Define _AFXDLL for dynamic linking to MFC','2',NULL,'/D _AFXDLL',FALSE)    
INSERT INTO ToolOption VALUES ('{AAE901A3-C95B-11D3-9A06-00105A0DF099}', '{A9E51474-6C9A-11D3-843A-005004848CBA}','MIPS16DLL_CPLR_DBG','IDS_MIPS16DLL_CPLR_DBG','2','1','/Zi /DMIPS /D_MIPS_ /DR4000 /DMIPSII /DMIPS16 /DUNDER_CE=$(CEVersion) /D_WIN32_WCE=$(CEVersion)',FALSE)  
INSERT INTO ToolOption VALUES ('{AAE901A6-C95B-11D3-9A06-00105A0DF099}', '{A9E51474-6C9A-11D3-843A-005004848CBA}','MIPS16CON_CPLR_DBG','IDS_MIPS16CON_CPLR_DBG','2','1','/Zi /DMIPS /D_MIPS_ /DR4000 /DMIPSII /DMIPS16 /DUNDER_CE=$(CEVersion) /D_WIN32_WCE=$(CEVersion)',FALSE)  
INSERT INTO ToolOption VALUES ('{AAE901A9-C95B-11D3-9A06-00105A0DF099}', '{A9E51474-6C9A-11D3-843A-005004848CBA}','MIPS16LIB_CPLR_DBG','IDS_MIPS16LIB_CPLR_DBG','2','1','/Zi /DMIPS /D_MIPS_ /DR4000 /DMIPSII /DMIPS16 /DUNDER_CE=$(CEVersion) /D_WIN32_WCE=$(CEVersion)',FALSE)  
INSERT INTO ToolOption VALUES ('{AAE901B5-C95B-11D3-9A06-00105A0DF099}', '{A9E51474-6C9A-11D3-843A-005004848CBA}','MIPS16EXE_CPLR_REL','IDS_MIPS16EXE_CPLR_REL','2','1','/DMIPS /D_MIPS_ /DR4000 /DMIPSII /DMIPS16 /DUNDER_CE=$(CEVersion) /D_WIN32_WCE=$(CEVersion)',FALSE)       
INSERT INTO ToolOption VALUES ('{AAE901BB-C95B-11D3-9A06-00105A0DF099}', '{A9E51474-6C9A-11D3-843A-005004848CBA}','MIPS16DLL_CPLR_REL','IDS_MIPS16DLL_CPLR_REL','2','1','/DMIPS /D_MIPS_ /DR4000 /DMIPSII /DMIPS16 /DUNDER_CE=$(CEVersion) /D_WIN32_WCE=$(CEVersion)',FALSE)       
INSERT INTO ToolOption VALUES ('{AAE901C1-C95B-11D3-9A06-00105A0DF099}', '{A9E51474-6C9A-11D3-843A-005004848CBA}','MIPS16CON_CPLR_REL','IDS_MIPS16CON_CPLR_REL','2','1','/DMIPS /D_MIPS_ /DR4000 /DMIPSII /DMIPS16 /DUNDER_CE=$(CEVersion) /D_WIN32_WCE=$(CEVersion)',FALSE)       
INSERT INTO ToolOption VALUES ('{AAE901C4-C95B-11D3-9A06-00105A0DF099}', '{A9E51474-6C9A-11D3-843A-005004848CBA}','MIPS16LIB_CPLR_REL','IDS_MIPS16LIB_CPLR_REL','2','1','/DMIPS /D_MIPS_ /DR4000 /DMIPSII /DMIPS16 /DUNDER_CE=$(CEVersion) /D_WIN32_WCE=$(CEVersion)',FALSE)       
INSERT INTO ToolOption VALUES ('{AAE901CB-C95B-11D3-9A06-00105A0DF099}', '{A9E51474-6C9A-11D3-843A-005004848CBA}','MIPS16ATL_CPLR_DBG','Specific flags for MIPS16 Compiler (ATL DBG build)','2','1','/D _USRDLL',FALSE)      
INSERT INTO ToolOption VALUES ('{AAE901CC-C95B-11D3-9A06-00105A0DF099}', '{A9E51474-6C9A-11D3-843A-005004848CBA}','MIPS16MFC_CPLR_COMMON',NULL,'2','1','/c /nologo /QMmips16 /D_WIN32_WCE=$(CEVersion) /D $(CePlatform)',FALSE)         
INSERT INTO ToolOption VALUES ('{AAE901D0-C95B-11D3-9A06-00105A0DF099}', '{A9E51474-6C9A-11D3-843A-005004848CBA}','MIPS16ATL_CPLR_COMMON',NULL,'2','1','/D _USRDLL /c /QMmips16 /D $(CePlatform)',FALSE)        
INSERT INTO ToolOption VALUES ('{AAE901D1-C95B-11D3-9A06-00105A0DF099}', '{A9E51474-6C9A-11D3-843A-005004848CBA}','MIPS16ATL_CPLR_REL',NULL,'2','1','/nologo /DMIPS /D_MIPS_ /DR4000 /DMIPSII /DMIPS16 /DUNDER_CE=$(CEVersion) /D_WIN32_WCE=$(CEVersion)',FALSE)     
INSERT INTO ToolOption VALUES ('{AAE901D2-C95B-11D3-9A06-00105A0DF099}', '{A9E51474-6C9A-11D3-843A-005004848CBA}','MIPS16ACTIVEX_CPLR_COMMON',NULL,'2','1','/GX-',FALSE)
INSERT INTO ToolOption VALUES ('{AAE90413-C95B-11D3-9A06-00105A0DF099}', '{A9E51474-6C9A-11D3-843A-005004848CBA}','AUTOMATIC PRECOMPILED HEADERS_MIPS16','Use automatic precompiled headers','2','1','/YX',FALSE)     
INSERT INTO ToolOption VALUES ('{AC7419De-CDFD-11d3-9916-00105A1E7FA9}', '{A9E51474-6C9A-11D3-843A-005004848CBA}','WARNING_LEVEL','Use Warning Level 3','2','1','/W3',FALSE)
INSERT INTO ToolOption VALUES ('{28EF5660-D824-11d3-9919-00105A1E7FA9}', '{A9E51474-6C9A-11D3-843A-005004848CBA}','DEFINE_MIPS16SUPPORT','Define MIPS16SUPPORT','2','1','/D MIPS16SUPPORT',FALSE)
INSERT INTO ToolOption VALUES ('{9EA28C91-E30F-11d3-991B-00105A1E7FA9}', '{A9E51474-6C9A-11D3-843A-005004848CBA}','DEFINE_MIPS16','Define MIPS16','2','1','/D _MIPS16_',FALSE)
INSERT INTO ToolOption VALUES ('{34FF8CF4-D2FB-480e-B2E7-FB0B4768B74F}', '{A9E51474-6C9A-11D3-843A-005004848CBA}','MIPS16_ASSUME_NO_ALIASING','Assume No Aliasing is Supported','2','1007','/Oa',FALSE)
                // LINK
INSERT INTO ToolOption VALUES ('{AAE90332-C95B-11D3-9A06-00105A0DF099}', '{A9E51475-6C9A-11D3-843A-005004848CBA}','LINKDBG_FORMAT_COFF_MIPS16','UI debug format COFF','2','1004','/debugtype:coff',FALSE)  
INSERT INTO ToolOption VALUES ('{AAE9036A-C95B-11D3-9A06-00105A0DF099}', '{A9E51475-6C9A-11D3-843A-005004848CBA}','BASE_100K_MIPS16','/base flag for .dll proj types','2',NULL,'/base:0x00100000',FALSE)       
INSERT INTO ToolOption VALUES ('{AAE9035F-C95B-11D3-9A06-00105A0DF099}', '{A9E51475-6C9A-11D3-843A-005004848CBA}','BASE_TENTHOUSAND_MIPS16','/base flag for .exe proj types','2',NULL,'/base:0x00010000',FALSE)   
INSERT INTO ToolOption VALUES ('{AAE90376-C95B-11D3-9A06-00105A0DF099}', '{A9E51475-6C9A-11D3-843A-005004848CBA}','STACK_MIPS16','standard /STACK setting','2',NULL,'/STACK:65536,4096',FALSE)   
INSERT INTO ToolOption VALUES ('{AAE903CD-C95B-11D3-9A06-00105A0DF099}', '{A9E51475-6C9A-11D3-843A-005004848CBA}','MACHINE_MIPS16','set machine type for linker','2',NULL,'/MACHINE:MIPS16',FALSE)  
INSERT INTO ToolOption VALUES ('{AAE903FD-C95B-11D3-9A06-00105A0DF099}', '{A9E51475-6C9A-11D3-843A-005004848CBA}','INCREMENTAL_LINKING_MIPS16','Incremental Linking Flag','2','1006','/INCREMENTAL:YES',FALSE)  
INSERT INTO ToolOption VALUES ('{AAE90408-C95B-11D3-9A06-00105A0DF099}', '{A9E51475-6C9A-11D3-843A-005004848CBA}','NO_INCREMENTAL_LINKING_MIPS16','Incremental Linking Flag','2','1006','/INCREMENTAL:NO',FALSE)   
INSERT INTO ToolOption VALUES ('{AAE9019F-C95B-11D3-9A06-00105A0DF099}', '{A9E51475-6C9A-11D3-843A-005004848CBA}','MIPS16_LINK_MIPS16_COMMON','IDS_MIPS16_LINK_MIPS16_COMMON','2','1','/NOLOGO /subsystem:$(CESubsystem) /nodefaultlib:$(CENoDefaultLib)',FALSE)       
INSERT INTO ToolOption VALUES ('{AAE901A0-C95B-11D3-9A06-00105A0DF099}', '{A9E51475-6C9A-11D3-843A-005004848CBA}','MIPS16_LINK_DBG','IDS_MIPS16_LINK_DBG','2','1','/DEBUG /DEBUGTYPE:CV',FALSE)  
INSERT INTO ToolOption VALUES ('{AAE901A1-C95B-11D3-9A06-00105A0DF099}', '{A9E51475-6C9A-11D3-843A-005004848CBA}','MIPS16EXE_LINK_DBG','IDS_MIPS16EXE_LINK_DBG','2','1','/entry:WinMainCRTStartup',FALSE)      
INSERT INTO ToolOption VALUES ('{AAE901A2-C95B-11D3-9A06-00105A0DF099}', '{A9E51475-6C9A-11D3-843A-005004848CBA}','MIPS16_LIB_DBG','IDS_MIPS16_LIB_DBG','2','1','commctrl.lib coredll.lib ',FALSE)   
INSERT INTO ToolOption VALUES ('{AAE901A4-C95B-11D3-9A06-00105A0DF099}', '{A9E51475-6C9A-11D3-843A-005004848CBA}','MIPS16DLL_LINK_DBG','IDS_MIPS16DLL_LINK_DBG','2','1','/DLL /entry:_DllMainCRTStartup',FALSE)   
INSERT INTO ToolOption VALUES ('{AAE901A7-C95B-11D3-9A06-00105A0DF099}', '{A9E51475-6C9A-11D3-843A-005004848CBA}','MIPS16_CONLIB','IDS_MIPS16_CONLIB','2','1','commctrl.lib coredll.lib ',FALSE)  
INSERT INTO ToolOption VALUES ('{AAE901A8-C95B-11D3-9A06-00105A0DF099}', '{A9E51475-6C9A-11D3-843A-005004848CBA}','MIPS16CON_LINK_DBG','IDS_MIPS16CON_LINK_DBG','2','1','/entry:WinMainCRTStartup',FALSE)      
INSERT INTO ToolOption VALUES ('{AAE901AB-C95B-11D3-9A06-00105A0DF099}', '{A9E51475-6C9A-11D3-843A-005004848CBA}','MIPS16MFCEXE_LINK_DBG','Specific flags for MIPS16 Linker (MFC EXE Debug build)','2','1','/DEBUG /entry:wWinMainCRTStartup',FALSE)     
INSERT INTO ToolOption VALUES ('{AAE901AC-C95B-11D3-9A06-00105A0DF099}', '{A9E51475-6C9A-11D3-843A-005004848CBA}','MIPS16MFCDLL_LINK_DBG','Specific flags for MIPS16 Linker (MFC DLL Debug build)','2','1','/DEBUG',FALSE)   
INSERT INTO ToolOption VALUES ('{AAE901B3-C95B-11D3-9A06-00105A0DF099}', '{A9E51475-6C9A-11D3-843A-005004848CBA}','MIPS16MFCEXE_LINK_COMMON','MIPS16_LINK_MIPS16_COMMON without defaultlib','2','1','/NOLOGO /subsystem:$(CESubsystem)',FALSE)
INSERT INTO ToolOption VALUES ('{AAE901B6-C95B-11D3-9A06-00105A0DF099}', '{A9E51475-6C9A-11D3-843A-005004848CBA}','MIPS16EXE_LINK_REL','IDS_MIPS16EXE_LINK_REL','2','1','/entry:WinMainCRTStartup',FALSE)      
INSERT INTO ToolOption VALUES ('{AAE901B7-C95B-11D3-9A06-00105A0DF099}', '{A9E51475-6C9A-11D3-843A-005004848CBA}','MIPS16_LINK_REL','IDS_MIPS16_LINK_REL','2','1',NULL,FALSE)      
INSERT INTO ToolOption VALUES ('{AAE901B8-C95B-11D3-9A06-00105A0DF099}', '{A9E51475-6C9A-11D3-843A-005004848CBA}','MIPS16_LIB_REL','IDS_MIPS16_LIB_REL','2','1','commctrl.lib coredll.lib ',FALSE)   
INSERT INTO ToolOption VALUES ('{AAE901BC-C95B-11D3-9A06-00105A0DF099}', '{A9E51475-6C9A-11D3-843A-005004848CBA}','MIPS16DLL_LINK_REL','IDS_MIPS16DLL_LINK_REL','2','1','/DLL /entry:_DllMainCRTStartup',FALSE)   
INSERT INTO ToolOption VALUES ('{AAE901BD-C95B-11D3-9A06-00105A0DF099}', '{A9E51475-6C9A-11D3-843A-005004848CBA}','MIPS16_LINK_REL','IDS_MIPS16_LINK_REL','2','1',NULL,FALSE)      
INSERT INTO ToolOption VALUES ('{AAE901C2-C95B-11D3-9A06-00105A0DF099}', '{A9E51475-6C9A-11D3-843A-005004848CBA}','MIPS16CON_LINK_REL','IDS_MIPS16CON_LINK_REL','2','1','/entry:WinMainCRTStartup',FALSE)      
INSERT INTO ToolOption VALUES ('{AAE901C3-C95B-11D3-9A06-00105A0DF099}', '{A9E51475-6C9A-11D3-843A-005004848CBA}','MIPS16_LINK_REL','IDS_MIPS16_LINK_REL','2','1',NULL,FALSE)      
INSERT INTO ToolOption VALUES ('{AAE901C5-C95B-11D3-9A06-00105A0DF099}', '{A9E51475-6C9A-11D3-843A-005004848CBA}','MIPS16LIB_LINK','IDS_MIPS16LIB_LINK','2','1','/NOLOGO',FALSE)   
INSERT INTO ToolOption VALUES ('{AAE901C7-C95B-11D3-9A06-00105A0DF099}', '{A9E51475-6C9A-11D3-843A-005004848CBA}','MIPS16MFCEXE_LINK_REL','Specific flags for MIPS16 Linker (MFC EXE Release build)','2','1','/entry:wWinMainCRTStartup',FALSE)          
INSERT INTO ToolOption VALUES ('{AAE901CD-C95B-11D3-9A06-00105A0DF099}', '{A9E51475-6C9A-11D3-843A-005004848CBA}','MIPS16MFCDLL_LINK_COMMON','MIPS16_LINK_MIPS16_COMMON without defaultlib','2','1','/NOLOGO /subsystem:$(CESubsystem)',FALSE)
INSERT INTO ToolOption VALUES ('{3945DA30-F3C5-11d3-9921-00105A1E7FA9}', '{A9E51475-6C9A-11D3-843A-005004848CBA}','ALIGN_4096','memory alignment','2','1','/ALIGN:4096',FALSE)

                // LIB
INSERT INTO ToolOption VALUES ('{AAE90326-C95B-11D3-9A06-00105A0DF099}', '{220199D3-801C-11D3-8466-005004848CBA}','MIPS16_LIB_COMMON',NULL,'2',NULL,'/nologo',FALSE) 

                // MIDL
INSERT INTO ToolOption VALUES ('{AAE901AF-C95B-11D3-9A06-00105A0DF099}', '{A9E51477-6C9A-11D3-843A-005004848CBA}','MIPS16_MTL_COMMON','IDS_MIPS16_MTL_COMMON','2','1','/nologo /mktyplib203 /win32',FALSE) 
INSERT INTO ToolOption VALUES ('{AAE901B0-C95B-11D3-9A06-00105A0DF099}', '{A9E51477-6C9A-11D3-843A-005004848CBA}','DEFINE_DEBUG','Define DEBUG','2','1','/D DEBUG',FALSE) 
INSERT INTO ToolOption VALUES ('{AAE903BC-C95B-11D3-9A06-00105A0DF099}', '{A9E51477-6C9A-11D3-843A-005004848CBA}','DEFINE_NDEBUG','Define NDEBUG','2',NULL,'/D NDEBUG',FALSE)  

                // BSC
INSERT INTO ToolOption VALUES ('{AAE901B1-C95B-11D3-9A06-00105A0DF099}', '{A9E51478-6C9A-11D3-843A-005004848CBA}','MIPS16_BSC_COMMON','IDS_MIPS16_BSC_COMMON','2','1','/nologo',FALSE)

                // COFF
INSERT INTO ToolOption VALUES ('{AAE901B2-C95B-11D3-9A06-00105A0DF099}', '{A9E51479-6C9A-11D3-843A-005004848CBA}','MIPS16_COFF_COMMON','IDS_MIPS16LIB_LINK','2','1','/nologo',FALSE)  

                // VCRC
INSERT INTO ToolOption VALUES ('{AAE9019A-C95B-11D3-9A06-00105A0DF099}', '{A9E51476-6C9A-11D3-843A-005004848CBA}','DEFINE_DEBUG','Define DEBUG','2','1','/D DEBUG',FALSE)   
INSERT INTO ToolOption VALUES ('{AAE9019B-C95B-11D3-9A06-00105A0DF099}', '{A9E51476-6C9A-11D3-843A-005004848CBA}','DMIPS16_RC_COMMON','IDS_DMIPS16_RC_COMMON','2','1','/r /DUNDER_CE=$(CEVersion) /D_WIN32_WCE=$(CEVersion)',FALSE)      
INSERT INTO ToolOption VALUES ('{AAE901B9-C95B-11D3-9A06-00105A0DF099}', '{A9E51476-6C9A-11D3-843A-005004848CBA}','DEFINE_NDEBUG','Define NDEBUG','2','1','/D NDEBUG',FALSE)  
INSERT INTO ToolOption VALUES ('{AC19F047-D2D2-11d3-9917-00105A1E7FA9}', '{A9E51476-6C9A-11D3-843A-005004848CBA}','CEPLATFORM','CePlatform Macro','2','1','/D $(CePlatform)',FALSE)
INSERT INTO ToolOption VALUES ('{CF87FD67-D430-11d3-9918-00105A1E7FA9}', '{A9E51476-6C9A-11D3-843A-005004848CBA}','PROCESSOR_DEFINE','Processor Define','2','1','/D MIPS /D _MIPS_ /DR4000 /DMIPSII /DMIPS16',FALSE)
INSERT INTO ToolOption VALUES ('{AF53B9B6-D81A-11d3-9918-00105A1E7FA9}', '{A9E51476-6C9A-11D3-843A-005004848CBA}','DEFINE_UNICODE','Define Unicode','2','1','/D UNICODE /D _UNICODE',FALSE)
INSERT INTO ToolOption VALUES ('{28EF5661-D824-11d3-9919-00105A1E7FA9}', '{A9E51474-6C9A-11D3-843A-005004848CBA}','DEFINE_MIPS16SUPPORT','Define MIPS16SUPPORT','2','1','/D MIPS16SUPPORT',FALSE)

// ******** OptionValue  ********

// ******** ToolOptionSet  ********
// LIB MIPS16
INSERT INTO ToolOptionSet VALUES ('{220199D3-801C-11D3-8466-005004848CBA}','67108864','{AAE90326-C95B-11D3-9A06-00105A0DF099}',NULL)       
INSERT INTO ToolOptionSet VALUES ('{220199D3-801C-11D3-8466-005004848CBA}','67109120','{AAE90326-C95B-11D3-9A06-00105A0DF099}',NULL)       

// CL MIPS16
	//EXE Release settings
INSERT INTO ToolOptionSet VALUES ('{A9E51474-6C9A-11D3-843A-005004848CBA}','16777216','{AAE9019E-C95B-11D3-9A06-00105A0DF099}',NULL)       
INSERT INTO ToolOptionSet VALUES ('{A9E51474-6C9A-11D3-843A-005004848CBA}','16777216','{AAE901B5-C95B-11D3-9A06-00105A0DF099}',NULL)       
INSERT INTO ToolOptionSet VALUES ('{A9E51474-6C9A-11D3-843A-005004848CBA}','16777216','{AAE9033D-C95B-11D3-9A06-00105A0DF099}',NULL)       
INSERT INTO ToolOptionSet VALUES ('{A9E51474-6C9A-11D3-843A-005004848CBA}','16777216','{AAE90381-C95B-11D3-9A06-00105A0DF099}',NULL)       
INSERT INTO ToolOptionSet VALUES ('{A9E51474-6C9A-11D3-843A-005004848CBA}','16777216','{AAE903B2-C95B-11D3-9A06-00105A0DF099}',NULL)       
INSERT INTO ToolOptionSet VALUES ('{A9E51474-6C9A-11D3-843A-005004848CBA}','16777216','{AAE903DD-C95B-11D3-9A06-00105A0DF099}',NULL)       
INSERT INTO ToolOptionSet VALUES ('{A9E51474-6C9A-11D3-843A-005004848CBA}','16777216','{9EA28C91-E30F-11d3-991B-00105A1E7FA9}',NULL)        
INSERT INTO ToolOptionSet VALUES ('{A9E51474-6C9A-11D3-843A-005004848CBA}','16777216','{28EF5660-D824-11d3-9919-00105A1E7FA9}',NULL)        
INSERT INTO ToolOptionSet VALUES ('{A9E51474-6C9A-11D3-843A-005004848CBA}','16777216','{AAE90413-C95B-11D3-9A06-00105A0DF099}',NULL)        
INSERT INTO ToolOptionSet VALUES ('{A9E51474-6C9A-11D3-843A-005004848CBA}','16777216','{AC7419De-CDFD-11d3-9916-00105A1E7FA9}',NULL)        
	//MFC EXE Release settings
INSERT INTO ToolOptionSet VALUES ('{A9E51474-6C9A-11D3-843A-005004848CBA}','16777232','{AAE901B5-C95B-11D3-9A06-00105A0DF099}',NULL)       
INSERT INTO ToolOptionSet VALUES ('{A9E51474-6C9A-11D3-843A-005004848CBA}','16777232','{AAE901CC-C95B-11D3-9A06-00105A0DF099}',NULL)       
INSERT INTO ToolOptionSet VALUES ('{A9E51474-6C9A-11D3-843A-005004848CBA}','16777232','{AAE9033D-C95B-11D3-9A06-00105A0DF099}',NULL)       
INSERT INTO ToolOptionSet VALUES ('{A9E51474-6C9A-11D3-843A-005004848CBA}','16777232','{AAE90381-C95B-11D3-9A06-00105A0DF099}',NULL)       
INSERT INTO ToolOptionSet VALUES ('{A9E51474-6C9A-11D3-843A-005004848CBA}','16777232','{AAE903B2-C95B-11D3-9A06-00105A0DF099}',NULL)       
INSERT INTO ToolOptionSet VALUES ('{A9E51474-6C9A-11D3-843A-005004848CBA}','16777232','{AAE903DD-C95B-11D3-9A06-00105A0DF099}',NULL)       
INSERT INTO ToolOptionSet VALUES ('{A9E51474-6C9A-11D3-843A-005004848CBA}','16777232','{AAE903F3-C95B-11D3-9A06-00105A0DF099}',NULL)      
INSERT INTO ToolOptionSet VALUES ('{A9E51474-6C9A-11D3-843A-005004848CBA}','16777232','{9EA28C91-E30F-11d3-991B-00105A1E7FA9}',NULL)        
INSERT INTO ToolOptionSet VALUES ('{A9E51474-6C9A-11D3-843A-005004848CBA}','16777232','{28EF5660-D824-11d3-9919-00105A1E7FA9}',NULL)        
INSERT INTO ToolOptionSet VALUES ('{A9E51474-6C9A-11D3-843A-005004848CBA}','16777232','{AAE90413-C95B-11D3-9A06-00105A0DF099}',NULL)        
INSERT INTO ToolOptionSet VALUES ('{A9E51474-6C9A-11D3-843A-005004848CBA}','16777232','{AC7419De-CDFD-11d3-9916-00105A1E7FA9}',NULL)        
	// EXE Debug settings
INSERT INTO ToolOptionSet VALUES ('{A9E51474-6C9A-11D3-843A-005004848CBA}','16777472','{AC7419De-CDFD-11d3-9916-00105A1E7FA9}',NULL)        
INSERT INTO ToolOptionSet VALUES ('{A9E51474-6C9A-11D3-843A-005004848CBA}','16777472','{AAE9019C-C95B-11D3-9A06-00105A0DF099}',NULL)       
INSERT INTO ToolOptionSet VALUES ('{A9E51474-6C9A-11D3-843A-005004848CBA}','16777472','{AAE9019D-C95B-11D3-9A06-00105A0DF099}',NULL)       
INSERT INTO ToolOptionSet VALUES ('{A9E51474-6C9A-11D3-843A-005004848CBA}','16777472','{AAE9019E-C95B-11D3-9A06-00105A0DF099}',NULL)       
INSERT INTO ToolOptionSet VALUES ('{A9E51474-6C9A-11D3-843A-005004848CBA}','16777472','{AAE90348-C95B-11D3-9A06-00105A0DF099}',NULL)       
INSERT INTO ToolOptionSet VALUES ('{A9E51474-6C9A-11D3-843A-005004848CBA}','16777472','{AAE90381-C95B-11D3-9A06-00105A0DF099}',NULL)       
INSERT INTO ToolOptionSet VALUES ('{A9E51474-6C9A-11D3-843A-005004848CBA}','16777472','{AAE903E8-C95B-11D3-9A06-00105A0DF099}',NULL)      
INSERT INTO ToolOptionSet VALUES ('{A9E51474-6C9A-11D3-843A-005004848CBA}','16777472','{9EA28C91-E30F-11d3-991B-00105A1E7FA9}',NULL)        
INSERT INTO ToolOptionSet VALUES ('{A9E51474-6C9A-11D3-843A-005004848CBA}','16777472','{28EF5660-D824-11d3-9919-00105A1E7FA9}',NULL)        
INSERT INTO ToolOptionSet VALUES ('{A9E51474-6C9A-11D3-843A-005004848CBA}','16777472','{AAE90413-C95B-11D3-9A06-00105A0DF099}',NULL)        
	//MFC EXE Debug settings
INSERT INTO ToolOptionSet VALUES ('{A9E51474-6C9A-11D3-843A-005004848CBA}','16777488','{AAE9019C-C95B-11D3-9A06-00105A0DF099}',NULL)       
INSERT INTO ToolOptionSet VALUES ('{A9E51474-6C9A-11D3-843A-005004848CBA}','16777488','{AAE9019D-C95B-11D3-9A06-00105A0DF099}',NULL)       
INSERT INTO ToolOptionSet VALUES ('{A9E51474-6C9A-11D3-843A-005004848CBA}','16777488','{AAE901CC-C95B-11D3-9A06-00105A0DF099}',NULL)       
INSERT INTO ToolOptionSet VALUES ('{A9E51474-6C9A-11D3-843A-005004848CBA}','16777488','{AAE90348-C95B-11D3-9A06-00105A0DF099}',NULL)       
INSERT INTO ToolOptionSet VALUES ('{A9E51474-6C9A-11D3-843A-005004848CBA}','16777488','{AAE90381-C95B-11D3-9A06-00105A0DF099}',NULL)       
INSERT INTO ToolOptionSet VALUES ('{A9E51474-6C9A-11D3-843A-005004848CBA}','16777488','{AAE903E8-C95B-11D3-9A06-00105A0DF099}',NULL)      
INSERT INTO ToolOptionSet VALUES ('{A9E51474-6C9A-11D3-843A-005004848CBA}','16777488','{AAE903F3-C95B-11D3-9A06-00105A0DF099}',NULL)      
INSERT INTO ToolOptionSet VALUES ('{A9E51474-6C9A-11D3-843A-005004848CBA}','16777488','{9EA28C91-E30F-11d3-991B-00105A1E7FA9}',NULL)        
INSERT INTO ToolOptionSet VALUES ('{A9E51474-6C9A-11D3-843A-005004848CBA}','16777488','{28EF5660-D824-11d3-9919-00105A1E7FA9}',NULL)        
INSERT INTO ToolOptionSet VALUES ('{A9E51474-6C9A-11D3-843A-005004848CBA}','16777488','{AAE90413-C95B-11D3-9A06-00105A0DF099}',NULL)        
INSERT INTO ToolOptionSet VALUES ('{A9E51474-6C9A-11D3-843A-005004848CBA}','16777488','{AC7419De-CDFD-11d3-9916-00105A1E7FA9}',NULL)        
	//DLL Release settings
INSERT INTO ToolOptionSet VALUES ('{A9E51474-6C9A-11D3-843A-005004848CBA}','33554432','{AAE9019E-C95B-11D3-9A06-00105A0DF099}',NULL)       
INSERT INTO ToolOptionSet VALUES ('{A9E51474-6C9A-11D3-843A-005004848CBA}','33554432','{AAE901BB-C95B-11D3-9A06-00105A0DF099}',NULL)       
INSERT INTO ToolOptionSet VALUES ('{A9E51474-6C9A-11D3-843A-005004848CBA}','33554432','{AAE9033D-C95B-11D3-9A06-00105A0DF099}',NULL)       
INSERT INTO ToolOptionSet VALUES ('{A9E51474-6C9A-11D3-843A-005004848CBA}','33554432','{AAE90381-C95B-11D3-9A06-00105A0DF099}',NULL)       
INSERT INTO ToolOptionSet VALUES ('{A9E51474-6C9A-11D3-843A-005004848CBA}','33554432','{AAE903B2-C95B-11D3-9A06-00105A0DF099}',NULL)       
INSERT INTO ToolOptionSet VALUES ('{A9E51474-6C9A-11D3-843A-005004848CBA}','33554432','{AAE903DD-C95B-11D3-9A06-00105A0DF099}',NULL)       
INSERT INTO ToolOptionSet VALUES ('{A9E51474-6C9A-11D3-843A-005004848CBA}','33554432','{9EA28C91-E30F-11d3-991B-00105A1E7FA9}',NULL)        
INSERT INTO ToolOptionSet VALUES ('{A9E51474-6C9A-11D3-843A-005004848CBA}','33554432','{28EF5660-D824-11d3-9919-00105A1E7FA9}',NULL)        
INSERT INTO ToolOptionSet VALUES ('{A9E51474-6C9A-11D3-843A-005004848CBA}','33554432','{AAE90413-C95B-11D3-9A06-00105A0DF099}',NULL)        
INSERT INTO ToolOptionSet VALUES ('{A9E51474-6C9A-11D3-843A-005004848CBA}','33554432','{AC7419De-CDFD-11d3-9916-00105A1E7FA9}',NULL)        
	//ATL DLL Release MinSize settings
INSERT INTO ToolOptionSet VALUES ('{A9E51474-6C9A-11D3-843A-005004848CBA}','33554433','{AAE901D0-C95B-11D3-9A06-00105A0DF099}',NULL)       
INSERT INTO ToolOptionSet VALUES ('{A9E51474-6C9A-11D3-843A-005004848CBA}','33554433','{AAE901D1-C95B-11D3-9A06-00105A0DF099}',NULL)       
INSERT INTO ToolOptionSet VALUES ('{A9E51474-6C9A-11D3-843A-005004848CBA}','33554433','{AAE9033D-C95B-11D3-9A06-00105A0DF099}',NULL)       
INSERT INTO ToolOptionSet VALUES ('{A9E51474-6C9A-11D3-843A-005004848CBA}','33554433','{AAE90381-C95B-11D3-9A06-00105A0DF099}',NULL)       
INSERT INTO ToolOptionSet VALUES ('{A9E51474-6C9A-11D3-843A-005004848CBA}','33554433','{AAE903B2-C95B-11D3-9A06-00105A0DF099}',NULL)       
INSERT INTO ToolOptionSet VALUES ('{A9E51474-6C9A-11D3-843A-005004848CBA}','33554433','{AAE903DD-C95B-11D3-9A06-00105A0DF099}',NULL)       
INSERT INTO ToolOptionSet VALUES ('{A9E51474-6C9A-11D3-843A-005004848CBA}','33554433','{9EA28C91-E30F-11d3-991B-00105A1E7FA9}',NULL)        
INSERT INTO ToolOptionSet VALUES ('{A9E51474-6C9A-11D3-843A-005004848CBA}','33554433','{28EF5660-D824-11d3-9919-00105A1E7FA9}',NULL)        
INSERT INTO ToolOptionSet VALUES ('{A9E51474-6C9A-11D3-843A-005004848CBA}','33554433','{AAE90413-C95B-11D3-9A06-00105A0DF099}',NULL)        
INSERT INTO ToolOptionSet VALUES ('{A9E51474-6C9A-11D3-843A-005004848CBA}','33554433','{AC7419De-CDFD-11d3-9916-00105A1E7FA9}',NULL)        
	//ATL DLL Release MinDep settings
INSERT INTO ToolOptionSet VALUES ('{A9E51474-6C9A-11D3-843A-005004848CBA}','33554434','{AAE901D0-C95B-11D3-9A06-00105A0DF099}',NULL)       
INSERT INTO ToolOptionSet VALUES ('{A9E51474-6C9A-11D3-843A-005004848CBA}','33554434','{AAE901D1-C95B-11D3-9A06-00105A0DF099}',NULL)       
INSERT INTO ToolOptionSet VALUES ('{A9E51474-6C9A-11D3-843A-005004848CBA}','33554434','{AAE9033D-C95B-11D3-9A06-00105A0DF099}',NULL)       
INSERT INTO ToolOptionSet VALUES ('{A9E51474-6C9A-11D3-843A-005004848CBA}','33554434','{AAE90381-C95B-11D3-9A06-00105A0DF099}',NULL)       
INSERT INTO ToolOptionSet VALUES ('{A9E51474-6C9A-11D3-843A-005004848CBA}','33554434','{AAE90399-C95B-11D3-9A06-00105A0DF099}',NULL)       
INSERT INTO ToolOptionSet VALUES ('{A9E51474-6C9A-11D3-843A-005004848CBA}','33554434','{AAE903B2-C95B-11D3-9A06-00105A0DF099}',NULL)       
INSERT INTO ToolOptionSet VALUES ('{A9E51474-6C9A-11D3-843A-005004848CBA}','33554434','{AAE903DD-C95B-11D3-9A06-00105A0DF099}',NULL)       
INSERT INTO ToolOptionSet VALUES ('{A9E51474-6C9A-11D3-843A-005004848CBA}','33554434','{9EA28C91-E30F-11d3-991B-00105A1E7FA9}',NULL)        
INSERT INTO ToolOptionSet VALUES ('{A9E51474-6C9A-11D3-843A-005004848CBA}','33554434','{28EF5660-D824-11d3-9919-00105A1E7FA9}',NULL)        
INSERT INTO ToolOptionSet VALUES ('{A9E51474-6C9A-11D3-843A-005004848CBA}','33554434','{AAE90413-C95B-11D3-9A06-00105A0DF099}',NULL)        
INSERT INTO ToolOptionSet VALUES ('{A9E51474-6C9A-11D3-843A-005004848CBA}','33554434','{AC7419De-CDFD-11d3-9916-00105A1E7FA9}',NULL)        
	// ATL EXE Release MinSize Settings
INSERT INTO ToolOptionSet VALUES ('{A9E51474-6C9A-11D3-843A-005004848CBA}','16777217','{AAE901CC-C95B-11D3-9A06-00105A0DF099}',NULL)       
INSERT INTO ToolOptionSet VALUES ('{A9E51474-6C9A-11D3-843A-005004848CBA}','16777217','{AAE901D1-C95B-11D3-9A06-00105A0DF099}',NULL)       
INSERT INTO ToolOptionSet VALUES ('{A9E51474-6C9A-11D3-843A-005004848CBA}','16777217','{AAE9033D-C95B-11D3-9A06-00105A0DF099}',NULL)       
INSERT INTO ToolOptionSet VALUES ('{A9E51474-6C9A-11D3-843A-005004848CBA}','16777217','{AAE90381-C95B-11D3-9A06-00105A0DF099}',NULL)       
INSERT INTO ToolOptionSet VALUES ('{A9E51474-6C9A-11D3-843A-005004848CBA}','16777217','{AAE903B2-C95B-11D3-9A06-00105A0DF099}',NULL)       
INSERT INTO ToolOptionSet VALUES ('{A9E51474-6C9A-11D3-843A-005004848CBA}','16777217','{AAE903DD-C95B-11D3-9A06-00105A0DF099}',NULL)       
INSERT INTO ToolOptionSet VALUES ('{A9E51474-6C9A-11D3-843A-005004848CBA}','16777217','{9EA28C91-E30F-11d3-991B-00105A1E7FA9}',NULL)        
INSERT INTO ToolOptionSet VALUES ('{A9E51474-6C9A-11D3-843A-005004848CBA}','16777217','{28EF5660-D824-11d3-9919-00105A1E7FA9}',NULL)        
INSERT INTO ToolOptionSet VALUES ('{A9E51474-6C9A-11D3-843A-005004848CBA}','16777217','{AAE90413-C95B-11D3-9A06-00105A0DF099}',NULL)        
INSERT INTO ToolOptionSet VALUES ('{A9E51474-6C9A-11D3-843A-005004848CBA}','16777217','{AC7419De-CDFD-11d3-9916-00105A1E7FA9}',NULL)        
	// ATL EXE Release MinDep Settings                                   
INSERT INTO ToolOptionSet VALUES ('{A9E51474-6C9A-11D3-843A-005004848CBA}','16777218','{AAE901CC-C95B-11D3-9A06-00105A0DF099}',NULL)       
INSERT INTO ToolOptionSet VALUES ('{A9E51474-6C9A-11D3-843A-005004848CBA}','16777218','{AAE901D1-C95B-11D3-9A06-00105A0DF099}',NULL)       
INSERT INTO ToolOptionSet VALUES ('{A9E51474-6C9A-11D3-843A-005004848CBA}','16777218','{AAE9033D-C95B-11D3-9A06-00105A0DF099}',NULL)       
INSERT INTO ToolOptionSet VALUES ('{A9E51474-6C9A-11D3-843A-005004848CBA}','16777218','{AAE90381-C95B-11D3-9A06-00105A0DF099}',NULL)       
INSERT INTO ToolOptionSet VALUES ('{A9E51474-6C9A-11D3-843A-005004848CBA}','16777218','{AAE90399-C95B-11D3-9A06-00105A0DF099}',NULL)       
INSERT INTO ToolOptionSet VALUES ('{A9E51474-6C9A-11D3-843A-005004848CBA}','16777218','{AAE903B2-C95B-11D3-9A06-00105A0DF099}',NULL)       
INSERT INTO ToolOptionSet VALUES ('{A9E51474-6C9A-11D3-843A-005004848CBA}','16777218','{AAE903DD-C95B-11D3-9A06-00105A0DF099}',NULL)       
INSERT INTO ToolOptionSet VALUES ('{A9E51474-6C9A-11D3-843A-005004848CBA}','16777218','{9EA28C91-E30F-11d3-991B-00105A1E7FA9}',NULL)        
INSERT INTO ToolOptionSet VALUES ('{A9E51474-6C9A-11D3-843A-005004848CBA}','16777218','{28EF5660-D824-11d3-9919-00105A1E7FA9}',NULL)        
INSERT INTO ToolOptionSet VALUES ('{A9E51474-6C9A-11D3-843A-005004848CBA}','16777218','{AAE90413-C95B-11D3-9A06-00105A0DF099}',NULL)        
INSERT INTO ToolOptionSet VALUES ('{A9E51474-6C9A-11D3-843A-005004848CBA}','16777218','{AC7419De-CDFD-11d3-9916-00105A1E7FA9}',NULL)        
	//MFC DLL Release settings
INSERT INTO ToolOptionSet VALUES ('{A9E51474-6C9A-11D3-843A-005004848CBA}','33554448','{AC7419De-CDFD-11d3-9916-00105A1E7FA9}',NULL)        
INSERT INTO ToolOptionSet VALUES ('{A9E51474-6C9A-11D3-843A-005004848CBA}','33554448','{AAE901BB-C95B-11D3-9A06-00105A0DF099}',NULL)       
INSERT INTO ToolOptionSet VALUES ('{A9E51474-6C9A-11D3-843A-005004848CBA}','33554448','{AAE901CC-C95B-11D3-9A06-00105A0DF099}',NULL)       
INSERT INTO ToolOptionSet VALUES ('{A9E51474-6C9A-11D3-843A-005004848CBA}','33554448','{AAE9033D-C95B-11D3-9A06-00105A0DF099}',NULL)       
INSERT INTO ToolOptionSet VALUES ('{A9E51474-6C9A-11D3-843A-005004848CBA}','33554448','{AAE90381-C95B-11D3-9A06-00105A0DF099}',NULL)       
INSERT INTO ToolOptionSet VALUES ('{A9E51474-6C9A-11D3-843A-005004848CBA}','33554448','{AAE903B2-C95B-11D3-9A06-00105A0DF099}',NULL)       
INSERT INTO ToolOptionSet VALUES ('{A9E51474-6C9A-11D3-843A-005004848CBA}','33554448','{AAE903DD-C95B-11D3-9A06-00105A0DF099}',NULL)       
INSERT INTO ToolOptionSet VALUES ('{A9E51474-6C9A-11D3-843A-005004848CBA}','33554448','{AAE903F3-C95B-11D3-9A06-00105A0DF099}',NULL)      
INSERT INTO ToolOptionSet VALUES ('{A9E51474-6C9A-11D3-843A-005004848CBA}','33554448','{9EA28C91-E30F-11d3-991B-00105A1E7FA9}',NULL)        
INSERT INTO ToolOptionSet VALUES ('{A9E51474-6C9A-11D3-843A-005004848CBA}','33554448','{28EF5660-D824-11d3-9919-00105A1E7FA9}',NULL)        
INSERT INTO ToolOptionSet VALUES ('{A9E51474-6C9A-11D3-843A-005004848CBA}','33554448','{AAE90413-C95B-11D3-9A06-00105A0DF099}',NULL)        
	// DLL Debug settings
INSERT INTO ToolOptionSet VALUES ('{A9E51474-6C9A-11D3-843A-005004848CBA}','33554688','{AAE9019C-C95B-11D3-9A06-00105A0DF099}',NULL)       
INSERT INTO ToolOptionSet VALUES ('{A9E51474-6C9A-11D3-843A-005004848CBA}','33554688','{AAE9019E-C95B-11D3-9A06-00105A0DF099}',NULL)       
INSERT INTO ToolOptionSet VALUES ('{A9E51474-6C9A-11D3-843A-005004848CBA}','33554688','{AAE901A3-C95B-11D3-9A06-00105A0DF099}',NULL)       
INSERT INTO ToolOptionSet VALUES ('{A9E51474-6C9A-11D3-843A-005004848CBA}','33554688','{AAE90348-C95B-11D3-9A06-00105A0DF099}',NULL)       
INSERT INTO ToolOptionSet VALUES ('{A9E51474-6C9A-11D3-843A-005004848CBA}','33554688','{AAE90381-C95B-11D3-9A06-00105A0DF099}',NULL)       
INSERT INTO ToolOptionSet VALUES ('{A9E51474-6C9A-11D3-843A-005004848CBA}','33554688','{AAE903E8-C95B-11D3-9A06-00105A0DF099}',NULL)      
INSERT INTO ToolOptionSet VALUES ('{A9E51474-6C9A-11D3-843A-005004848CBA}','33554688','{9EA28C91-E30F-11d3-991B-00105A1E7FA9}',NULL)        
INSERT INTO ToolOptionSet VALUES ('{A9E51474-6C9A-11D3-843A-005004848CBA}','33554688','{28EF5660-D824-11d3-9919-00105A1E7FA9}',NULL)        
INSERT INTO ToolOptionSet VALUES ('{A9E51474-6C9A-11D3-843A-005004848CBA}','33554688','{AAE90413-C95B-11D3-9A06-00105A0DF099}',NULL)        
INSERT INTO ToolOptionSet VALUES ('{A9E51474-6C9A-11D3-843A-005004848CBA}','33554688','{AC7419De-CDFD-11d3-9916-00105A1E7FA9}',NULL)        
	// ATL DLL Debug settings
INSERT INTO ToolOptionSet VALUES ('{A9E51474-6C9A-11D3-843A-005004848CBA}','33554689','{AAE9019C-C95B-11D3-9A06-00105A0DF099}',NULL)       
INSERT INTO ToolOptionSet VALUES ('{A9E51474-6C9A-11D3-843A-005004848CBA}','33554689','{AAE901A3-C95B-11D3-9A06-00105A0DF099}',NULL)       
INSERT INTO ToolOptionSet VALUES ('{A9E51474-6C9A-11D3-843A-005004848CBA}','33554689','{AAE901CB-C95B-11D3-9A06-00105A0DF099}',NULL)       
INSERT INTO ToolOptionSet VALUES ('{A9E51474-6C9A-11D3-843A-005004848CBA}','33554689','{AAE901CC-C95B-11D3-9A06-00105A0DF099}',NULL)       
INSERT INTO ToolOptionSet VALUES ('{A9E51474-6C9A-11D3-843A-005004848CBA}','33554689','{AAE90348-C95B-11D3-9A06-00105A0DF099}',NULL)       
INSERT INTO ToolOptionSet VALUES ('{A9E51474-6C9A-11D3-843A-005004848CBA}','33554689','{AAE90381-C95B-11D3-9A06-00105A0DF099}',NULL)       
INSERT INTO ToolOptionSet VALUES ('{A9E51474-6C9A-11D3-843A-005004848CBA}','33554689','{AAE903E8-C95B-11D3-9A06-00105A0DF099}',NULL)      
INSERT INTO ToolOptionSet VALUES ('{A9E51474-6C9A-11D3-843A-005004848CBA}','33554689','{9EA28C91-E30F-11d3-991B-00105A1E7FA9}',NULL)        
INSERT INTO ToolOptionSet VALUES ('{A9E51474-6C9A-11D3-843A-005004848CBA}','33554689','{28EF5660-D824-11d3-9919-00105A1E7FA9}',NULL)        
INSERT INTO ToolOptionSet VALUES ('{A9E51474-6C9A-11D3-843A-005004848CBA}','33554689','{AAE90413-C95B-11D3-9A06-00105A0DF099}',NULL)        
INSERT INTO ToolOptionSet VALUES ('{A9E51474-6C9A-11D3-843A-005004848CBA}','33554689','{AC7419De-CDFD-11d3-9916-00105A1E7FA9}',NULL)        
	// ATL EXE Debug Settings	
INSERT INTO ToolOptionSet VALUES ('{A9E51474-6C9A-11D3-843A-005004848CBA}','16777473','{AAE9019C-C95B-11D3-9A06-00105A0DF099}',NULL)       
INSERT INTO ToolOptionSet VALUES ('{A9E51474-6C9A-11D3-843A-005004848CBA}','16777473','{AAE9019D-C95B-11D3-9A06-00105A0DF099}',NULL)       
INSERT INTO ToolOptionSet VALUES ('{A9E51474-6C9A-11D3-843A-005004848CBA}','16777473','{AAE901CC-C95B-11D3-9A06-00105A0DF099}',NULL)       
INSERT INTO ToolOptionSet VALUES ('{A9E51474-6C9A-11D3-843A-005004848CBA}','16777473','{AAE90348-C95B-11D3-9A06-00105A0DF099}',NULL)       
INSERT INTO ToolOptionSet VALUES ('{A9E51474-6C9A-11D3-843A-005004848CBA}','16777473','{AAE90381-C95B-11D3-9A06-00105A0DF099}',NULL)       
INSERT INTO ToolOptionSet VALUES ('{A9E51474-6C9A-11D3-843A-005004848CBA}','16777473','{AAE903E8-C95B-11D3-9A06-00105A0DF099}',NULL)      
INSERT INTO ToolOptionSet VALUES ('{A9E51474-6C9A-11D3-843A-005004848CBA}','16777473','{9EA28C91-E30F-11d3-991B-00105A1E7FA9}',NULL)        
INSERT INTO ToolOptionSet VALUES ('{A9E51474-6C9A-11D3-843A-005004848CBA}','16777473','{28EF5660-D824-11d3-9919-00105A1E7FA9}',NULL)        
INSERT INTO ToolOptionSet VALUES ('{A9E51474-6C9A-11D3-843A-005004848CBA}','16777473','{AAE90413-C95B-11D3-9A06-00105A0DF099}',NULL)        
INSERT INTO ToolOptionSet VALUES ('{A9E51474-6C9A-11D3-843A-005004848CBA}','16777473','{AC7419De-CDFD-11d3-9916-00105A1E7FA9}',NULL)        
	// MFC DLL Debug settings
INSERT INTO ToolOptionSet VALUES ('{A9E51474-6C9A-11D3-843A-005004848CBA}','33554704','{AAE9019C-C95B-11D3-9A06-00105A0DF099}',NULL)       
INSERT INTO ToolOptionSet VALUES ('{A9E51474-6C9A-11D3-843A-005004848CBA}','33554704','{AAE901A3-C95B-11D3-9A06-00105A0DF099}',NULL)       
INSERT INTO ToolOptionSet VALUES ('{A9E51474-6C9A-11D3-843A-005004848CBA}','33554704','{AAE901CC-C95B-11D3-9A06-00105A0DF099}',NULL)       
INSERT INTO ToolOptionSet VALUES ('{A9E51474-6C9A-11D3-843A-005004848CBA}','33554704','{AAE90348-C95B-11D3-9A06-00105A0DF099}',NULL)       
INSERT INTO ToolOptionSet VALUES ('{A9E51474-6C9A-11D3-843A-005004848CBA}','33554704','{AAE90381-C95B-11D3-9A06-00105A0DF099}',NULL)       
INSERT INTO ToolOptionSet VALUES ('{A9E51474-6C9A-11D3-843A-005004848CBA}','33554704','{AAE903E8-C95B-11D3-9A06-00105A0DF099}',NULL)      
INSERT INTO ToolOptionSet VALUES ('{A9E51474-6C9A-11D3-843A-005004848CBA}','33554704','{AAE903F3-C95B-11D3-9A06-00105A0DF099}',NULL)      
INSERT INTO ToolOptionSet VALUES ('{A9E51474-6C9A-11D3-843A-005004848CBA}','33554704','{9EA28C91-E30F-11d3-991B-00105A1E7FA9}',NULL)        
INSERT INTO ToolOptionSet VALUES ('{A9E51474-6C9A-11D3-843A-005004848CBA}','33554704','{28EF5660-D824-11d3-9919-00105A1E7FA9}',NULL)        
INSERT INTO ToolOptionSet VALUES ('{A9E51474-6C9A-11D3-843A-005004848CBA}','33554704','{AAE90413-C95B-11D3-9A06-00105A0DF099}',NULL)        
INSERT INTO ToolOptionSet VALUES ('{A9E51474-6C9A-11D3-843A-005004848CBA}','33554704','{AC7419De-CDFD-11d3-9916-00105A1E7FA9}',NULL)        
	// MFC ActiveX Control release settings
INSERT INTO ToolOptionSet VALUES ('{A9E51474-6C9A-11D3-843A-005004848CBA}','33558544','{AAE901BB-C95B-11D3-9A06-00105A0DF099}',NULL)       
INSERT INTO ToolOptionSet VALUES ('{A9E51474-6C9A-11D3-843A-005004848CBA}','33558544','{AAE901CC-C95B-11D3-9A06-00105A0DF099}',NULL)       
INSERT INTO ToolOptionSet VALUES ('{A9E51474-6C9A-11D3-843A-005004848CBA}','33558544','{AAE901D2-C95B-11D3-9A06-00105A0DF099}',NULL)       
INSERT INTO ToolOptionSet VALUES ('{A9E51474-6C9A-11D3-843A-005004848CBA}','33558544','{AAE9033D-C95B-11D3-9A06-00105A0DF099}',NULL)       
INSERT INTO ToolOptionSet VALUES ('{A9E51474-6C9A-11D3-843A-005004848CBA}','33558544','{AAE90381-C95B-11D3-9A06-00105A0DF099}',NULL)       
INSERT INTO ToolOptionSet VALUES ('{A9E51474-6C9A-11D3-843A-005004848CBA}','33558544','{AAE903B2-C95B-11D3-9A06-00105A0DF099}',NULL)       
INSERT INTO ToolOptionSet VALUES ('{A9E51474-6C9A-11D3-843A-005004848CBA}','33558544','{AAE903DD-C95B-11D3-9A06-00105A0DF099}',NULL)       
INSERT INTO ToolOptionSet VALUES ('{A9E51474-6C9A-11D3-843A-005004848CBA}','33558544','{AAE903F3-C95B-11D3-9A06-00105A0DF099}',NULL)      
INSERT INTO ToolOptionSet VALUES ('{A9E51474-6C9A-11D3-843A-005004848CBA}','33558544','{9EA28C91-E30F-11d3-991B-00105A1E7FA9}',NULL)        
INSERT INTO ToolOptionSet VALUES ('{A9E51474-6C9A-11D3-843A-005004848CBA}','33558544','{28EF5660-D824-11d3-9919-00105A1E7FA9}',NULL)        
INSERT INTO ToolOptionSet VALUES ('{A9E51474-6C9A-11D3-843A-005004848CBA}','33558544','{AAE90413-C95B-11D3-9A06-00105A0DF099}',NULL)        
INSERT INTO ToolOptionSet VALUES ('{A9E51474-6C9A-11D3-843A-005004848CBA}','33558544','{AC7419De-CDFD-11d3-9916-00105A1E7FA9}',NULL)        
	// MFC ActiveX Control debug settings
INSERT INTO ToolOptionSet VALUES ('{A9E51474-6C9A-11D3-843A-005004848CBA}','33558800','{AAE9019C-C95B-11D3-9A06-00105A0DF099}',NULL)       
INSERT INTO ToolOptionSet VALUES ('{A9E51474-6C9A-11D3-843A-005004848CBA}','33558800','{AAE901A3-C95B-11D3-9A06-00105A0DF099}',NULL)       
INSERT INTO ToolOptionSet VALUES ('{A9E51474-6C9A-11D3-843A-005004848CBA}','33558800','{AAE901CC-C95B-11D3-9A06-00105A0DF099}',NULL)       
INSERT INTO ToolOptionSet VALUES ('{A9E51474-6C9A-11D3-843A-005004848CBA}','33558800','{AAE901D2-C95B-11D3-9A06-00105A0DF099}',NULL)       
INSERT INTO ToolOptionSet VALUES ('{A9E51474-6C9A-11D3-843A-005004848CBA}','33558800','{AAE90348-C95B-11D3-9A06-00105A0DF099}',NULL)       
INSERT INTO ToolOptionSet VALUES ('{A9E51474-6C9A-11D3-843A-005004848CBA}','33558800','{AAE90381-C95B-11D3-9A06-00105A0DF099}',NULL)       
INSERT INTO ToolOptionSet VALUES ('{A9E51474-6C9A-11D3-843A-005004848CBA}','33558800','{AAE903E8-C95B-11D3-9A06-00105A0DF099}',NULL)      
INSERT INTO ToolOptionSet VALUES ('{A9E51474-6C9A-11D3-843A-005004848CBA}','33558800','{AAE903F3-C95B-11D3-9A06-00105A0DF099}',NULL)      
INSERT INTO ToolOptionSet VALUES ('{A9E51474-6C9A-11D3-843A-005004848CBA}','33558800','{9EA28C91-E30F-11d3-991B-00105A1E7FA9}',NULL)        
INSERT INTO ToolOptionSet VALUES ('{A9E51474-6C9A-11D3-843A-005004848CBA}','33558800','{28EF5660-D824-11d3-9919-00105A1E7FA9}',NULL)        
INSERT INTO ToolOptionSet VALUES ('{A9E51474-6C9A-11D3-843A-005004848CBA}','33558800','{AAE90413-C95B-11D3-9A06-00105A0DF099}',NULL)        
INSERT INTO ToolOptionSet VALUES ('{A9E51474-6C9A-11D3-843A-005004848CBA}','33558800','{AC7419De-CDFD-11d3-9916-00105A1E7FA9}',NULL)        
	// Concole application release settings
INSERT INTO ToolOptionSet VALUES ('{A9E51474-6C9A-11D3-843A-005004848CBA}','50331648','{AAE9019E-C95B-11D3-9A06-00105A0DF099}',NULL)       
INSERT INTO ToolOptionSet VALUES ('{A9E51474-6C9A-11D3-843A-005004848CBA}','50331648','{AAE901C1-C95B-11D3-9A06-00105A0DF099}',NULL)       
INSERT INTO ToolOptionSet VALUES ('{A9E51474-6C9A-11D3-843A-005004848CBA}','50331648','{AAE9033D-C95B-11D3-9A06-00105A0DF099}',NULL)       
INSERT INTO ToolOptionSet VALUES ('{A9E51474-6C9A-11D3-843A-005004848CBA}','50331648','{AAE90381-C95B-11D3-9A06-00105A0DF099}',NULL)       
INSERT INTO ToolOptionSet VALUES ('{A9E51474-6C9A-11D3-843A-005004848CBA}','50331648','{AAE903B2-C95B-11D3-9A06-00105A0DF099}',NULL)       
INSERT INTO ToolOptionSet VALUES ('{A9E51474-6C9A-11D3-843A-005004848CBA}','50331648','{AAE903DD-C95B-11D3-9A06-00105A0DF099}',NULL)       
INSERT INTO ToolOptionSet VALUES ('{A9E51474-6C9A-11D3-843A-005004848CBA}','50331648','{9EA28C91-E30F-11d3-991B-00105A1E7FA9}',NULL)        
INSERT INTO ToolOptionSet VALUES ('{A9E51474-6C9A-11D3-843A-005004848CBA}','50331648','{28EF5660-D824-11d3-9919-00105A1E7FA9}',NULL)        
INSERT INTO ToolOptionSet VALUES ('{A9E51474-6C9A-11D3-843A-005004848CBA}','50331648','{AAE90413-C95B-11D3-9A06-00105A0DF099}',NULL)        
INSERT INTO ToolOptionSet VALUES ('{A9E51474-6C9A-11D3-843A-005004848CBA}','50331648','{AC7419De-CDFD-11d3-9916-00105A1E7FA9}',NULL)        
	// Concole application debug settings
INSERT INTO ToolOptionSet VALUES ('{A9E51474-6C9A-11D3-843A-005004848CBA}','50331904','{AAE9019C-C95B-11D3-9A06-00105A0DF099}',NULL)       
INSERT INTO ToolOptionSet VALUES ('{A9E51474-6C9A-11D3-843A-005004848CBA}','50331904','{AAE9019E-C95B-11D3-9A06-00105A0DF099}',NULL)       
INSERT INTO ToolOptionSet VALUES ('{A9E51474-6C9A-11D3-843A-005004848CBA}','50331904','{AAE901A6-C95B-11D3-9A06-00105A0DF099}',NULL)       
INSERT INTO ToolOptionSet VALUES ('{A9E51474-6C9A-11D3-843A-005004848CBA}','50331904','{AAE90348-C95B-11D3-9A06-00105A0DF099}',NULL)       
INSERT INTO ToolOptionSet VALUES ('{A9E51474-6C9A-11D3-843A-005004848CBA}','50331904','{AAE90381-C95B-11D3-9A06-00105A0DF099}',NULL)       
INSERT INTO ToolOptionSet VALUES ('{A9E51474-6C9A-11D3-843A-005004848CBA}','50331904','{AAE903E8-C95B-11D3-9A06-00105A0DF099}',NULL)      
INSERT INTO ToolOptionSet VALUES ('{A9E51474-6C9A-11D3-843A-005004848CBA}','50331904','{9EA28C91-E30F-11d3-991B-00105A1E7FA9}',NULL)        
INSERT INTO ToolOptionSet VALUES ('{A9E51474-6C9A-11D3-843A-005004848CBA}','50331904','{28EF5660-D824-11d3-9919-00105A1E7FA9}',NULL)        
INSERT INTO ToolOptionSet VALUES ('{A9E51474-6C9A-11D3-843A-005004848CBA}','50331904','{AAE90413-C95B-11D3-9A06-00105A0DF099}',NULL)        
INSERT INTO ToolOptionSet VALUES ('{A9E51474-6C9A-11D3-843A-005004848CBA}','50331904','{AC7419De-CDFD-11d3-9916-00105A1E7FA9}',NULL)        
	// Static Library release settings
INSERT INTO ToolOptionSet VALUES ('{A9E51474-6C9A-11D3-843A-005004848CBA}','67108864','{AAE9019E-C95B-11D3-9A06-00105A0DF099}',NULL)       
INSERT INTO ToolOptionSet VALUES ('{A9E51474-6C9A-11D3-843A-005004848CBA}','67108864','{AAE901C4-C95B-11D3-9A06-00105A0DF099}',NULL)       
INSERT INTO ToolOptionSet VALUES ('{A9E51474-6C9A-11D3-843A-005004848CBA}','67108864','{AAE9033D-C95B-11D3-9A06-00105A0DF099}',NULL)       
INSERT INTO ToolOptionSet VALUES ('{A9E51474-6C9A-11D3-843A-005004848CBA}','67108864','{AAE90381-C95B-11D3-9A06-00105A0DF099}',NULL)       
INSERT INTO ToolOptionSet VALUES ('{A9E51474-6C9A-11D3-843A-005004848CBA}','67108864','{AAE903B2-C95B-11D3-9A06-00105A0DF099}',NULL)       
INSERT INTO ToolOptionSet VALUES ('{A9E51474-6C9A-11D3-843A-005004848CBA}','67108864','{AAE903DD-C95B-11D3-9A06-00105A0DF099}',NULL)       
INSERT INTO ToolOptionSet VALUES ('{A9E51474-6C9A-11D3-843A-005004848CBA}','67108864','{9EA28C91-E30F-11d3-991B-00105A1E7FA9}',NULL)        
INSERT INTO ToolOptionSet VALUES ('{A9E51474-6C9A-11D3-843A-005004848CBA}','67108864','{28EF5660-D824-11d3-9919-00105A1E7FA9}',NULL)        
INSERT INTO ToolOptionSet VALUES ('{A9E51474-6C9A-11D3-843A-005004848CBA}','67108864','{AAE90413-C95B-11D3-9A06-00105A0DF099}',NULL)        
INSERT INTO ToolOptionSet VALUES ('{A9E51474-6C9A-11D3-843A-005004848CBA}','67108864','{AC7419De-CDFD-11d3-9916-00105A1E7FA9}',NULL)        
	// Static Library debug settings
INSERT INTO ToolOptionSet VALUES ('{A9E51474-6C9A-11D3-843A-005004848CBA}','67109120','{AAE9019C-C95B-11D3-9A06-00105A0DF099}',NULL)       
INSERT INTO ToolOptionSet VALUES ('{A9E51474-6C9A-11D3-843A-005004848CBA}','67109120','{AAE9019E-C95B-11D3-9A06-00105A0DF099}',NULL)       
INSERT INTO ToolOptionSet VALUES ('{A9E51474-6C9A-11D3-843A-005004848CBA}','67109120','{AAE901A9-C95B-11D3-9A06-00105A0DF099}',NULL)       
INSERT INTO ToolOptionSet VALUES ('{A9E51474-6C9A-11D3-843A-005004848CBA}','67109120','{AAE90348-C95B-11D3-9A06-00105A0DF099}',NULL)       
INSERT INTO ToolOptionSet VALUES ('{A9E51474-6C9A-11D3-843A-005004848CBA}','67109120','{AAE90381-C95B-11D3-9A06-00105A0DF099}',NULL)       
INSERT INTO ToolOptionSet VALUES ('{A9E51474-6C9A-11D3-843A-005004848CBA}','67109120','{AAE903E8-C95B-11D3-9A06-00105A0DF099}',NULL)      
INSERT INTO ToolOptionSet VALUES ('{A9E51474-6C9A-11D3-843A-005004848CBA}','67109120','{9EA28C91-E30F-11d3-991B-00105A1E7FA9}',NULL)      
INSERT INTO ToolOptionSet VALUES ('{A9E51474-6C9A-11D3-843A-005004848CBA}','67109120','{9EA28C91-E30F-11d3-991B-00105A1E7FA9}',NULL)  
INSERT INTO ToolOptionSet VALUES ('{A9E51474-6C9A-11D3-843A-005004848CBA}','67109120','{28EF5660-D824-11d3-9919-00105A1E7FA9}',NULL)      
INSERT INTO ToolOptionSet VALUES ('{A9E51474-6C9A-11D3-843A-005004848CBA}','67109120','{28EF5660-D824-11d3-9919-00105A1E7FA9}',NULL)  
INSERT INTO ToolOptionSet VALUES ('{A9E51474-6C9A-11D3-843A-005004848CBA}','67109120','{AAE90413-C95B-11D3-9A06-00105A0DF099}',NULL)               
INSERT INTO ToolOptionSet VALUES ('{A9E51474-6C9A-11D3-843A-005004848CBA}','67109120','{AC7419De-CDFD-11d3-9916-00105A1E7FA9}',NULL)                 

// LINK MIPS16
	//EXE Release settings
INSERT INTO ToolOptionSet VALUES ('{A9E51475-6C9A-11D3-843A-005004848CBA}','16777216','{AAE9019F-C95B-11D3-9A06-00105A0DF099}',NULL)       
INSERT INTO ToolOptionSet VALUES ('{A9E51475-6C9A-11D3-843A-005004848CBA}','16777216','{AAE901B6-C95B-11D3-9A06-00105A0DF099}',NULL)       
INSERT INTO ToolOptionSet VALUES ('{A9E51475-6C9A-11D3-843A-005004848CBA}','16777216','{AAE901B8-C95B-11D3-9A06-00105A0DF099}',NULL)       
INSERT INTO ToolOptionSet VALUES ('{A9E51475-6C9A-11D3-843A-005004848CBA}','16777216','{AAE9035F-C95B-11D3-9A06-00105A0DF099}',NULL)       
INSERT INTO ToolOptionSet VALUES ('{A9E51475-6C9A-11D3-843A-005004848CBA}','16777216','{AAE903CD-C95B-11D3-9A06-00105A0DF099}',NULL)       
INSERT INTO ToolOptionSet VALUES ('{A9E51475-6C9A-11D3-843A-005004848CBA}','16777216','{AAE90408-C95B-11D3-9A06-00105A0DF099}',NULL)      
INSERT INTO ToolOptionSet VALUES ('{A9E51475-6C9A-11D3-843A-005004848CBA}','16777216','{AAE90376-C95B-11D3-9A06-00105A0DF099}',NULL)       
INSERT INTO ToolOptionSet VALUES ('{A9E51475-6C9A-11D3-843A-005004848CBA}','16777216','{3945DA30-F3C5-11d3-9921-00105A1E7FA9}',NULL)       
	//MFC EXE Release settings 
INSERT INTO ToolOptionSet VALUES ('{A9E51475-6C9A-11D3-843A-005004848CBA}','16777232','{AAE901B3-C95B-11D3-9A06-00105A0DF099}',NULL)       
INSERT INTO ToolOptionSet VALUES ('{A9E51475-6C9A-11D3-843A-005004848CBA}','16777232','{AAE901C7-C95B-11D3-9A06-00105A0DF099}',NULL)       
INSERT INTO ToolOptionSet VALUES ('{A9E51475-6C9A-11D3-843A-005004848CBA}','16777232','{AAE9035F-C95B-11D3-9A06-00105A0DF099}',NULL)       
INSERT INTO ToolOptionSet VALUES ('{A9E51475-6C9A-11D3-843A-005004848CBA}','16777232','{AAE903CD-C95B-11D3-9A06-00105A0DF099}',NULL)       
INSERT INTO ToolOptionSet VALUES ('{A9E51475-6C9A-11D3-843A-005004848CBA}','16777232','{AAE90408-C95B-11D3-9A06-00105A0DF099}',NULL)      
INSERT INTO ToolOptionSet VALUES ('{A9E51475-6C9A-11D3-843A-005004848CBA}','16777232','{AAE90376-C95B-11D3-9A06-00105A0DF099}',NULL)       
INSERT INTO ToolOptionSet VALUES ('{A9E51475-6C9A-11D3-843A-005004848CBA}','16777232','{3945DA30-F3C5-11d3-9921-00105A1E7FA9}',NULL)       
	// EXE Debug settings
INSERT INTO ToolOptionSet VALUES ('{A9E51475-6C9A-11D3-843A-005004848CBA}','16777472','{AAE9019F-C95B-11D3-9A06-00105A0DF099}',NULL)       
INSERT INTO ToolOptionSet VALUES ('{A9E51475-6C9A-11D3-843A-005004848CBA}','16777472','{AAE901A0-C95B-11D3-9A06-00105A0DF099}',NULL)       
INSERT INTO ToolOptionSet VALUES ('{A9E51475-6C9A-11D3-843A-005004848CBA}','16777472','{AAE901A1-C95B-11D3-9A06-00105A0DF099}',NULL)       
INSERT INTO ToolOptionSet VALUES ('{A9E51475-6C9A-11D3-843A-005004848CBA}','16777472','{AAE901A2-C95B-11D3-9A06-00105A0DF099}',NULL)       
INSERT INTO ToolOptionSet VALUES ('{A9E51475-6C9A-11D3-843A-005004848CBA}','16777472','{AAE9035F-C95B-11D3-9A06-00105A0DF099}',NULL)       
INSERT INTO ToolOptionSet VALUES ('{A9E51475-6C9A-11D3-843A-005004848CBA}','16777472','{AAE903CD-C95B-11D3-9A06-00105A0DF099}',NULL)       
INSERT INTO ToolOptionSet VALUES ('{A9E51475-6C9A-11D3-843A-005004848CBA}','16777472','{AAE903FD-C95B-11D3-9A06-00105A0DF099}',NULL)      
INSERT INTO ToolOptionSet VALUES ('{A9E51475-6C9A-11D3-843A-005004848CBA}','16777472','{AAE90376-C95B-11D3-9A06-00105A0DF099}',NULL)       
INSERT INTO ToolOptionSet VALUES ('{A9E51475-6C9A-11D3-843A-005004848CBA}','16777472','{3945DA30-F3C5-11d3-9921-00105A1E7FA9}',NULL)       
	//MFC EXE Debug settings
INSERT INTO ToolOptionSet VALUES ('{A9E51475-6C9A-11D3-843A-005004848CBA}','16777488','{AAE901AB-C95B-11D3-9A06-00105A0DF099}',NULL)       
INSERT INTO ToolOptionSet VALUES ('{A9E51475-6C9A-11D3-843A-005004848CBA}','16777488','{AAE901B3-C95B-11D3-9A06-00105A0DF099}',NULL)       
INSERT INTO ToolOptionSet VALUES ('{A9E51475-6C9A-11D3-843A-005004848CBA}','16777488','{AAE9035F-C95B-11D3-9A06-00105A0DF099}',NULL)       
INSERT INTO ToolOptionSet VALUES ('{A9E51475-6C9A-11D3-843A-005004848CBA}','16777488','{AAE903CD-C95B-11D3-9A06-00105A0DF099}',NULL)       
INSERT INTO ToolOptionSet VALUES ('{A9E51475-6C9A-11D3-843A-005004848CBA}','16777488','{AAE903FD-C95B-11D3-9A06-00105A0DF099}',NULL)      
INSERT INTO ToolOptionSet VALUES ('{A9E51475-6C9A-11D3-843A-005004848CBA}','16777488','{AAE90376-C95B-11D3-9A06-00105A0DF099}',NULL)       
INSERT INTO ToolOptionSet VALUES ('{A9E51475-6C9A-11D3-843A-005004848CBA}','16777488','{3945DA30-F3C5-11d3-9921-00105A1E7FA9}',NULL)       
	//DLL Release settings
INSERT INTO ToolOptionSet VALUES ('{A9E51475-6C9A-11D3-843A-005004848CBA}','33554432','{AAE9019F-C95B-11D3-9A06-00105A0DF099}',NULL)       
INSERT INTO ToolOptionSet VALUES ('{A9E51475-6C9A-11D3-843A-005004848CBA}','33554432','{AAE901B8-C95B-11D3-9A06-00105A0DF099}',NULL)       
INSERT INTO ToolOptionSet VALUES ('{A9E51475-6C9A-11D3-843A-005004848CBA}','33554432','{AAE901BC-C95B-11D3-9A06-00105A0DF099}',NULL)       
INSERT INTO ToolOptionSet VALUES ('{A9E51475-6C9A-11D3-843A-005004848CBA}','33554432','{AAE9036A-C95B-11D3-9A06-00105A0DF099}',NULL)       
INSERT INTO ToolOptionSet VALUES ('{A9E51475-6C9A-11D3-843A-005004848CBA}','33554432','{AAE903CD-C95B-11D3-9A06-00105A0DF099}',NULL)       
INSERT INTO ToolOptionSet VALUES ('{A9E51475-6C9A-11D3-843A-005004848CBA}','33554432','{AAE90408-C95B-11D3-9A06-00105A0DF099}',NULL)      
INSERT INTO ToolOptionSet VALUES ('{A9E51475-6C9A-11D3-843A-005004848CBA}','33554432','{AAE90376-C95B-11D3-9A06-00105A0DF099}',NULL)       
INSERT INTO ToolOptionSet VALUES ('{A9E51475-6C9A-11D3-843A-005004848CBA}','33554432','{3945DA30-F3C5-11d3-9921-00105A1E7FA9}',NULL)       
	//ATL DLL Release MinSize settings
INSERT INTO ToolOptionSet VALUES ('{A9E51475-6C9A-11D3-843A-005004848CBA}','33554433','{AAE901BC-C95B-11D3-9A06-00105A0DF099}',NULL)       
INSERT INTO ToolOptionSet VALUES ('{A9E51475-6C9A-11D3-843A-005004848CBA}','33554433','{AAE901CD-C95B-11D3-9A06-00105A0DF099}',NULL)       
INSERT INTO ToolOptionSet VALUES ('{A9E51475-6C9A-11D3-843A-005004848CBA}','33554433','{AAE9036A-C95B-11D3-9A06-00105A0DF099}',NULL)       
INSERT INTO ToolOptionSet VALUES ('{A9E51475-6C9A-11D3-843A-005004848CBA}','33554433','{AAE903CD-C95B-11D3-9A06-00105A0DF099}',NULL)       
INSERT INTO ToolOptionSet VALUES ('{A9E51475-6C9A-11D3-843A-005004848CBA}','33554433','{AAE90408-C95B-11D3-9A06-00105A0DF099}',NULL)      
INSERT INTO ToolOptionSet VALUES ('{A9E51475-6C9A-11D3-843A-005004848CBA}','33554433','{AAE90376-C95B-11D3-9A06-00105A0DF099}',NULL)       
INSERT INTO ToolOptionSet VALUES ('{A9E51475-6C9A-11D3-843A-005004848CBA}','33554433','{3945DA30-F3C5-11d3-9921-00105A1E7FA9}',NULL)       
	//ATL DLL Release MinDep settings
INSERT INTO ToolOptionSet VALUES ('{A9E51475-6C9A-11D3-843A-005004848CBA}','33554434','{AAE901BC-C95B-11D3-9A06-00105A0DF099}',NULL)       
INSERT INTO ToolOptionSet VALUES ('{A9E51475-6C9A-11D3-843A-005004848CBA}','33554434','{AAE901CD-C95B-11D3-9A06-00105A0DF099}',NULL)       
INSERT INTO ToolOptionSet VALUES ('{A9E51475-6C9A-11D3-843A-005004848CBA}','33554434','{AAE9036A-C95B-11D3-9A06-00105A0DF099}',NULL)       
INSERT INTO ToolOptionSet VALUES ('{A9E51475-6C9A-11D3-843A-005004848CBA}','33554434','{AAE903CD-C95B-11D3-9A06-00105A0DF099}',NULL)       
INSERT INTO ToolOptionSet VALUES ('{A9E51475-6C9A-11D3-843A-005004848CBA}','33554434','{AAE90408-C95B-11D3-9A06-00105A0DF099}',NULL)      
INSERT INTO ToolOptionSet VALUES ('{A9E51475-6C9A-11D3-843A-005004848CBA}','33554434','{AAE90376-C95B-11D3-9A06-00105A0DF099}',NULL)       
INSERT INTO ToolOptionSet VALUES ('{A9E51475-6C9A-11D3-843A-005004848CBA}','33554434','{3945DA30-F3C5-11d3-9921-00105A1E7FA9}',NULL)       
	// ATL EXE Release MinSize Settings
INSERT INTO ToolOptionSet VALUES ('{A9E51475-6C9A-11D3-843A-005004848CBA}','16777217','{AAE901B6-C95B-11D3-9A06-00105A0DF099}',NULL)       
INSERT INTO ToolOptionSet VALUES ('{A9E51475-6C9A-11D3-843A-005004848CBA}','16777217','{AAE901CD-C95B-11D3-9A06-00105A0DF099}',NULL)       
INSERT INTO ToolOptionSet VALUES ('{A9E51475-6C9A-11D3-843A-005004848CBA}','16777217','{AAE9035F-C95B-11D3-9A06-00105A0DF099}',NULL)       
INSERT INTO ToolOptionSet VALUES ('{A9E51475-6C9A-11D3-843A-005004848CBA}','16777217','{AAE90376-C95B-11D3-9A06-00105A0DF099}',NULL)       
INSERT INTO ToolOptionSet VALUES ('{A9E51475-6C9A-11D3-843A-005004848CBA}','16777217','{AAE903CD-C95B-11D3-9A06-00105A0DF099}',NULL)       
INSERT INTO ToolOptionSet VALUES ('{A9E51475-6C9A-11D3-843A-005004848CBA}','16777217','{AAE90408-C95B-11D3-9A06-00105A0DF099}',NULL)      
INSERT INTO ToolOptionSet VALUES ('{A9E51475-6C9A-11D3-843A-005004848CBA}','16777217','{3945DA30-F3C5-11d3-9921-00105A1E7FA9}',NULL)       
	// ATL EXE Release MinDep Settings                                   
INSERT INTO ToolOptionSet VALUES ('{A9E51475-6C9A-11D3-843A-005004848CBA}','16777218','{AAE901B6-C95B-11D3-9A06-00105A0DF099}',NULL)       
INSERT INTO ToolOptionSet VALUES ('{A9E51475-6C9A-11D3-843A-005004848CBA}','16777218','{AAE901CD-C95B-11D3-9A06-00105A0DF099}',NULL)       
INSERT INTO ToolOptionSet VALUES ('{A9E51475-6C9A-11D3-843A-005004848CBA}','16777218','{AAE9035F-C95B-11D3-9A06-00105A0DF099}',NULL)       
INSERT INTO ToolOptionSet VALUES ('{A9E51475-6C9A-11D3-843A-005004848CBA}','16777218','{AAE90376-C95B-11D3-9A06-00105A0DF099}',NULL)       
INSERT INTO ToolOptionSet VALUES ('{A9E51475-6C9A-11D3-843A-005004848CBA}','16777218','{AAE903CD-C95B-11D3-9A06-00105A0DF099}',NULL)       
INSERT INTO ToolOptionSet VALUES ('{A9E51475-6C9A-11D3-843A-005004848CBA}','16777218','{AAE90408-C95B-11D3-9A06-00105A0DF099}',NULL)      
INSERT INTO ToolOptionSet VALUES ('{A9E51475-6C9A-11D3-843A-005004848CBA}','16777218','{3945DA30-F3C5-11d3-9921-00105A1E7FA9}',NULL)       
	//MFC DLL Release settings
INSERT INTO ToolOptionSet VALUES ('{A9E51475-6C9A-11D3-843A-005004848CBA}','33554448','{AAE901BC-C95B-11D3-9A06-00105A0DF099}',NULL)       
INSERT INTO ToolOptionSet VALUES ('{A9E51475-6C9A-11D3-843A-005004848CBA}','33554448','{AAE901CD-C95B-11D3-9A06-00105A0DF099}',NULL)       
INSERT INTO ToolOptionSet VALUES ('{A9E51475-6C9A-11D3-843A-005004848CBA}','33554448','{AAE9036A-C95B-11D3-9A06-00105A0DF099}',NULL)       
INSERT INTO ToolOptionSet VALUES ('{A9E51475-6C9A-11D3-843A-005004848CBA}','33554448','{AAE903CD-C95B-11D3-9A06-00105A0DF099}',NULL)       
INSERT INTO ToolOptionSet VALUES ('{A9E51475-6C9A-11D3-843A-005004848CBA}','33554448','{AAE90408-C95B-11D3-9A06-00105A0DF099}',NULL)      
INSERT INTO ToolOptionSet VALUES ('{A9E51475-6C9A-11D3-843A-005004848CBA}','33554448','{AAE90376-C95B-11D3-9A06-00105A0DF099}',NULL)       
INSERT INTO ToolOptionSet VALUES ('{A9E51475-6C9A-11D3-843A-005004848CBA}','33554448','{3945DA30-F3C5-11d3-9921-00105A1E7FA9}',NULL)       
	// DLL Debug settings
INSERT INTO ToolOptionSet VALUES ('{A9E51475-6C9A-11D3-843A-005004848CBA}','33554688','{AAE9019F-C95B-11D3-9A06-00105A0DF099}',NULL)       
INSERT INTO ToolOptionSet VALUES ('{A9E51475-6C9A-11D3-843A-005004848CBA}','33554688','{AAE901A0-C95B-11D3-9A06-00105A0DF099}',NULL)       
INSERT INTO ToolOptionSet VALUES ('{A9E51475-6C9A-11D3-843A-005004848CBA}','33554688','{AAE901A2-C95B-11D3-9A06-00105A0DF099}',NULL)       
INSERT INTO ToolOptionSet VALUES ('{A9E51475-6C9A-11D3-843A-005004848CBA}','33554688','{AAE901A4-C95B-11D3-9A06-00105A0DF099}',NULL)       
INSERT INTO ToolOptionSet VALUES ('{A9E51475-6C9A-11D3-843A-005004848CBA}','33554688','{AAE9036A-C95B-11D3-9A06-00105A0DF099}',NULL)       
INSERT INTO ToolOptionSet VALUES ('{A9E51475-6C9A-11D3-843A-005004848CBA}','33554688','{AAE903CD-C95B-11D3-9A06-00105A0DF099}',NULL)       
INSERT INTO ToolOptionSet VALUES ('{A9E51475-6C9A-11D3-843A-005004848CBA}','33554688','{AAE903FD-C95B-11D3-9A06-00105A0DF099}',NULL)      
INSERT INTO ToolOptionSet VALUES ('{A9E51475-6C9A-11D3-843A-005004848CBA}','33554688','{AAE90376-C95B-11D3-9A06-00105A0DF099}',NULL)       
INSERT INTO ToolOptionSet VALUES ('{A9E51475-6C9A-11D3-843A-005004848CBA}','33554688','{3945DA30-F3C5-11d3-9921-00105A1E7FA9}',NULL)       
	// ATL DLL Debug settings
INSERT INTO ToolOptionSet VALUES ('{A9E51475-6C9A-11D3-843A-005004848CBA}','33554689','{AAE901A4-C95B-11D3-9A06-00105A0DF099}',NULL)       
INSERT INTO ToolOptionSet VALUES ('{A9E51475-6C9A-11D3-843A-005004848CBA}','33554689','{AAE901AC-C95B-11D3-9A06-00105A0DF099}',NULL)       
INSERT INTO ToolOptionSet VALUES ('{A9E51475-6C9A-11D3-843A-005004848CBA}','33554689','{AAE901CD-C95B-11D3-9A06-00105A0DF099}',NULL)       
INSERT INTO ToolOptionSet VALUES ('{A9E51475-6C9A-11D3-843A-005004848CBA}','33554689','{AAE9036A-C95B-11D3-9A06-00105A0DF099}',NULL)       
INSERT INTO ToolOptionSet VALUES ('{A9E51475-6C9A-11D3-843A-005004848CBA}','33554689','{AAE903CD-C95B-11D3-9A06-00105A0DF099}',NULL)       
INSERT INTO ToolOptionSet VALUES ('{A9E51475-6C9A-11D3-843A-005004848CBA}','33554689','{AAE903FD-C95B-11D3-9A06-00105A0DF099}',NULL)      
INSERT INTO ToolOptionSet VALUES ('{A9E51475-6C9A-11D3-843A-005004848CBA}','33554689','{AAE90376-C95B-11D3-9A06-00105A0DF099}',NULL)       
INSERT INTO ToolOptionSet VALUES ('{A9E51475-6C9A-11D3-843A-005004848CBA}','33554689','{3945DA30-F3C5-11d3-9921-00105A1E7FA9}',NULL)       
	// ATL EXE Debug Settings	
INSERT INTO ToolOptionSet VALUES ('{A9E51475-6C9A-11D3-843A-005004848CBA}','16777473','{AAE901A1-C95B-11D3-9A06-00105A0DF099}',NULL)       
INSERT INTO ToolOptionSet VALUES ('{A9E51475-6C9A-11D3-843A-005004848CBA}','16777473','{AAE901AC-C95B-11D3-9A06-00105A0DF099}',NULL)       
INSERT INTO ToolOptionSet VALUES ('{A9E51475-6C9A-11D3-843A-005004848CBA}','16777473','{AAE901CD-C95B-11D3-9A06-00105A0DF099}',NULL)       
INSERT INTO ToolOptionSet VALUES ('{A9E51475-6C9A-11D3-843A-005004848CBA}','16777473','{AAE9035F-C95B-11D3-9A06-00105A0DF099}',NULL)       
INSERT INTO ToolOptionSet VALUES ('{A9E51475-6C9A-11D3-843A-005004848CBA}','16777473','{AAE90376-C95B-11D3-9A06-00105A0DF099}',NULL)       
INSERT INTO ToolOptionSet VALUES ('{A9E51475-6C9A-11D3-843A-005004848CBA}','16777473','{AAE903CD-C95B-11D3-9A06-00105A0DF099}',NULL)       
INSERT INTO ToolOptionSet VALUES ('{A9E51475-6C9A-11D3-843A-005004848CBA}','16777473','{AAE903FD-C95B-11D3-9A06-00105A0DF099}',NULL)      
INSERT INTO ToolOptionSet VALUES ('{A9E51475-6C9A-11D3-843A-005004848CBA}','16777473','{3945DA30-F3C5-11d3-9921-00105A1E7FA9}',NULL)       
	// MFC DLL Debug settings
INSERT INTO ToolOptionSet VALUES ('{A9E51475-6C9A-11D3-843A-005004848CBA}','33554704','{AAE901A4-C95B-11D3-9A06-00105A0DF099}',NULL)       
INSERT INTO ToolOptionSet VALUES ('{A9E51475-6C9A-11D3-843A-005004848CBA}','33554704','{AAE901AC-C95B-11D3-9A06-00105A0DF099}',NULL)       
INSERT INTO ToolOptionSet VALUES ('{A9E51475-6C9A-11D3-843A-005004848CBA}','33554704','{AAE901CD-C95B-11D3-9A06-00105A0DF099}',NULL)       
INSERT INTO ToolOptionSet VALUES ('{A9E51475-6C9A-11D3-843A-005004848CBA}','33554704','{AAE9036A-C95B-11D3-9A06-00105A0DF099}',NULL)       
INSERT INTO ToolOptionSet VALUES ('{A9E51475-6C9A-11D3-843A-005004848CBA}','33554704','{AAE903CD-C95B-11D3-9A06-00105A0DF099}',NULL)       
INSERT INTO ToolOptionSet VALUES ('{A9E51475-6C9A-11D3-843A-005004848CBA}','33554704','{AAE903FD-C95B-11D3-9A06-00105A0DF099}',NULL)      
INSERT INTO ToolOptionSet VALUES ('{A9E51475-6C9A-11D3-843A-005004848CBA}','33554704','{AAE90376-C95B-11D3-9A06-00105A0DF099}',NULL)       
INSERT INTO ToolOptionSet VALUES ('{A9E51475-6C9A-11D3-843A-005004848CBA}','33554704','{3945DA30-F3C5-11d3-9921-00105A1E7FA9}',NULL)       
	// MFC ActiveX Control release settings
INSERT INTO ToolOptionSet VALUES ('{A9E51475-6C9A-11D3-843A-005004848CBA}','33558544','{AAE901BC-C95B-11D3-9A06-00105A0DF099}',NULL)       
INSERT INTO ToolOptionSet VALUES ('{A9E51475-6C9A-11D3-843A-005004848CBA}','33558544','{AAE901CD-C95B-11D3-9A06-00105A0DF099}',NULL)       
INSERT INTO ToolOptionSet VALUES ('{A9E51475-6C9A-11D3-843A-005004848CBA}','33558544','{AAE9036A-C95B-11D3-9A06-00105A0DF099}',NULL)       
INSERT INTO ToolOptionSet VALUES ('{A9E51475-6C9A-11D3-843A-005004848CBA}','33558544','{AAE903CD-C95B-11D3-9A06-00105A0DF099}',NULL)       
INSERT INTO ToolOptionSet VALUES ('{A9E51475-6C9A-11D3-843A-005004848CBA}','33558544','{AAE90408-C95B-11D3-9A06-00105A0DF099}',NULL)      
INSERT INTO ToolOptionSet VALUES ('{A9E51475-6C9A-11D3-843A-005004848CBA}','33558544','{AAE90376-C95B-11D3-9A06-00105A0DF099}',NULL)       
INSERT INTO ToolOptionSet VALUES ('{A9E51475-6C9A-11D3-843A-005004848CBA}','33558544','{3945DA30-F3C5-11d3-9921-00105A1E7FA9}',NULL)       
	// MFC ActiveX Control debug settings
INSERT INTO ToolOptionSet VALUES ('{A9E51475-6C9A-11D3-843A-005004848CBA}','33558800','{AAE901A4-C95B-11D3-9A06-00105A0DF099}',NULL)       
INSERT INTO ToolOptionSet VALUES ('{A9E51475-6C9A-11D3-843A-005004848CBA}','33558800','{AAE901AC-C95B-11D3-9A06-00105A0DF099}',NULL)       
INSERT INTO ToolOptionSet VALUES ('{A9E51475-6C9A-11D3-843A-005004848CBA}','33558800','{AAE901CD-C95B-11D3-9A06-00105A0DF099}',NULL)       
INSERT INTO ToolOptionSet VALUES ('{A9E51475-6C9A-11D3-843A-005004848CBA}','33558800','{AAE9036A-C95B-11D3-9A06-00105A0DF099}',NULL)       
INSERT INTO ToolOptionSet VALUES ('{A9E51475-6C9A-11D3-843A-005004848CBA}','33558800','{AAE903CD-C95B-11D3-9A06-00105A0DF099}',NULL)       
INSERT INTO ToolOptionSet VALUES ('{A9E51475-6C9A-11D3-843A-005004848CBA}','33558800','{AAE903FD-C95B-11D3-9A06-00105A0DF099}',NULL)      
INSERT INTO ToolOptionSet VALUES ('{A9E51475-6C9A-11D3-843A-005004848CBA}','33558800','{AAE90376-C95B-11D3-9A06-00105A0DF099}',NULL)       
INSERT INTO ToolOptionSet VALUES ('{A9E51475-6C9A-11D3-843A-005004848CBA}','33558800','{3945DA30-F3C5-11d3-9921-00105A1E7FA9}',NULL)       
	// Concole application release settings
INSERT INTO ToolOptionSet VALUES ('{A9E51475-6C9A-11D3-843A-005004848CBA}','50331648','{AAE9019F-C95B-11D3-9A06-00105A0DF099}',NULL)       
INSERT INTO ToolOptionSet VALUES ('{A9E51475-6C9A-11D3-843A-005004848CBA}','50331648','{AAE901A7-C95B-11D3-9A06-00105A0DF099}',NULL)       
INSERT INTO ToolOptionSet VALUES ('{A9E51475-6C9A-11D3-843A-005004848CBA}','50331648','{AAE901C2-C95B-11D3-9A06-00105A0DF099}',NULL)       
INSERT INTO ToolOptionSet VALUES ('{A9E51475-6C9A-11D3-843A-005004848CBA}','50331648','{AAE9035F-C95B-11D3-9A06-00105A0DF099}',NULL)       
INSERT INTO ToolOptionSet VALUES ('{A9E51475-6C9A-11D3-843A-005004848CBA}','50331648','{AAE903CD-C95B-11D3-9A06-00105A0DF099}',NULL)       
INSERT INTO ToolOptionSet VALUES ('{A9E51475-6C9A-11D3-843A-005004848CBA}','50331648','{AAE90408-C95B-11D3-9A06-00105A0DF099}',NULL)      
INSERT INTO ToolOptionSet VALUES ('{A9E51475-6C9A-11D3-843A-005004848CBA}','50331648','{AAE90376-C95B-11D3-9A06-00105A0DF099}',NULL)       
INSERT INTO ToolOptionSet VALUES ('{A9E51475-6C9A-11D3-843A-005004848CBA}','50331648','{3945DA30-F3C5-11d3-9921-00105A1E7FA9}',NULL)       
	// Concole application debug settings	
INSERT INTO ToolOptionSet VALUES ('{A9E51475-6C9A-11D3-843A-005004848CBA}','50331904','{AAE9019F-C95B-11D3-9A06-00105A0DF099}',NULL)       
INSERT INTO ToolOptionSet VALUES ('{A9E51475-6C9A-11D3-843A-005004848CBA}','50331904','{AAE901A0-C95B-11D3-9A06-00105A0DF099}',NULL)       
INSERT INTO ToolOptionSet VALUES ('{A9E51475-6C9A-11D3-843A-005004848CBA}','50331904','{AAE901A7-C95B-11D3-9A06-00105A0DF099}',NULL)       
INSERT INTO ToolOptionSet VALUES ('{A9E51475-6C9A-11D3-843A-005004848CBA}','50331904','{AAE901A8-C95B-11D3-9A06-00105A0DF099}',NULL)       
INSERT INTO ToolOptionSet VALUES ('{A9E51475-6C9A-11D3-843A-005004848CBA}','50331904','{AAE9035F-C95B-11D3-9A06-00105A0DF099}',NULL)       
INSERT INTO ToolOptionSet VALUES ('{A9E51475-6C9A-11D3-843A-005004848CBA}','50331904','{AAE903CD-C95B-11D3-9A06-00105A0DF099}',NULL)       
INSERT INTO ToolOptionSet VALUES ('{A9E51475-6C9A-11D3-843A-005004848CBA}','50331904','{AAE903FD-C95B-11D3-9A06-00105A0DF099}',NULL)      
INSERT INTO ToolOptionSet VALUES ('{A9E51475-6C9A-11D3-843A-005004848CBA}','50331904','{AAE90376-C95B-11D3-9A06-00105A0DF099}',NULL)       
INSERT INTO ToolOptionSet VALUES ('{A9E51475-6C9A-11D3-843A-005004848CBA}','50331904','{3945DA30-F3C5-11d3-9921-00105A1E7FA9}',NULL)       


// VCRC MIPS16
	//EXE Release settings
INSERT INTO ToolOptionSet VALUES ('{A9E51476-6C9A-11D3-843A-005004848CBA}','16777216','{AAE9019B-C95B-11D3-9A06-00105A0DF099}',NULL)       
INSERT INTO ToolOptionSet VALUES ('{A9E51476-6C9A-11D3-843A-005004848CBA}','16777216','{28EF5661-D824-11d3-9919-00105A1E7FA9}',NULL)        
INSERT INTO ToolOptionSet VALUES ('{A9E51476-6C9A-11D3-843A-005004848CBA}','16777216','{AF53B9B6-D81A-11d3-9918-00105A1E7FA9}',NULL)        
INSERT INTO ToolOptionSet VALUES ('{A9E51476-6C9A-11D3-843A-005004848CBA}','16777216','{AAE901B9-C95B-11D3-9A06-00105A0DF099}',NULL)       
INSERT INTO ToolOptionSet VALUES ('{A9E51476-6C9A-11D3-843A-005004848CBA}','16777216','{AC19F047-D2D2-11d3-9917-00105A1E7FA9}',NULL)        
INSERT INTO ToolOptionSet VALUES ('{A9E51476-6C9A-11D3-843A-005004848CBA}','16777216','{CF87FD67-D430-11d3-9918-00105A1E7FA9}',NULL)        
	//MFC EXE Release settings 
INSERT INTO ToolOptionSet VALUES ('{A9E51476-6C9A-11D3-843A-005004848CBA}','16777232','{AAE9019B-C95B-11D3-9A06-00105A0DF099}',NULL)       
INSERT INTO ToolOptionSet VALUES ('{A9E51476-6C9A-11D3-843A-005004848CBA}','16777232','{28EF5661-D824-11d3-9919-00105A1E7FA9}',NULL)        
INSERT INTO ToolOptionSet VALUES ('{A9E51476-6C9A-11D3-843A-005004848CBA}','16777232','{AF53B9B6-D81A-11d3-9918-00105A1E7FA9}',NULL)        
INSERT INTO ToolOptionSet VALUES ('{A9E51476-6C9A-11D3-843A-005004848CBA}','16777232','{AAE901B9-C95B-11D3-9A06-00105A0DF099}',NULL)       
INSERT INTO ToolOptionSet VALUES ('{A9E51476-6C9A-11D3-843A-005004848CBA}','16777232','{AC19F047-D2D2-11d3-9917-00105A1E7FA9}',NULL)        
INSERT INTO ToolOptionSet VALUES ('{A9E51476-6C9A-11D3-843A-005004848CBA}','16777232','{CF87FD67-D430-11d3-9918-00105A1E7FA9}',NULL)        
	// EXE Debug settings
INSERT INTO ToolOptionSet VALUES ('{A9E51476-6C9A-11D3-843A-005004848CBA}','16777472','{AAE9019B-C95B-11D3-9A06-00105A0DF099}',NULL)       
INSERT INTO ToolOptionSet VALUES ('{A9E51476-6C9A-11D3-843A-005004848CBA}','16777472','{28EF5661-D824-11d3-9919-00105A1E7FA9}',NULL)        
INSERT INTO ToolOptionSet VALUES ('{A9E51476-6C9A-11D3-843A-005004848CBA}','16777472','{AF53B9B6-D81A-11d3-9918-00105A1E7FA9}',NULL)        
INSERT INTO ToolOptionSet VALUES ('{A9E51476-6C9A-11D3-843A-005004848CBA}','16777472','{AAE9019A-C95B-11D3-9A06-00105A0DF099}',NULL)       
INSERT INTO ToolOptionSet VALUES ('{A9E51476-6C9A-11D3-843A-005004848CBA}','16777472','{AC19F047-D2D2-11d3-9917-00105A1E7FA9}',NULL)        
INSERT INTO ToolOptionSet VALUES ('{A9E51476-6C9A-11D3-843A-005004848CBA}','16777472','{CF87FD67-D430-11d3-9918-00105A1E7FA9}',NULL)        
	//MFC EXE Debug settings
INSERT INTO ToolOptionSet VALUES ('{A9E51476-6C9A-11D3-843A-005004848CBA}','16777488','{AAE9019B-C95B-11D3-9A06-00105A0DF099}',NULL)       
INSERT INTO ToolOptionSet VALUES ('{A9E51476-6C9A-11D3-843A-005004848CBA}','16777488','{28EF5661-D824-11d3-9919-00105A1E7FA9}',NULL)        
INSERT INTO ToolOptionSet VALUES ('{A9E51476-6C9A-11D3-843A-005004848CBA}','16777488','{AF53B9B6-D81A-11d3-9918-00105A1E7FA9}',NULL)        
INSERT INTO ToolOptionSet VALUES ('{A9E51476-6C9A-11D3-843A-005004848CBA}','16777488','{AAE9019A-C95B-11D3-9A06-00105A0DF099}',NULL)       
INSERT INTO ToolOptionSet VALUES ('{A9E51476-6C9A-11D3-843A-005004848CBA}','16777488','{AC19F047-D2D2-11d3-9917-00105A1E7FA9}',NULL)        
INSERT INTO ToolOptionSet VALUES ('{A9E51476-6C9A-11D3-843A-005004848CBA}','16777488','{CF87FD67-D430-11d3-9918-00105A1E7FA9}',NULL)        
	//DLL Release settings
INSERT INTO ToolOptionSet VALUES ('{A9E51476-6C9A-11D3-843A-005004848CBA}','33554432','{AAE9019B-C95B-11D3-9A06-00105A0DF099}',NULL)       
INSERT INTO ToolOptionSet VALUES ('{A9E51476-6C9A-11D3-843A-005004848CBA}','33554432','{28EF5661-D824-11d3-9919-00105A1E7FA9}',NULL)        
INSERT INTO ToolOptionSet VALUES ('{A9E51476-6C9A-11D3-843A-005004848CBA}','33554432','{AF53B9B6-D81A-11d3-9918-00105A1E7FA9}',NULL)        
INSERT INTO ToolOptionSet VALUES ('{A9E51476-6C9A-11D3-843A-005004848CBA}','33554432','{AAE901B9-C95B-11D3-9A06-00105A0DF099}',NULL)       
INSERT INTO ToolOptionSet VALUES ('{A9E51476-6C9A-11D3-843A-005004848CBA}','33554432','{AC19F047-D2D2-11d3-9917-00105A1E7FA9}',NULL)        
INSERT INTO ToolOptionSet VALUES ('{A9E51476-6C9A-11D3-843A-005004848CBA}','33554432','{CF87FD67-D430-11d3-9918-00105A1E7FA9}',NULL)        
	//ATL DLL Release MinSize settings
INSERT INTO ToolOptionSet VALUES ('{A9E51476-6C9A-11D3-843A-005004848CBA}','33554433','{AAE9019B-C95B-11D3-9A06-00105A0DF099}',NULL)       
INSERT INTO ToolOptionSet VALUES ('{A9E51476-6C9A-11D3-843A-005004848CBA}','33554433','{28EF5661-D824-11d3-9919-00105A1E7FA9}',NULL)        
INSERT INTO ToolOptionSet VALUES ('{A9E51476-6C9A-11D3-843A-005004848CBA}','33554433','{AF53B9B6-D81A-11d3-9918-00105A1E7FA9}',NULL)        
INSERT INTO ToolOptionSet VALUES ('{A9E51476-6C9A-11D3-843A-005004848CBA}','33554433','{AAE901B9-C95B-11D3-9A06-00105A0DF099}',NULL)       
INSERT INTO ToolOptionSet VALUES ('{A9E51476-6C9A-11D3-843A-005004848CBA}','33554433','{AC19F047-D2D2-11d3-9917-00105A1E7FA9}',NULL)        
INSERT INTO ToolOptionSet VALUES ('{A9E51476-6C9A-11D3-843A-005004848CBA}','33554433','{CF87FD67-D430-11d3-9918-00105A1E7FA9}',NULL)        
	//ATL DLL Release MinDep settings
INSERT INTO ToolOptionSet VALUES ('{A9E51476-6C9A-11D3-843A-005004848CBA}','33554434','{AAE9019B-C95B-11D3-9A06-00105A0DF099}',NULL)       
INSERT INTO ToolOptionSet VALUES ('{A9E51476-6C9A-11D3-843A-005004848CBA}','33554434','{28EF5661-D824-11d3-9919-00105A1E7FA9}',NULL)        
INSERT INTO ToolOptionSet VALUES ('{A9E51476-6C9A-11D3-843A-005004848CBA}','33554434','{AF53B9B6-D81A-11d3-9918-00105A1E7FA9}',NULL)        
INSERT INTO ToolOptionSet VALUES ('{A9E51476-6C9A-11D3-843A-005004848CBA}','33554434','{AAE901B9-C95B-11D3-9A06-00105A0DF099}',NULL)       
INSERT INTO ToolOptionSet VALUES ('{A9E51476-6C9A-11D3-843A-005004848CBA}','33554434','{AC19F047-D2D2-11d3-9917-00105A1E7FA9}',NULL)        
INSERT INTO ToolOptionSet VALUES ('{A9E51476-6C9A-11D3-843A-005004848CBA}','33554434','{CF87FD67-D430-11d3-9918-00105A1E7FA9}',NULL)        
	// ATL EXE Release MinSize Settings
INSERT INTO ToolOptionSet VALUES ('{A9E51476-6C9A-11D3-843A-005004848CBA}','16777217','{AAE9019B-C95B-11D3-9A06-00105A0DF099}',NULL)       
INSERT INTO ToolOptionSet VALUES ('{A9E51476-6C9A-11D3-843A-005004848CBA}','16777217','{28EF5661-D824-11d3-9919-00105A1E7FA9}',NULL)        
INSERT INTO ToolOptionSet VALUES ('{A9E51476-6C9A-11D3-843A-005004848CBA}','16777217','{AF53B9B6-D81A-11d3-9918-00105A1E7FA9}',NULL)        
INSERT INTO ToolOptionSet VALUES ('{A9E51476-6C9A-11D3-843A-005004848CBA}','16777217','{AAE901B9-C95B-11D3-9A06-00105A0DF099}',NULL)       
INSERT INTO ToolOptionSet VALUES ('{A9E51476-6C9A-11D3-843A-005004848CBA}','16777217','{AC19F047-D2D2-11d3-9917-00105A1E7FA9}',NULL)        
INSERT INTO ToolOptionSet VALUES ('{A9E51476-6C9A-11D3-843A-005004848CBA}','16777217','{CF87FD67-D430-11d3-9918-00105A1E7FA9}',NULL)        
	// ATL EXE Release MinDep Settings                                   
INSERT INTO ToolOptionSet VALUES ('{A9E51476-6C9A-11D3-843A-005004848CBA}','16777218','{AAE9019B-C95B-11D3-9A06-00105A0DF099}',NULL)       
INSERT INTO ToolOptionSet VALUES ('{A9E51476-6C9A-11D3-843A-005004848CBA}','16777218','{28EF5661-D824-11d3-9919-00105A1E7FA9}',NULL)        
INSERT INTO ToolOptionSet VALUES ('{A9E51476-6C9A-11D3-843A-005004848CBA}','16777218','{AF53B9B6-D81A-11d3-9918-00105A1E7FA9}',NULL)        
INSERT INTO ToolOptionSet VALUES ('{A9E51476-6C9A-11D3-843A-005004848CBA}','16777218','{AAE901B9-C95B-11D3-9A06-00105A0DF099}',NULL)       
INSERT INTO ToolOptionSet VALUES ('{A9E51476-6C9A-11D3-843A-005004848CBA}','16777218','{AC19F047-D2D2-11d3-9917-00105A1E7FA9}',NULL)        
INSERT INTO ToolOptionSet VALUES ('{A9E51476-6C9A-11D3-843A-005004848CBA}','16777218','{CF87FD67-D430-11d3-9918-00105A1E7FA9}',NULL)        
	//MFC DLL Release settings
INSERT INTO ToolOptionSet VALUES ('{A9E51476-6C9A-11D3-843A-005004848CBA}','33554448','{AAE9019B-C95B-11D3-9A06-00105A0DF099}',NULL)       
INSERT INTO ToolOptionSet VALUES ('{A9E51476-6C9A-11D3-843A-005004848CBA}','33554448','{28EF5661-D824-11d3-9919-00105A1E7FA9}',NULL)        
INSERT INTO ToolOptionSet VALUES ('{A9E51476-6C9A-11D3-843A-005004848CBA}','33554448','{AF53B9B6-D81A-11d3-9918-00105A1E7FA9}',NULL)        
INSERT INTO ToolOptionSet VALUES ('{A9E51476-6C9A-11D3-843A-005004848CBA}','33554448','{AAE901B9-C95B-11D3-9A06-00105A0DF099}',NULL)       
INSERT INTO ToolOptionSet VALUES ('{A9E51476-6C9A-11D3-843A-005004848CBA}','33554448','{AC19F047-D2D2-11d3-9917-00105A1E7FA9}',NULL)        
INSERT INTO ToolOptionSet VALUES ('{A9E51476-6C9A-11D3-843A-005004848CBA}','33554448','{CF87FD67-D430-11d3-9918-00105A1E7FA9}',NULL)        
	// DLL Debug settings
INSERT INTO ToolOptionSet VALUES ('{A9E51476-6C9A-11D3-843A-005004848CBA}','33554688','{AAE9019B-C95B-11D3-9A06-00105A0DF099}',NULL)       
INSERT INTO ToolOptionSet VALUES ('{A9E51476-6C9A-11D3-843A-005004848CBA}','33554688','{28EF5661-D824-11d3-9919-00105A1E7FA9}',NULL)        
INSERT INTO ToolOptionSet VALUES ('{A9E51476-6C9A-11D3-843A-005004848CBA}','33554688','{AF53B9B6-D81A-11d3-9918-00105A1E7FA9}',NULL)        
INSERT INTO ToolOptionSet VALUES ('{A9E51476-6C9A-11D3-843A-005004848CBA}','33554688','{AAE9019A-C95B-11D3-9A06-00105A0DF099}',NULL)       
INSERT INTO ToolOptionSet VALUES ('{A9E51476-6C9A-11D3-843A-005004848CBA}','33554688','{AC19F047-D2D2-11d3-9917-00105A1E7FA9}',NULL)        
INSERT INTO ToolOptionSet VALUES ('{A9E51476-6C9A-11D3-843A-005004848CBA}','33554688','{CF87FD67-D430-11d3-9918-00105A1E7FA9}',NULL)        
	// ATL DLL Debug settings
INSERT INTO ToolOptionSet VALUES ('{A9E51476-6C9A-11D3-843A-005004848CBA}','33554689','{AAE9019B-C95B-11D3-9A06-00105A0DF099}',NULL)       
INSERT INTO ToolOptionSet VALUES ('{A9E51476-6C9A-11D3-843A-005004848CBA}','33554689','{28EF5661-D824-11d3-9919-00105A1E7FA9}',NULL)        
INSERT INTO ToolOptionSet VALUES ('{A9E51476-6C9A-11D3-843A-005004848CBA}','33554689','{AF53B9B6-D81A-11d3-9918-00105A1E7FA9}',NULL)        
INSERT INTO ToolOptionSet VALUES ('{A9E51476-6C9A-11D3-843A-005004848CBA}','33554689','{AAE9019A-C95B-11D3-9A06-00105A0DF099}',NULL)       
INSERT INTO ToolOptionSet VALUES ('{A9E51476-6C9A-11D3-843A-005004848CBA}','33554689','{AC19F047-D2D2-11d3-9917-00105A1E7FA9}',NULL)        
INSERT INTO ToolOptionSet VALUES ('{A9E51476-6C9A-11D3-843A-005004848CBA}','33554689','{CF87FD67-D430-11d3-9918-00105A1E7FA9}',NULL)        
	// ATL EXE Debug Settings	
INSERT INTO ToolOptionSet VALUES ('{A9E51476-6C9A-11D3-843A-005004848CBA}','16777473','{AAE9019B-C95B-11D3-9A06-00105A0DF099}',NULL)       
INSERT INTO ToolOptionSet VALUES ('{A9E51476-6C9A-11D3-843A-005004848CBA}','16777473','{28EF5661-D824-11d3-9919-00105A1E7FA9}',NULL)        
INSERT INTO ToolOptionSet VALUES ('{A9E51476-6C9A-11D3-843A-005004848CBA}','16777473','{AF53B9B6-D81A-11d3-9918-00105A1E7FA9}',NULL)        
INSERT INTO ToolOptionSet VALUES ('{A9E51476-6C9A-11D3-843A-005004848CBA}','16777473','{AAE9019A-C95B-11D3-9A06-00105A0DF099}',NULL)       
INSERT INTO ToolOptionSet VALUES ('{A9E51476-6C9A-11D3-843A-005004848CBA}','16777473','{AC19F047-D2D2-11d3-9917-00105A1E7FA9}',NULL)        
INSERT INTO ToolOptionSet VALUES ('{A9E51476-6C9A-11D3-843A-005004848CBA}','16777473','{CF87FD67-D430-11d3-9918-00105A1E7FA9}',NULL)        
	// MFC DLL Debug settings
INSERT INTO ToolOptionSet VALUES ('{A9E51476-6C9A-11D3-843A-005004848CBA}','33554704','{AAE9019B-C95B-11D3-9A06-00105A0DF099}',NULL)       
INSERT INTO ToolOptionSet VALUES ('{A9E51476-6C9A-11D3-843A-005004848CBA}','33554704','{28EF5661-D824-11d3-9919-00105A1E7FA9}',NULL)        
INSERT INTO ToolOptionSet VALUES ('{A9E51476-6C9A-11D3-843A-005004848CBA}','33554704','{AF53B9B6-D81A-11d3-9918-00105A1E7FA9}',NULL)        
INSERT INTO ToolOptionSet VALUES ('{A9E51476-6C9A-11D3-843A-005004848CBA}','33554704','{AAE9019A-C95B-11D3-9A06-00105A0DF099}',NULL)       
INSERT INTO ToolOptionSet VALUES ('{A9E51476-6C9A-11D3-843A-005004848CBA}','33554704','{AC19F047-D2D2-11d3-9917-00105A1E7FA9}',NULL)        
INSERT INTO ToolOptionSet VALUES ('{A9E51476-6C9A-11D3-843A-005004848CBA}','33554704','{CF87FD67-D430-11d3-9918-00105A1E7FA9}',NULL)        
	// MFC ActiveX Control release settings
INSERT INTO ToolOptionSet VALUES ('{A9E51476-6C9A-11D3-843A-005004848CBA}','33558544','{AAE9019B-C95B-11D3-9A06-00105A0DF099}',NULL)       
INSERT INTO ToolOptionSet VALUES ('{A9E51476-6C9A-11D3-843A-005004848CBA}','33558544','{28EF5661-D824-11d3-9919-00105A1E7FA9}',NULL)        
INSERT INTO ToolOptionSet VALUES ('{A9E51476-6C9A-11D3-843A-005004848CBA}','33558544','{AF53B9B6-D81A-11d3-9918-00105A1E7FA9}',NULL)        
INSERT INTO ToolOptionSet VALUES ('{A9E51476-6C9A-11D3-843A-005004848CBA}','33558544','{AAE901B9-C95B-11D3-9A06-00105A0DF099}',NULL)       
INSERT INTO ToolOptionSet VALUES ('{A9E51476-6C9A-11D3-843A-005004848CBA}','33558544','{AC19F047-D2D2-11d3-9917-00105A1E7FA9}',NULL)        
INSERT INTO ToolOptionSet VALUES ('{A9E51476-6C9A-11D3-843A-005004848CBA}','33558544','{CF87FD67-D430-11d3-9918-00105A1E7FA9}',NULL)        
	// MFC ActiveX Control debug settings
INSERT INTO ToolOptionSet VALUES ('{A9E51476-6C9A-11D3-843A-005004848CBA}','33558800','{AAE9019B-C95B-11D3-9A06-00105A0DF099}',NULL)       
INSERT INTO ToolOptionSet VALUES ('{A9E51476-6C9A-11D3-843A-005004848CBA}','33558800','{28EF5661-D824-11d3-9919-00105A1E7FA9}',NULL)        
INSERT INTO ToolOptionSet VALUES ('{A9E51476-6C9A-11D3-843A-005004848CBA}','33558800','{AF53B9B6-D81A-11d3-9918-00105A1E7FA9}',NULL)        
INSERT INTO ToolOptionSet VALUES ('{A9E51476-6C9A-11D3-843A-005004848CBA}','33558800','{AAE9019A-C95B-11D3-9A06-00105A0DF099}',NULL)       
INSERT INTO ToolOptionSet VALUES ('{A9E51476-6C9A-11D3-843A-005004848CBA}','33558800','{AC19F047-D2D2-11d3-9917-00105A1E7FA9}',NULL)        
INSERT INTO ToolOptionSet VALUES ('{A9E51476-6C9A-11D3-843A-005004848CBA}','33558800','{CF87FD67-D430-11d3-9918-00105A1E7FA9}',NULL)        
	// Concole application release settings
INSERT INTO ToolOptionSet VALUES ('{A9E51476-6C9A-11D3-843A-005004848CBA}','50331648','{28EF5661-D824-11d3-9919-00105A1E7FA9}',NULL)        
INSERT INTO ToolOptionSet VALUES ('{A9E51476-6C9A-11D3-843A-005004848CBA}','50331648','{AF53B9B6-D81A-11d3-9918-00105A1E7FA9}',NULL)        
INSERT INTO ToolOptionSet VALUES ('{A9E51476-6C9A-11D3-843A-005004848CBA}','50331648','{AAE901B9-C95B-11D3-9A06-00105A0DF099}',NULL)       
INSERT INTO ToolOptionSet VALUES ('{A9E51476-6C9A-11D3-843A-005004848CBA}','50331648','{AC19F047-D2D2-11d3-9917-00105A1E7FA9}',NULL)        
INSERT INTO ToolOptionSet VALUES ('{A9E51476-6C9A-11D3-843A-005004848CBA}','50331648','{CF87FD67-D430-11d3-9918-00105A1E7FA9}',NULL)        
	// Concole application debug settings
INSERT INTO ToolOptionSet VALUES ('{A9E51476-6C9A-11D3-843A-005004848CBA}','50331904','{AAE9019B-C95B-11D3-9A06-00105A0DF099}',NULL)       
INSERT INTO ToolOptionSet VALUES ('{A9E51476-6C9A-11D3-843A-005004848CBA}','50331904','{28EF5661-D824-11d3-9919-00105A1E7FA9}',NULL)        
INSERT INTO ToolOptionSet VALUES ('{A9E51476-6C9A-11D3-843A-005004848CBA}','50331904','{AF53B9B6-D81A-11d3-9918-00105A1E7FA9}',NULL)        
INSERT INTO ToolOptionSet VALUES ('{A9E51476-6C9A-11D3-843A-005004848CBA}','50331904','{AAE9019A-C95B-11D3-9A06-00105A0DF099}',NULL)       
INSERT INTO ToolOptionSet VALUES ('{A9E51476-6C9A-11D3-843A-005004848CBA}','50331904','{AC19F047-D2D2-11d3-9917-00105A1E7FA9}',NULL)        
INSERT INTO ToolOptionSet VALUES ('{A9E51476-6C9A-11D3-843A-005004848CBA}','50331904','{CF87FD67-D430-11d3-9918-00105A1E7FA9}',NULL)        
	// Static Library release settings           
INSERT INTO ToolOptionSet VALUES ('{A9E51476-6C9A-11D3-843A-005004848CBA}','67108864','{28EF5661-D824-11d3-9919-00105A1E7FA9}',NULL)        
INSERT INTO ToolOptionSet VALUES ('{A9E51476-6C9A-11D3-843A-005004848CBA}','67108864','{AF53B9B6-D81A-11d3-9918-00105A1E7FA9}',NULL)        
INSERT INTO ToolOptionSet VALUES ('{A9E51476-6C9A-11D3-843A-005004848CBA}','67108864','{AC19F047-D2D2-11d3-9917-00105A1E7FA9}',NULL)        
INSERT INTO ToolOptionSet VALUES ('{A9E51476-6C9A-11D3-843A-005004848CBA}','67108864','{CF87FD67-D430-11d3-9918-00105A1E7FA9}',NULL)        
	// Static Library debug settings
INSERT INTO ToolOptionSet VALUES ('{A9E51476-6C9A-11D3-843A-005004848CBA}','67109120','{28EF5661-D824-11d3-9919-00105A1E7FA9}',NULL)      
INSERT INTO ToolOptionSet VALUES ('{A9E51476-6C9A-11D3-843A-005004848CBA}','67109120','{28EF5661-D824-11d3-9919-00105A1E7FA9}',NULL)  
INSERT INTO ToolOptionSet VALUES ('{A9E51476-6C9A-11D3-843A-005004848CBA}','67109120','{AF53B9B6-D81A-11d3-9918-00105A1E7FA9}',NULL)  
INSERT INTO ToolOptionSet VALUES ('{A9E51476-6C9A-11D3-843A-005004848CBA}','67109120','{AC19F047-D2D2-11d3-9917-00105A1E7FA9}',NULL)  
INSERT INTO ToolOptionSet VALUES ('{A9E51476-6C9A-11D3-843A-005004848CBA}','67109120','{CF87FD67-D430-11d3-9918-00105A1E7FA9}',NULL)  
				
// MIDL MIPS16
	//EXE Release settings
INSERT INTO ToolOptionSet VALUES ('{A9E51477-6C9A-11D3-843A-005004848CBA}','16777216','{AAE901AF-C95B-11D3-9A06-00105A0DF099}',NULL)       
INSERT INTO ToolOptionSet VALUES ('{A9E51477-6C9A-11D3-843A-005004848CBA}','16777216','{AAE903BC-C95B-11D3-9A06-00105A0DF099}',NULL)       
	//MFC EXE Release settings 
INSERT INTO ToolOptionSet VALUES ('{A9E51477-6C9A-11D3-843A-005004848CBA}','16777232','{AAE901AF-C95B-11D3-9A06-00105A0DF099}',NULL)       
INSERT INTO ToolOptionSet VALUES ('{A9E51477-6C9A-11D3-843A-005004848CBA}','16777232','{AAE903BC-C95B-11D3-9A06-00105A0DF099}',NULL)       
	// EXE Debug settings
INSERT INTO ToolOptionSet VALUES ('{A9E51477-6C9A-11D3-843A-005004848CBA}','16777472','{AAE901AF-C95B-11D3-9A06-00105A0DF099}',NULL)       
INSERT INTO ToolOptionSet VALUES ('{A9E51477-6C9A-11D3-843A-005004848CBA}','16777472','{AAE901B0-C95B-11D3-9A06-00105A0DF099}',NULL)       
	//MFC EXE Debug settings
INSERT INTO ToolOptionSet VALUES ('{A9E51477-6C9A-11D3-843A-005004848CBA}','16777488','{AAE901AF-C95B-11D3-9A06-00105A0DF099}',NULL)       
INSERT INTO ToolOptionSet VALUES ('{A9E51477-6C9A-11D3-843A-005004848CBA}','16777488','{AAE901B0-C95B-11D3-9A06-00105A0DF099}',NULL)       
	//DLL Release settings
INSERT INTO ToolOptionSet VALUES ('{A9E51477-6C9A-11D3-843A-005004848CBA}','33554432','{AAE901AF-C95B-11D3-9A06-00105A0DF099}',NULL)       
INSERT INTO ToolOptionSet VALUES ('{A9E51477-6C9A-11D3-843A-005004848CBA}','33554432','{AAE903BC-C95B-11D3-9A06-00105A0DF099}',NULL)       
	//ATL DLL Release MinSize settings
INSERT INTO ToolOptionSet VALUES ('{A9E51477-6C9A-11D3-843A-005004848CBA}','33554433','{AAE901AF-C95B-11D3-9A06-00105A0DF099}',NULL)       
INSERT INTO ToolOptionSet VALUES ('{A9E51477-6C9A-11D3-843A-005004848CBA}','33554433','{AAE903BC-C95B-11D3-9A06-00105A0DF099}',NULL)       
	//ATL DLL Release MinDep settings
INSERT INTO ToolOptionSet VALUES ('{A9E51477-6C9A-11D3-843A-005004848CBA}','33554434','{AAE901AF-C95B-11D3-9A06-00105A0DF099}',NULL)       
INSERT INTO ToolOptionSet VALUES ('{A9E51477-6C9A-11D3-843A-005004848CBA}','33554434','{AAE903BC-C95B-11D3-9A06-00105A0DF099}',NULL)       
	// ATL EXE Release MinSize Settings
INSERT INTO ToolOptionSet VALUES ('{A9E51477-6C9A-11D3-843A-005004848CBA}','16777217','{AAE901AF-C95B-11D3-9A06-00105A0DF099}',NULL)       
INSERT INTO ToolOptionSet VALUES ('{A9E51477-6C9A-11D3-843A-005004848CBA}','16777217','{AAE903BC-C95B-11D3-9A06-00105A0DF099}',NULL)       
	// ATL EXE Release MinDep Settings                                   
INSERT INTO ToolOptionSet VALUES ('{A9E51477-6C9A-11D3-843A-005004848CBA}','16777218','{AAE901AF-C95B-11D3-9A06-00105A0DF099}',NULL)       
INSERT INTO ToolOptionSet VALUES ('{A9E51477-6C9A-11D3-843A-005004848CBA}','16777218','{AAE903BC-C95B-11D3-9A06-00105A0DF099}',NULL)       
	//MFC DLL Release settings
INSERT INTO ToolOptionSet VALUES ('{A9E51477-6C9A-11D3-843A-005004848CBA}','33554448','{AAE901AF-C95B-11D3-9A06-00105A0DF099}',NULL)       
INSERT INTO ToolOptionSet VALUES ('{A9E51477-6C9A-11D3-843A-005004848CBA}','33554448','{AAE903BC-C95B-11D3-9A06-00105A0DF099}',NULL)       
	// DLL Debug settings
INSERT INTO ToolOptionSet VALUES ('{A9E51477-6C9A-11D3-843A-005004848CBA}','33554688','{AAE901AF-C95B-11D3-9A06-00105A0DF099}',NULL)       
INSERT INTO ToolOptionSet VALUES ('{A9E51477-6C9A-11D3-843A-005004848CBA}','33554688','{AAE901B0-C95B-11D3-9A06-00105A0DF099}',NULL)       
	// ATL DLL Debug settings
INSERT INTO ToolOptionSet VALUES ('{A9E51477-6C9A-11D3-843A-005004848CBA}','33554689','{AAE901AF-C95B-11D3-9A06-00105A0DF099}',NULL)       
INSERT INTO ToolOptionSet VALUES ('{A9E51477-6C9A-11D3-843A-005004848CBA}','33554689','{AAE901B0-C95B-11D3-9A06-00105A0DF099}',NULL)       
	// ATL EXE Debug Settings
INSERT INTO ToolOptionSet VALUES ('{A9E51477-6C9A-11D3-843A-005004848CBA}','16777473','{AAE901AF-C95B-11D3-9A06-00105A0DF099}',NULL)       
INSERT INTO ToolOptionSet VALUES ('{A9E51477-6C9A-11D3-843A-005004848CBA}','16777473','{AAE901B0-C95B-11D3-9A06-00105A0DF099}',NULL)       
	// MFC DLL Debug settings
INSERT INTO ToolOptionSet VALUES ('{A9E51477-6C9A-11D3-843A-005004848CBA}','33554704','{AAE901AF-C95B-11D3-9A06-00105A0DF099}',NULL)       
INSERT INTO ToolOptionSet VALUES ('{A9E51477-6C9A-11D3-843A-005004848CBA}','33554704','{AAE901B0-C95B-11D3-9A06-00105A0DF099}',NULL)       
	// MFC ActiveX Control release settings
INSERT INTO ToolOptionSet VALUES ('{A9E51477-6C9A-11D3-843A-005004848CBA}','33558544','{AAE901AF-C95B-11D3-9A06-00105A0DF099}',NULL)       
INSERT INTO ToolOptionSet VALUES ('{A9E51477-6C9A-11D3-843A-005004848CBA}','33558544','{AAE903BC-C95B-11D3-9A06-00105A0DF099}',NULL)       
	// MFC ActiveX Control debug settings
INSERT INTO ToolOptionSet VALUES ('{A9E51477-6C9A-11D3-843A-005004848CBA}','33558800','{AAE901AF-C95B-11D3-9A06-00105A0DF099}',NULL)       
INSERT INTO ToolOptionSet VALUES ('{A9E51477-6C9A-11D3-843A-005004848CBA}','33558800','{AAE901B0-C95B-11D3-9A06-00105A0DF099}',NULL)       
	// Concole application release settings
INSERT INTO ToolOptionSet VALUES ('{A9E51477-6C9A-11D3-843A-005004848CBA}','50331648','{AAE901AF-C95B-11D3-9A06-00105A0DF099}',NULL)       
INSERT INTO ToolOptionSet VALUES ('{A9E51477-6C9A-11D3-843A-005004848CBA}','50331648','{AAE903BC-C95B-11D3-9A06-00105A0DF099}',NULL)       
	// Concole application debug settings
INSERT INTO ToolOptionSet VALUES ('{A9E51477-6C9A-11D3-843A-005004848CBA}','50331904','{AAE901AF-C95B-11D3-9A06-00105A0DF099}',NULL)       
INSERT INTO ToolOptionSet VALUES ('{A9E51477-6C9A-11D3-843A-005004848CBA}','50331904','{AAE901B0-C95B-11D3-9A06-00105A0DF099}',NULL)       
                
// BSC MIPS16
INSERT INTO ToolOptionSet VALUES ('{A9E51478-6C9A-11D3-843A-005004848CBA}','16777216','{AAE901B1-C95B-11D3-9A06-00105A0DF099}',NULL)       
INSERT INTO ToolOptionSet VALUES ('{A9E51478-6C9A-11D3-843A-005004848CBA}','16777232','{AAE901B1-C95B-11D3-9A06-00105A0DF099}',NULL)       
INSERT INTO ToolOptionSet VALUES ('{A9E51478-6C9A-11D3-843A-005004848CBA}','16777472','{AAE901B1-C95B-11D3-9A06-00105A0DF099}',NULL)       
INSERT INTO ToolOptionSet VALUES ('{A9E51478-6C9A-11D3-843A-005004848CBA}','16777488','{AAE901B1-C95B-11D3-9A06-00105A0DF099}',NULL)       
INSERT INTO ToolOptionSet VALUES ('{A9E51478-6C9A-11D3-843A-005004848CBA}','33554432','{AAE901B1-C95B-11D3-9A06-00105A0DF099}',NULL)       
INSERT INTO ToolOptionSet VALUES ('{A9E51478-6C9A-11D3-843A-005004848CBA}','33554433','{AAE901AF-C95B-11D3-9A06-00105A0DF099}',NULL)       
INSERT INTO ToolOptionSet VALUES ('{A9E51478-6C9A-11D3-843A-005004848CBA}','33554434','{AAE901AF-C95B-11D3-9A06-00105A0DF099}',NULL)       
	// ATL EXE Release MinSize Settings
INSERT INTO ToolOptionSet VALUES ('{A9E51478-6C9A-11D3-843A-005004848CBA}','16777217','{AAE901AF-C95B-11D3-9A06-00105A0DF099}',NULL)       
	// ATL EXE Release MinDep Settings                                   
INSERT INTO ToolOptionSet VALUES ('{A9E51478-6C9A-11D3-843A-005004848CBA}','16777218','{AAE901AF-C95B-11D3-9A06-00105A0DF099}',NULL)       
INSERT INTO ToolOptionSet VALUES ('{A9E51478-6C9A-11D3-843A-005004848CBA}','33554448','{AAE901B1-C95B-11D3-9A06-00105A0DF099}',NULL)       
INSERT INTO ToolOptionSet VALUES ('{A9E51478-6C9A-11D3-843A-005004848CBA}','33554688','{AAE901B1-C95B-11D3-9A06-00105A0DF099}',NULL)       
INSERT INTO ToolOptionSet VALUES ('{A9E51478-6C9A-11D3-843A-005004848CBA}','33554689','{AAE901AF-C95B-11D3-9A06-00105A0DF099}',NULL)       
	// ATL EXE Debug Settings	
INSERT INTO ToolOptionSet VALUES ('{A9E51478-6C9A-11D3-843A-005004848CBA}','16777473','{AAE901AF-C95B-11D3-9A06-00105A0DF099}',NULL)       
INSERT INTO ToolOptionSet VALUES ('{A9E51478-6C9A-11D3-843A-005004848CBA}','33554704','{AAE901B1-C95B-11D3-9A06-00105A0DF099}',NULL)       
INSERT INTO ToolOptionSet VALUES ('{A9E51478-6C9A-11D3-843A-005004848CBA}','33558544','{AAE901B1-C95B-11D3-9A06-00105A0DF099}',NULL)       
INSERT INTO ToolOptionSet VALUES ('{A9E51478-6C9A-11D3-843A-005004848CBA}','33558800','{AAE901B1-C95B-11D3-9A06-00105A0DF099}',NULL)       
INSERT INTO ToolOptionSet VALUES ('{A9E51478-6C9A-11D3-843A-005004848CBA}','50331648','{AAE901B1-C95B-11D3-9A06-00105A0DF099}',NULL)       
INSERT INTO ToolOptionSet VALUES ('{A9E51478-6C9A-11D3-843A-005004848CBA}','50331904','{AAE901B1-C95B-11D3-9A06-00105A0DF099}',NULL)       
INSERT INTO ToolOptionSet VALUES ('{A9E51478-6C9A-11D3-843A-005004848CBA}','67108864','{AAE901B1-C95B-11D3-9A06-00105A0DF099}',NULL)       


// COFF MIPS16
INSERT INTO ToolOptionSet VALUES ('{A9E51479-6C9A-11D3-843A-005004848CBA}','67108864','{AAE901B2-C95B-11D3-9A06-00105A0DF099}',NULL)       
INSERT INTO ToolOptionSet VALUES ('{A9E51479-6C9A-11D3-843A-005004848CBA}','67109120','{AAE901B2-C95B-11D3-9A06-00105A0DF099}',NULL)       
