/////////////////////////////////   MIPSIV_FP  ////////////////////////////////////////

// ******** Vendor  ********
INSERT INTO Vendor VALUES ('{35583C00-7208-11D3-99F3-00105A0DF099}','Microsoft','Microsoft' )
INSERT INTO Vendor VALUES ('{35583C05-7208-11D3-99F3-00105A0DF099}','NEC','NEC' )

// ******** CPUFamily  ********
INSERT INTO CPUFamily VALUES ('{0AA21800-6BCD-11D3-8437-005004848CBA}','MIPS','MIPS family','1','MIPS') 

// ******** IdeFamily  ********
INSERT INTO IDEFamily VALUES ('{01F4B070-A192-4bcc-816C-A9BBD0E3FD53}','MIPSIV_FP',NULL,'Win32 (WCE MIPSIV_FP)','146','vc60.pdb','MIPSIV_FP',FALSE)    

// ******** CPU  ********
INSERT INTO CPU VALUES ('{046A430D-7770-48ab-89B5-24C2D300B03F}','{35583C05-7208-11D3-99F3-00105A0DF099}','MIPSIV_FP','NEC Mips IV_FP','{0AA21800-6BCD-11D3-8437-005004848CBA}','{01F4B070-A192-4bcc-816C-A9BBD0E3FD53}','5000','0','0','870','MIPSIV_FP' ) 

// ******** PID  ********
INSERT INTO ObjAttr VALUES ('ProductID','{046A430D-7770-48ab-89B5-24C2D300B03F}','ProductID','ProductID',2,0,'PID',0)

// ******** Tool  ********
INSERT INTO Tool VALUES ('{241CC190-E0C8-49ab-9635-7E720E2CB55E}','{35583C00-7208-11D3-99F3-00105A0DF099}','CLMIPS4_FP','MIPSIV_FP source compiler','clmips.exe',NULL )
INSERT INTO Tool VALUES ('{241CC191-E0C8-49ab-9635-7E720E2CB55E}','{35583C00-7208-11D3-99F3-00105A0DF099}','LINKMIPS4_FP','MIPSIV_FP Linker','link.exe',NULL )
INSERT INTO Tool VALUES ('{241CC192-E0C8-49ab-9635-7E720E2CB55E}','{35583C00-7208-11D3-99F3-00105A0DF099}','VCRCMIPS4_FP','baseline resource compiler','rc.exe',NULL )
INSERT INTO Tool VALUES ('{241CC193-E0C8-49ab-9635-7E720E2CB55E}','{35583C00-7208-11D3-99F3-00105A0DF099}','MIDLMIPS4_FP','MIPSIV_FP middle compiler','midl.exe',NULL )
INSERT INTO Tool VALUES ('{241CC194-E0C8-49ab-9635-7E720E2CB55E}','{35583C00-7208-11D3-99F3-00105A0DF099}','BSCMIPS4_FP','MIPSIV_FP browser compiler','bscmake.exe','COMMON\EVC\BIN' )
INSERT INTO Tool VALUES ('{241CC195-E0C8-49ab-9635-7E720E2CB55E}','{35583C00-7208-11D3-99F3-00105A0DF099}','COFFMIPS4_FP','MIPSIV_FP coff','link.exe',NULL )
INSERT INTO Tool VALUES ('{CC4AC635-D4F8-48e4-8FF3-7400AB055A94}','{35583C00-7208-11D3-99F3-00105A0DF099}','DBGMIPS4_FP','MIPSIV_FP debugger','OdMp4fp',NULL )
INSERT INTO Tool VALUES ('{52B1C61F-CC60-4e27-99B6-D90B7C92ABF9}','{35583C00-7208-11D3-99F3-00105A0DF099}','LIBMIPS4_FP','MIPSIV_FP library manager','link.exe',NULL )
INSERT INTO Tool VALUES ('{49E211DC-0AAC-4211-8A55-CF520E6A2E6A}','{35583C00-7208-11D3-99F3-00105A0DF099}','DBGCEFMIPS4_FP','CEF debugger for MIPSIV_FP','odcefMIPS4_FP',NULL )

// ******** ObjAttr  ********
// DBGMIPSIV_FP
INSERT INTO ObjAttr VALUES ('IsEmulation',	'{CC4AC635-D4F8-48e4-8FF3-7400AB055A94}','Emulation','Specifies whether this is for emulation','1','0',NULL,NULL )
INSERT INTO ObjAttr VALUES ('STSupport',	'{CC4AC635-D4F8-48e4-8FF3-7400AB055A94}','ST Support','The type of ST support','1','1',NULL,NULL )
INSERT INTO ObjAttr VALUES ('SupportsATP',	'{CC4AC635-D4F8-48e4-8FF3-7400AB055A94}','Supports ATP','Specifies whether ATP is supported','1','0',NULL,NULL )
INSERT INTO ObjAttr VALUES ('SupportsSINH',	'{CC4AC635-D4F8-48e4-8FF3-7400AB055A94}','Supports SINH','Specifies whether SINH is supported','1','0',NULL,NULL )
INSERT INTO ObjAttr VALUES ('TargetUP',		'{CC4AC635-D4F8-48e4-8FF3-7400AB055A94}','?','Specifies the target UP','1','135',NULL,NULL )
INSERT INTO ObjAttr VALUES ('EE',			'{CC4AC635-D4F8-48e4-8FF3-7400AB055A94}','EE','The EE for this debugger','2','0','EECXXCE',NULL )
INSERT INTO ObjAttr VALUES ('EM',			'{CC4AC635-D4F8-48e4-8FF3-7400AB055A94}','EM','The EM for this debugger','2','0','EMCE',NULL )
INSERT INTO ObjAttr VALUES ('SH',			'{CC4AC635-D4F8-48e4-8FF3-7400AB055A94}','SH','The SH for this debugger','2','0','SHCVCE',NULL )
// LINKMIPSIV_FP
INSERT INTO ObjAttr VALUES ('Input',		'{241CC191-E0C8-49ab-9635-7E720E2CB55E}','Input','The extension of files take','2','0','*.obj;*.res;*.lib;*.def;*.rsc',NULL )
INSERT INTO ObjAttr VALUES ('Prefix',		'{241CC191-E0C8-49ab-9635-7E720E2CB55E}','Prefix','The prefix of the tool','2','0','LINK32',NULL )
// LIBMIPSIV_FP
INSERT INTO ObjAttr VALUES ('Input',		'{52B1C61F-CC60-4e27-99B6-D90B7C92ABF9}','Input','The extension of files take','2','0','*.obj;*.res;*.lib',NULL )
INSERT INTO ObjAttr VALUES ('Prefix',		'{52B1C61F-CC60-4e27-99B6-D90B7C92ABF9}','Prefix','The prefix of the tool','2','0','LIB32',NULL )
// CLMIPSIV_FP
INSERT INTO ObjAttr VALUES ('Input',		'{241CC190-E0C8-49ab-9635-7E720E2CB55E}','Input','The extension of files take','2','0','*.c;*.cpp;*.cxx',NULL )
INSERT INTO ObjAttr VALUES ('Prefix',		'{241CC190-E0C8-49ab-9635-7E720E2CB55E}','Prefix','The prefix of the tool','2','0','CPP',NULL )
// DBGCEFMIPSIV_FP
INSERT INTO ObjAttr VALUES ('NativeDebugger','{49E211DC-0AAC-4211-8A55-CF520E6A2E6A}','DBGMIPS4_FP','MIPSIV_FP native debugger','3','0',NULL,'{CC4AC635-D4F8-48e4-8FF3-7400AB055A94}' )

// ******** OS  ********
INSERT INTO OS VALUES ('{42CA0006-5AA4-11D3-99E7-00105A0DF099}','{35583C00-7208-11D3-99F3-00105A0DF099}','Default','Default','0.00','0','0' )

// ******** Platform  ********
INSERT INTO Platform VALUES ('{8A9A2F80-6887-11D3-842E-005004848CBA}','{35583C00-7208-11D3-99F3-00105A0DF099}','Default','Default','{42CA0006-5AA4-11D3-99E7-00105A0DF099}',NULL,'0','0' )

// ******** ToolEntry  ********
// MIPSIV_FP                    // Platform                              // OS                                    // CPU                                   //TOOL                                   // Tool Type
INSERT INTO ToolEntry VALUES ('{8A9A2F80-6887-11D3-842E-005004848CBA}','{42CA0006-5AA4-11D3-99E7-00105A0DF099}','{046A430D-7770-48ab-89B5-24C2D300B03F}','{241CC190-E0C8-49ab-9635-7E720E2CB55E}','1' )
INSERT INTO ToolEntry VALUES ('{8A9A2F80-6887-11D3-842E-005004848CBA}','{42CA0006-5AA4-11D3-99E7-00105A0DF099}','{046A430D-7770-48ab-89B5-24C2D300B03F}','{241CC191-E0C8-49ab-9635-7E720E2CB55E}','4' )
INSERT INTO ToolEntry VALUES ('{8A9A2F80-6887-11D3-842E-005004848CBA}','{42CA0006-5AA4-11D3-99E7-00105A0DF099}','{046A430D-7770-48ab-89B5-24C2D300B03F}','{241CC192-E0C8-49ab-9635-7E720E2CB55E}','3' )
INSERT INTO ToolEntry VALUES ('{8A9A2F80-6887-11D3-842E-005004848CBA}','{42CA0006-5AA4-11D3-99E7-00105A0DF099}','{046A430D-7770-48ab-89B5-24C2D300B03F}','{241CC193-E0C8-49ab-9635-7E720E2CB55E}','7' )
INSERT INTO ToolEntry VALUES ('{8A9A2F80-6887-11D3-842E-005004848CBA}','{42CA0006-5AA4-11D3-99E7-00105A0DF099}','{046A430D-7770-48ab-89B5-24C2D300B03F}','{241CC194-E0C8-49ab-9635-7E720E2CB55E}','8' )
INSERT INTO ToolEntry VALUES ('{8A9A2F80-6887-11D3-842E-005004848CBA}','{42CA0006-5AA4-11D3-99E7-00105A0DF099}','{046A430D-7770-48ab-89B5-24C2D300B03F}','{241CC195-E0C8-49ab-9635-7E720E2CB55E}','9' )
INSERT INTO ToolEntry VALUES ('{8A9A2F80-6887-11D3-842E-005004848CBA}','{42CA0006-5AA4-11D3-99E7-00105A0DF099}','{046A430D-7770-48ab-89B5-24C2D300B03F}','{CC4AC635-D4F8-48e4-8FF3-7400AB055A94}','2' )
INSERT INTO ToolEntry VALUES ('{8A9A2F80-6887-11D3-842E-005004848CBA}','{42CA0006-5AA4-11D3-99E7-00105A0DF099}','{046A430D-7770-48ab-89B5-24C2D300B03F}','{49E211DC-0AAC-4211-8A55-CF520E6A2E6A}','6' )
INSERT INTO ToolEntry VALUES ('{8A9A2F80-6887-11D3-842E-005004848CBA}','{42CA0006-5AA4-11D3-99E7-00105A0DF099}','{046A430D-7770-48ab-89B5-24C2D300B03F}','{52B1C61F-CC60-4e27-99B6-D90B7C92ABF9}','5' )

// ******** ToolOption  ********
                // CL
INSERT INTO ToolOption VALUES ('{0E6A936C-CF7C-4dd0-AF11-5A01BB45582F}', '{241CC190-E0C8-49ab-9635-7E720E2CB55E}','PRECOMPILE_HEADER_MIPS4_FP','UI support precompile header','2','1003',NULL,FALSE)         
INSERT INTO ToolOption VALUES ('{0FFFDDCC-BAE1-46c7-899D-E5DAE7031309}', '{241CC190-E0C8-49ab-9635-7E720E2CB55E}','DISABLE_CONSTRUCTION_DISPLACEMENT_MIPS4_FP','UI disable construction displacement','2','1001','/vd0',FALSE)
INSERT INTO ToolOption VALUES ('{68AC09B6-6DC7-4d00-8EA8-691BE89BA103}', '{241CC190-E0C8-49ab-9635-7E720E2CB55E}','GENERAL_PURPOSE_ALWAYS_MIPS4_FP','UI pointer to member presentation method','2','1002','/vmg',FALSE)    
INSERT INTO ToolOption VALUES ('{525D3BF6-2565-4e78-A095-F2E02F42EE40}', '{241CC190-E0C8-49ab-9635-7E720E2CB55E}','ASSEMBLY_LISTING_MIPS4_FP','UI configure assembly listing','2','1000','/FA',FALSE)       
INSERT INTO ToolOption VALUES ('{BB22EDCC-5E1E-4670-B98D-77876836DFFB}', '{241CC190-E0C8-49ab-9635-7E720E2CB55E}','CECRTMT_MIPS4_FP','Release Lib Macro','2',NULL,'/M$(CECrtMT)',FALSE) 
INSERT INTO ToolOption VALUES ('{EE0232A4-58F2-4700-B7CD-79F9AD070F79}', '{241CC190-E0C8-49ab-9635-7E720E2CB55E}','NDEBUG_MIPS4_FP','the NDEBUG define for release prjs','2',NULL,'/D NDEBUG',FALSE)  
INSERT INTO ToolOption VALUES ('{D05006A3-8AC3-42d6-ADE2-4E1262077F70}', '{241CC190-E0C8-49ab-9635-7E720E2CB55E}','UNICODE_MIPS4_FP','Turn on Unicode','2',NULL,'/D UNICODE /D _UNICODE',FALSE)    
INSERT INTO ToolOption VALUES ('{E925E65C-A2C4-4679-B538-854CB6866641}', '{241CC190-E0C8-49ab-9635-7E720E2CB55E}','AFXDLL_MIPS4_FP','Define _AFXDLL for dynamic linking to MFC','2',NULL,'/D _AFXDLL',FALSE)    
INSERT INTO ToolOption VALUES ('{2D620FC7-DCCF-4f2b-8A87-FC75A6069167}', '{241CC190-E0C8-49ab-9635-7E720E2CB55E}','CECRTMTDEBUG_MIPS4_FP','Debug Lib Macro','2',NULL,'/M$(CECrtMTDebug)',FALSE)   
INSERT INTO ToolOption VALUES ('{A8465F15-3D79-43ba-B223-B40B0B6C06E3}', '{241CC190-E0C8-49ab-9635-7E720E2CB55E}','ATL_STATIC_REGISTRY_MIPS4_FP','Define _ATL_STATIC_REGISTRY','2',NULL,'/D _ATL_STATIC_REGISTRY',FALSE)       
INSERT INTO ToolOption VALUES ('{77F3446E-418E-4bb4-98AF-1F63FA2EFF00}', '{241CC190-E0C8-49ab-9635-7E720E2CB55E}','MIPS4_FP_CPLR_DBG','IDS_MIPS4_FP_CPLR_DBG','2','1','/DDEBUG',FALSE) 
INSERT INTO ToolOption VALUES ('{7150CFC5-AE9C-44fe-9B94-924B55CC7819}', '{241CC190-E0C8-49ab-9635-7E720E2CB55E}','MIPS4_FPEXE_CPLR_DBG','IDS_MIPS4_FPEXE_CPLR_DBG','2','1','/Zi  /DMIPS /D_MIPS_ /D_MIPS64 /DR4000 /D "MIPSIV" /D "MIPSIV_FP" /DUNDER_CE=$(CEVersion) /D_WIN32_WCE=$(CEVersion)',FALSE)  
INSERT INTO ToolOption VALUES ('{0AB5795F-8338-46b6-8CD5-07F6CD4B734C}', '{241CC190-E0C8-49ab-9635-7E720E2CB55E}','MIPS4_FP_CPLR_COMMON','IDS_MIPS4_FP_CPLR_COMMON','2','1','/c /nologo /QMmips4 /QMn32 /QMFPE- /D_WIN32_WCE=$(CEVersion) /D $(CePlatform)',FALSE)   
INSERT INTO ToolOption VALUES ('{51F213E1-DD99-43e7-B847-27C5CCE2D329}', '{241CC190-E0C8-49ab-9635-7E720E2CB55E}','MIPS4_FPDLL_CPLR_DBG','IDS_MIPS4_FPDLL_CPLR_DBG','2','1','/Zi  /DMIPS /D_MIPS_ /D_MIPS64 /DR4000 /D "MIPSIV" /D "MIPSIV_FP" /DUNDER_CE=$(CEVersion) /D_WIN32_WCE=$(CEVersion)',FALSE)  
INSERT INTO ToolOption VALUES ('{C6F9DE99-8CCC-4a09-8794-7C12E7ADD6B5}', '{241CC190-E0C8-49ab-9635-7E720E2CB55E}','MIPS4_FPCON_CPLR_DBG','IDS_MIPS4_FPCON_CPLR_DBG','2','1','/Zi  /DMIPS /D_MIPS_ /D_MIPS64 /DR4000 /D "MIPSIV" /D "MIPSIV_FP" /DUNDER_CE=$(CEVersion) /D_WIN32_WCE=$(CEVersion)',FALSE)  
INSERT INTO ToolOption VALUES ('{32B357B7-5C95-4631-A467-0FD6B48A6A47}', '{241CC190-E0C8-49ab-9635-7E720E2CB55E}','MIPS4_FPLIB_CPLR_DBG','IDS_MIPS4_FPLIB_CPLR_DBG','2','1','/Zi  /DMIPS /D_MIPS_ /D_MIPS64 /DR4000 /D "MIPSIV" /D "MIPSIV_FP" /DUNDER_CE=$(CEVersion) /D_WIN32_WCE=$(CEVersion)',FALSE)  
INSERT INTO ToolOption VALUES ('{FC3345BB-CEBB-42fc-8607-7B88E06900FB}', '{241CC190-E0C8-49ab-9635-7E720E2CB55E}','MIPS4_FPEXE_CPLR_REL','IDS_MIPS4_FPEXE_CPLR_REL','2','1','/DMIPS /D_MIPS_ /D_MIPS64 /DR4000 /D "MIPSIV" /D "MIPSIV_FP" /DUNDER_CE=$(CEVersion) /D_WIN32_WCE=$(CEVersion)',FALSE)       
INSERT INTO ToolOption VALUES ('{5CE7FFA6-6A80-4534-9725-92C2088A7C4C}', '{241CC190-E0C8-49ab-9635-7E720E2CB55E}','MIPS4_FPDLL_CPLR_REL','IDS_MIPS4_FPDLL_CPLR_REL','2','1','/DMIPS /D_MIPS_ /D_MIPS64 /DR4000 /D "MIPSIV" /D "MIPSIV_FP" /DUNDER_CE=$(CEVersion) /D_WIN32_WCE=$(CEVersion)',FALSE)       
INSERT INTO ToolOption VALUES ('{BFDB9E02-5284-4f96-AA35-0FA7D09E01E2}', '{241CC190-E0C8-49ab-9635-7E720E2CB55E}','MIPS4_FPCON_CPLR_REL','IDS_MIPS4_FPCON_CPLR_REL','2','1','/DMIPS /D_MIPS_ /D_MIPS64 /DR4000 /D "MIPSIV" /D "MIPSIV_FP" /DUNDER_CE=$(CEVersion) /D_WIN32_WCE=$(CEVersion)',FALSE)       
INSERT INTO ToolOption VALUES ('{32C8D294-9955-4d0e-860C-F2BA5BE5C551}', '{241CC190-E0C8-49ab-9635-7E720E2CB55E}','MIPS4_FPLIB_CPLR_REL','IDS_MIPS4_FPLIB_CPLR_REL','2','1','/DMIPS /D_MIPS_ /D_MIPS64 /DR4000 /D "MIPSIV" /D "MIPSIV_FP" /DUNDER_CE=$(CEVersion) /D_WIN32_WCE=$(CEVersion)',FALSE)       
INSERT INTO ToolOption VALUES ('{930304D7-F449-4cd4-87D4-BB68C5D1AA00}', '{241CC190-E0C8-49ab-9635-7E720E2CB55E}','MIPS4_FPATL_CPLR_DBG','Specific flags for MIPS4_FP Compiler (ATL DBG build)','2','1','/D _USRDLL',FALSE)      
INSERT INTO ToolOption VALUES ('{9F4EB567-4ADF-485e-B1E4-B852FE7F0B4B}', '{241CC190-E0C8-49ab-9635-7E720E2CB55E}','MIPS4_FPMFC_CPLR_COMMON',NULL,'2','1','/c /nologo /QMmips4 /QMn32 /QMFPE- /D_WIN32_WCE=$(CEVersion) /D $(CePlatform)',FALSE)          
INSERT INTO ToolOption VALUES ('{F6F73718-96E3-4520-8808-782E4D9274D9}', '{241CC190-E0C8-49ab-9635-7E720E2CB55E}','MIPS4_FPATL_CPLR_COMMON',NULL,'2','1','/D _USRDLL /QMmips4 /QMn32 /QMFPE- /c /D $(CePlatform)',FALSE)         
INSERT INTO ToolOption VALUES ('{2B512191-9A2C-4c07-B7C4-351F30D37D37}', '{241CC190-E0C8-49ab-9635-7E720E2CB55E}','MIPS4_FPATL_CPLR_REL',NULL,'2','1','/nologo /DMIPS /D_MIPS_ /D_MIPS64 /DR4000 /D "MIPSIV" /D "MIPSIV_FP" /DUNDER_CE=$(CEVersion) /D_WIN32_WCE=$(CEVersion)',FALSE)     
INSERT INTO ToolOption VALUES ('{89C10556-8758-4d33-A949-5638DEA42775}', '{241CC190-E0C8-49ab-9635-7E720E2CB55E}','MIPS4_FPACTIVEX_CPLR_COMMON',NULL,'2','1','/GX-',FALSE)
INSERT INTO ToolOption VALUES ('{0C9898A7-D579-432d-807A-55370B7F7AA1}', '{241CC190-E0C8-49ab-9635-7E720E2CB55E}','MIPS4_FP_MAXIMUM_OPTIMIZATION','maximum opts. (/Ogityb1 /Gs)','2',NULL,'/O2',FALSE)          
INSERT INTO ToolOption VALUES ('{516F2503-5AF2-4737-A0ED-887EB1AC2AE3}', '{241CC190-E0C8-49ab-9635-7E720E2CB55E}','MIPS4_FPDISABLE_OPTIMIZATIONS','Disables all compiler optimizations','2',NULL,'/Od',FALSE)    
INSERT INTO ToolOption VALUES ('{E0CB7C7D-4715-42a3-86E4-92A57A3FA214}', '{241CC190-E0C8-49ab-9635-7E720E2CB55E}','AUTOMATIC PRECOMPILED HEADERS_MIPS4_FP','Use automatic precompiled headers','2','1','/YX',FALSE)     
INSERT INTO ToolOption VALUES ('{208877C5-7791-4a04-AA57-C611DDF8C5D2}', '{241CC190-E0C8-49ab-9635-7E720E2CB55E}','WARNING_LEVEL','Use Warning Level 3','2','1','/W3',FALSE)

                // LINK
INSERT INTO ToolOption VALUES ('{051CE348-86D8-471b-B734-074A6C645D02}', '{241CC191-E0C8-49ab-9635-7E720E2CB55E}','LINKDBG_FORMAT_COFF_MIPS4_FP','UI debug format COFF','2','1004','/debugtype:coff',FALSE)  
INSERT INTO ToolOption VALUES ('{0D5ABD5B-6B77-48aa-A9BA-5CF1FB82DFF1}', '{241CC191-E0C8-49ab-9635-7E720E2CB55E}','BASE_TENTHOUSAND_MIPS4_FP','/base flag for .exe proj types','2',NULL,'/base:0x00010000',FALSE)   
INSERT INTO ToolOption VALUES ('{BAEC0946-5620-439b-860F-893648D54BDE}', '{241CC191-E0C8-49ab-9635-7E720E2CB55E}','BASE_100K_MIPS4_FP','/base flag for .dll proj types','2',NULL,'/base:0x00100000',FALSE)       
INSERT INTO ToolOption VALUES ('{81720055-0100-445b-B566-1885BB41E0F1}', '{241CC191-E0C8-49ab-9635-7E720E2CB55E}','STACK_MIPS4_FP','standard /STACK setting','2',NULL,'/STACK:65536,4096',FALSE)   
INSERT INTO ToolOption VALUES ('{F6B6CCF3-9F71-4a84-8B80-EF3D80E3E41E}', '{241CC191-E0C8-49ab-9635-7E720E2CB55E}','INCREMENTAL_LINKING_MIPS4_FP','Incremental Linking Flag','2','1006','/INCREMENTAL:YES',FALSE)  
INSERT INTO ToolOption VALUES ('{5CEE5BC2-F426-4e6f-A4E2-166583706288}', '{241CC191-E0C8-49ab-9635-7E720E2CB55E}','MACHINE_MIPS4_FP','set machine type for linker','2',NULL,'/MACHINE:MIPSFPU',FALSE) 
INSERT INTO ToolOption VALUES ('{11B61486-58D0-4cb1-8ABB-E79EA88BEB82}', '{241CC191-E0C8-49ab-9635-7E720E2CB55E}','NO_INCREMENTAL_LINKING_MIPS4_FP','Incremental Linking Flag','2','1006','/INCREMENTAL:NO',FALSE)   
INSERT INTO ToolOption VALUES ('{E223499D-A194-4f2f-9AB9-60077F16D50D}', '{241CC191-E0C8-49ab-9635-7E720E2CB55E}','MIPS4_FP_LINK_MIPS4_FP_COMMON','IDS_MIPS4_FP_LINK_MIPS4_FP_COMMON','2','1','/NOLOGO /subsystem:$(CESubsystem) /nodefaultlib:$(CENoDefaultLib)',FALSE)       
INSERT INTO ToolOption VALUES ('{49AC2779-0CB7-4154-8DCE-87E4A8DC7460}', '{241CC191-E0C8-49ab-9635-7E720E2CB55E}','MIPS4_FP_LINK_DBG','IDS_MIPS4_FP_LINK_DBG','2','1','/DEBUG /DEBUGTYPE:CV',FALSE)  
INSERT INTO ToolOption VALUES ('{D50C1FF5-B8C0-46dd-B286-D28EEFC2691D}', '{241CC191-E0C8-49ab-9635-7E720E2CB55E}','MIPS4_FPEXE_LINK_DBG','IDS_MIPS4_FPEXE_LINK_DBG','2','1','/entry:WinMainCRTStartup',FALSE)      
INSERT INTO ToolOption VALUES ('{115D25A0-7DC5-41a7-8F47-CD837BAAD725}', '{241CC191-E0C8-49ab-9635-7E720E2CB55E}','MIPS4_FP_LIB_DBG','IDS_MIPS4_FP_LIB_DBG','2','1','commctrl.lib coredll.lib',FALSE)   
INSERT INTO ToolOption VALUES ('{3FCB2225-6A97-4cba-938C-062A64E91B7A}', '{241CC191-E0C8-49ab-9635-7E720E2CB55E}','MIPS4_FPDLL_LINK_DBG','IDS_MIPS4_FPDLL_LINK_DBG','2','1','/DLL /entry:_DllMainCRTStartup',FALSE)   
INSERT INTO ToolOption VALUES ('{C5FEF9E6-802D-489f-89A0-4604EBD24E6A}', '{241CC191-E0C8-49ab-9635-7E720E2CB55E}','MIPS4_FP_CONLIB','IDS_MIPS4_FP_CONLIB','2','1','commctrl.lib coredll.lib',FALSE)  
INSERT INTO ToolOption VALUES ('{CF5EBE30-3008-423f-8220-32805AB063B9}', '{241CC191-E0C8-49ab-9635-7E720E2CB55E}','MIPS4_FPCON_LINK_DBG','IDS_MIPS4_FPCON_LINK_DBG','2','1','/entry:WinMainCRTStartup',FALSE)      
INSERT INTO ToolOption VALUES ('{12398156-6412-497b-BD59-79B8CD0D5E9B}', '{241CC191-E0C8-49ab-9635-7E720E2CB55E}','MIPS4_FPMFCEXE_LINK_DBG','Specific flags for MIPS4_FP Linker (MFC EXE Debug build)','2','1','/DEBUG /entry:wWinMainCRTStartup',FALSE)     
INSERT INTO ToolOption VALUES ('{A473C6F6-013F-4d21-8670-0DBC5D995477}', '{241CC191-E0C8-49ab-9635-7E720E2CB55E}','MIPS4_FPMFCDLL_LINK_DBG','Specific flags for MIPS4_FP Linker (MFC DLL Debug build)','2','1','/DEBUG',FALSE)   
INSERT INTO ToolOption VALUES ('{952981E5-DBC0-4de0-A660-59FC585C310F}', '{241CC191-E0C8-49ab-9635-7E720E2CB55E}','MIPS4_FPMFCEXE_LINK_COMMON','MIPS4_FP_LINK_MIPS4_FP_COMMON without defaultlib','2','1','/NOLOGO /subsystem:$(CESubsystem)',FALSE)
INSERT INTO ToolOption VALUES ('{8E81B529-0C45-482a-8DA0-04B16EBA26D9}', '{241CC191-E0C8-49ab-9635-7E720E2CB55E}','MIPS4_FPEXE_LINK_REL','IDS_MIPS4_FPEXE_LINK_REL','2','1','/entry:WinMainCRTStartup',FALSE)      
INSERT INTO ToolOption VALUES ('{9C142CCB-F384-4cd4-B42D-09C868F35A29}', '{241CC191-E0C8-49ab-9635-7E720E2CB55E}','MIPS4_FP_LINK_REL','IDS_MIPS4_FP_LINK_REL','2','1',NULL,FALSE)      
INSERT INTO ToolOption VALUES ('{71B5AB5D-029C-48fa-AA38-D4D41FC63A5A}', '{241CC191-E0C8-49ab-9635-7E720E2CB55E}','MIPS4_FP_LIB_REL','IDS_MIPS4_FP_LIB_REL','2','1','commctrl.lib coredll.lib',FALSE)   
INSERT INTO ToolOption VALUES ('{FFDD6508-0597-4fe0-99C7-43518AD02EDF}', '{241CC191-E0C8-49ab-9635-7E720E2CB55E}','MIPS4_FPDLL_LINK_REL','IDS_MIPS4_FPDLL_LINK_REL','2','1','/DLL /entry:_DllMainCRTStartup',FALSE)   
INSERT INTO ToolOption VALUES ('{34A4585A-72DD-4a72-B493-11F62E13EEEA}', '{241CC191-E0C8-49ab-9635-7E720E2CB55E}','MIPS4_FP_LINK_REL','IDS_MIPS4_FP_LINK_REL','2','1',NULL,FALSE)      
INSERT INTO ToolOption VALUES ('{07B8D754-B8B8-4c8e-B5E7-DAA59252E8A9}', '{241CC191-E0C8-49ab-9635-7E720E2CB55E}','MIPS4_FPCON_LINK_REL','IDS_MIPS4_FPCON_LINK_REL','2','1','/entry:WinMainCRTStartup',FALSE)      
INSERT INTO ToolOption VALUES ('{8C48588A-FDDF-4417-A117-58265D2B07D0}', '{241CC191-E0C8-49ab-9635-7E720E2CB55E}','MIPS4_FP_LINK_REL','IDS_MIPS4_FP_LINK_REL','2','1',NULL,FALSE)      
INSERT INTO ToolOption VALUES ('{6E195F4E-F570-4e1d-B870-A77C949AB40B}', '{241CC191-E0C8-49ab-9635-7E720E2CB55E}','MIPS4_FPLIB_LINK','IDS_MIPS4_FPLIB_LINK','2','1','/NOLOGO',FALSE)   
INSERT INTO ToolOption VALUES ('{729E8B33-3976-4a6c-8562-3F9EBF192B69}', '{241CC191-E0C8-49ab-9635-7E720E2CB55E}','MIPS4_FPMFCEXE_LINK_REL','Specific flags for MIPS4_FP Linker (MFC EXE Release build)','2','1','/entry:wWinMainCRTStartup',FALSE)          
INSERT INTO ToolOption VALUES ('{DAD57835-CE45-41a7-8F53-E33E052FE317}', '{241CC191-E0C8-49ab-9635-7E720E2CB55E}','MIPS4_FPMFCDLL_LINK_COMMON','MIPS4_FP_LINK_MIPS4_FP_COMMON without defaultlib','2','1','/NOLOGO /subsystem:$(CESubsystem)',FALSE)

                // LIB
INSERT INTO ToolOption VALUES ('{4407C663-CA55-456a-972D-64CBAF92C56A}', '{52B1C61F-CC60-4e27-99B6-D90B7C92ABF9}','MIPS4_FP_LIB_COMMON',NULL,'2',NULL,'/nologo',FALSE) 

                // MIDL
INSERT INTO ToolOption VALUES ('{5797B294-70F5-4906-ACC5-3CD1621DCD46}', '{241CC193-E0C8-49ab-9635-7E720E2CB55E}','MIPS4_FP_MTL_COMMON','IDS_MIPS4_FP_MTL_COMMON','2','1','/nologo /mktyplib203 /win32',FALSE) 
INSERT INTO ToolOption VALUES ('{D708FB3C-910F-4691-A859-4603CF6F990E}', '{241CC193-E0C8-49ab-9635-7E720E2CB55E}','DEFINE_DEBUG','Define DEBUG','2','1','/D DEBUG',FALSE) 
INSERT INTO ToolOption VALUES ('{84E9ED48-06AD-47f2-B7FD-47BA96821BAA}', '{241CC193-E0C8-49ab-9635-7E720E2CB55E}','DEFINE_NDEBUG','Define NDEBUG','2',NULL,'/D NDEBUG',FALSE)  

                // BSC
INSERT INTO ToolOption VALUES ('{51D33F37-84D5-46d5-A0B0-0F3D29B11034}', '{241CC194-E0C8-49ab-9635-7E720E2CB55E}','MIPS4_FP_BSC_COMMON','IDS_MIPS4_FP_BSC_COMMON','2','1','/nologo',FALSE)

                // COFF
INSERT INTO ToolOption VALUES ('{CE8479CF-4A5F-426c-A6EB-E6C195EDF864}', '{241CC195-E0C8-49ab-9635-7E720E2CB55E}','MIPS4_FP_COFF_COMMON','IDS_MIPS4_FPLIB_LINK','2','1','/nologo',FALSE)  

                // VCRC
INSERT INTO ToolOption VALUES ('{8146CB79-3577-4d86-9A11-467C8BE3D612}', '{241CC192-E0C8-49ab-9635-7E720E2CB55E}','DEFINE_DEBUG','Define DEBUG','2','1','/D DEBUG',FALSE)   
INSERT INTO ToolOption VALUES ('{99A9B1B6-A427-4f0b-ACC5-4334366DFA82}', '{241CC192-E0C8-49ab-9635-7E720E2CB55E}','DMIPS4_FP_RC_COMMON','IDS_DMIPS4_FP_RC_COMMON','2','1','/r /DUNDER_CE=$(CEVersion) /D_WIN32_WCE=$(CEVersion)',FALSE)      
INSERT INTO ToolOption VALUES ('{8E124BD7-01F5-4d60-85D4-E2414464F472}', '{241CC192-E0C8-49ab-9635-7E720E2CB55E}','DEFINE_NDEBUG','Define NDEBUG','2','1','/D NDEBUG',FALSE)  
INSERT INTO ToolOption VALUES ('{EA9FC4B4-73FA-49b8-BF89-CE41D28FCD98}', '{241CC192-E0C8-49ab-9635-7E720E2CB55E}','CEPLATFORM','CePlatform Macro','2','1','/D $(CePlatform)',FALSE)
INSERT INTO ToolOption VALUES ('{E56C8E0C-F07A-4181-9D6A-AB468A35D556}', '{241CC192-E0C8-49ab-9635-7E720E2CB55E}','PROCESSOR_DEFINE','Processor Define','2','1','/D MIPS /D _MIPS_',FALSE)
INSERT INTO ToolOption VALUES ('{D9E84A62-03DF-49e1-9A5E-E8C626FB231C}', '{241CC192-E0C8-49ab-9635-7E720E2CB55E}','DEFINE_UNICODE','Define Unicode','2','1','/D UNICODE /D _UNICODE',FALSE)

// ******** OptionValue  ********

// ******** ToolOptionSet  ********
// LIB MIPS4_FP
INSERT INTO ToolOptionSet VALUES ('{52B1C61F-CC60-4e27-99B6-D90B7C92ABF9}','67108864','{4407C663-CA55-456a-972D-64CBAF92C56A}',NULL)       
INSERT INTO ToolOptionSet VALUES ('{52B1C61F-CC60-4e27-99B6-D90B7C92ABF9}','67109120','{4407C663-CA55-456a-972D-64CBAF92C56A}',NULL)       

// CL MIPS4_FP
INSERT INTO ToolOptionSet VALUES ('{241CC190-E0C8-49ab-9635-7E720E2CB55E}','16777216','{0AB5795F-8338-46b6-8CD5-07F6CD4B734C}',NULL)       
INSERT INTO ToolOptionSet VALUES ('{241CC190-E0C8-49ab-9635-7E720E2CB55E}','16777216','{FC3345BB-CEBB-42fc-8607-7B88E06900FB}',NULL)       
INSERT INTO ToolOptionSet VALUES ('{241CC190-E0C8-49ab-9635-7E720E2CB55E}','16777216','{0C9898A7-D579-432d-807A-55370B7F7AA1}',NULL)       
INSERT INTO ToolOptionSet VALUES ('{241CC190-E0C8-49ab-9635-7E720E2CB55E}','16777216','{D05006A3-8AC3-42d6-ADE2-4E1262077F70}',NULL)       
INSERT INTO ToolOptionSet VALUES ('{241CC190-E0C8-49ab-9635-7E720E2CB55E}','16777216','{EE0232A4-58F2-4700-B7CD-79F9AD070F79}',NULL)       
INSERT INTO ToolOptionSet VALUES ('{241CC190-E0C8-49ab-9635-7E720E2CB55E}','16777216','{BB22EDCC-5E1E-4670-B98D-77876836DFFB}',NULL)       
INSERT INTO ToolOptionSet VALUES ('{241CC190-E0C8-49ab-9635-7E720E2CB55E}','16777232','{FC3345BB-CEBB-42fc-8607-7B88E06900FB}',NULL)       
INSERT INTO ToolOptionSet VALUES ('{241CC190-E0C8-49ab-9635-7E720E2CB55E}','16777232','{9F4EB567-4ADF-485e-B1E4-B852FE7F0B4B}',NULL)       
INSERT INTO ToolOptionSet VALUES ('{241CC190-E0C8-49ab-9635-7E720E2CB55E}','16777232','{0C9898A7-D579-432d-807A-55370B7F7AA1}',NULL)       
INSERT INTO ToolOptionSet VALUES ('{241CC190-E0C8-49ab-9635-7E720E2CB55E}','16777232','{D05006A3-8AC3-42d6-ADE2-4E1262077F70}',NULL)       
INSERT INTO ToolOptionSet VALUES ('{241CC190-E0C8-49ab-9635-7E720E2CB55E}','16777232','{EE0232A4-58F2-4700-B7CD-79F9AD070F79}',NULL)       
INSERT INTO ToolOptionSet VALUES ('{241CC190-E0C8-49ab-9635-7E720E2CB55E}','16777232','{BB22EDCC-5E1E-4670-B98D-77876836DFFB}',NULL)       
INSERT INTO ToolOptionSet VALUES ('{241CC190-E0C8-49ab-9635-7E720E2CB55E}','16777232','{E925E65C-A2C4-4679-B538-854CB6866641}',NULL)      
INSERT INTO ToolOptionSet VALUES ('{241CC190-E0C8-49ab-9635-7E720E2CB55E}','16777472','{77F3446E-418E-4bb4-98AF-1F63FA2EFF00}',NULL)       
INSERT INTO ToolOptionSet VALUES ('{241CC190-E0C8-49ab-9635-7E720E2CB55E}','16777472','{7150CFC5-AE9C-44fe-9B94-924B55CC7819}',NULL)       
INSERT INTO ToolOptionSet VALUES ('{241CC190-E0C8-49ab-9635-7E720E2CB55E}','16777472','{0AB5795F-8338-46b6-8CD5-07F6CD4B734C}',NULL)       
INSERT INTO ToolOptionSet VALUES ('{241CC190-E0C8-49ab-9635-7E720E2CB55E}','16777472','{516F2503-5AF2-4737-A0ED-887EB1AC2AE3}',NULL)       
INSERT INTO ToolOptionSet VALUES ('{241CC190-E0C8-49ab-9635-7E720E2CB55E}','16777472','{D05006A3-8AC3-42d6-ADE2-4E1262077F70}',NULL)       
INSERT INTO ToolOptionSet VALUES ('{241CC190-E0C8-49ab-9635-7E720E2CB55E}','16777472','{2D620FC7-DCCF-4f2b-8A87-FC75A6069167}',NULL)      
INSERT INTO ToolOptionSet VALUES ('{241CC190-E0C8-49ab-9635-7E720E2CB55E}','16777488','{77F3446E-418E-4bb4-98AF-1F63FA2EFF00}',NULL)       
INSERT INTO ToolOptionSet VALUES ('{241CC190-E0C8-49ab-9635-7E720E2CB55E}','16777488','{7150CFC5-AE9C-44fe-9B94-924B55CC7819}',NULL)       
INSERT INTO ToolOptionSet VALUES ('{241CC190-E0C8-49ab-9635-7E720E2CB55E}','16777488','{9F4EB567-4ADF-485e-B1E4-B852FE7F0B4B}',NULL)       
INSERT INTO ToolOptionSet VALUES ('{241CC190-E0C8-49ab-9635-7E720E2CB55E}','16777488','{516F2503-5AF2-4737-A0ED-887EB1AC2AE3}',NULL)       
INSERT INTO ToolOptionSet VALUES ('{241CC190-E0C8-49ab-9635-7E720E2CB55E}','16777488','{D05006A3-8AC3-42d6-ADE2-4E1262077F70}',NULL)       
INSERT INTO ToolOptionSet VALUES ('{241CC190-E0C8-49ab-9635-7E720E2CB55E}','16777488','{2D620FC7-DCCF-4f2b-8A87-FC75A6069167}',NULL)      
INSERT INTO ToolOptionSet VALUES ('{241CC190-E0C8-49ab-9635-7E720E2CB55E}','16777488','{E925E65C-A2C4-4679-B538-854CB6866641}',NULL)      
INSERT INTO ToolOptionSet VALUES ('{241CC190-E0C8-49ab-9635-7E720E2CB55E}','33554432','{0AB5795F-8338-46b6-8CD5-07F6CD4B734C}',NULL)       
INSERT INTO ToolOptionSet VALUES ('{241CC190-E0C8-49ab-9635-7E720E2CB55E}','33554432','{5CE7FFA6-6A80-4534-9725-92C2088A7C4C}',NULL)       
INSERT INTO ToolOptionSet VALUES ('{241CC190-E0C8-49ab-9635-7E720E2CB55E}','33554432','{0C9898A7-D579-432d-807A-55370B7F7AA1}',NULL)       
INSERT INTO ToolOptionSet VALUES ('{241CC190-E0C8-49ab-9635-7E720E2CB55E}','33554432','{D05006A3-8AC3-42d6-ADE2-4E1262077F70}',NULL)       
INSERT INTO ToolOptionSet VALUES ('{241CC190-E0C8-49ab-9635-7E720E2CB55E}','33554432','{EE0232A4-58F2-4700-B7CD-79F9AD070F79}',NULL)       
INSERT INTO ToolOptionSet VALUES ('{241CC190-E0C8-49ab-9635-7E720E2CB55E}','33554432','{BB22EDCC-5E1E-4670-B98D-77876836DFFB}',NULL)       
INSERT INTO ToolOptionSet VALUES ('{241CC190-E0C8-49ab-9635-7E720E2CB55E}','33554433','{F6F73718-96E3-4520-8808-782E4D9274D9}',NULL)       
INSERT INTO ToolOptionSet VALUES ('{241CC190-E0C8-49ab-9635-7E720E2CB55E}','33554433','{2B512191-9A2C-4c07-B7C4-351F30D37D37}',NULL)       
INSERT INTO ToolOptionSet VALUES ('{241CC190-E0C8-49ab-9635-7E720E2CB55E}','33554433','{0C9898A7-D579-432d-807A-55370B7F7AA1}',NULL)       
INSERT INTO ToolOptionSet VALUES ('{241CC190-E0C8-49ab-9635-7E720E2CB55E}','33554433','{D05006A3-8AC3-42d6-ADE2-4E1262077F70}',NULL)       
INSERT INTO ToolOptionSet VALUES ('{241CC190-E0C8-49ab-9635-7E720E2CB55E}','33554433','{EE0232A4-58F2-4700-B7CD-79F9AD070F79}',NULL)       
INSERT INTO ToolOptionSet VALUES ('{241CC190-E0C8-49ab-9635-7E720E2CB55E}','33554433','{BB22EDCC-5E1E-4670-B98D-77876836DFFB}',NULL)       
INSERT INTO ToolOptionSet VALUES ('{241CC190-E0C8-49ab-9635-7E720E2CB55E}','33554434','{F6F73718-96E3-4520-8808-782E4D9274D9}',NULL)       
INSERT INTO ToolOptionSet VALUES ('{241CC190-E0C8-49ab-9635-7E720E2CB55E}','33554434','{2B512191-9A2C-4c07-B7C4-351F30D37D37}',NULL)       
INSERT INTO ToolOptionSet VALUES ('{241CC190-E0C8-49ab-9635-7E720E2CB55E}','33554434','{0C9898A7-D579-432d-807A-55370B7F7AA1}',NULL)       
INSERT INTO ToolOptionSet VALUES ('{241CC190-E0C8-49ab-9635-7E720E2CB55E}','33554434','{D05006A3-8AC3-42d6-ADE2-4E1262077F70}',NULL)       
INSERT INTO ToolOptionSet VALUES ('{241CC190-E0C8-49ab-9635-7E720E2CB55E}','33554434','{A8465F15-3D79-43ba-B223-B40B0B6C06E3}',NULL)       
INSERT INTO ToolOptionSet VALUES ('{241CC190-E0C8-49ab-9635-7E720E2CB55E}','33554434','{EE0232A4-58F2-4700-B7CD-79F9AD070F79}',NULL)       
INSERT INTO ToolOptionSet VALUES ('{241CC190-E0C8-49ab-9635-7E720E2CB55E}','33554434','{BB22EDCC-5E1E-4670-B98D-77876836DFFB}',NULL)       
	// ATL EXE Release MinSize Settings
INSERT INTO ToolOptionSet VALUES ('{241CC190-E0C8-49ab-9635-7E720E2CB55E}','16777217','{208877C5-7791-4a04-AA57-C611DDF8C5D2}',NULL)       
INSERT INTO ToolOptionSet VALUES ('{241CC190-E0C8-49ab-9635-7E720E2CB55E}','16777217','{E0CB7C7D-4715-42a3-86E4-92A57A3FA214}',NULL)       
INSERT INTO ToolOptionSet VALUES ('{241CC190-E0C8-49ab-9635-7E720E2CB55E}','16777217','{BB22EDCC-5E1E-4670-B98D-77876836DFFB}',NULL)       
INSERT INTO ToolOptionSet VALUES ('{241CC190-E0C8-49ab-9635-7E720E2CB55E}','16777217','{EE0232A4-58F2-4700-B7CD-79F9AD070F79}',NULL)       
INSERT INTO ToolOptionSet VALUES ('{241CC190-E0C8-49ab-9635-7E720E2CB55E}','16777217','{D05006A3-8AC3-42d6-ADE2-4E1262077F70}',NULL)       
INSERT INTO ToolOptionSet VALUES ('{241CC190-E0C8-49ab-9635-7E720E2CB55E}','16777217','{0C9898A7-D579-432d-807A-55370B7F7AA1}',NULL)       
INSERT INTO ToolOptionSet VALUES ('{241CC190-E0C8-49ab-9635-7E720E2CB55E}','16777217','{2B512191-9A2C-4c07-B7C4-351F30D37D37}',NULL)        
INSERT INTO ToolOptionSet VALUES ('{241CC190-E0C8-49ab-9635-7E720E2CB55E}','16777217','{9F4EB567-4ADF-485e-B1E4-B852FE7F0B4B}',NULL)        
	// ATL EXE Release MinDep Settings                                   
INSERT INTO ToolOptionSet VALUES ('{241CC190-E0C8-49ab-9635-7E720E2CB55E}','16777218','{208877C5-7791-4a04-AA57-C611DDF8C5D2}',NULL)       
INSERT INTO ToolOptionSet VALUES ('{241CC190-E0C8-49ab-9635-7E720E2CB55E}','16777218','{E0CB7C7D-4715-42a3-86E4-92A57A3FA214}',NULL)       
INSERT INTO ToolOptionSet VALUES ('{241CC190-E0C8-49ab-9635-7E720E2CB55E}','16777218','{BB22EDCC-5E1E-4670-B98D-77876836DFFB}',NULL)       
INSERT INTO ToolOptionSet VALUES ('{241CC190-E0C8-49ab-9635-7E720E2CB55E}','16777218','{EE0232A4-58F2-4700-B7CD-79F9AD070F79}',NULL)       
INSERT INTO ToolOptionSet VALUES ('{241CC190-E0C8-49ab-9635-7E720E2CB55E}','16777218','{A8465F15-3D79-43ba-B223-B40B0B6C06E3}',NULL)       
INSERT INTO ToolOptionSet VALUES ('{241CC190-E0C8-49ab-9635-7E720E2CB55E}','16777218','{D05006A3-8AC3-42d6-ADE2-4E1262077F70}',NULL)       
INSERT INTO ToolOptionSet VALUES ('{241CC190-E0C8-49ab-9635-7E720E2CB55E}','16777218','{0C9898A7-D579-432d-807A-55370B7F7AA1}',NULL)       
INSERT INTO ToolOptionSet VALUES ('{241CC190-E0C8-49ab-9635-7E720E2CB55E}','16777218','{2B512191-9A2C-4c07-B7C4-351F30D37D37}',NULL)        
INSERT INTO ToolOptionSet VALUES ('{241CC190-E0C8-49ab-9635-7E720E2CB55E}','16777218','{9F4EB567-4ADF-485e-B1E4-B852FE7F0B4B}',NULL)    
    
INSERT INTO ToolOptionSet VALUES ('{241CC190-E0C8-49ab-9635-7E720E2CB55E}','33554448','{5CE7FFA6-6A80-4534-9725-92C2088A7C4C}',NULL)       
INSERT INTO ToolOptionSet VALUES ('{241CC190-E0C8-49ab-9635-7E720E2CB55E}','33554448','{9F4EB567-4ADF-485e-B1E4-B852FE7F0B4B}',NULL)       
INSERT INTO ToolOptionSet VALUES ('{241CC190-E0C8-49ab-9635-7E720E2CB55E}','33554448','{0C9898A7-D579-432d-807A-55370B7F7AA1}',NULL)       
INSERT INTO ToolOptionSet VALUES ('{241CC190-E0C8-49ab-9635-7E720E2CB55E}','33554448','{D05006A3-8AC3-42d6-ADE2-4E1262077F70}',NULL)       
INSERT INTO ToolOptionSet VALUES ('{241CC190-E0C8-49ab-9635-7E720E2CB55E}','33554448','{EE0232A4-58F2-4700-B7CD-79F9AD070F79}',NULL)       
INSERT INTO ToolOptionSet VALUES ('{241CC190-E0C8-49ab-9635-7E720E2CB55E}','33554448','{BB22EDCC-5E1E-4670-B98D-77876836DFFB}',NULL)       
INSERT INTO ToolOptionSet VALUES ('{241CC190-E0C8-49ab-9635-7E720E2CB55E}','33554448','{E925E65C-A2C4-4679-B538-854CB6866641}',NULL)      
INSERT INTO ToolOptionSet VALUES ('{241CC190-E0C8-49ab-9635-7E720E2CB55E}','33554688','{77F3446E-418E-4bb4-98AF-1F63FA2EFF00}',NULL)       
INSERT INTO ToolOptionSet VALUES ('{241CC190-E0C8-49ab-9635-7E720E2CB55E}','33554688','{0AB5795F-8338-46b6-8CD5-07F6CD4B734C}',NULL)       
INSERT INTO ToolOptionSet VALUES ('{241CC190-E0C8-49ab-9635-7E720E2CB55E}','33554688','{51F213E1-DD99-43e7-B847-27C5CCE2D329}',NULL)       
INSERT INTO ToolOptionSet VALUES ('{241CC190-E0C8-49ab-9635-7E720E2CB55E}','33554688','{516F2503-5AF2-4737-A0ED-887EB1AC2AE3}',NULL)       
INSERT INTO ToolOptionSet VALUES ('{241CC190-E0C8-49ab-9635-7E720E2CB55E}','33554688','{D05006A3-8AC3-42d6-ADE2-4E1262077F70}',NULL)       
INSERT INTO ToolOptionSet VALUES ('{241CC190-E0C8-49ab-9635-7E720E2CB55E}','33554688','{2D620FC7-DCCF-4f2b-8A87-FC75A6069167}',NULL)      
INSERT INTO ToolOptionSet VALUES ('{241CC190-E0C8-49ab-9635-7E720E2CB55E}','33554689','{77F3446E-418E-4bb4-98AF-1F63FA2EFF00}',NULL)       
INSERT INTO ToolOptionSet VALUES ('{241CC190-E0C8-49ab-9635-7E720E2CB55E}','33554689','{51F213E1-DD99-43e7-B847-27C5CCE2D329}',NULL)       
INSERT INTO ToolOptionSet VALUES ('{241CC190-E0C8-49ab-9635-7E720E2CB55E}','33554689','{930304D7-F449-4cd4-87D4-BB68C5D1AA00}',NULL)       
INSERT INTO ToolOptionSet VALUES ('{241CC190-E0C8-49ab-9635-7E720E2CB55E}','33554689','{9F4EB567-4ADF-485e-B1E4-B852FE7F0B4B}',NULL)       
INSERT INTO ToolOptionSet VALUES ('{241CC190-E0C8-49ab-9635-7E720E2CB55E}','33554689','{516F2503-5AF2-4737-A0ED-887EB1AC2AE3}',NULL)       
INSERT INTO ToolOptionSet VALUES ('{241CC190-E0C8-49ab-9635-7E720E2CB55E}','33554689','{D05006A3-8AC3-42d6-ADE2-4E1262077F70}',NULL)       
INSERT INTO ToolOptionSet VALUES ('{241CC190-E0C8-49ab-9635-7E720E2CB55E}','33554689','{2D620FC7-DCCF-4f2b-8A87-FC75A6069167}',NULL)  
// ATL EXE Debug Settings	
INSERT INTO ToolOptionSet VALUES ('{241CC190-E0C8-49ab-9635-7E720E2CB55E}','16777473','{208877C5-7791-4a04-AA57-C611DDF8C5D2}',NULL)       
INSERT INTO ToolOptionSet VALUES ('{241CC190-E0C8-49ab-9635-7E720E2CB55E}','16777473','{E0CB7C7D-4715-42a3-86E4-92A57A3FA214}',NULL)       
INSERT INTO ToolOptionSet VALUES ('{241CC190-E0C8-49ab-9635-7E720E2CB55E}','16777473','{2D620FC7-DCCF-4f2b-8A87-FC75A6069167}',NULL)       
INSERT INTO ToolOptionSet VALUES ('{241CC190-E0C8-49ab-9635-7E720E2CB55E}','16777473','{D05006A3-8AC3-42d6-ADE2-4E1262077F70}',NULL)       
INSERT INTO ToolOptionSet VALUES ('{241CC190-E0C8-49ab-9635-7E720E2CB55E}','16777473','{516F2503-5AF2-4737-A0ED-887EB1AC2AE3}',NULL)       
INSERT INTO ToolOptionSet VALUES ('{241CC190-E0C8-49ab-9635-7E720E2CB55E}','16777473','{9F4EB567-4ADF-485e-B1E4-B852FE7F0B4B}',NULL)      
INSERT INTO ToolOptionSet VALUES ('{241CC190-E0C8-49ab-9635-7E720E2CB55E}','16777473','{7150CFC5-AE9C-44fe-9B94-924B55CC7819}',NULL)        
INSERT INTO ToolOptionSet VALUES ('{241CC190-E0C8-49ab-9635-7E720E2CB55E}','16777473','{77F3446E-418E-4bb4-98AF-1F63FA2EFF00}',NULL) 
    
INSERT INTO ToolOptionSet VALUES ('{241CC190-E0C8-49ab-9635-7E720E2CB55E}','33554704','{77F3446E-418E-4bb4-98AF-1F63FA2EFF00}',NULL)       
INSERT INTO ToolOptionSet VALUES ('{241CC190-E0C8-49ab-9635-7E720E2CB55E}','33554704','{51F213E1-DD99-43e7-B847-27C5CCE2D329}',NULL)       
INSERT INTO ToolOptionSet VALUES ('{241CC190-E0C8-49ab-9635-7E720E2CB55E}','33554704','{9F4EB567-4ADF-485e-B1E4-B852FE7F0B4B}',NULL)       
INSERT INTO ToolOptionSet VALUES ('{241CC190-E0C8-49ab-9635-7E720E2CB55E}','33554704','{516F2503-5AF2-4737-A0ED-887EB1AC2AE3}',NULL)       
INSERT INTO ToolOptionSet VALUES ('{241CC190-E0C8-49ab-9635-7E720E2CB55E}','33554704','{D05006A3-8AC3-42d6-ADE2-4E1262077F70}',NULL)       
INSERT INTO ToolOptionSet VALUES ('{241CC190-E0C8-49ab-9635-7E720E2CB55E}','33554704','{2D620FC7-DCCF-4f2b-8A87-FC75A6069167}',NULL)      
INSERT INTO ToolOptionSet VALUES ('{241CC190-E0C8-49ab-9635-7E720E2CB55E}','33554704','{E925E65C-A2C4-4679-B538-854CB6866641}',NULL)      
INSERT INTO ToolOptionSet VALUES ('{241CC190-E0C8-49ab-9635-7E720E2CB55E}','33558544','{5CE7FFA6-6A80-4534-9725-92C2088A7C4C}',NULL)       
INSERT INTO ToolOptionSet VALUES ('{241CC190-E0C8-49ab-9635-7E720E2CB55E}','33558544','{9F4EB567-4ADF-485e-B1E4-B852FE7F0B4B}',NULL)       
INSERT INTO ToolOptionSet VALUES ('{241CC190-E0C8-49ab-9635-7E720E2CB55E}','33558544','{89C10556-8758-4d33-A949-5638DEA42775}',NULL)       
INSERT INTO ToolOptionSet VALUES ('{241CC190-E0C8-49ab-9635-7E720E2CB55E}','33558544','{0C9898A7-D579-432d-807A-55370B7F7AA1}',NULL)       
INSERT INTO ToolOptionSet VALUES ('{241CC190-E0C8-49ab-9635-7E720E2CB55E}','33558544','{D05006A3-8AC3-42d6-ADE2-4E1262077F70}',NULL)       
INSERT INTO ToolOptionSet VALUES ('{241CC190-E0C8-49ab-9635-7E720E2CB55E}','33558544','{EE0232A4-58F2-4700-B7CD-79F9AD070F79}',NULL)       
INSERT INTO ToolOptionSet VALUES ('{241CC190-E0C8-49ab-9635-7E720E2CB55E}','33558544','{BB22EDCC-5E1E-4670-B98D-77876836DFFB}',NULL)       
INSERT INTO ToolOptionSet VALUES ('{241CC190-E0C8-49ab-9635-7E720E2CB55E}','33558544','{E925E65C-A2C4-4679-B538-854CB6866641}',NULL)      
INSERT INTO ToolOptionSet VALUES ('{241CC190-E0C8-49ab-9635-7E720E2CB55E}','33558800','{77F3446E-418E-4bb4-98AF-1F63FA2EFF00}',NULL)       
INSERT INTO ToolOptionSet VALUES ('{241CC190-E0C8-49ab-9635-7E720E2CB55E}','33558800','{51F213E1-DD99-43e7-B847-27C5CCE2D329}',NULL)       
INSERT INTO ToolOptionSet VALUES ('{241CC190-E0C8-49ab-9635-7E720E2CB55E}','33558800','{9F4EB567-4ADF-485e-B1E4-B852FE7F0B4B}',NULL)       
INSERT INTO ToolOptionSet VALUES ('{241CC190-E0C8-49ab-9635-7E720E2CB55E}','33558800','{89C10556-8758-4d33-A949-5638DEA42775}',NULL)       
INSERT INTO ToolOptionSet VALUES ('{241CC190-E0C8-49ab-9635-7E720E2CB55E}','33558800','{516F2503-5AF2-4737-A0ED-887EB1AC2AE3}',NULL)       
INSERT INTO ToolOptionSet VALUES ('{241CC190-E0C8-49ab-9635-7E720E2CB55E}','33558800','{D05006A3-8AC3-42d6-ADE2-4E1262077F70}',NULL)       
INSERT INTO ToolOptionSet VALUES ('{241CC190-E0C8-49ab-9635-7E720E2CB55E}','33558800','{2D620FC7-DCCF-4f2b-8A87-FC75A6069167}',NULL)      
INSERT INTO ToolOptionSet VALUES ('{241CC190-E0C8-49ab-9635-7E720E2CB55E}','33558800','{E925E65C-A2C4-4679-B538-854CB6866641}',NULL)      
INSERT INTO ToolOptionSet VALUES ('{241CC190-E0C8-49ab-9635-7E720E2CB55E}','50331648','{0AB5795F-8338-46b6-8CD5-07F6CD4B734C}',NULL)       
INSERT INTO ToolOptionSet VALUES ('{241CC190-E0C8-49ab-9635-7E720E2CB55E}','50331648','{BFDB9E02-5284-4f96-AA35-0FA7D09E01E2}',NULL)       
INSERT INTO ToolOptionSet VALUES ('{241CC190-E0C8-49ab-9635-7E720E2CB55E}','50331648','{0C9898A7-D579-432d-807A-55370B7F7AA1}',NULL)       
INSERT INTO ToolOptionSet VALUES ('{241CC190-E0C8-49ab-9635-7E720E2CB55E}','50331648','{D05006A3-8AC3-42d6-ADE2-4E1262077F70}',NULL)       
INSERT INTO ToolOptionSet VALUES ('{241CC190-E0C8-49ab-9635-7E720E2CB55E}','50331648','{EE0232A4-58F2-4700-B7CD-79F9AD070F79}',NULL)       
INSERT INTO ToolOptionSet VALUES ('{241CC190-E0C8-49ab-9635-7E720E2CB55E}','50331648','{BB22EDCC-5E1E-4670-B98D-77876836DFFB}',NULL)       
INSERT INTO ToolOptionSet VALUES ('{241CC190-E0C8-49ab-9635-7E720E2CB55E}','50331904','{77F3446E-418E-4bb4-98AF-1F63FA2EFF00}',NULL)       
INSERT INTO ToolOptionSet VALUES ('{241CC190-E0C8-49ab-9635-7E720E2CB55E}','50331904','{0AB5795F-8338-46b6-8CD5-07F6CD4B734C}',NULL)       
INSERT INTO ToolOptionSet VALUES ('{241CC190-E0C8-49ab-9635-7E720E2CB55E}','50331904','{C6F9DE99-8CCC-4a09-8794-7C12E7ADD6B5}',NULL)       
INSERT INTO ToolOptionSet VALUES ('{241CC190-E0C8-49ab-9635-7E720E2CB55E}','50331904','{516F2503-5AF2-4737-A0ED-887EB1AC2AE3}',NULL)       
INSERT INTO ToolOptionSet VALUES ('{241CC190-E0C8-49ab-9635-7E720E2CB55E}','50331904','{D05006A3-8AC3-42d6-ADE2-4E1262077F70}',NULL)       
INSERT INTO ToolOptionSet VALUES ('{241CC190-E0C8-49ab-9635-7E720E2CB55E}','50331904','{2D620FC7-DCCF-4f2b-8A87-FC75A6069167}',NULL)      
INSERT INTO ToolOptionSet VALUES ('{241CC190-E0C8-49ab-9635-7E720E2CB55E}','67108864','{0AB5795F-8338-46b6-8CD5-07F6CD4B734C}',NULL)       
INSERT INTO ToolOptionSet VALUES ('{241CC190-E0C8-49ab-9635-7E720E2CB55E}','67108864','{32C8D294-9955-4d0e-860C-F2BA5BE5C551}',NULL)       
INSERT INTO ToolOptionSet VALUES ('{241CC190-E0C8-49ab-9635-7E720E2CB55E}','67108864','{0C9898A7-D579-432d-807A-55370B7F7AA1}',NULL)       
INSERT INTO ToolOptionSet VALUES ('{241CC190-E0C8-49ab-9635-7E720E2CB55E}','67108864','{D05006A3-8AC3-42d6-ADE2-4E1262077F70}',NULL)       
INSERT INTO ToolOptionSet VALUES ('{241CC190-E0C8-49ab-9635-7E720E2CB55E}','67108864','{EE0232A4-58F2-4700-B7CD-79F9AD070F79}',NULL)       
INSERT INTO ToolOptionSet VALUES ('{241CC190-E0C8-49ab-9635-7E720E2CB55E}','67108864','{BB22EDCC-5E1E-4670-B98D-77876836DFFB}',NULL)       
INSERT INTO ToolOptionSet VALUES ('{241CC190-E0C8-49ab-9635-7E720E2CB55E}','67109120','{77F3446E-418E-4bb4-98AF-1F63FA2EFF00}',NULL)       
INSERT INTO ToolOptionSet VALUES ('{241CC190-E0C8-49ab-9635-7E720E2CB55E}','67109120','{0AB5795F-8338-46b6-8CD5-07F6CD4B734C}',NULL)       
INSERT INTO ToolOptionSet VALUES ('{241CC190-E0C8-49ab-9635-7E720E2CB55E}','67109120','{32B357B7-5C95-4631-A467-0FD6B48A6A47}',NULL)       
INSERT INTO ToolOptionSet VALUES ('{241CC190-E0C8-49ab-9635-7E720E2CB55E}','67109120','{516F2503-5AF2-4737-A0ED-887EB1AC2AE3}',NULL)       
INSERT INTO ToolOptionSet VALUES ('{241CC190-E0C8-49ab-9635-7E720E2CB55E}','67109120','{D05006A3-8AC3-42d6-ADE2-4E1262077F70}',NULL)       
INSERT INTO ToolOptionSet VALUES ('{241CC190-E0C8-49ab-9635-7E720E2CB55E}','67109120','{2D620FC7-DCCF-4f2b-8A87-FC75A6069167}',NULL)      

INSERT INTO ToolOptionSet VALUES ('{241CC190-E0C8-49ab-9635-7E720E2CB55E}','16777216','{E0CB7C7D-4715-42a3-86E4-92A57A3FA214}',NULL)        
INSERT INTO ToolOptionSet VALUES ('{241CC190-E0C8-49ab-9635-7E720E2CB55E}','16777232','{E0CB7C7D-4715-42a3-86E4-92A57A3FA214}',NULL)        
INSERT INTO ToolOptionSet VALUES ('{241CC190-E0C8-49ab-9635-7E720E2CB55E}','16777472','{E0CB7C7D-4715-42a3-86E4-92A57A3FA214}',NULL)        
INSERT INTO ToolOptionSet VALUES ('{241CC190-E0C8-49ab-9635-7E720E2CB55E}','16777488','{E0CB7C7D-4715-42a3-86E4-92A57A3FA214}',NULL)        
INSERT INTO ToolOptionSet VALUES ('{241CC190-E0C8-49ab-9635-7E720E2CB55E}','33554432','{E0CB7C7D-4715-42a3-86E4-92A57A3FA214}',NULL)        
INSERT INTO ToolOptionSet VALUES ('{241CC190-E0C8-49ab-9635-7E720E2CB55E}','33554433','{E0CB7C7D-4715-42a3-86E4-92A57A3FA214}',NULL)        
INSERT INTO ToolOptionSet VALUES ('{241CC190-E0C8-49ab-9635-7E720E2CB55E}','33554434','{E0CB7C7D-4715-42a3-86E4-92A57A3FA214}',NULL)        
INSERT INTO ToolOptionSet VALUES ('{241CC190-E0C8-49ab-9635-7E720E2CB55E}','33554448','{E0CB7C7D-4715-42a3-86E4-92A57A3FA214}',NULL)        
INSERT INTO ToolOptionSet VALUES ('{241CC190-E0C8-49ab-9635-7E720E2CB55E}','33554688','{E0CB7C7D-4715-42a3-86E4-92A57A3FA214}',NULL)        
INSERT INTO ToolOptionSet VALUES ('{241CC190-E0C8-49ab-9635-7E720E2CB55E}','33554689','{E0CB7C7D-4715-42a3-86E4-92A57A3FA214}',NULL)        
INSERT INTO ToolOptionSet VALUES ('{241CC190-E0C8-49ab-9635-7E720E2CB55E}','33554704','{E0CB7C7D-4715-42a3-86E4-92A57A3FA214}',NULL)        
INSERT INTO ToolOptionSet VALUES ('{241CC190-E0C8-49ab-9635-7E720E2CB55E}','33558544','{E0CB7C7D-4715-42a3-86E4-92A57A3FA214}',NULL)        
INSERT INTO ToolOptionSet VALUES ('{241CC190-E0C8-49ab-9635-7E720E2CB55E}','33558800','{E0CB7C7D-4715-42a3-86E4-92A57A3FA214}',NULL)        
INSERT INTO ToolOptionSet VALUES ('{241CC190-E0C8-49ab-9635-7E720E2CB55E}','50331648','{E0CB7C7D-4715-42a3-86E4-92A57A3FA214}',NULL)        
INSERT INTO ToolOptionSet VALUES ('{241CC190-E0C8-49ab-9635-7E720E2CB55E}','50331904','{E0CB7C7D-4715-42a3-86E4-92A57A3FA214}',NULL)        
INSERT INTO ToolOptionSet VALUES ('{241CC190-E0C8-49ab-9635-7E720E2CB55E}','67108864','{E0CB7C7D-4715-42a3-86E4-92A57A3FA214}',NULL)        
INSERT INTO ToolOptionSet VALUES ('{241CC190-E0C8-49ab-9635-7E720E2CB55E}','67109120','{E0CB7C7D-4715-42a3-86E4-92A57A3FA214}',NULL)        
				// WARNING_LEVEL
INSERT INTO ToolOptionSet VALUES ('{241CC190-E0C8-49ab-9635-7E720E2CB55E}','16777216','{208877C5-7791-4a04-AA57-C611DDF8C5D2}',NULL)        
INSERT INTO ToolOptionSet VALUES ('{241CC190-E0C8-49ab-9635-7E720E2CB55E}','16777232','{208877C5-7791-4a04-AA57-C611DDF8C5D2}',NULL)        
INSERT INTO ToolOptionSet VALUES ('{241CC190-E0C8-49ab-9635-7E720E2CB55E}','16777472','{208877C5-7791-4a04-AA57-C611DDF8C5D2}',NULL)        
INSERT INTO ToolOptionSet VALUES ('{241CC190-E0C8-49ab-9635-7E720E2CB55E}','16777488','{208877C5-7791-4a04-AA57-C611DDF8C5D2}',NULL)        
INSERT INTO ToolOptionSet VALUES ('{241CC190-E0C8-49ab-9635-7E720E2CB55E}','33554432','{208877C5-7791-4a04-AA57-C611DDF8C5D2}',NULL)        
INSERT INTO ToolOptionSet VALUES ('{241CC190-E0C8-49ab-9635-7E720E2CB55E}','33554433','{208877C5-7791-4a04-AA57-C611DDF8C5D2}',NULL)        
INSERT INTO ToolOptionSet VALUES ('{241CC190-E0C8-49ab-9635-7E720E2CB55E}','33554434','{208877C5-7791-4a04-AA57-C611DDF8C5D2}',NULL)        
INSERT INTO ToolOptionSet VALUES ('{241CC190-E0C8-49ab-9635-7E720E2CB55E}','33554448','{208877C5-7791-4a04-AA57-C611DDF8C5D2}',NULL)        
INSERT INTO ToolOptionSet VALUES ('{241CC190-E0C8-49ab-9635-7E720E2CB55E}','33554688','{208877C5-7791-4a04-AA57-C611DDF8C5D2}',NULL)        
INSERT INTO ToolOptionSet VALUES ('{241CC190-E0C8-49ab-9635-7E720E2CB55E}','33554689','{208877C5-7791-4a04-AA57-C611DDF8C5D2}',NULL)        
INSERT INTO ToolOptionSet VALUES ('{241CC190-E0C8-49ab-9635-7E720E2CB55E}','33554704','{208877C5-7791-4a04-AA57-C611DDF8C5D2}',NULL)        
INSERT INTO ToolOptionSet VALUES ('{241CC190-E0C8-49ab-9635-7E720E2CB55E}','33558544','{208877C5-7791-4a04-AA57-C611DDF8C5D2}',NULL)        
INSERT INTO ToolOptionSet VALUES ('{241CC190-E0C8-49ab-9635-7E720E2CB55E}','33558800','{208877C5-7791-4a04-AA57-C611DDF8C5D2}',NULL)        
INSERT INTO ToolOptionSet VALUES ('{241CC190-E0C8-49ab-9635-7E720E2CB55E}','50331648','{208877C5-7791-4a04-AA57-C611DDF8C5D2}',NULL)        
INSERT INTO ToolOptionSet VALUES ('{241CC190-E0C8-49ab-9635-7E720E2CB55E}','50331904','{208877C5-7791-4a04-AA57-C611DDF8C5D2}',NULL)        
INSERT INTO ToolOptionSet VALUES ('{241CC190-E0C8-49ab-9635-7E720E2CB55E}','67108864','{208877C5-7791-4a04-AA57-C611DDF8C5D2}',NULL)        
INSERT INTO ToolOptionSet VALUES ('{241CC190-E0C8-49ab-9635-7E720E2CB55E}','67109120','{208877C5-7791-4a04-AA57-C611DDF8C5D2}',NULL)        


// LINK MIPSIV_FP
INSERT INTO ToolOptionSet VALUES ('{241CC191-E0C8-49ab-9635-7E720E2CB55E}','16777216','{E223499D-A194-4f2f-9AB9-60077F16D50D}',NULL)       
INSERT INTO ToolOptionSet VALUES ('{241CC191-E0C8-49ab-9635-7E720E2CB55E}','16777216','{8E81B529-0C45-482a-8DA0-04B16EBA26D9}',NULL)       
INSERT INTO ToolOptionSet VALUES ('{241CC191-E0C8-49ab-9635-7E720E2CB55E}','16777216','{71B5AB5D-029C-48fa-AA38-D4D41FC63A5A}',NULL)       
INSERT INTO ToolOptionSet VALUES ('{241CC191-E0C8-49ab-9635-7E720E2CB55E}','16777216','{0D5ABD5B-6B77-48aa-A9BA-5CF1FB82DFF1}',NULL)       
INSERT INTO ToolOptionSet VALUES ('{241CC191-E0C8-49ab-9635-7E720E2CB55E}','16777216','{81720055-0100-445b-B566-1885BB41E0F1}',NULL)       
INSERT INTO ToolOptionSet VALUES ('{241CC191-E0C8-49ab-9635-7E720E2CB55E}','16777216','{5CEE5BC2-F426-4e6f-A4E2-166583706288}',NULL)       
INSERT INTO ToolOptionSet VALUES ('{241CC191-E0C8-49ab-9635-7E720E2CB55E}','16777216','{11B61486-58D0-4cb1-8ABB-E79EA88BEB82}',NULL)      
INSERT INTO ToolOptionSet VALUES ('{241CC191-E0C8-49ab-9635-7E720E2CB55E}','16777232','{952981E5-DBC0-4de0-A660-59FC585C310F}',NULL)       
INSERT INTO ToolOptionSet VALUES ('{241CC191-E0C8-49ab-9635-7E720E2CB55E}','16777232','{729E8B33-3976-4a6c-8562-3F9EBF192B69}',NULL)       
INSERT INTO ToolOptionSet VALUES ('{241CC191-E0C8-49ab-9635-7E720E2CB55E}','16777232','{0D5ABD5B-6B77-48aa-A9BA-5CF1FB82DFF1}',NULL)       
INSERT INTO ToolOptionSet VALUES ('{241CC191-E0C8-49ab-9635-7E720E2CB55E}','16777232','{81720055-0100-445b-B566-1885BB41E0F1}',NULL)       
INSERT INTO ToolOptionSet VALUES ('{241CC191-E0C8-49ab-9635-7E720E2CB55E}','16777232','{5CEE5BC2-F426-4e6f-A4E2-166583706288}',NULL)       
INSERT INTO ToolOptionSet VALUES ('{241CC191-E0C8-49ab-9635-7E720E2CB55E}','16777232','{11B61486-58D0-4cb1-8ABB-E79EA88BEB82}',NULL)      
INSERT INTO ToolOptionSet VALUES ('{241CC191-E0C8-49ab-9635-7E720E2CB55E}','16777472','{E223499D-A194-4f2f-9AB9-60077F16D50D}',NULL)       
INSERT INTO ToolOptionSet VALUES ('{241CC191-E0C8-49ab-9635-7E720E2CB55E}','16777472','{49AC2779-0CB7-4154-8DCE-87E4A8DC7460}',NULL)       
INSERT INTO ToolOptionSet VALUES ('{241CC191-E0C8-49ab-9635-7E720E2CB55E}','16777472','{D50C1FF5-B8C0-46dd-B286-D28EEFC2691D}',NULL)       
INSERT INTO ToolOptionSet VALUES ('{241CC191-E0C8-49ab-9635-7E720E2CB55E}','16777472','{115D25A0-7DC5-41a7-8F47-CD837BAAD725}',NULL)       
INSERT INTO ToolOptionSet VALUES ('{241CC191-E0C8-49ab-9635-7E720E2CB55E}','16777472','{0D5ABD5B-6B77-48aa-A9BA-5CF1FB82DFF1}',NULL)       
INSERT INTO ToolOptionSet VALUES ('{241CC191-E0C8-49ab-9635-7E720E2CB55E}','16777472','{81720055-0100-445b-B566-1885BB41E0F1}',NULL)       
INSERT INTO ToolOptionSet VALUES ('{241CC191-E0C8-49ab-9635-7E720E2CB55E}','16777472','{5CEE5BC2-F426-4e6f-A4E2-166583706288}',NULL)       
INSERT INTO ToolOptionSet VALUES ('{241CC191-E0C8-49ab-9635-7E720E2CB55E}','16777472','{F6B6CCF3-9F71-4a84-8B80-EF3D80E3E41E}',NULL)      
INSERT INTO ToolOptionSet VALUES ('{241CC191-E0C8-49ab-9635-7E720E2CB55E}','16777488','{12398156-6412-497b-BD59-79B8CD0D5E9B}',NULL)       
INSERT INTO ToolOptionSet VALUES ('{241CC191-E0C8-49ab-9635-7E720E2CB55E}','16777488','{952981E5-DBC0-4de0-A660-59FC585C310F}',NULL)       
INSERT INTO ToolOptionSet VALUES ('{241CC191-E0C8-49ab-9635-7E720E2CB55E}','16777488','{0D5ABD5B-6B77-48aa-A9BA-5CF1FB82DFF1}',NULL)       
INSERT INTO ToolOptionSet VALUES ('{241CC191-E0C8-49ab-9635-7E720E2CB55E}','16777488','{81720055-0100-445b-B566-1885BB41E0F1}',NULL)       
INSERT INTO ToolOptionSet VALUES ('{241CC191-E0C8-49ab-9635-7E720E2CB55E}','16777488','{5CEE5BC2-F426-4e6f-A4E2-166583706288}',NULL)       
INSERT INTO ToolOptionSet VALUES ('{241CC191-E0C8-49ab-9635-7E720E2CB55E}','16777488','{F6B6CCF3-9F71-4a84-8B80-EF3D80E3E41E}',NULL)      
INSERT INTO ToolOptionSet VALUES ('{241CC191-E0C8-49ab-9635-7E720E2CB55E}','33554432','{E223499D-A194-4f2f-9AB9-60077F16D50D}',NULL)       
INSERT INTO ToolOptionSet VALUES ('{241CC191-E0C8-49ab-9635-7E720E2CB55E}','33554432','{71B5AB5D-029C-48fa-AA38-D4D41FC63A5A}',NULL)       
INSERT INTO ToolOptionSet VALUES ('{241CC191-E0C8-49ab-9635-7E720E2CB55E}','33554432','{FFDD6508-0597-4fe0-99C7-43518AD02EDF}',NULL)       
INSERT INTO ToolOptionSet VALUES ('{241CC191-E0C8-49ab-9635-7E720E2CB55E}','33554432','{BAEC0946-5620-439b-860F-893648D54BDE}',NULL)       
INSERT INTO ToolOptionSet VALUES ('{241CC191-E0C8-49ab-9635-7E720E2CB55E}','33554432','{81720055-0100-445b-B566-1885BB41E0F1}',NULL)       
INSERT INTO ToolOptionSet VALUES ('{241CC191-E0C8-49ab-9635-7E720E2CB55E}','33554432','{5CEE5BC2-F426-4e6f-A4E2-166583706288}',NULL)       
INSERT INTO ToolOptionSet VALUES ('{241CC191-E0C8-49ab-9635-7E720E2CB55E}','33554432','{11B61486-58D0-4cb1-8ABB-E79EA88BEB82}',NULL)      
INSERT INTO ToolOptionSet VALUES ('{241CC191-E0C8-49ab-9635-7E720E2CB55E}','33554433','{FFDD6508-0597-4fe0-99C7-43518AD02EDF}',NULL)       
INSERT INTO ToolOptionSet VALUES ('{241CC191-E0C8-49ab-9635-7E720E2CB55E}','33554433','{DAD57835-CE45-41a7-8F53-E33E052FE317}',NULL)       
INSERT INTO ToolOptionSet VALUES ('{241CC191-E0C8-49ab-9635-7E720E2CB55E}','33554433','{BAEC0946-5620-439b-860F-893648D54BDE}',NULL)       
INSERT INTO ToolOptionSet VALUES ('{241CC191-E0C8-49ab-9635-7E720E2CB55E}','33554433','{81720055-0100-445b-B566-1885BB41E0F1}',NULL)       
INSERT INTO ToolOptionSet VALUES ('{241CC191-E0C8-49ab-9635-7E720E2CB55E}','33554433','{5CEE5BC2-F426-4e6f-A4E2-166583706288}',NULL)       
INSERT INTO ToolOptionSet VALUES ('{241CC191-E0C8-49ab-9635-7E720E2CB55E}','33554433','{11B61486-58D0-4cb1-8ABB-E79EA88BEB82}',NULL)      
INSERT INTO ToolOptionSet VALUES ('{241CC191-E0C8-49ab-9635-7E720E2CB55E}','33554434','{FFDD6508-0597-4fe0-99C7-43518AD02EDF}',NULL)       
INSERT INTO ToolOptionSet VALUES ('{241CC191-E0C8-49ab-9635-7E720E2CB55E}','33554434','{DAD57835-CE45-41a7-8F53-E33E052FE317}',NULL)       
INSERT INTO ToolOptionSet VALUES ('{241CC191-E0C8-49ab-9635-7E720E2CB55E}','33554434','{BAEC0946-5620-439b-860F-893648D54BDE}',NULL)       
INSERT INTO ToolOptionSet VALUES ('{241CC191-E0C8-49ab-9635-7E720E2CB55E}','33554434','{81720055-0100-445b-B566-1885BB41E0F1}',NULL)       
INSERT INTO ToolOptionSet VALUES ('{241CC191-E0C8-49ab-9635-7E720E2CB55E}','33554434','{5CEE5BC2-F426-4e6f-A4E2-166583706288}',NULL)       
INSERT INTO ToolOptionSet VALUES ('{241CC191-E0C8-49ab-9635-7E720E2CB55E}','33554434','{11B61486-58D0-4cb1-8ABB-E79EA88BEB82}',NULL) 
	// ATL EXE Release MinSize Settings
INSERT INTO ToolOptionSet VALUES ('{241CC191-E0C8-49ab-9635-7E720E2CB55E}','16777217','{11B61486-58D0-4cb1-8ABB-E79EA88BEB82}',NULL)       
INSERT INTO ToolOptionSet VALUES ('{241CC191-E0C8-49ab-9635-7E720E2CB55E}','16777217','{5CEE5BC2-F426-4e6f-A4E2-166583706288}',NULL)       
INSERT INTO ToolOptionSet VALUES ('{241CC191-E0C8-49ab-9635-7E720E2CB55E}','16777217','{81720055-0100-445b-B566-1885BB41E0F1}',NULL)       
INSERT INTO ToolOptionSet VALUES ('{241CC191-E0C8-49ab-9635-7E720E2CB55E}','16777217','{0D5ABD5B-6B77-48aa-A9BA-5CF1FB82DFF1}',NULL)       
INSERT INTO ToolOptionSet VALUES ('{241CC191-E0C8-49ab-9635-7E720E2CB55E}','16777217','{DAD57835-CE45-41a7-8F53-E33E052FE317}',NULL)       
INSERT INTO ToolOptionSet VALUES ('{241CC191-E0C8-49ab-9635-7E720E2CB55E}','16777217','{8E81B529-0C45-482a-8DA0-04B16EBA26D9}',NULL)      
	// ATL EXE Release MinDep Settings                                   
INSERT INTO ToolOptionSet VALUES ('{241CC191-E0C8-49ab-9635-7E720E2CB55E}','16777218','{11B61486-58D0-4cb1-8ABB-E79EA88BEB82}',NULL)       
INSERT INTO ToolOptionSet VALUES ('{241CC191-E0C8-49ab-9635-7E720E2CB55E}','16777218','{5CEE5BC2-F426-4e6f-A4E2-166583706288}',NULL)       
INSERT INTO ToolOptionSet VALUES ('{241CC191-E0C8-49ab-9635-7E720E2CB55E}','16777218','{81720055-0100-445b-B566-1885BB41E0F1}',NULL)       
INSERT INTO ToolOptionSet VALUES ('{241CC191-E0C8-49ab-9635-7E720E2CB55E}','16777218','{0D5ABD5B-6B77-48aa-A9BA-5CF1FB82DFF1}',NULL)       
INSERT INTO ToolOptionSet VALUES ('{241CC191-E0C8-49ab-9635-7E720E2CB55E}','16777218','{DAD57835-CE45-41a7-8F53-E33E052FE317}',NULL)       
INSERT INTO ToolOptionSet VALUES ('{241CC191-E0C8-49ab-9635-7E720E2CB55E}','16777218','{8E81B529-0C45-482a-8DA0-04B16EBA26D9}',NULL) 	
     
INSERT INTO ToolOptionSet VALUES ('{241CC191-E0C8-49ab-9635-7E720E2CB55E}','33554448','{FFDD6508-0597-4fe0-99C7-43518AD02EDF}',NULL)       
INSERT INTO ToolOptionSet VALUES ('{241CC191-E0C8-49ab-9635-7E720E2CB55E}','33554448','{DAD57835-CE45-41a7-8F53-E33E052FE317}',NULL)       
INSERT INTO ToolOptionSet VALUES ('{241CC191-E0C8-49ab-9635-7E720E2CB55E}','33554448','{BAEC0946-5620-439b-860F-893648D54BDE}',NULL)       
INSERT INTO ToolOptionSet VALUES ('{241CC191-E0C8-49ab-9635-7E720E2CB55E}','33554448','{81720055-0100-445b-B566-1885BB41E0F1}',NULL)       
INSERT INTO ToolOptionSet VALUES ('{241CC191-E0C8-49ab-9635-7E720E2CB55E}','33554448','{5CEE5BC2-F426-4e6f-A4E2-166583706288}',NULL)       
INSERT INTO ToolOptionSet VALUES ('{241CC191-E0C8-49ab-9635-7E720E2CB55E}','33554448','{11B61486-58D0-4cb1-8ABB-E79EA88BEB82}',NULL)      
INSERT INTO ToolOptionSet VALUES ('{241CC191-E0C8-49ab-9635-7E720E2CB55E}','33554688','{E223499D-A194-4f2f-9AB9-60077F16D50D}',NULL)       
INSERT INTO ToolOptionSet VALUES ('{241CC191-E0C8-49ab-9635-7E720E2CB55E}','33554688','{49AC2779-0CB7-4154-8DCE-87E4A8DC7460}',NULL)       
INSERT INTO ToolOptionSet VALUES ('{241CC191-E0C8-49ab-9635-7E720E2CB55E}','33554688','{115D25A0-7DC5-41a7-8F47-CD837BAAD725}',NULL)       
INSERT INTO ToolOptionSet VALUES ('{241CC191-E0C8-49ab-9635-7E720E2CB55E}','33554688','{3FCB2225-6A97-4cba-938C-062A64E91B7A}',NULL)       
INSERT INTO ToolOptionSet VALUES ('{241CC191-E0C8-49ab-9635-7E720E2CB55E}','33554688','{BAEC0946-5620-439b-860F-893648D54BDE}',NULL)       
INSERT INTO ToolOptionSet VALUES ('{241CC191-E0C8-49ab-9635-7E720E2CB55E}','33554688','{81720055-0100-445b-B566-1885BB41E0F1}',NULL)       
INSERT INTO ToolOptionSet VALUES ('{241CC191-E0C8-49ab-9635-7E720E2CB55E}','33554688','{5CEE5BC2-F426-4e6f-A4E2-166583706288}',NULL)       
INSERT INTO ToolOptionSet VALUES ('{241CC191-E0C8-49ab-9635-7E720E2CB55E}','33554688','{F6B6CCF3-9F71-4a84-8B80-EF3D80E3E41E}',NULL)      
INSERT INTO ToolOptionSet VALUES ('{241CC191-E0C8-49ab-9635-7E720E2CB55E}','33554689','{3FCB2225-6A97-4cba-938C-062A64E91B7A}',NULL)       
INSERT INTO ToolOptionSet VALUES ('{241CC191-E0C8-49ab-9635-7E720E2CB55E}','33554689','{A473C6F6-013F-4d21-8670-0DBC5D995477}',NULL)       
INSERT INTO ToolOptionSet VALUES ('{241CC191-E0C8-49ab-9635-7E720E2CB55E}','33554689','{DAD57835-CE45-41a7-8F53-E33E052FE317}',NULL)       
INSERT INTO ToolOptionSet VALUES ('{241CC191-E0C8-49ab-9635-7E720E2CB55E}','33554689','{BAEC0946-5620-439b-860F-893648D54BDE}',NULL)       
INSERT INTO ToolOptionSet VALUES ('{241CC191-E0C8-49ab-9635-7E720E2CB55E}','33554689','{81720055-0100-445b-B566-1885BB41E0F1}',NULL)       
INSERT INTO ToolOptionSet VALUES ('{241CC191-E0C8-49ab-9635-7E720E2CB55E}','33554689','{5CEE5BC2-F426-4e6f-A4E2-166583706288}',NULL)       
INSERT INTO ToolOptionSet VALUES ('{241CC191-E0C8-49ab-9635-7E720E2CB55E}','33554689','{F6B6CCF3-9F71-4a84-8B80-EF3D80E3E41E}',NULL) 
	// ATL EXE Debug Settings	
INSERT INTO ToolOptionSet VALUES ('{241CC191-E0C8-49ab-9635-7E720E2CB55E}','16777473','{D50C1FF5-B8C0-46dd-B286-D28EEFC2691D}',NULL)       
INSERT INTO ToolOptionSet VALUES ('{241CC191-E0C8-49ab-9635-7E720E2CB55E}','16777473','{A473C6F6-013F-4d21-8670-0DBC5D995477}',NULL)       
INSERT INTO ToolOptionSet VALUES ('{241CC191-E0C8-49ab-9635-7E720E2CB55E}','16777473','{5CEE5BC2-F426-4e6f-A4E2-166583706288}',NULL)       
INSERT INTO ToolOptionSet VALUES ('{241CC191-E0C8-49ab-9635-7E720E2CB55E}','16777473','{81720055-0100-445b-B566-1885BB41E0F1}',NULL)       
INSERT INTO ToolOptionSet VALUES ('{241CC191-E0C8-49ab-9635-7E720E2CB55E}','16777473','{0D5ABD5B-6B77-48aa-A9BA-5CF1FB82DFF1}',NULL)       
INSERT INTO ToolOptionSet VALUES ('{241CC191-E0C8-49ab-9635-7E720E2CB55E}','16777473','{DAD57835-CE45-41a7-8F53-E33E052FE317}',NULL)       
INSERT INTO ToolOptionSet VALUES ('{241CC191-E0C8-49ab-9635-7E720E2CB55E}','16777473','{F6B6CCF3-9F71-4a84-8B80-EF3D80E3E41E}',NULL)      
     
INSERT INTO ToolOptionSet VALUES ('{241CC191-E0C8-49ab-9635-7E720E2CB55E}','33554704','{3FCB2225-6A97-4cba-938C-062A64E91B7A}',NULL)       
INSERT INTO ToolOptionSet VALUES ('{241CC191-E0C8-49ab-9635-7E720E2CB55E}','33554704','{A473C6F6-013F-4d21-8670-0DBC5D995477}',NULL)       
INSERT INTO ToolOptionSet VALUES ('{241CC191-E0C8-49ab-9635-7E720E2CB55E}','33554704','{DAD57835-CE45-41a7-8F53-E33E052FE317}',NULL)       
INSERT INTO ToolOptionSet VALUES ('{241CC191-E0C8-49ab-9635-7E720E2CB55E}','33554704','{BAEC0946-5620-439b-860F-893648D54BDE}',NULL)       
INSERT INTO ToolOptionSet VALUES ('{241CC191-E0C8-49ab-9635-7E720E2CB55E}','33554704','{81720055-0100-445b-B566-1885BB41E0F1}',NULL)       
INSERT INTO ToolOptionSet VALUES ('{241CC191-E0C8-49ab-9635-7E720E2CB55E}','33554704','{5CEE5BC2-F426-4e6f-A4E2-166583706288}',NULL)       
INSERT INTO ToolOptionSet VALUES ('{241CC191-E0C8-49ab-9635-7E720E2CB55E}','33554704','{F6B6CCF3-9F71-4a84-8B80-EF3D80E3E41E}',NULL)      
INSERT INTO ToolOptionSet VALUES ('{241CC191-E0C8-49ab-9635-7E720E2CB55E}','33558544','{FFDD6508-0597-4fe0-99C7-43518AD02EDF}',NULL)       
INSERT INTO ToolOptionSet VALUES ('{241CC191-E0C8-49ab-9635-7E720E2CB55E}','33558544','{DAD57835-CE45-41a7-8F53-E33E052FE317}',NULL)       
INSERT INTO ToolOptionSet VALUES ('{241CC191-E0C8-49ab-9635-7E720E2CB55E}','33558544','{BAEC0946-5620-439b-860F-893648D54BDE}',NULL)       
INSERT INTO ToolOptionSet VALUES ('{241CC191-E0C8-49ab-9635-7E720E2CB55E}','33558544','{81720055-0100-445b-B566-1885BB41E0F1}',NULL)       
INSERT INTO ToolOptionSet VALUES ('{241CC191-E0C8-49ab-9635-7E720E2CB55E}','33558544','{5CEE5BC2-F426-4e6f-A4E2-166583706288}',NULL)       
INSERT INTO ToolOptionSet VALUES ('{241CC191-E0C8-49ab-9635-7E720E2CB55E}','33558544','{11B61486-58D0-4cb1-8ABB-E79EA88BEB82}',NULL)      
INSERT INTO ToolOptionSet VALUES ('{241CC191-E0C8-49ab-9635-7E720E2CB55E}','33558800','{3FCB2225-6A97-4cba-938C-062A64E91B7A}',NULL)       
INSERT INTO ToolOptionSet VALUES ('{241CC191-E0C8-49ab-9635-7E720E2CB55E}','33558800','{A473C6F6-013F-4d21-8670-0DBC5D995477}',NULL)       
INSERT INTO ToolOptionSet VALUES ('{241CC191-E0C8-49ab-9635-7E720E2CB55E}','33558800','{DAD57835-CE45-41a7-8F53-E33E052FE317}',NULL)       
INSERT INTO ToolOptionSet VALUES ('{241CC191-E0C8-49ab-9635-7E720E2CB55E}','33558800','{BAEC0946-5620-439b-860F-893648D54BDE}',NULL)       
INSERT INTO ToolOptionSet VALUES ('{241CC191-E0C8-49ab-9635-7E720E2CB55E}','33558800','{81720055-0100-445b-B566-1885BB41E0F1}',NULL)       
INSERT INTO ToolOptionSet VALUES ('{241CC191-E0C8-49ab-9635-7E720E2CB55E}','33558800','{5CEE5BC2-F426-4e6f-A4E2-166583706288}',NULL)       
INSERT INTO ToolOptionSet VALUES ('{241CC191-E0C8-49ab-9635-7E720E2CB55E}','33558800','{F6B6CCF3-9F71-4a84-8B80-EF3D80E3E41E}',NULL)      
INSERT INTO ToolOptionSet VALUES ('{241CC191-E0C8-49ab-9635-7E720E2CB55E}','50331648','{E223499D-A194-4f2f-9AB9-60077F16D50D}',NULL)       
INSERT INTO ToolOptionSet VALUES ('{241CC191-E0C8-49ab-9635-7E720E2CB55E}','50331648','{C5FEF9E6-802D-489f-89A0-4604EBD24E6A}',NULL)       
INSERT INTO ToolOptionSet VALUES ('{241CC191-E0C8-49ab-9635-7E720E2CB55E}','50331648','{07B8D754-B8B8-4c8e-B5E7-DAA59252E8A9}',NULL)       
INSERT INTO ToolOptionSet VALUES ('{241CC191-E0C8-49ab-9635-7E720E2CB55E}','50331648','{0D5ABD5B-6B77-48aa-A9BA-5CF1FB82DFF1}',NULL)       
INSERT INTO ToolOptionSet VALUES ('{241CC191-E0C8-49ab-9635-7E720E2CB55E}','50331648','{81720055-0100-445b-B566-1885BB41E0F1}',NULL)       
INSERT INTO ToolOptionSet VALUES ('{241CC191-E0C8-49ab-9635-7E720E2CB55E}','50331648','{5CEE5BC2-F426-4e6f-A4E2-166583706288}',NULL)       
INSERT INTO ToolOptionSet VALUES ('{241CC191-E0C8-49ab-9635-7E720E2CB55E}','50331648','{11B61486-58D0-4cb1-8ABB-E79EA88BEB82}',NULL)      
INSERT INTO ToolOptionSet VALUES ('{241CC191-E0C8-49ab-9635-7E720E2CB55E}','50331904','{E223499D-A194-4f2f-9AB9-60077F16D50D}',NULL)       
INSERT INTO ToolOptionSet VALUES ('{241CC191-E0C8-49ab-9635-7E720E2CB55E}','50331904','{49AC2779-0CB7-4154-8DCE-87E4A8DC7460}',NULL)       
INSERT INTO ToolOptionSet VALUES ('{241CC191-E0C8-49ab-9635-7E720E2CB55E}','50331904','{C5FEF9E6-802D-489f-89A0-4604EBD24E6A}',NULL)       
INSERT INTO ToolOptionSet VALUES ('{241CC191-E0C8-49ab-9635-7E720E2CB55E}','50331904','{CF5EBE30-3008-423f-8220-32805AB063B9}',NULL)       
INSERT INTO ToolOptionSet VALUES ('{241CC191-E0C8-49ab-9635-7E720E2CB55E}','50331904','{0D5ABD5B-6B77-48aa-A9BA-5CF1FB82DFF1}',NULL)       
INSERT INTO ToolOptionSet VALUES ('{241CC191-E0C8-49ab-9635-7E720E2CB55E}','50331904','{81720055-0100-445b-B566-1885BB41E0F1}',NULL)       
INSERT INTO ToolOptionSet VALUES ('{241CC191-E0C8-49ab-9635-7E720E2CB55E}','50331904','{5CEE5BC2-F426-4e6f-A4E2-166583706288}',NULL)       
INSERT INTO ToolOptionSet VALUES ('{241CC191-E0C8-49ab-9635-7E720E2CB55E}','50331904','{F6B6CCF3-9F71-4a84-8B80-EF3D80E3E41E}',NULL)      


// VCRC MIPSIV_FP
INSERT INTO ToolOptionSet VALUES ('{241CC192-E0C8-49ab-9635-7E720E2CB55E}','16777216','{99A9B1B6-A427-4f0b-ACC5-4334366DFA82}',NULL)       
INSERT INTO ToolOptionSet VALUES ('{241CC192-E0C8-49ab-9635-7E720E2CB55E}','16777232','{99A9B1B6-A427-4f0b-ACC5-4334366DFA82}',NULL)       
INSERT INTO ToolOptionSet VALUES ('{241CC192-E0C8-49ab-9635-7E720E2CB55E}','16777472','{99A9B1B6-A427-4f0b-ACC5-4334366DFA82}',NULL)       
INSERT INTO ToolOptionSet VALUES ('{241CC192-E0C8-49ab-9635-7E720E2CB55E}','16777488','{99A9B1B6-A427-4f0b-ACC5-4334366DFA82}',NULL)       
INSERT INTO ToolOptionSet VALUES ('{241CC192-E0C8-49ab-9635-7E720E2CB55E}','33554432','{99A9B1B6-A427-4f0b-ACC5-4334366DFA82}',NULL)       
INSERT INTO ToolOptionSet VALUES ('{241CC192-E0C8-49ab-9635-7E720E2CB55E}','33554433','{99A9B1B6-A427-4f0b-ACC5-4334366DFA82}',NULL)       
INSERT INTO ToolOptionSet VALUES ('{241CC192-E0C8-49ab-9635-7E720E2CB55E}','33554434','{99A9B1B6-A427-4f0b-ACC5-4334366DFA82}',NULL)       
INSERT INTO ToolOptionSet VALUES ('{241CC192-E0C8-49ab-9635-7E720E2CB55E}','33554448','{99A9B1B6-A427-4f0b-ACC5-4334366DFA82}',NULL)       
INSERT INTO ToolOptionSet VALUES ('{241CC192-E0C8-49ab-9635-7E720E2CB55E}','33554688','{99A9B1B6-A427-4f0b-ACC5-4334366DFA82}',NULL)       
INSERT INTO ToolOptionSet VALUES ('{241CC192-E0C8-49ab-9635-7E720E2CB55E}','33554689','{99A9B1B6-A427-4f0b-ACC5-4334366DFA82}',NULL)       
INSERT INTO ToolOptionSet VALUES ('{241CC192-E0C8-49ab-9635-7E720E2CB55E}','33554704','{99A9B1B6-A427-4f0b-ACC5-4334366DFA82}',NULL)       
INSERT INTO ToolOptionSet VALUES ('{241CC192-E0C8-49ab-9635-7E720E2CB55E}','33558544','{99A9B1B6-A427-4f0b-ACC5-4334366DFA82}',NULL)       
INSERT INTO ToolOptionSet VALUES ('{241CC192-E0C8-49ab-9635-7E720E2CB55E}','33558800','{99A9B1B6-A427-4f0b-ACC5-4334366DFA82}',NULL)       
INSERT INTO ToolOptionSet VALUES ('{241CC192-E0C8-49ab-9635-7E720E2CB55E}','50331904','{99A9B1B6-A427-4f0b-ACC5-4334366DFA82}',NULL)       

                // Define UNICODE
INSERT INTO ToolOptionSet VALUES ('{241CC192-E0C8-49ab-9635-7E720E2CB55E}','16777216','{D9E84A62-03DF-49e1-9A5E-E8C626FB231C}',NULL)        
INSERT INTO ToolOptionSet VALUES ('{241CC192-E0C8-49ab-9635-7E720E2CB55E}','16777232','{D9E84A62-03DF-49e1-9A5E-E8C626FB231C}',NULL)        
INSERT INTO ToolOptionSet VALUES ('{241CC192-E0C8-49ab-9635-7E720E2CB55E}','16777472','{D9E84A62-03DF-49e1-9A5E-E8C626FB231C}',NULL)        
INSERT INTO ToolOptionSet VALUES ('{241CC192-E0C8-49ab-9635-7E720E2CB55E}','16777488','{D9E84A62-03DF-49e1-9A5E-E8C626FB231C}',NULL)        
INSERT INTO ToolOptionSet VALUES ('{241CC192-E0C8-49ab-9635-7E720E2CB55E}','33554432','{D9E84A62-03DF-49e1-9A5E-E8C626FB231C}',NULL)        
INSERT INTO ToolOptionSet VALUES ('{241CC192-E0C8-49ab-9635-7E720E2CB55E}','33554433','{D9E84A62-03DF-49e1-9A5E-E8C626FB231C}',NULL)        
INSERT INTO ToolOptionSet VALUES ('{241CC192-E0C8-49ab-9635-7E720E2CB55E}','33554434','{D9E84A62-03DF-49e1-9A5E-E8C626FB231C}',NULL)        
INSERT INTO ToolOptionSet VALUES ('{241CC192-E0C8-49ab-9635-7E720E2CB55E}','33554448','{D9E84A62-03DF-49e1-9A5E-E8C626FB231C}',NULL)        
INSERT INTO ToolOptionSet VALUES ('{241CC192-E0C8-49ab-9635-7E720E2CB55E}','33554688','{D9E84A62-03DF-49e1-9A5E-E8C626FB231C}',NULL)        
INSERT INTO ToolOptionSet VALUES ('{241CC192-E0C8-49ab-9635-7E720E2CB55E}','33554689','{D9E84A62-03DF-49e1-9A5E-E8C626FB231C}',NULL)        
INSERT INTO ToolOptionSet VALUES ('{241CC192-E0C8-49ab-9635-7E720E2CB55E}','33554704','{D9E84A62-03DF-49e1-9A5E-E8C626FB231C}',NULL)        
INSERT INTO ToolOptionSet VALUES ('{241CC192-E0C8-49ab-9635-7E720E2CB55E}','33558544','{D9E84A62-03DF-49e1-9A5E-E8C626FB231C}',NULL)        
INSERT INTO ToolOptionSet VALUES ('{241CC192-E0C8-49ab-9635-7E720E2CB55E}','33558800','{D9E84A62-03DF-49e1-9A5E-E8C626FB231C}',NULL)        
INSERT INTO ToolOptionSet VALUES ('{241CC192-E0C8-49ab-9635-7E720E2CB55E}','50331648','{D9E84A62-03DF-49e1-9A5E-E8C626FB231C}',NULL)        
INSERT INTO ToolOptionSet VALUES ('{241CC192-E0C8-49ab-9635-7E720E2CB55E}','50331904','{D9E84A62-03DF-49e1-9A5E-E8C626FB231C}',NULL)        
INSERT INTO ToolOptionSet VALUES ('{241CC192-E0C8-49ab-9635-7E720E2CB55E}','67108864','{D9E84A62-03DF-49e1-9A5E-E8C626FB231C}',NULL)        
INSERT INTO ToolOptionSet VALUES ('{241CC192-E0C8-49ab-9635-7E720E2CB55E}','67109120','{D9E84A62-03DF-49e1-9A5E-E8C626FB231C}',NULL)        

                // Define NDEBUG
INSERT INTO ToolOptionSet VALUES ('{241CC192-E0C8-49ab-9635-7E720E2CB55E}','50331648','{8E124BD7-01F5-4d60-85D4-E2414464F472}',NULL)       
INSERT INTO ToolOptionSet VALUES ('{241CC192-E0C8-49ab-9635-7E720E2CB55E}','33554433','{8E124BD7-01F5-4d60-85D4-E2414464F472}',NULL)       
INSERT INTO ToolOptionSet VALUES ('{241CC192-E0C8-49ab-9635-7E720E2CB55E}','33554434','{8E124BD7-01F5-4d60-85D4-E2414464F472}',NULL)       
INSERT INTO ToolOptionSet VALUES ('{241CC192-E0C8-49ab-9635-7E720E2CB55E}','16777216','{8E124BD7-01F5-4d60-85D4-E2414464F472}',NULL)       
INSERT INTO ToolOptionSet VALUES ('{241CC192-E0C8-49ab-9635-7E720E2CB55E}','16777232','{8E124BD7-01F5-4d60-85D4-E2414464F472}',NULL)       
INSERT INTO ToolOptionSet VALUES ('{241CC192-E0C8-49ab-9635-7E720E2CB55E}','33554432','{8E124BD7-01F5-4d60-85D4-E2414464F472}',NULL)       
INSERT INTO ToolOptionSet VALUES ('{241CC192-E0C8-49ab-9635-7E720E2CB55E}','33554448','{8E124BD7-01F5-4d60-85D4-E2414464F472}',NULL)       
INSERT INTO ToolOptionSet VALUES ('{241CC192-E0C8-49ab-9635-7E720E2CB55E}','33558544','{8E124BD7-01F5-4d60-85D4-E2414464F472}',NULL)       

                // Define DEBUG
INSERT INTO ToolOptionSet VALUES ('{241CC192-E0C8-49ab-9635-7E720E2CB55E}','16777472','{8146CB79-3577-4d86-9A11-467C8BE3D612}',NULL)       
INSERT INTO ToolOptionSet VALUES ('{241CC192-E0C8-49ab-9635-7E720E2CB55E}','16777488','{8146CB79-3577-4d86-9A11-467C8BE3D612}',NULL)       
INSERT INTO ToolOptionSet VALUES ('{241CC192-E0C8-49ab-9635-7E720E2CB55E}','33554688','{8146CB79-3577-4d86-9A11-467C8BE3D612}',NULL)       
INSERT INTO ToolOptionSet VALUES ('{241CC192-E0C8-49ab-9635-7E720E2CB55E}','33554689','{8146CB79-3577-4d86-9A11-467C8BE3D612}',NULL)       
INSERT INTO ToolOptionSet VALUES ('{241CC192-E0C8-49ab-9635-7E720E2CB55E}','33554704','{8146CB79-3577-4d86-9A11-467C8BE3D612}',NULL)       
INSERT INTO ToolOptionSet VALUES ('{241CC192-E0C8-49ab-9635-7E720E2CB55E}','33558800','{8146CB79-3577-4d86-9A11-467C8BE3D612}',NULL)       
INSERT INTO ToolOptionSet VALUES ('{241CC192-E0C8-49ab-9635-7E720E2CB55E}','50331904','{8146CB79-3577-4d86-9A11-467C8BE3D612}',NULL)       

				// $(CePlatform)
INSERT INTO ToolOptionSet VALUES ('{241CC192-E0C8-49ab-9635-7E720E2CB55E}','16777216','{EA9FC4B4-73FA-49b8-BF89-CE41D28FCD98}',NULL)        
INSERT INTO ToolOptionSet VALUES ('{241CC192-E0C8-49ab-9635-7E720E2CB55E}','16777232','{EA9FC4B4-73FA-49b8-BF89-CE41D28FCD98}',NULL)        
INSERT INTO ToolOptionSet VALUES ('{241CC192-E0C8-49ab-9635-7E720E2CB55E}','16777472','{EA9FC4B4-73FA-49b8-BF89-CE41D28FCD98}',NULL)        
INSERT INTO ToolOptionSet VALUES ('{241CC192-E0C8-49ab-9635-7E720E2CB55E}','16777488','{EA9FC4B4-73FA-49b8-BF89-CE41D28FCD98}',NULL)        
INSERT INTO ToolOptionSet VALUES ('{241CC192-E0C8-49ab-9635-7E720E2CB55E}','33554432','{EA9FC4B4-73FA-49b8-BF89-CE41D28FCD98}',NULL)        
INSERT INTO ToolOptionSet VALUES ('{241CC192-E0C8-49ab-9635-7E720E2CB55E}','33554433','{EA9FC4B4-73FA-49b8-BF89-CE41D28FCD98}',NULL)        
INSERT INTO ToolOptionSet VALUES ('{241CC192-E0C8-49ab-9635-7E720E2CB55E}','33554434','{EA9FC4B4-73FA-49b8-BF89-CE41D28FCD98}',NULL)        
INSERT INTO ToolOptionSet VALUES ('{241CC192-E0C8-49ab-9635-7E720E2CB55E}','33554448','{EA9FC4B4-73FA-49b8-BF89-CE41D28FCD98}',NULL)        
INSERT INTO ToolOptionSet VALUES ('{241CC192-E0C8-49ab-9635-7E720E2CB55E}','33554688','{EA9FC4B4-73FA-49b8-BF89-CE41D28FCD98}',NULL)        
INSERT INTO ToolOptionSet VALUES ('{241CC192-E0C8-49ab-9635-7E720E2CB55E}','33554689','{EA9FC4B4-73FA-49b8-BF89-CE41D28FCD98}',NULL)        
INSERT INTO ToolOptionSet VALUES ('{241CC192-E0C8-49ab-9635-7E720E2CB55E}','33554704','{EA9FC4B4-73FA-49b8-BF89-CE41D28FCD98}',NULL)        
INSERT INTO ToolOptionSet VALUES ('{241CC192-E0C8-49ab-9635-7E720E2CB55E}','33558544','{EA9FC4B4-73FA-49b8-BF89-CE41D28FCD98}',NULL)        
INSERT INTO ToolOptionSet VALUES ('{241CC192-E0C8-49ab-9635-7E720E2CB55E}','33558800','{EA9FC4B4-73FA-49b8-BF89-CE41D28FCD98}',NULL)        
INSERT INTO ToolOptionSet VALUES ('{241CC192-E0C8-49ab-9635-7E720E2CB55E}','50331648','{EA9FC4B4-73FA-49b8-BF89-CE41D28FCD98}',NULL)        
INSERT INTO ToolOptionSet VALUES ('{241CC192-E0C8-49ab-9635-7E720E2CB55E}','50331904','{EA9FC4B4-73FA-49b8-BF89-CE41D28FCD98}',NULL)        
INSERT INTO ToolOptionSet VALUES ('{241CC192-E0C8-49ab-9635-7E720E2CB55E}','67108864','{EA9FC4B4-73FA-49b8-BF89-CE41D28FCD98}',NULL)        
INSERT INTO ToolOptionSet VALUES ('{241CC192-E0C8-49ab-9635-7E720E2CB55E}','67109120','{EA9FC4B4-73FA-49b8-BF89-CE41D28FCD98}',NULL)        

				// Processor Define
INSERT INTO ToolOptionSet VALUES ('{241CC192-E0C8-49ab-9635-7E720E2CB55E}','16777216','{E56C8E0C-F07A-4181-9D6A-AB468A35D556}',NULL)        
INSERT INTO ToolOptionSet VALUES ('{241CC192-E0C8-49ab-9635-7E720E2CB55E}','16777232','{E56C8E0C-F07A-4181-9D6A-AB468A35D556}',NULL)        
INSERT INTO ToolOptionSet VALUES ('{241CC192-E0C8-49ab-9635-7E720E2CB55E}','16777472','{E56C8E0C-F07A-4181-9D6A-AB468A35D556}',NULL)        
INSERT INTO ToolOptionSet VALUES ('{241CC192-E0C8-49ab-9635-7E720E2CB55E}','16777488','{E56C8E0C-F07A-4181-9D6A-AB468A35D556}',NULL)        
INSERT INTO ToolOptionSet VALUES ('{241CC192-E0C8-49ab-9635-7E720E2CB55E}','33554432','{E56C8E0C-F07A-4181-9D6A-AB468A35D556}',NULL)        
INSERT INTO ToolOptionSet VALUES ('{241CC192-E0C8-49ab-9635-7E720E2CB55E}','33554433','{E56C8E0C-F07A-4181-9D6A-AB468A35D556}',NULL)        
INSERT INTO ToolOptionSet VALUES ('{241CC192-E0C8-49ab-9635-7E720E2CB55E}','33554434','{E56C8E0C-F07A-4181-9D6A-AB468A35D556}',NULL)        
INSERT INTO ToolOptionSet VALUES ('{241CC192-E0C8-49ab-9635-7E720E2CB55E}','33554448','{E56C8E0C-F07A-4181-9D6A-AB468A35D556}',NULL)        
INSERT INTO ToolOptionSet VALUES ('{241CC192-E0C8-49ab-9635-7E720E2CB55E}','33554688','{E56C8E0C-F07A-4181-9D6A-AB468A35D556}',NULL)        
INSERT INTO ToolOptionSet VALUES ('{241CC192-E0C8-49ab-9635-7E720E2CB55E}','33554689','{E56C8E0C-F07A-4181-9D6A-AB468A35D556}',NULL)        
INSERT INTO ToolOptionSet VALUES ('{241CC192-E0C8-49ab-9635-7E720E2CB55E}','33554704','{E56C8E0C-F07A-4181-9D6A-AB468A35D556}',NULL)        
INSERT INTO ToolOptionSet VALUES ('{241CC192-E0C8-49ab-9635-7E720E2CB55E}','33558544','{E56C8E0C-F07A-4181-9D6A-AB468A35D556}',NULL)        
INSERT INTO ToolOptionSet VALUES ('{241CC192-E0C8-49ab-9635-7E720E2CB55E}','33558800','{E56C8E0C-F07A-4181-9D6A-AB468A35D556}',NULL)        
INSERT INTO ToolOptionSet VALUES ('{241CC192-E0C8-49ab-9635-7E720E2CB55E}','50331648','{E56C8E0C-F07A-4181-9D6A-AB468A35D556}',NULL)        
INSERT INTO ToolOptionSet VALUES ('{241CC192-E0C8-49ab-9635-7E720E2CB55E}','50331904','{E56C8E0C-F07A-4181-9D6A-AB468A35D556}',NULL)        
INSERT INTO ToolOptionSet VALUES ('{241CC192-E0C8-49ab-9635-7E720E2CB55E}','67108864','{E56C8E0C-F07A-4181-9D6A-AB468A35D556}',NULL)        
INSERT INTO ToolOptionSet VALUES ('{241CC192-E0C8-49ab-9635-7E720E2CB55E}','67109120','{E56C8E0C-F07A-4181-9D6A-AB468A35D556}',NULL)        
	
	// ATL EXE Release MinSize Settings
INSERT INTO ToolOptionSet VALUES ('{241CC192-E0C8-49ab-9635-7E720E2CB55E}','16777217','{EA9FC4B4-73FA-49b8-BF89-CE41D28FCD98}',NULL)        	
INSERT INTO ToolOptionSet VALUES ('{241CC192-E0C8-49ab-9635-7E720E2CB55E}','16777217','{E56C8E0C-F07A-4181-9D6A-AB468A35D556}',NULL)        
INSERT INTO ToolOptionSet VALUES ('{241CC192-E0C8-49ab-9635-7E720E2CB55E}','16777217','{8E124BD7-01F5-4d60-85D4-E2414464F472}',NULL)       
INSERT INTO ToolOptionSet VALUES ('{241CC192-E0C8-49ab-9635-7E720E2CB55E}','16777217','{D9E84A62-03DF-49e1-9A5E-E8C626FB231C}',NULL)        
INSERT INTO ToolOptionSet VALUES ('{241CC192-E0C8-49ab-9635-7E720E2CB55E}','16777217','{99A9B1B6-A427-4f0b-ACC5-4334366DFA82}',NULL)       
	// ATL EXE Release MinDep Settings 
INSERT INTO ToolOptionSet VALUES ('{241CC192-E0C8-49ab-9635-7E720E2CB55E}','16777218','{EA9FC4B4-73FA-49b8-BF89-CE41D28FCD98}',NULL)        
INSERT INTO ToolOptionSet VALUES ('{241CC192-E0C8-49ab-9635-7E720E2CB55E}','16777218','{E56C8E0C-F07A-4181-9D6A-AB468A35D556}',NULL)       
INSERT INTO ToolOptionSet VALUES ('{241CC192-E0C8-49ab-9635-7E720E2CB55E}','16777218','{8E124BD7-01F5-4d60-85D4-E2414464F472}',NULL)        
INSERT INTO ToolOptionSet VALUES ('{241CC192-E0C8-49ab-9635-7E720E2CB55E}','16777218','{D9E84A62-03DF-49e1-9A5E-E8C626FB231C}',NULL)        
INSERT INTO ToolOptionSet VALUES ('{241CC192-E0C8-49ab-9635-7E720E2CB55E}','16777218','{99A9B1B6-A427-4f0b-ACC5-4334366DFA82}',NULL)       
	// ATL EXE Debug Settings
INSERT INTO ToolOptionSet VALUES ('{241CC192-E0C8-49ab-9635-7E720E2CB55E}','16777473','{EA9FC4B4-73FA-49b8-BF89-CE41D28FCD98}',NULL)        
INSERT INTO ToolOptionSet VALUES ('{241CC192-E0C8-49ab-9635-7E720E2CB55E}','16777473','{E56C8E0C-F07A-4181-9D6A-AB468A35D556}',NULL)        
INSERT INTO ToolOptionSet VALUES ('{241CC192-E0C8-49ab-9635-7E720E2CB55E}','16777473','{8146CB79-3577-4d86-9A11-467C8BE3D612}',NULL)       
INSERT INTO ToolOptionSet VALUES ('{241CC192-E0C8-49ab-9635-7E720E2CB55E}','16777473','{D9E84A62-03DF-49e1-9A5E-E8C626FB231C}',NULL)       
INSERT INTO ToolOptionSet VALUES ('{241CC192-E0C8-49ab-9635-7E720E2CB55E}','16777473','{99A9B1B6-A427-4f0b-ACC5-4334366DFA82}',NULL)       



// MIDL MIPSIV_FP
INSERT INTO ToolOptionSet VALUES ('{241CC193-E0C8-49ab-9635-7E720E2CB55E}','16777216','{5797B294-70F5-4906-ACC5-3CD1621DCD46}',NULL)       
INSERT INTO ToolOptionSet VALUES ('{241CC193-E0C8-49ab-9635-7E720E2CB55E}','16777232','{5797B294-70F5-4906-ACC5-3CD1621DCD46}',NULL)       
INSERT INTO ToolOptionSet VALUES ('{241CC193-E0C8-49ab-9635-7E720E2CB55E}','16777472','{5797B294-70F5-4906-ACC5-3CD1621DCD46}',NULL)       
INSERT INTO ToolOptionSet VALUES ('{241CC193-E0C8-49ab-9635-7E720E2CB55E}','16777488','{5797B294-70F5-4906-ACC5-3CD1621DCD46}',NULL)       
INSERT INTO ToolOptionSet VALUES ('{241CC193-E0C8-49ab-9635-7E720E2CB55E}','33554432','{5797B294-70F5-4906-ACC5-3CD1621DCD46}',NULL)       
INSERT INTO ToolOptionSet VALUES ('{241CC193-E0C8-49ab-9635-7E720E2CB55E}','33554433','{5797B294-70F5-4906-ACC5-3CD1621DCD46}',NULL)       
INSERT INTO ToolOptionSet VALUES ('{241CC193-E0C8-49ab-9635-7E720E2CB55E}','33554434','{5797B294-70F5-4906-ACC5-3CD1621DCD46}',NULL)       
	// ATL EXE Release MinSize Settings
INSERT INTO ToolOptionSet VALUES ('{241CC193-E0C8-49ab-9635-7E720E2CB55E}','16777217','{5797B294-70F5-4906-ACC5-3CD1621DCD46}',NULL)       
INSERT INTO ToolOptionSet VALUES ('{241CC193-E0C8-49ab-9635-7E720E2CB55E}','16777217','{84E9ED48-06AD-47f2-B7FD-47BA96821BAA}',NULL)       
	// ATL EXE Release MinDep Settings  
INSERT INTO ToolOptionSet VALUES ('{241CC193-E0C8-49ab-9635-7E720E2CB55E}','16777218','{5797B294-70F5-4906-ACC5-3CD1621DCD46}',NULL)       
INSERT INTO ToolOptionSet VALUES ('{241CC193-E0C8-49ab-9635-7E720E2CB55E}','16777218','{84E9ED48-06AD-47f2-B7FD-47BA96821BAA}',NULL)       

INSERT INTO ToolOptionSet VALUES ('{241CC193-E0C8-49ab-9635-7E720E2CB55E}','33554448','{5797B294-70F5-4906-ACC5-3CD1621DCD46}',NULL)       
INSERT INTO ToolOptionSet VALUES ('{241CC193-E0C8-49ab-9635-7E720E2CB55E}','33554688','{5797B294-70F5-4906-ACC5-3CD1621DCD46}',NULL)       
INSERT INTO ToolOptionSet VALUES ('{241CC193-E0C8-49ab-9635-7E720E2CB55E}','33554689','{5797B294-70F5-4906-ACC5-3CD1621DCD46}',NULL)       
	// ATL EXE Debug Settings	
INSERT INTO ToolOptionSet VALUES ('{241CC193-E0C8-49ab-9635-7E720E2CB55E}','16777473','{5797B294-70F5-4906-ACC5-3CD1621DCD46}',NULL)       
INSERT INTO ToolOptionSet VALUES ('{241CC193-E0C8-49ab-9635-7E720E2CB55E}','16777473','{D708FB3C-910F-4691-A859-4603CF6F990E}',NULL)       

INSERT INTO ToolOptionSet VALUES ('{241CC193-E0C8-49ab-9635-7E720E2CB55E}','33554704','{5797B294-70F5-4906-ACC5-3CD1621DCD46}',NULL)       
INSERT INTO ToolOptionSet VALUES ('{241CC193-E0C8-49ab-9635-7E720E2CB55E}','33558544','{5797B294-70F5-4906-ACC5-3CD1621DCD46}',NULL)       
INSERT INTO ToolOptionSet VALUES ('{241CC193-E0C8-49ab-9635-7E720E2CB55E}','33558800','{5797B294-70F5-4906-ACC5-3CD1621DCD46}',NULL)       
INSERT INTO ToolOptionSet VALUES ('{241CC193-E0C8-49ab-9635-7E720E2CB55E}','50331648','{5797B294-70F5-4906-ACC5-3CD1621DCD46}',NULL)       
INSERT INTO ToolOptionSet VALUES ('{241CC193-E0C8-49ab-9635-7E720E2CB55E}','50331904','{5797B294-70F5-4906-ACC5-3CD1621DCD46}',NULL)       

                // Define NDEBUG
INSERT INTO ToolOptionSet VALUES ('{241CC193-E0C8-49ab-9635-7E720E2CB55E}','16777216','{84E9ED48-06AD-47f2-B7FD-47BA96821BAA}',NULL)       
INSERT INTO ToolOptionSet VALUES ('{241CC193-E0C8-49ab-9635-7E720E2CB55E}','16777232','{84E9ED48-06AD-47f2-B7FD-47BA96821BAA}',NULL)       
INSERT INTO ToolOptionSet VALUES ('{241CC193-E0C8-49ab-9635-7E720E2CB55E}','33554432','{84E9ED48-06AD-47f2-B7FD-47BA96821BAA}',NULL)       
INSERT INTO ToolOptionSet VALUES ('{241CC193-E0C8-49ab-9635-7E720E2CB55E}','33554433','{84E9ED48-06AD-47f2-B7FD-47BA96821BAA}',NULL)       
INSERT INTO ToolOptionSet VALUES ('{241CC193-E0C8-49ab-9635-7E720E2CB55E}','33554434','{84E9ED48-06AD-47f2-B7FD-47BA96821BAA}',NULL)       
INSERT INTO ToolOptionSet VALUES ('{241CC193-E0C8-49ab-9635-7E720E2CB55E}','33554448','{84E9ED48-06AD-47f2-B7FD-47BA96821BAA}',NULL)       
INSERT INTO ToolOptionSet VALUES ('{241CC193-E0C8-49ab-9635-7E720E2CB55E}','33558544','{84E9ED48-06AD-47f2-B7FD-47BA96821BAA}',NULL)       
INSERT INTO ToolOptionSet VALUES ('{241CC193-E0C8-49ab-9635-7E720E2CB55E}','50331648','{84E9ED48-06AD-47f2-B7FD-47BA96821BAA}',NULL)       

                // Define DEBUG
INSERT INTO ToolOptionSet VALUES ('{241CC193-E0C8-49ab-9635-7E720E2CB55E}','16777472','{D708FB3C-910F-4691-A859-4603CF6F990E}',NULL)       
INSERT INTO ToolOptionSet VALUES ('{241CC193-E0C8-49ab-9635-7E720E2CB55E}','16777488','{D708FB3C-910F-4691-A859-4603CF6F990E}',NULL)       
INSERT INTO ToolOptionSet VALUES ('{241CC193-E0C8-49ab-9635-7E720E2CB55E}','33554688','{D708FB3C-910F-4691-A859-4603CF6F990E}',NULL)       
INSERT INTO ToolOptionSet VALUES ('{241CC193-E0C8-49ab-9635-7E720E2CB55E}','33554689','{D708FB3C-910F-4691-A859-4603CF6F990E}',NULL)       
INSERT INTO ToolOptionSet VALUES ('{241CC193-E0C8-49ab-9635-7E720E2CB55E}','33554704','{D708FB3C-910F-4691-A859-4603CF6F990E}',NULL)       
INSERT INTO ToolOptionSet VALUES ('{241CC193-E0C8-49ab-9635-7E720E2CB55E}','50331904','{D708FB3C-910F-4691-A859-4603CF6F990E}',NULL)       
INSERT INTO ToolOptionSet VALUES ('{241CC193-E0C8-49ab-9635-7E720E2CB55E}','33558800','{D708FB3C-910F-4691-A859-4603CF6F990E}',NULL)       


// BSC MIPSIV_FP
INSERT INTO ToolOptionSet VALUES ('{241CC194-E0C8-49ab-9635-7E720E2CB55E}','16777216','{51D33F37-84D5-46d5-A0B0-0F3D29B11034}',NULL)       
INSERT INTO ToolOptionSet VALUES ('{241CC194-E0C8-49ab-9635-7E720E2CB55E}','16777232','{51D33F37-84D5-46d5-A0B0-0F3D29B11034}',NULL)       
INSERT INTO ToolOptionSet VALUES ('{241CC194-E0C8-49ab-9635-7E720E2CB55E}','16777472','{51D33F37-84D5-46d5-A0B0-0F3D29B11034}',NULL)       
INSERT INTO ToolOptionSet VALUES ('{241CC194-E0C8-49ab-9635-7E720E2CB55E}','16777488','{51D33F37-84D5-46d5-A0B0-0F3D29B11034}',NULL)       
INSERT INTO ToolOptionSet VALUES ('{241CC194-E0C8-49ab-9635-7E720E2CB55E}','33554432','{51D33F37-84D5-46d5-A0B0-0F3D29B11034}',NULL)       
INSERT INTO ToolOptionSet VALUES ('{241CC194-E0C8-49ab-9635-7E720E2CB55E}','33554433','{5797B294-70F5-4906-ACC5-3CD1621DCD46}',NULL)       
INSERT INTO ToolOptionSet VALUES ('{241CC194-E0C8-49ab-9635-7E720E2CB55E}','33554434','{5797B294-70F5-4906-ACC5-3CD1621DCD46}',NULL)  
	// ATL EXE Release MinSize Settings
INSERT INTO ToolOptionSet VALUES ('{241CC194-E0C8-49ab-9635-7E720E2CB55E}','16777217','{5797B294-70F5-4906-ACC5-3CD1621DCD46}',NULL)       
	// ATL EXE Release MinDep Settings 
INSERT INTO ToolOptionSet VALUES ('{241CC194-E0C8-49ab-9635-7E720E2CB55E}','16777218','{5797B294-70F5-4906-ACC5-3CD1621DCD46}',NULL)       
INSERT INTO ToolOptionSet VALUES ('{241CC194-E0C8-49ab-9635-7E720E2CB55E}','33554448','{51D33F37-84D5-46d5-A0B0-0F3D29B11034}',NULL)       
INSERT INTO ToolOptionSet VALUES ('{241CC194-E0C8-49ab-9635-7E720E2CB55E}','33554688','{51D33F37-84D5-46d5-A0B0-0F3D29B11034}',NULL)       
INSERT INTO ToolOptionSet VALUES ('{241CC194-E0C8-49ab-9635-7E720E2CB55E}','33554689','{5797B294-70F5-4906-ACC5-3CD1621DCD46}',NULL)       
	// ATL EXE Debug Settings	
INSERT INTO ToolOptionSet VALUES ('{241CC194-E0C8-49ab-9635-7E720E2CB55E}','16777473','{5797B294-70F5-4906-ACC5-3CD1621DCD46}',NULL)       
INSERT INTO ToolOptionSet VALUES ('{241CC194-E0C8-49ab-9635-7E720E2CB55E}','33554704','{51D33F37-84D5-46d5-A0B0-0F3D29B11034}',NULL)       
INSERT INTO ToolOptionSet VALUES ('{241CC194-E0C8-49ab-9635-7E720E2CB55E}','33558544','{51D33F37-84D5-46d5-A0B0-0F3D29B11034}',NULL)       
INSERT INTO ToolOptionSet VALUES ('{241CC194-E0C8-49ab-9635-7E720E2CB55E}','33558800','{51D33F37-84D5-46d5-A0B0-0F3D29B11034}',NULL)       
INSERT INTO ToolOptionSet VALUES ('{241CC194-E0C8-49ab-9635-7E720E2CB55E}','50331648','{51D33F37-84D5-46d5-A0B0-0F3D29B11034}',NULL)       
INSERT INTO ToolOptionSet VALUES ('{241CC194-E0C8-49ab-9635-7E720E2CB55E}','50331904','{51D33F37-84D5-46d5-A0B0-0F3D29B11034}',NULL)       
INSERT INTO ToolOptionSet VALUES ('{241CC194-E0C8-49ab-9635-7E720E2CB55E}','67108864','{51D33F37-84D5-46d5-A0B0-0F3D29B11034}',NULL)       


// COFF MIPSIV_FP
INSERT INTO ToolOptionSet VALUES ('{241CC195-E0C8-49ab-9635-7E720E2CB55E}','67108864','{CE8479CF-4A5F-426c-A6EB-E6C195EDF864}',NULL)       
INSERT INTO ToolOptionSet VALUES ('{241CC195-E0C8-49ab-9635-7E720E2CB55E}','67109120','{CE8479CF-4A5F-426c-A6EB-E6C195EDF864}',NULL)       
