/////////////////////////////////   MIPSII_FP  ////////////////////////////////////////

// ******** Vendor  ********
INSERT INTO Vendor VALUES ('{35583C00-7208-11D3-99F3-00105A0DF099}','Microsoft','Microsoft' )
INSERT INTO Vendor VALUES ('{35583C05-7208-11D3-99F3-00105A0DF099}','NEC','NEC' )

// ******** CPUFamily  ********
INSERT INTO CPUFamily VALUES ('{0AA21800-6BCD-11D3-8437-005004848CBA}','MIPS','MIPS family','1','MIPS') 

// ******** IdeFamily  ********
INSERT INTO IDEFamily VALUES ('{7B8D5448-66FC-41e2-BCEE-9CCF3846004E}','MIPSII_FP',NULL,'Win32 (WCE MIPSII_FP)','162','vc60.pdb','MIPSII_FP',FALSE)    

// ******** CPU  ********
INSERT INTO CPU VALUES ('{D8AC856C-B213-4895-9E83-9EC51A55201E}','{35583C05-7208-11D3-99F3-00105A0DF099}','MIPSII_FP','Mips 32-bit floating point','{0AA21800-6BCD-11D3-8437-005004848CBA}','{7B8D5448-66FC-41e2-BCEE-9CCF3846004E}','4000','0','0','358','MIPSII_FP' ) 

// ******** PID  ********
INSERT INTO ObjAttr VALUES ('ProductID','{D8AC856C-B213-4895-9E83-9EC51A55201E}','ProductID','ProductID',2,0,'PID',0)

// ******** Tool  ********
INSERT INTO Tool VALUES ('{5170E840-9DF5-11D5-96F8-00207802C01C}','{35583C00-7208-11D3-99F3-00105A0DF099}','CLMIPSII_FP','MIPSII_FP source compiler','clmips.exe',NULL )
INSERT INTO Tool VALUES ('{5170E841-9DF5-11D5-96F8-00207802C01C}','{35583C00-7208-11D3-99F3-00105A0DF099}','LINKMIPSII_FP','MIPSII_FP Linker','link.exe',NULL )
INSERT INTO Tool VALUES ('{5170E842-9DF5-11D5-96F8-00207802C01C}','{35583C00-7208-11D3-99F3-00105A0DF099}','VCRCMIPSII_FP','baseline resource compiler','rc.exe',NULL )
INSERT INTO Tool VALUES ('{5170E843-9DF5-11D5-96F8-00207802C01C}','{35583C00-7208-11D3-99F3-00105A0DF099}','MIDLMIPSII_FP','MIPSII_FP middle compiler','midl.exe','COMMON\VCCE\BIN' )
INSERT INTO Tool VALUES ('{5170E844-9DF5-11D5-96F8-00207802C01C}','{35583C00-7208-11D3-99F3-00105A0DF099}','BSCMIPSII_FP','MIPSII_FP browser compiler','bscmake.exe','COMMON\VCCE\BIN' )
INSERT INTO Tool VALUES ('{5170E845-9DF5-11D5-96F8-00207802C01C}','{35583C00-7208-11D3-99F3-00105A0DF099}','COFFMIPSII_FP','MIPSII_FP coff','link.exe',NULL )
INSERT INTO Tool VALUES ('{5170E846-9DF5-11D5-96F8-00207802C01C}','{35583C00-7208-11D3-99F3-00105A0DF099}','DBGMIPSII_FP','MIPSII_FP debugger','odmip2fp',NULL )
INSERT INTO Tool VALUES ('{5170E847-9DF5-11D5-96F8-00207802C01C}','{35583C00-7208-11D3-99F3-00105A0DF099}','LIBMIPSII_FP','MIPSII_FP library manager','link.exe',NULL )
INSERT INTO Tool VALUES ('{5170E848-9DF5-11D5-96F8-00207802C01C}','{35583C00-7208-11D3-99F3-00105A0DF099}','DBGCEFMIPSII_FP','CEF debugger for MIPSII_FP','odcefmipsfp',NULL )

// ******** ObjAttr  ********
// DBGMIPSII_FP
INSERT INTO ObjAttr VALUES ('IsEmulation',	'{5170E846-9DF5-11D5-96F8-00207802C01C}','Emulation','Specifies whether this is for emulation','1','0',NULL,NULL )
INSERT INTO ObjAttr VALUES ('STSupport',		'{5170E846-9DF5-11D5-96F8-00207802C01C}','ST Support','The type of ST support','1','1',NULL,NULL )
INSERT INTO ObjAttr VALUES ('SupportsATP',	'{5170E846-9DF5-11D5-96F8-00207802C01C}','Supports ATP','Specifies whether ATP is supported','1','0',NULL,NULL )
INSERT INTO ObjAttr VALUES ('SupportsSINH',	'{5170E846-9DF5-11D5-96F8-00207802C01C}','Supports SINH','Specifies whether SINH is supported','1','0',NULL,NULL )
INSERT INTO ObjAttr VALUES ('TargetUP',		'{5170E846-9DF5-11D5-96F8-00207802C01C}','?','Specifies the target UP','1','135',NULL,NULL )
INSERT INTO ObjAttr VALUES ('EE',				'{5170E846-9DF5-11D5-96F8-00207802C01C}','EE','The EE for this debugger','2','0','EECXXCE',NULL )
INSERT INTO ObjAttr VALUES ('EM',				'{5170E846-9DF5-11D5-96F8-00207802C01C}','EM','The EM for this debugger','2','0','EMCE',NULL )
INSERT INTO ObjAttr VALUES ('SH',				'{5170E846-9DF5-11D5-96F8-00207802C01C}','SH','The SH for this debugger','2','0','SHCVCE',NULL )
// LINKMIPSII_FP
INSERT INTO ObjAttr VALUES ('Input',	'{5170E841-9DF5-11D5-96F8-00207802C01C}','Input','The extension of files take','2','0','*.obj;*.res;*.lib;*.def;*.rsc',NULL )
INSERT INTO ObjAttr VALUES ('Prefix','{5170E841-9DF5-11D5-96F8-00207802C01C}','Prefix','The prefix of the tool','2','0','LINK32',NULL )
// LIBMIPSII_FP
INSERT INTO ObjAttr VALUES ('Input',	'{5170E847-9DF5-11D5-96F8-00207802C01C}','Input','The extension of files take','2','0','*.obj;*.res;*.lib',NULL )
INSERT INTO ObjAttr VALUES ('Prefix','{5170E847-9DF5-11D5-96F8-00207802C01C}','Prefix','The prefix of the tool','2','0','LIB32',NULL )
// CLMIPSII_FP
INSERT INTO ObjAttr VALUES ('Input',	'{5170E840-9DF5-11D5-96F8-00207802C01C}','Input','The extension of files take','2','0','*.c;*.cpp;*.cxx',NULL )
INSERT INTO ObjAttr VALUES ('Prefix','{5170E840-9DF5-11D5-96F8-00207802C01C}','Prefix','The prefix of the tool','2','0','CPP',NULL )
// DBGCEFMIPSII_FP
INSERT INTO ObjAttr VALUES ('NativeDebugger','{5170E848-9DF5-11D5-96F8-00207802C01C}','DBGMIPSII_FP','MIPSII_FP native debugger','3','0',NULL,'{5170E846-9DF5-11D5-96F8-00207802C01C}' )

// ******** OS  ********
INSERT INTO OS VALUES ('{42CA0006-5AA4-11D3-99E7-00105A0DF099}','{35583C00-7208-11D3-99F3-00105A0DF099}','Default','Default','0.00','0','0' )

// ******** Platform  ********
INSERT INTO Platform VALUES ('{8A9A2F80-6887-11D3-842E-005004848CBA}','{35583C00-7208-11D3-99F3-00105A0DF099}','Default','Default','{42CA0006-5AA4-11D3-99E7-00105A0DF099}',NULL,'0','0' )

// ******** ToolEntry  ********
// MIPSII_FP                      // Platform                              // OS                                     // CPU                                   //TOOL                             // Tool Type
INSERT INTO ToolEntry VALUES ('{8A9A2F80-6887-11D3-842E-005004848CBA}','{42CA0006-5AA4-11D3-99E7-00105A0DF099}','{D8AC856C-B213-4895-9E83-9EC51A55201E}','{5170E840-9DF5-11D5-96F8-00207802C01C}','1' )
INSERT INTO ToolEntry VALUES ('{8A9A2F80-6887-11D3-842E-005004848CBA}','{42CA0006-5AA4-11D3-99E7-00105A0DF099}','{D8AC856C-B213-4895-9E83-9EC51A55201E}','{5170E841-9DF5-11D5-96F8-00207802C01C}','4' )
INSERT INTO ToolEntry VALUES ('{8A9A2F80-6887-11D3-842E-005004848CBA}','{42CA0006-5AA4-11D3-99E7-00105A0DF099}','{D8AC856C-B213-4895-9E83-9EC51A55201E}','{5170E842-9DF5-11D5-96F8-00207802C01C}','3' )
INSERT INTO ToolEntry VALUES ('{8A9A2F80-6887-11D3-842E-005004848CBA}','{42CA0006-5AA4-11D3-99E7-00105A0DF099}','{D8AC856C-B213-4895-9E83-9EC51A55201E}','{5170E843-9DF5-11D5-96F8-00207802C01C}','7' )
INSERT INTO ToolEntry VALUES ('{8A9A2F80-6887-11D3-842E-005004848CBA}','{42CA0006-5AA4-11D3-99E7-00105A0DF099}','{D8AC856C-B213-4895-9E83-9EC51A55201E}','{5170E844-9DF5-11D5-96F8-00207802C01C}','8' )
INSERT INTO ToolEntry VALUES ('{8A9A2F80-6887-11D3-842E-005004848CBA}','{42CA0006-5AA4-11D3-99E7-00105A0DF099}','{D8AC856C-B213-4895-9E83-9EC51A55201E}','{5170E845-9DF5-11D5-96F8-00207802C01C}','9' )
INSERT INTO ToolEntry VALUES ('{8A9A2F80-6887-11D3-842E-005004848CBA}','{42CA0006-5AA4-11D3-99E7-00105A0DF099}','{D8AC856C-B213-4895-9E83-9EC51A55201E}','{5170E846-9DF5-11D5-96F8-00207802C01C}','2' )
INSERT INTO ToolEntry VALUES ('{8A9A2F80-6887-11D3-842E-005004848CBA}','{42CA0006-5AA4-11D3-99E7-00105A0DF099}','{D8AC856C-B213-4895-9E83-9EC51A55201E}','{5170E848-9DF5-11D5-96F8-00207802C01C}','6' )
INSERT INTO ToolEntry VALUES ('{8A9A2F80-6887-11D3-842E-005004848CBA}','{42CA0006-5AA4-11D3-99E7-00105A0DF099}','{D8AC856C-B213-4895-9E83-9EC51A55201E}','{5170E847-9DF5-11D5-96F8-00207802C01C}','5' )

// ******** ToolOption  ********
                // CL
INSERT INTO ToolOption VALUES ('{5170E907-9DF5-11D5-96F8-00207802C01C}', '{5170E840-9DF5-11D5-96F8-00207802C01C}','PRECOMPILE_HEADER_MIPSII_FP','UI support precompile header','2','1003',NULL,FALSE)         
INSERT INTO ToolOption VALUES ('{5170E906-9DF5-11D5-96F8-00207802C01C}', '{5170E840-9DF5-11D5-96F8-00207802C01C}','DISABLE_CONSTRUCTION_DISPLACEMENT_MIPSII_FP','UI disable construction displacement','2','1001','/vd0',FALSE)
INSERT INTO ToolOption VALUES ('{5170E905-9DF5-11D5-96F8-00207802C01C}', '{5170E840-9DF5-11D5-96F8-00207802C01C}','GENERAL_PURPOSE_ALWAYS_MIPSII_FP','UI pointer to member presentation method','2','1002','/vmg',FALSE)    
INSERT INTO ToolOption VALUES ('{5170E904-9DF5-11D5-96F8-00207802C01C}', '{5170E840-9DF5-11D5-96F8-00207802C01C}','ASSEMBLY_LISTING_MIPSII_FP','UI configure assembly listing','2','1000','/FA',FALSE)       
INSERT INTO ToolOption VALUES ('{5170E903-9DF5-11D5-96F8-00207802C01C}', '{5170E840-9DF5-11D5-96F8-00207802C01C}','CECRTMT_MIPSII_FP','Release Lib Macro','2',NULL,'/M$(CECrtMT)',FALSE) 
INSERT INTO ToolOption VALUES ('{5170E902-9DF5-11D5-96F8-00207802C01C}', '{5170E840-9DF5-11D5-96F8-00207802C01C}','NDEBUG_MIPSII_FP','the NDEBUG define for release prjs','2',NULL,'/D NDEBUG',FALSE)  
INSERT INTO ToolOption VALUES ('{5170E901-9DF5-11D5-96F8-00207802C01C}', '{5170E840-9DF5-11D5-96F8-00207802C01C}','UNICODE_MIPSII_FP','Turn on Unicode','2',NULL,'/D UNICODE /D _UNICODE',FALSE)    
INSERT INTO ToolOption VALUES ('{5170E900-9DF5-11D5-96F8-00207802C01C}', '{5170E840-9DF5-11D5-96F8-00207802C01C}','AFXDLL_MIPSII_FP','Define _AFXDLL for dynamic linking to MFC','2',NULL,'/D _AFXDLL',FALSE)    
INSERT INTO ToolOption VALUES ('{5170E8FF-9DF5-11D5-96F8-00207802C01C}', '{5170E840-9DF5-11D5-96F8-00207802C01C}','CECRTMTDEBUG_MIPSII_FP','Debug Lib Macro','2',NULL,'/M$(CECrtMTDebug)',FALSE)   
INSERT INTO ToolOption VALUES ('{5170E8FE-9DF5-11D5-96F8-00207802C01C}', '{5170E840-9DF5-11D5-96F8-00207802C01C}','ATL_STATIC_REGISTRY_MIPSII_FP','Define _ATL_STATIC_REGISTRY','2',NULL,'/D _ATL_STATIC_REGISTRY',FALSE)       
INSERT INTO ToolOption VALUES ('{5170E8FD-9DF5-11D5-96F8-00207802C01C}', '{5170E840-9DF5-11D5-96F8-00207802C01C}','MIPSII_FP_CPLR_DBG','IDS_MIPSII_FP_CPLR_DBG','2','1','/DDEBUG',FALSE) 
INSERT INTO ToolOption VALUES ('{5170E8FC-9DF5-11D5-96F8-00207802C01C}', '{5170E840-9DF5-11D5-96F8-00207802C01C}','MIPSII_FPEXE_CPLR_DBG','IDS_MIPSII_FPEXE_CPLR_DBG','2','1','/Zi  /DMIPS /D_MIPS_ /DR4000 /DMIPSII /DMIPSII_FP /DUNDER_CE=$(CEVersion) /D_WIN32_WCE=$(CEVersion)',FALSE)  
INSERT INTO ToolOption VALUES ('{5170E8FB-9DF5-11D5-96F8-00207802C01C}', '{5170E840-9DF5-11D5-96F8-00207802C01C}','MIPSII_FP_CPLR_COMMON','IDS_MIPSII_FP_CPLR_COMMON','2','1','/c /nologo /QMmips2 /QMFPE- /D_WIN32_WCE=$(CEVersion) /D $(CePlatform)',FALSE)   
INSERT INTO ToolOption VALUES ('{5170E8FA-9DF5-11D5-96F8-00207802C01C}', '{5170E840-9DF5-11D5-96F8-00207802C01C}','MIPSII_FPDLL_CPLR_DBG','IDS_MIPSII_FPDLL_CPLR_DBG','2','1','/Zi  /DMIPS /D_MIPS_ /DR4000 /DMIPSII /DMIPSII_FP /DUNDER_CE=$(CEVersion) /D_WIN32_WCE=$(CEVersion)',FALSE)  
INSERT INTO ToolOption VALUES ('{5170E8F9-9DF5-11D5-96F8-00207802C01C}', '{5170E840-9DF5-11D5-96F8-00207802C01C}','MIPSII_FPCON_CPLR_DBG','IDS_MIPSII_FPCON_CPLR_DBG','2','1','/Zi  /DMIPS /D_MIPS_ /DR4000 /DMIPSII /DMIPSII_FP /DUNDER_CE=$(CEVersion) /D_WIN32_WCE=$(CEVersion)',FALSE)  
INSERT INTO ToolOption VALUES ('{5170E8F8-9DF5-11D5-96F8-00207802C01C}', '{5170E840-9DF5-11D5-96F8-00207802C01C}','MIPSII_FPLIB_CPLR_DBG','IDS_MIPSII_FPLIB_CPLR_DBG','2','1','/Zi  /DMIPS /D_MIPS_ /DR4000 /DMIPSII /DMIPSII_FP /DUNDER_CE=$(CEVersion) /D_WIN32_WCE=$(CEVersion)',FALSE)  
INSERT INTO ToolOption VALUES ('{5170E8F7-9DF5-11D5-96F8-00207802C01C}', '{5170E840-9DF5-11D5-96F8-00207802C01C}','MIPSII_FPEXE_CPLR_REL','IDS_MIPSII_FPEXE_CPLR_REL','2','1','/DMIPS /D_MIPS_ /DR4000 /DMIPSII /DMIPSII_FP /DUNDER_CE=$(CEVersion) /D_WIN32_WCE=$(CEVersion)',FALSE)       
INSERT INTO ToolOption VALUES ('{5170E8F6-9DF5-11D5-96F8-00207802C01C}', '{5170E840-9DF5-11D5-96F8-00207802C01C}','MIPSII_FPDLL_CPLR_REL','IDS_MIPSII_FPDLL_CPLR_REL','2','1','/DMIPS /D_MIPS_ /DR4000 /DMIPSII /DMIPSII_FP /DUNDER_CE=$(CEVersion) /D_WIN32_WCE=$(CEVersion)',FALSE)       
INSERT INTO ToolOption VALUES ('{5170E8F5-9DF5-11D5-96F8-00207802C01C}', '{5170E840-9DF5-11D5-96F8-00207802C01C}','MIPSII_FPCON_CPLR_REL','IDS_MIPSII_FPCON_CPLR_REL','2','1','/DMIPS /D_MIPS_ /DR4000 /DMIPSII /DMIPSII_FP /DUNDER_CE=$(CEVersion) /D_WIN32_WCE=$(CEVersion)',FALSE)       
INSERT INTO ToolOption VALUES ('{5170E8F4-9DF5-11D5-96F8-00207802C01C}', '{5170E840-9DF5-11D5-96F8-00207802C01C}','MIPSII_FPLIB_CPLR_REL','IDS_MIPSII_FPLIB_CPLR_REL','2','1','/DMIPS /D_MIPS_ /DR4000 /DMIPSII /DMIPSII_FP /DUNDER_CE=$(CEVersion) /D_WIN32_WCE=$(CEVersion)',FALSE)       
INSERT INTO ToolOption VALUES ('{5170E8F3-9DF5-11D5-96F8-00207802C01C}', '{5170E840-9DF5-11D5-96F8-00207802C01C}','MIPSII_FPATL_CPLR_DBG','Specific flags for MIPSII_FP Compiler (ATL DBG build)','2','1','/D _USRDLL',FALSE)      
INSERT INTO ToolOption VALUES ('{5170E8F2-9DF5-11D5-96F8-00207802C01C}', '{5170E840-9DF5-11D5-96F8-00207802C01C}','MIPSII_FPMFC_CPLR_COMMON',NULL,'2','1','/c /nologo /QMmips2 /QMFPE- /D_WIN32_WCE=$(CEVersion) /D $(CePlatform)',FALSE)          
INSERT INTO ToolOption VALUES ('{5170E8F1-9DF5-11D5-96F8-00207802C01C}', '{5170E840-9DF5-11D5-96F8-00207802C01C}','MIPSII_FPATL_CPLR_COMMON',NULL,'2','1','/D _USRDLL /QMmips2 /QMFPE- /c /D $(CePlatform)',FALSE)         
INSERT INTO ToolOption VALUES ('{5170E8F0-9DF5-11D5-96F8-00207802C01C}', '{5170E840-9DF5-11D5-96F8-00207802C01C}','MIPSII_FPATL_CPLR_REL',NULL,'2','1','/nologo /DMIPS /D_MIPS_ /DR4000 /DMIPSII /DMIPSII_FP /DUNDER_CE=$(CEVersion) /D_WIN32_WCE=$(CEVersion)',FALSE)     
INSERT INTO ToolOption VALUES ('{5170E8EF-9DF5-11D5-96F8-00207802C01C}', '{5170E840-9DF5-11D5-96F8-00207802C01C}','MIPSII_FPACTIVEX_CPLR_COMMON',NULL,'2','1','/GX-',FALSE)
INSERT INTO ToolOption VALUES ('{5170E8EE-9DF5-11D5-96F8-00207802C01C}', '{5170E840-9DF5-11D5-96F8-00207802C01C}','MIPSII_FP_MAXIMUM_OPTIMIZATION','maximum opts. (/Ogityb1 /Gs)','2',NULL,'/O2',FALSE)          
INSERT INTO ToolOption VALUES ('{5170E8ED-9DF5-11D5-96F8-00207802C01C}', '{5170E840-9DF5-11D5-96F8-00207802C01C}','MIPSII_FPDISABLE_OPTIMIZATIONS','Disables all compiler optimizations','2',NULL,'/Od',FALSE)    
INSERT INTO ToolOption VALUES ('{5170E8EC-9DF5-11D5-96F8-00207802C01C}', '{5170E840-9DF5-11D5-96F8-00207802C01C}','AUTOMATIC PRECOMPILED HEADERS_MIPSII_FP','Use automatic precompiled headers','2','1','/YX',FALSE)     
INSERT INTO ToolOption VALUES ('{5170E8EB-9DF5-11D5-96F8-00207802C01C}', '{5170E840-9DF5-11D5-96F8-00207802C01C}','WARNING_LEVEL','Use Warning Level 3','2','1','/W3',FALSE)
INSERT INTO ToolOption VALUES ('{5170E8EA-9DF5-11D5-96F8-00207802C01C}', '{5170E840-9DF5-11D5-96F8-00207802C01C}','MIPSII_FP_ASSUME_NO_ALIASING','Assume No Aliasing is Supported','2','1007','/Oa',FALSE)

                // LINK
INSERT INTO ToolOption VALUES ('{5170E8E9-9DF5-11D5-96F8-00207802C01C}', '{5170E841-9DF5-11D5-96F8-00207802C01C}','LINKDBG_FORMAT_COFF_MIPSII_FP','UI debug format COFF','2','1004','/debugtype:coff',FALSE)  
INSERT INTO ToolOption VALUES ('{5170E8E8-9DF5-11D5-96F8-00207802C01C}', '{5170E841-9DF5-11D5-96F8-00207802C01C}','BASE_TENTHOUSAND_MIPSII_FP','/base flag for .exe proj types','2',NULL,'/base:0x00010000',FALSE)   
INSERT INTO ToolOption VALUES ('{5170E8E7-9DF5-11D5-96F8-00207802C01C}', '{5170E841-9DF5-11D5-96F8-00207802C01C}','BASE_100K_MIPSII_FP','/base flag for .dll proj types','2',NULL,'/base:0x00100000',FALSE)       
INSERT INTO ToolOption VALUES ('{5170E8E6-9DF5-11D5-96F8-00207802C01C}', '{5170E841-9DF5-11D5-96F8-00207802C01C}','STACK_MIPSII_FP','standard /STACK setting','2',NULL,'/STACK:65536,4096',FALSE)   
INSERT INTO ToolOption VALUES ('{5170E8E5-9DF5-11D5-96F8-00207802C01C}', '{5170E841-9DF5-11D5-96F8-00207802C01C}','INCREMENTAL_LINKING_MIPSII_FP','Incremental Linking Flag','2','1006','/INCREMENTAL:YES',FALSE)  
INSERT INTO ToolOption VALUES ('{5170E8E4-9DF5-11D5-96F8-00207802C01C}', '{5170E841-9DF5-11D5-96F8-00207802C01C}','MACHINE_MIPSII_FP','set machine type for linker','2',NULL,'/MACHINE:MIPS',FALSE) 
INSERT INTO ToolOption VALUES ('{5170E8E3-9DF5-11D5-96F8-00207802C01C}', '{5170E841-9DF5-11D5-96F8-00207802C01C}','NO_INCREMENTAL_LINKING_MIPSII_FP','Incremental Linking Flag','2','1006','/INCREMENTAL:NO',FALSE)   
INSERT INTO ToolOption VALUES ('{5170E8E2-9DF5-11D5-96F8-00207802C01C}', '{5170E841-9DF5-11D5-96F8-00207802C01C}','MIPSII_FP_LINK_MIPSII_FP_COMMON','IDS_MIPSII_FP_LINK_MIPSII_FP_COMMON','2','1','/NOLOGO /subsystem:$(CESubsystem) /nodefaultlib:$(CENoDefaultLib)',FALSE)       
INSERT INTO ToolOption VALUES ('{5170E8E1-9DF5-11D5-96F8-00207802C01C}', '{5170E841-9DF5-11D5-96F8-00207802C01C}','MIPSII_FP_LINK_DBG','IDS_MIPSII_FP_LINK_DBG','2','1','/DEBUG /DEBUGTYPE:CV',FALSE)  
INSERT INTO ToolOption VALUES ('{5170E8E0-9DF5-11D5-96F8-00207802C01C}', '{5170E841-9DF5-11D5-96F8-00207802C01C}','MIPSII_FPEXE_LINK_DBG','IDS_MIPSII_FPEXE_LINK_DBG','2','1','/entry:WinMainCRTStartup',FALSE)      
INSERT INTO ToolOption VALUES ('{5170E8DF-9DF5-11D5-96F8-00207802C01C}', '{5170E841-9DF5-11D5-96F8-00207802C01C}','MIPSII_FP_LIB_DBG','IDS_MIPSII_FP_LIB_DBG','2','1','commctrl.lib coredll.lib ',FALSE)   
INSERT INTO ToolOption VALUES ('{5170E8DE-9DF5-11D5-96F8-00207802C01C}', '{5170E841-9DF5-11D5-96F8-00207802C01C}','MIPSII_FPDLL_LINK_DBG','IDS_MIPSII_FPDLL_LINK_DBG','2','1','/DLL /entry:_DllMainCRTStartup',FALSE)   
INSERT INTO ToolOption VALUES ('{5170E8DD-9DF5-11D5-96F8-00207802C01C}', '{5170E841-9DF5-11D5-96F8-00207802C01C}','MIPSII_FP_CONLIB','IDS_MIPSII_FP_CONLIB','2','1','commctrl.lib coredll.lib ',FALSE)  
INSERT INTO ToolOption VALUES ('{5170E8DC-9DF5-11D5-96F8-00207802C01C}', '{5170E841-9DF5-11D5-96F8-00207802C01C}','MIPSII_FPCON_LINK_DBG','IDS_MIPSII_FPCON_LINK_DBG','2','1','/entry:WinMainCRTStartup',FALSE)      
INSERT INTO ToolOption VALUES ('{5170E8DB-9DF5-11D5-96F8-00207802C01C}', '{5170E841-9DF5-11D5-96F8-00207802C01C}','MIPSII_FPMFCEXE_LINK_DBG','Specific flags for MIPSII_FP Linker (MFC EXE Debug build)','2','1','/DEBUG /entry:wWinMainCRTStartup',FALSE)     
INSERT INTO ToolOption VALUES ('{5170E8DA-9DF5-11D5-96F8-00207802C01C}', '{5170E841-9DF5-11D5-96F8-00207802C01C}','MIPSII_FPMFCDLL_LINK_DBG','Specific flags for MIPSII_FP Linker (MFC DLL Debug build)','2','1','/DEBUG',FALSE)   
INSERT INTO ToolOption VALUES ('{5170E8D9-9DF5-11D5-96F8-00207802C01C}', '{5170E841-9DF5-11D5-96F8-00207802C01C}','MIPSII_FPMFCEXE_LINK_COMMON','MIPSII_FP_LINK_MIPSII_FP_COMMON without defaultlib','2','1','/NOLOGO /subsystem:$(CESubsystem)',FALSE)
INSERT INTO ToolOption VALUES ('{5170E8D8-9DF5-11D5-96F8-00207802C01C}', '{5170E841-9DF5-11D5-96F8-00207802C01C}','MIPSII_FPEXE_LINK_REL','IDS_MIPSII_FPEXE_LINK_REL','2','1','/entry:WinMainCRTStartup',FALSE)      
INSERT INTO ToolOption VALUES ('{5170E8D7-9DF5-11D5-96F8-00207802C01C}', '{5170E841-9DF5-11D5-96F8-00207802C01C}','MIPSII_FP_LINK_REL','IDS_MIPSII_FP_LINK_REL','2','1',NULL,FALSE)      
INSERT INTO ToolOption VALUES ('{5170E8D6-9DF5-11D5-96F8-00207802C01C}', '{5170E841-9DF5-11D5-96F8-00207802C01C}','MIPSII_FP_LIB_REL','IDS_MIPSII_FP_LIB_REL','2','1','commctrl.lib coredll.lib ',FALSE)   
INSERT INTO ToolOption VALUES ('{5170E8D5-9DF5-11D5-96F8-00207802C01C}', '{5170E841-9DF5-11D5-96F8-00207802C01C}','MIPSII_FPDLL_LINK_REL','IDS_MIPSII_FPDLL_LINK_REL','2','1','/DLL /entry:_DllMainCRTStartup',FALSE)   
INSERT INTO ToolOption VALUES ('{5170E8D4-9DF5-11D5-96F8-00207802C01C}', '{5170E841-9DF5-11D5-96F8-00207802C01C}','MIPSII_FP_LINK_REL','IDS_MIPSII_FP_LINK_REL','2','1',NULL,FALSE)      
INSERT INTO ToolOption VALUES ('{5170E8D3-9DF5-11D5-96F8-00207802C01C}', '{5170E841-9DF5-11D5-96F8-00207802C01C}','MIPSII_FPCON_LINK_REL','IDS_MIPSII_FPCON_LINK_REL','2','1','/entry:WinMainCRTStartup',FALSE)      
INSERT INTO ToolOption VALUES ('{5170E8D2-9DF5-11D5-96F8-00207802C01C}', '{5170E841-9DF5-11D5-96F8-00207802C01C}','MIPSII_FP_LINK_REL','IDS_MIPSII_FP_LINK_REL','2','1',NULL,FALSE)      
INSERT INTO ToolOption VALUES ('{5170E8D1-9DF5-11D5-96F8-00207802C01C}', '{5170E841-9DF5-11D5-96F8-00207802C01C}','MIPSII_FPLIB_LINK','IDS_MIPSII_FPLIB_LINK','2','1','/NOLOGO',FALSE)   
INSERT INTO ToolOption VALUES ('{5170E8D0-9DF5-11D5-96F8-00207802C01C}', '{5170E841-9DF5-11D5-96F8-00207802C01C}','MIPSII_FPMFCEXE_LINK_REL','Specific flags for MIPSII_FP Linker (MFC EXE Release build)','2','1','/entry:wWinMainCRTStartup',FALSE)          
INSERT INTO ToolOption VALUES ('{5170E8CF-9DF5-11D5-96F8-00207802C01C}', '{5170E841-9DF5-11D5-96F8-00207802C01C}','MIPSII_FPMFCDLL_LINK_COMMON','MIPSII_FP_LINK_MIPSII_FP_COMMON without defaultlib','2','1','/NOLOGO /subsystem:$(CESubsystem)',FALSE)


                // LIB
INSERT INTO ToolOption VALUES ('{5170E8CE-9DF5-11D5-96F8-00207802C01C}', '{5170E847-9DF5-11D5-96F8-00207802C01C}','MIPSII_FP_LIB_COMMON',NULL,'2',NULL,'/nologo',FALSE) 

                // MIDL
INSERT INTO ToolOption VALUES ('{5170E8CD-9DF5-11D5-96F8-00207802C01C}', '{5170E843-9DF5-11D5-96F8-00207802C01C}','MIPSII_FP_MTL_COMMON','IDS_MIPSII_FP_MTL_COMMON','2','1','/nologo /mktyplib203 /win32',FALSE) 
INSERT INTO ToolOption VALUES ('{5170E8CC-9DF5-11D5-96F8-00207802C01C}', '{5170E843-9DF5-11D5-96F8-00207802C01C}','DEFINE_DEBUG','Define DEBUG','2','1','/D DEBUG',FALSE) 
INSERT INTO ToolOption VALUES ('{5170E8CB-9DF5-11D5-96F8-00207802C01C}', '{5170E843-9DF5-11D5-96F8-00207802C01C}','DEFINE_NDEBUG','Define NDEBUG','2',NULL,'/D NDEBUG',FALSE)  

                // BSC
INSERT INTO ToolOption VALUES ('{5170E8CA-9DF5-11D5-96F8-00207802C01C}', '{5170E844-9DF5-11D5-96F8-00207802C01C}','MIPSII_FP_BSC_COMMON','IDS_MIPSII_FP_BSC_COMMON','2','1','/nologo',FALSE)

                // COFF
INSERT INTO ToolOption VALUES ('{5170E8C9-9DF5-11D5-96F8-00207802C01C}', '{5170E845-9DF5-11D5-96F8-00207802C01C}','MIPSII_FP_COFF_COMMON','IDS_MIPSII_FPLIB_LINK','2','1','/nologo',FALSE)  

                // VCRC
INSERT INTO ToolOption VALUES ('{5170E8C8-9DF5-11D5-96F8-00207802C01C}', '{5170E842-9DF5-11D5-96F8-00207802C01C}','DEFINE_DEBUG','Define DEBUG','2','1','/D DEBUG',FALSE)   
INSERT INTO ToolOption VALUES ('{5170E8C7-9DF5-11D5-96F8-00207802C01C}', '{5170E842-9DF5-11D5-96F8-00207802C01C}','DMIPSII_FP_RC_COMMON','IDS_DMIPSII_FP_RC_COMMON','2','1','/r /DUNDER_CE=$(CEVersion) /D_WIN32_WCE=$(CEVersion)',FALSE)      
INSERT INTO ToolOption VALUES ('{5170E8C6-9DF5-11D5-96F8-00207802C01C}', '{5170E842-9DF5-11D5-96F8-00207802C01C}','DEFINE_NDEBUG','Define NDEBUG','2','1','/D NDEBUG',FALSE)  
INSERT INTO ToolOption VALUES ('{5170E8C5-9DF5-11D5-96F8-00207802C01C}', '{5170E842-9DF5-11D5-96F8-00207802C01C}','CEPLATFORM','CePlatform Macro','2','1','/D $(CePlatform)',FALSE)
INSERT INTO ToolOption VALUES ('{5170E8C4-9DF5-11D5-96F8-00207802C01C}', '{5170E842-9DF5-11D5-96F8-00207802C01C}','PROCESSOR_DEFINE','Processor Define','2','1','/D MIPS /D _MIPS_ /DR4000 /DMIPSII /DMIPSII_FP',FALSE)
INSERT INTO ToolOption VALUES ('{5170E8C3-9DF5-11D5-96F8-00207802C01C}', '{5170E842-9DF5-11D5-96F8-00207802C01C}','DEFINE_UNICODE','Define Unicode','2','1','/D UNICODE /D _UNICODE',FALSE)

// ******** OptionValue  ********

// ******** ToolOptionSet  ********
// LIB MIPSII_FP
INSERT INTO ToolOptionSet VALUES ('{5170E847-9DF5-11D5-96F8-00207802C01C}','67108864','{5170E8CE-9DF5-11D5-96F8-00207802C01C}',NULL)       
INSERT INTO ToolOptionSet VALUES ('{5170E847-9DF5-11D5-96F8-00207802C01C}','67109120','{5170E8CE-9DF5-11D5-96F8-00207802C01C}',NULL)       

// CL MIPS FP
	//EXE Release settings
INSERT INTO ToolOptionSet VALUES ('{5170E840-9DF5-11D5-96F8-00207802C01C}','16777216','{5170E8FB-9DF5-11D5-96F8-00207802C01C}',NULL)       
INSERT INTO ToolOptionSet VALUES ('{5170E840-9DF5-11D5-96F8-00207802C01C}','16777216','{5170E8F7-9DF5-11D5-96F8-00207802C01C}',NULL)       
INSERT INTO ToolOptionSet VALUES ('{5170E840-9DF5-11D5-96F8-00207802C01C}','16777216','{5170E8EE-9DF5-11D5-96F8-00207802C01C}',NULL)       
INSERT INTO ToolOptionSet VALUES ('{5170E840-9DF5-11D5-96F8-00207802C01C}','16777216','{5170E901-9DF5-11D5-96F8-00207802C01C}',NULL)       
INSERT INTO ToolOptionSet VALUES ('{5170E840-9DF5-11D5-96F8-00207802C01C}','16777216','{5170E902-9DF5-11D5-96F8-00207802C01C}',NULL)       
INSERT INTO ToolOptionSet VALUES ('{5170E840-9DF5-11D5-96F8-00207802C01C}','16777216','{5170E903-9DF5-11D5-96F8-00207802C01C}',NULL)       
INSERT INTO ToolOptionSet VALUES ('{5170E840-9DF5-11D5-96F8-00207802C01C}','16777216','{5170E8EC-9DF5-11D5-96F8-00207802C01C}',NULL)        
INSERT INTO ToolOptionSet VALUES ('{5170E840-9DF5-11D5-96F8-00207802C01C}','16777216','{5170E8EB-9DF5-11D5-96F8-00207802C01C}',NULL)        
	//MFC EXE Release settings
INSERT INTO ToolOptionSet VALUES ('{5170E840-9DF5-11D5-96F8-00207802C01C}','16777232','{5170E8F7-9DF5-11D5-96F8-00207802C01C}',NULL)       
INSERT INTO ToolOptionSet VALUES ('{5170E840-9DF5-11D5-96F8-00207802C01C}','16777232','{5170E8F2-9DF5-11D5-96F8-00207802C01C}',NULL)       
INSERT INTO ToolOptionSet VALUES ('{5170E840-9DF5-11D5-96F8-00207802C01C}','16777232','{5170E8EE-9DF5-11D5-96F8-00207802C01C}',NULL)       
INSERT INTO ToolOptionSet VALUES ('{5170E840-9DF5-11D5-96F8-00207802C01C}','16777232','{5170E901-9DF5-11D5-96F8-00207802C01C}',NULL)       
INSERT INTO ToolOptionSet VALUES ('{5170E840-9DF5-11D5-96F8-00207802C01C}','16777232','{5170E902-9DF5-11D5-96F8-00207802C01C}',NULL)       
INSERT INTO ToolOptionSet VALUES ('{5170E840-9DF5-11D5-96F8-00207802C01C}','16777232','{5170E903-9DF5-11D5-96F8-00207802C01C}',NULL)       
INSERT INTO ToolOptionSet VALUES ('{5170E840-9DF5-11D5-96F8-00207802C01C}','16777232','{5170E900-9DF5-11D5-96F8-00207802C01C}',NULL)      
INSERT INTO ToolOptionSet VALUES ('{5170E840-9DF5-11D5-96F8-00207802C01C}','16777232','{5170E8EC-9DF5-11D5-96F8-00207802C01C}',NULL)        
INSERT INTO ToolOptionSet VALUES ('{5170E840-9DF5-11D5-96F8-00207802C01C}','16777232','{5170E8EB-9DF5-11D5-96F8-00207802C01C}',NULL)        
	// EXE Debug settings
INSERT INTO ToolOptionSet VALUES ('{5170E840-9DF5-11D5-96F8-00207802C01C}','16777472','{5170E8FD-9DF5-11D5-96F8-00207802C01C}',NULL)       
INSERT INTO ToolOptionSet VALUES ('{5170E840-9DF5-11D5-96F8-00207802C01C}','16777472','{5170E8FC-9DF5-11D5-96F8-00207802C01C}',NULL)       
INSERT INTO ToolOptionSet VALUES ('{5170E840-9DF5-11D5-96F8-00207802C01C}','16777472','{5170E8FB-9DF5-11D5-96F8-00207802C01C}',NULL)       
INSERT INTO ToolOptionSet VALUES ('{5170E840-9DF5-11D5-96F8-00207802C01C}','16777472','{5170E8ED-9DF5-11D5-96F8-00207802C01C}',NULL)       
INSERT INTO ToolOptionSet VALUES ('{5170E840-9DF5-11D5-96F8-00207802C01C}','16777472','{5170E901-9DF5-11D5-96F8-00207802C01C}',NULL)       
INSERT INTO ToolOptionSet VALUES ('{5170E840-9DF5-11D5-96F8-00207802C01C}','16777472','{5170E8FF-9DF5-11D5-96F8-00207802C01C}',NULL)      
INSERT INTO ToolOptionSet VALUES ('{5170E840-9DF5-11D5-96F8-00207802C01C}','16777472','{5170E8EC-9DF5-11D5-96F8-00207802C01C}',NULL)        
INSERT INTO ToolOptionSet VALUES ('{5170E840-9DF5-11D5-96F8-00207802C01C}','16777472','{5170E8EB-9DF5-11D5-96F8-00207802C01C}',NULL)        
	//MFC EXE Debug settings
INSERT INTO ToolOptionSet VALUES ('{5170E840-9DF5-11D5-96F8-00207802C01C}','16777488','{5170E8FD-9DF5-11D5-96F8-00207802C01C}',NULL)       
INSERT INTO ToolOptionSet VALUES ('{5170E840-9DF5-11D5-96F8-00207802C01C}','16777488','{5170E8FC-9DF5-11D5-96F8-00207802C01C}',NULL)       
INSERT INTO ToolOptionSet VALUES ('{5170E840-9DF5-11D5-96F8-00207802C01C}','16777488','{5170E8F2-9DF5-11D5-96F8-00207802C01C}',NULL)       
INSERT INTO ToolOptionSet VALUES ('{5170E840-9DF5-11D5-96F8-00207802C01C}','16777488','{5170E8ED-9DF5-11D5-96F8-00207802C01C}',NULL)       
INSERT INTO ToolOptionSet VALUES ('{5170E840-9DF5-11D5-96F8-00207802C01C}','16777488','{5170E901-9DF5-11D5-96F8-00207802C01C}',NULL)       
INSERT INTO ToolOptionSet VALUES ('{5170E840-9DF5-11D5-96F8-00207802C01C}','16777488','{5170E8FF-9DF5-11D5-96F8-00207802C01C}',NULL)      
INSERT INTO ToolOptionSet VALUES ('{5170E840-9DF5-11D5-96F8-00207802C01C}','16777488','{5170E900-9DF5-11D5-96F8-00207802C01C}',NULL)      
INSERT INTO ToolOptionSet VALUES ('{5170E840-9DF5-11D5-96F8-00207802C01C}','16777488','{5170E8EC-9DF5-11D5-96F8-00207802C01C}',NULL)        
INSERT INTO ToolOptionSet VALUES ('{5170E840-9DF5-11D5-96F8-00207802C01C}','16777488','{5170E8EB-9DF5-11D5-96F8-00207802C01C}',NULL)        
	//DLL Release settings
INSERT INTO ToolOptionSet VALUES ('{5170E840-9DF5-11D5-96F8-00207802C01C}','33554432','{5170E8FB-9DF5-11D5-96F8-00207802C01C}',NULL)       
INSERT INTO ToolOptionSet VALUES ('{5170E840-9DF5-11D5-96F8-00207802C01C}','33554432','{5170E8F6-9DF5-11D5-96F8-00207802C01C}',NULL)       
INSERT INTO ToolOptionSet VALUES ('{5170E840-9DF5-11D5-96F8-00207802C01C}','33554432','{5170E8EE-9DF5-11D5-96F8-00207802C01C}',NULL)       
INSERT INTO ToolOptionSet VALUES ('{5170E840-9DF5-11D5-96F8-00207802C01C}','33554432','{5170E901-9DF5-11D5-96F8-00207802C01C}',NULL)       
INSERT INTO ToolOptionSet VALUES ('{5170E840-9DF5-11D5-96F8-00207802C01C}','33554432','{5170E902-9DF5-11D5-96F8-00207802C01C}',NULL)       
INSERT INTO ToolOptionSet VALUES ('{5170E840-9DF5-11D5-96F8-00207802C01C}','33554432','{5170E903-9DF5-11D5-96F8-00207802C01C}',NULL)       
INSERT INTO ToolOptionSet VALUES ('{5170E840-9DF5-11D5-96F8-00207802C01C}','33554432','{5170E8EC-9DF5-11D5-96F8-00207802C01C}',NULL)        
INSERT INTO ToolOptionSet VALUES ('{5170E840-9DF5-11D5-96F8-00207802C01C}','33554432','{5170E8EB-9DF5-11D5-96F8-00207802C01C}',NULL)        
	//ATL DLL Release MinSize settings
INSERT INTO ToolOptionSet VALUES ('{5170E840-9DF5-11D5-96F8-00207802C01C}','33554433','{5170E8F1-9DF5-11D5-96F8-00207802C01C}',NULL)       
INSERT INTO ToolOptionSet VALUES ('{5170E840-9DF5-11D5-96F8-00207802C01C}','33554433','{5170E8F0-9DF5-11D5-96F8-00207802C01C}',NULL)       
INSERT INTO ToolOptionSet VALUES ('{5170E840-9DF5-11D5-96F8-00207802C01C}','33554433','{5170E8EE-9DF5-11D5-96F8-00207802C01C}',NULL)       
INSERT INTO ToolOptionSet VALUES ('{5170E840-9DF5-11D5-96F8-00207802C01C}','33554433','{5170E901-9DF5-11D5-96F8-00207802C01C}',NULL)       
INSERT INTO ToolOptionSet VALUES ('{5170E840-9DF5-11D5-96F8-00207802C01C}','33554433','{5170E902-9DF5-11D5-96F8-00207802C01C}',NULL)       
INSERT INTO ToolOptionSet VALUES ('{5170E840-9DF5-11D5-96F8-00207802C01C}','33554433','{5170E903-9DF5-11D5-96F8-00207802C01C}',NULL)       
INSERT INTO ToolOptionSet VALUES ('{5170E840-9DF5-11D5-96F8-00207802C01C}','33554433','{5170E8EC-9DF5-11D5-96F8-00207802C01C}',NULL)        
INSERT INTO ToolOptionSet VALUES ('{5170E840-9DF5-11D5-96F8-00207802C01C}','33554433','{5170E8EB-9DF5-11D5-96F8-00207802C01C}',NULL)        
	//ATL DLL Release MinDep settings
INSERT INTO ToolOptionSet VALUES ('{5170E840-9DF5-11D5-96F8-00207802C01C}','33554434','{5170E8F1-9DF5-11D5-96F8-00207802C01C}',NULL)       
INSERT INTO ToolOptionSet VALUES ('{5170E840-9DF5-11D5-96F8-00207802C01C}','33554434','{5170E8F0-9DF5-11D5-96F8-00207802C01C}',NULL)       
INSERT INTO ToolOptionSet VALUES ('{5170E840-9DF5-11D5-96F8-00207802C01C}','33554434','{5170E8EE-9DF5-11D5-96F8-00207802C01C}',NULL)       
INSERT INTO ToolOptionSet VALUES ('{5170E840-9DF5-11D5-96F8-00207802C01C}','33554434','{5170E901-9DF5-11D5-96F8-00207802C01C}',NULL)       
INSERT INTO ToolOptionSet VALUES ('{5170E840-9DF5-11D5-96F8-00207802C01C}','33554434','{5170E8FE-9DF5-11D5-96F8-00207802C01C}',NULL)       
INSERT INTO ToolOptionSet VALUES ('{5170E840-9DF5-11D5-96F8-00207802C01C}','33554434','{5170E902-9DF5-11D5-96F8-00207802C01C}',NULL)       
INSERT INTO ToolOptionSet VALUES ('{5170E840-9DF5-11D5-96F8-00207802C01C}','33554434','{5170E903-9DF5-11D5-96F8-00207802C01C}',NULL)       
INSERT INTO ToolOptionSet VALUES ('{5170E840-9DF5-11D5-96F8-00207802C01C}','33554434','{5170E8EC-9DF5-11D5-96F8-00207802C01C}',NULL)        
INSERT INTO ToolOptionSet VALUES ('{5170E840-9DF5-11D5-96F8-00207802C01C}','33554434','{5170E8EB-9DF5-11D5-96F8-00207802C01C}',NULL)        
	// ATL EXE Release MinSize Settings
INSERT INTO ToolOptionSet VALUES ('{5170E840-9DF5-11D5-96F8-00207802C01C}','16777217','{5170E8F2-9DF5-11D5-96F8-00207802C01C}',NULL)       
INSERT INTO ToolOptionSet VALUES ('{5170E840-9DF5-11D5-96F8-00207802C01C}','16777217','{5170E8F0-9DF5-11D5-96F8-00207802C01C}',NULL)       
INSERT INTO ToolOptionSet VALUES ('{5170E840-9DF5-11D5-96F8-00207802C01C}','16777217','{5170E8EE-9DF5-11D5-96F8-00207802C01C}',NULL)       
INSERT INTO ToolOptionSet VALUES ('{5170E840-9DF5-11D5-96F8-00207802C01C}','16777217','{5170E901-9DF5-11D5-96F8-00207802C01C}',NULL)       
INSERT INTO ToolOptionSet VALUES ('{5170E840-9DF5-11D5-96F8-00207802C01C}','16777217','{5170E902-9DF5-11D5-96F8-00207802C01C}',NULL)       
INSERT INTO ToolOptionSet VALUES ('{5170E840-9DF5-11D5-96F8-00207802C01C}','16777217','{5170E903-9DF5-11D5-96F8-00207802C01C}',NULL)       
INSERT INTO ToolOptionSet VALUES ('{5170E840-9DF5-11D5-96F8-00207802C01C}','16777217','{5170E8EC-9DF5-11D5-96F8-00207802C01C}',NULL)        
INSERT INTO ToolOptionSet VALUES ('{5170E840-9DF5-11D5-96F8-00207802C01C}','16777217','{5170E8EB-9DF5-11D5-96F8-00207802C01C}',NULL)        
	// ATL EXE Release MinDep Settings                                   
INSERT INTO ToolOptionSet VALUES ('{5170E840-9DF5-11D5-96F8-00207802C01C}','16777218','{5170E8F2-9DF5-11D5-96F8-00207802C01C}',NULL)       
INSERT INTO ToolOptionSet VALUES ('{5170E840-9DF5-11D5-96F8-00207802C01C}','16777218','{5170E8F0-9DF5-11D5-96F8-00207802C01C}',NULL)       
INSERT INTO ToolOptionSet VALUES ('{5170E840-9DF5-11D5-96F8-00207802C01C}','16777218','{5170E8EE-9DF5-11D5-96F8-00207802C01C}',NULL)       
INSERT INTO ToolOptionSet VALUES ('{5170E840-9DF5-11D5-96F8-00207802C01C}','16777218','{5170E901-9DF5-11D5-96F8-00207802C01C}',NULL)       
INSERT INTO ToolOptionSet VALUES ('{5170E840-9DF5-11D5-96F8-00207802C01C}','16777218','{5170E8FE-9DF5-11D5-96F8-00207802C01C}',NULL)       
INSERT INTO ToolOptionSet VALUES ('{5170E840-9DF5-11D5-96F8-00207802C01C}','16777218','{5170E902-9DF5-11D5-96F8-00207802C01C}',NULL)       
INSERT INTO ToolOptionSet VALUES ('{5170E840-9DF5-11D5-96F8-00207802C01C}','16777218','{5170E903-9DF5-11D5-96F8-00207802C01C}',NULL)       
INSERT INTO ToolOptionSet VALUES ('{5170E840-9DF5-11D5-96F8-00207802C01C}','16777218','{5170E8EC-9DF5-11D5-96F8-00207802C01C}',NULL)        
INSERT INTO ToolOptionSet VALUES ('{5170E840-9DF5-11D5-96F8-00207802C01C}','16777218','{5170E8EB-9DF5-11D5-96F8-00207802C01C}',NULL)        
	//MFC DLL Release settings
INSERT INTO ToolOptionSet VALUES ('{5170E840-9DF5-11D5-96F8-00207802C01C}','33554448','{5170E8F6-9DF5-11D5-96F8-00207802C01C}',NULL)       
INSERT INTO ToolOptionSet VALUES ('{5170E840-9DF5-11D5-96F8-00207802C01C}','33554448','{5170E8F2-9DF5-11D5-96F8-00207802C01C}',NULL)       
INSERT INTO ToolOptionSet VALUES ('{5170E840-9DF5-11D5-96F8-00207802C01C}','33554448','{5170E8EE-9DF5-11D5-96F8-00207802C01C}',NULL)       
INSERT INTO ToolOptionSet VALUES ('{5170E840-9DF5-11D5-96F8-00207802C01C}','33554448','{5170E901-9DF5-11D5-96F8-00207802C01C}',NULL)       
INSERT INTO ToolOptionSet VALUES ('{5170E840-9DF5-11D5-96F8-00207802C01C}','33554448','{5170E902-9DF5-11D5-96F8-00207802C01C}',NULL)       
INSERT INTO ToolOptionSet VALUES ('{5170E840-9DF5-11D5-96F8-00207802C01C}','33554448','{5170E903-9DF5-11D5-96F8-00207802C01C}',NULL)       
INSERT INTO ToolOptionSet VALUES ('{5170E840-9DF5-11D5-96F8-00207802C01C}','33554448','{5170E900-9DF5-11D5-96F8-00207802C01C}',NULL)      
INSERT INTO ToolOptionSet VALUES ('{5170E840-9DF5-11D5-96F8-00207802C01C}','33554448','{5170E8EC-9DF5-11D5-96F8-00207802C01C}',NULL)        
INSERT INTO ToolOptionSet VALUES ('{5170E840-9DF5-11D5-96F8-00207802C01C}','33554448','{5170E8EB-9DF5-11D5-96F8-00207802C01C}',NULL)        
	// DLL Debug settings
INSERT INTO ToolOptionSet VALUES ('{5170E840-9DF5-11D5-96F8-00207802C01C}','33554688','{5170E8FD-9DF5-11D5-96F8-00207802C01C}',NULL)       
INSERT INTO ToolOptionSet VALUES ('{5170E840-9DF5-11D5-96F8-00207802C01C}','33554688','{5170E8FB-9DF5-11D5-96F8-00207802C01C}',NULL)       
INSERT INTO ToolOptionSet VALUES ('{5170E840-9DF5-11D5-96F8-00207802C01C}','33554688','{5170E8FA-9DF5-11D5-96F8-00207802C01C}',NULL)       
INSERT INTO ToolOptionSet VALUES ('{5170E840-9DF5-11D5-96F8-00207802C01C}','33554688','{5170E8ED-9DF5-11D5-96F8-00207802C01C}',NULL)       
INSERT INTO ToolOptionSet VALUES ('{5170E840-9DF5-11D5-96F8-00207802C01C}','33554688','{5170E901-9DF5-11D5-96F8-00207802C01C}',NULL)       
INSERT INTO ToolOptionSet VALUES ('{5170E840-9DF5-11D5-96F8-00207802C01C}','33554688','{5170E8FF-9DF5-11D5-96F8-00207802C01C}',NULL)      
INSERT INTO ToolOptionSet VALUES ('{5170E840-9DF5-11D5-96F8-00207802C01C}','33554688','{5170E8EC-9DF5-11D5-96F8-00207802C01C}',NULL)        
INSERT INTO ToolOptionSet VALUES ('{5170E840-9DF5-11D5-96F8-00207802C01C}','33554688','{5170E8EB-9DF5-11D5-96F8-00207802C01C}',NULL)        
	// ATL DLL Debug settings
INSERT INTO ToolOptionSet VALUES ('{5170E840-9DF5-11D5-96F8-00207802C01C}','33554689','{5170E8FD-9DF5-11D5-96F8-00207802C01C}',NULL)       
INSERT INTO ToolOptionSet VALUES ('{5170E840-9DF5-11D5-96F8-00207802C01C}','33554689','{5170E8FA-9DF5-11D5-96F8-00207802C01C}',NULL)       
INSERT INTO ToolOptionSet VALUES ('{5170E840-9DF5-11D5-96F8-00207802C01C}','33554689','{5170E8F3-9DF5-11D5-96F8-00207802C01C}',NULL)       
INSERT INTO ToolOptionSet VALUES ('{5170E840-9DF5-11D5-96F8-00207802C01C}','33554689','{5170E8F2-9DF5-11D5-96F8-00207802C01C}',NULL)       
INSERT INTO ToolOptionSet VALUES ('{5170E840-9DF5-11D5-96F8-00207802C01C}','33554689','{5170E8ED-9DF5-11D5-96F8-00207802C01C}',NULL)       
INSERT INTO ToolOptionSet VALUES ('{5170E840-9DF5-11D5-96F8-00207802C01C}','33554689','{5170E901-9DF5-11D5-96F8-00207802C01C}',NULL)       
INSERT INTO ToolOptionSet VALUES ('{5170E840-9DF5-11D5-96F8-00207802C01C}','33554689','{5170E8FF-9DF5-11D5-96F8-00207802C01C}',NULL)      
INSERT INTO ToolOptionSet VALUES ('{5170E840-9DF5-11D5-96F8-00207802C01C}','33554689','{5170E8EC-9DF5-11D5-96F8-00207802C01C}',NULL)        
INSERT INTO ToolOptionSet VALUES ('{5170E840-9DF5-11D5-96F8-00207802C01C}','33554689','{5170E8EB-9DF5-11D5-96F8-00207802C01C}',NULL)        
	// ATL EXE Debug Settings	
INSERT INTO ToolOptionSet VALUES ('{5170E840-9DF5-11D5-96F8-00207802C01C}','16777473','{5170E8FD-9DF5-11D5-96F8-00207802C01C}',NULL)       
INSERT INTO ToolOptionSet VALUES ('{5170E840-9DF5-11D5-96F8-00207802C01C}','16777473','{5170E8FC-9DF5-11D5-96F8-00207802C01C}',NULL)       
INSERT INTO ToolOptionSet VALUES ('{5170E840-9DF5-11D5-96F8-00207802C01C}','16777473','{5170E8F2-9DF5-11D5-96F8-00207802C01C}',NULL)       
INSERT INTO ToolOptionSet VALUES ('{5170E840-9DF5-11D5-96F8-00207802C01C}','16777473','{5170E8ED-9DF5-11D5-96F8-00207802C01C}',NULL)       
INSERT INTO ToolOptionSet VALUES ('{5170E840-9DF5-11D5-96F8-00207802C01C}','16777473','{5170E901-9DF5-11D5-96F8-00207802C01C}',NULL)       
INSERT INTO ToolOptionSet VALUES ('{5170E840-9DF5-11D5-96F8-00207802C01C}','16777473','{5170E8FF-9DF5-11D5-96F8-00207802C01C}',NULL)      
INSERT INTO ToolOptionSet VALUES ('{5170E840-9DF5-11D5-96F8-00207802C01C}','16777473','{5170E8EC-9DF5-11D5-96F8-00207802C01C}',NULL)        
INSERT INTO ToolOptionSet VALUES ('{5170E840-9DF5-11D5-96F8-00207802C01C}','16777473','{5170E8EB-9DF5-11D5-96F8-00207802C01C}',NULL)        
	// MFC DLL Debug settings
INSERT INTO ToolOptionSet VALUES ('{5170E840-9DF5-11D5-96F8-00207802C01C}','33554704','{5170E8FD-9DF5-11D5-96F8-00207802C01C}',NULL)       
INSERT INTO ToolOptionSet VALUES ('{5170E840-9DF5-11D5-96F8-00207802C01C}','33554704','{5170E8FA-9DF5-11D5-96F8-00207802C01C}',NULL)       
INSERT INTO ToolOptionSet VALUES ('{5170E840-9DF5-11D5-96F8-00207802C01C}','33554704','{5170E8F2-9DF5-11D5-96F8-00207802C01C}',NULL)       
INSERT INTO ToolOptionSet VALUES ('{5170E840-9DF5-11D5-96F8-00207802C01C}','33554704','{5170E8ED-9DF5-11D5-96F8-00207802C01C}',NULL)       
INSERT INTO ToolOptionSet VALUES ('{5170E840-9DF5-11D5-96F8-00207802C01C}','33554704','{5170E901-9DF5-11D5-96F8-00207802C01C}',NULL)       
INSERT INTO ToolOptionSet VALUES ('{5170E840-9DF5-11D5-96F8-00207802C01C}','33554704','{5170E8FF-9DF5-11D5-96F8-00207802C01C}',NULL)      
INSERT INTO ToolOptionSet VALUES ('{5170E840-9DF5-11D5-96F8-00207802C01C}','33554704','{5170E900-9DF5-11D5-96F8-00207802C01C}',NULL)      
INSERT INTO ToolOptionSet VALUES ('{5170E840-9DF5-11D5-96F8-00207802C01C}','33554704','{5170E8EC-9DF5-11D5-96F8-00207802C01C}',NULL)        
INSERT INTO ToolOptionSet VALUES ('{5170E840-9DF5-11D5-96F8-00207802C01C}','33554704','{5170E8EB-9DF5-11D5-96F8-00207802C01C}',NULL)        
	// MFC ActiveX Control release settings
INSERT INTO ToolOptionSet VALUES ('{5170E840-9DF5-11D5-96F8-00207802C01C}','33558544','{5170E8F6-9DF5-11D5-96F8-00207802C01C}',NULL)       
INSERT INTO ToolOptionSet VALUES ('{5170E840-9DF5-11D5-96F8-00207802C01C}','33558544','{5170E8F2-9DF5-11D5-96F8-00207802C01C}',NULL)       
INSERT INTO ToolOptionSet VALUES ('{5170E840-9DF5-11D5-96F8-00207802C01C}','33558544','{5170E8EF-9DF5-11D5-96F8-00207802C01C}',NULL)       
INSERT INTO ToolOptionSet VALUES ('{5170E840-9DF5-11D5-96F8-00207802C01C}','33558544','{5170E8EE-9DF5-11D5-96F8-00207802C01C}',NULL)       
INSERT INTO ToolOptionSet VALUES ('{5170E840-9DF5-11D5-96F8-00207802C01C}','33558544','{5170E901-9DF5-11D5-96F8-00207802C01C}',NULL)       
INSERT INTO ToolOptionSet VALUES ('{5170E840-9DF5-11D5-96F8-00207802C01C}','33558544','{5170E902-9DF5-11D5-96F8-00207802C01C}',NULL)       
INSERT INTO ToolOptionSet VALUES ('{5170E840-9DF5-11D5-96F8-00207802C01C}','33558544','{5170E903-9DF5-11D5-96F8-00207802C01C}',NULL)       
INSERT INTO ToolOptionSet VALUES ('{5170E840-9DF5-11D5-96F8-00207802C01C}','33558544','{5170E900-9DF5-11D5-96F8-00207802C01C}',NULL)      
INSERT INTO ToolOptionSet VALUES ('{5170E840-9DF5-11D5-96F8-00207802C01C}','33558544','{5170E8EC-9DF5-11D5-96F8-00207802C01C}',NULL)        
INSERT INTO ToolOptionSet VALUES ('{5170E840-9DF5-11D5-96F8-00207802C01C}','33558544','{5170E8EB-9DF5-11D5-96F8-00207802C01C}',NULL)        
	// MFC ActiveX Control debug settings
INSERT INTO ToolOptionSet VALUES ('{5170E840-9DF5-11D5-96F8-00207802C01C}','33558800','{5170E8FD-9DF5-11D5-96F8-00207802C01C}',NULL)       
INSERT INTO ToolOptionSet VALUES ('{5170E840-9DF5-11D5-96F8-00207802C01C}','33558800','{5170E8FA-9DF5-11D5-96F8-00207802C01C}',NULL)       
INSERT INTO ToolOptionSet VALUES ('{5170E840-9DF5-11D5-96F8-00207802C01C}','33558800','{5170E8F2-9DF5-11D5-96F8-00207802C01C}',NULL)       
INSERT INTO ToolOptionSet VALUES ('{5170E840-9DF5-11D5-96F8-00207802C01C}','33558800','{5170E8EF-9DF5-11D5-96F8-00207802C01C}',NULL)       
INSERT INTO ToolOptionSet VALUES ('{5170E840-9DF5-11D5-96F8-00207802C01C}','33558800','{5170E8ED-9DF5-11D5-96F8-00207802C01C}',NULL)       
INSERT INTO ToolOptionSet VALUES ('{5170E840-9DF5-11D5-96F8-00207802C01C}','33558800','{5170E901-9DF5-11D5-96F8-00207802C01C}',NULL)       
INSERT INTO ToolOptionSet VALUES ('{5170E840-9DF5-11D5-96F8-00207802C01C}','33558800','{5170E8FF-9DF5-11D5-96F8-00207802C01C}',NULL)      
INSERT INTO ToolOptionSet VALUES ('{5170E840-9DF5-11D5-96F8-00207802C01C}','33558800','{5170E900-9DF5-11D5-96F8-00207802C01C}',NULL)      
INSERT INTO ToolOptionSet VALUES ('{5170E840-9DF5-11D5-96F8-00207802C01C}','33558800','{5170E8EC-9DF5-11D5-96F8-00207802C01C}',NULL)        
INSERT INTO ToolOptionSet VALUES ('{5170E840-9DF5-11D5-96F8-00207802C01C}','33558800','{5170E8EB-9DF5-11D5-96F8-00207802C01C}',NULL)        
	// Concole application release settings
INSERT INTO ToolOptionSet VALUES ('{5170E840-9DF5-11D5-96F8-00207802C01C}','50331648','{5170E8FB-9DF5-11D5-96F8-00207802C01C}',NULL)       
INSERT INTO ToolOptionSet VALUES ('{5170E840-9DF5-11D5-96F8-00207802C01C}','50331648','{5170E8F5-9DF5-11D5-96F8-00207802C01C}',NULL)       
INSERT INTO ToolOptionSet VALUES ('{5170E840-9DF5-11D5-96F8-00207802C01C}','50331648','{5170E8EE-9DF5-11D5-96F8-00207802C01C}',NULL)       
INSERT INTO ToolOptionSet VALUES ('{5170E840-9DF5-11D5-96F8-00207802C01C}','50331648','{5170E901-9DF5-11D5-96F8-00207802C01C}',NULL)       
INSERT INTO ToolOptionSet VALUES ('{5170E840-9DF5-11D5-96F8-00207802C01C}','50331648','{5170E902-9DF5-11D5-96F8-00207802C01C}',NULL)       
INSERT INTO ToolOptionSet VALUES ('{5170E840-9DF5-11D5-96F8-00207802C01C}','50331648','{5170E903-9DF5-11D5-96F8-00207802C01C}',NULL)       
INSERT INTO ToolOptionSet VALUES ('{5170E840-9DF5-11D5-96F8-00207802C01C}','50331648','{5170E8EC-9DF5-11D5-96F8-00207802C01C}',NULL)        
INSERT INTO ToolOptionSet VALUES ('{5170E840-9DF5-11D5-96F8-00207802C01C}','50331648','{5170E8EB-9DF5-11D5-96F8-00207802C01C}',NULL)        
	// Concole application debug settings
INSERT INTO ToolOptionSet VALUES ('{5170E840-9DF5-11D5-96F8-00207802C01C}','50331904','{5170E8FD-9DF5-11D5-96F8-00207802C01C}',NULL)       
INSERT INTO ToolOptionSet VALUES ('{5170E840-9DF5-11D5-96F8-00207802C01C}','50331904','{5170E8FB-9DF5-11D5-96F8-00207802C01C}',NULL)       
INSERT INTO ToolOptionSet VALUES ('{5170E840-9DF5-11D5-96F8-00207802C01C}','50331904','{5170E8F9-9DF5-11D5-96F8-00207802C01C}',NULL)       
INSERT INTO ToolOptionSet VALUES ('{5170E840-9DF5-11D5-96F8-00207802C01C}','50331904','{5170E8ED-9DF5-11D5-96F8-00207802C01C}',NULL)       
INSERT INTO ToolOptionSet VALUES ('{5170E840-9DF5-11D5-96F8-00207802C01C}','50331904','{5170E901-9DF5-11D5-96F8-00207802C01C}',NULL)       
INSERT INTO ToolOptionSet VALUES ('{5170E840-9DF5-11D5-96F8-00207802C01C}','50331904','{5170E8FF-9DF5-11D5-96F8-00207802C01C}',NULL)      
INSERT INTO ToolOptionSet VALUES ('{5170E840-9DF5-11D5-96F8-00207802C01C}','50331904','{5170E8EC-9DF5-11D5-96F8-00207802C01C}',NULL)        
INSERT INTO ToolOptionSet VALUES ('{5170E840-9DF5-11D5-96F8-00207802C01C}','50331904','{5170E8EB-9DF5-11D5-96F8-00207802C01C}',NULL)        
	// Static Library release settings
INSERT INTO ToolOptionSet VALUES ('{5170E840-9DF5-11D5-96F8-00207802C01C}','67108864','{5170E8FB-9DF5-11D5-96F8-00207802C01C}',NULL)       
INSERT INTO ToolOptionSet VALUES ('{5170E840-9DF5-11D5-96F8-00207802C01C}','67108864','{5170E8F4-9DF5-11D5-96F8-00207802C01C}',NULL)       
INSERT INTO ToolOptionSet VALUES ('{5170E840-9DF5-11D5-96F8-00207802C01C}','67108864','{5170E8EE-9DF5-11D5-96F8-00207802C01C}',NULL)       
INSERT INTO ToolOptionSet VALUES ('{5170E840-9DF5-11D5-96F8-00207802C01C}','67108864','{5170E901-9DF5-11D5-96F8-00207802C01C}',NULL)       
INSERT INTO ToolOptionSet VALUES ('{5170E840-9DF5-11D5-96F8-00207802C01C}','67108864','{5170E902-9DF5-11D5-96F8-00207802C01C}',NULL)       
INSERT INTO ToolOptionSet VALUES ('{5170E840-9DF5-11D5-96F8-00207802C01C}','67108864','{5170E903-9DF5-11D5-96F8-00207802C01C}',NULL)       
INSERT INTO ToolOptionSet VALUES ('{5170E840-9DF5-11D5-96F8-00207802C01C}','67108864','{5170E8EC-9DF5-11D5-96F8-00207802C01C}',NULL)        
INSERT INTO ToolOptionSet VALUES ('{5170E840-9DF5-11D5-96F8-00207802C01C}','67108864','{5170E8EB-9DF5-11D5-96F8-00207802C01C}',NULL)        
	// Static Library debug settings
INSERT INTO ToolOptionSet VALUES ('{5170E840-9DF5-11D5-96F8-00207802C01C}','67109120','{5170E8FD-9DF5-11D5-96F8-00207802C01C}',NULL)       
INSERT INTO ToolOptionSet VALUES ('{5170E840-9DF5-11D5-96F8-00207802C01C}','67109120','{5170E8FB-9DF5-11D5-96F8-00207802C01C}',NULL)       
INSERT INTO ToolOptionSet VALUES ('{5170E840-9DF5-11D5-96F8-00207802C01C}','67109120','{5170E8F8-9DF5-11D5-96F8-00207802C01C}',NULL)       
INSERT INTO ToolOptionSet VALUES ('{5170E840-9DF5-11D5-96F8-00207802C01C}','67109120','{5170E8ED-9DF5-11D5-96F8-00207802C01C}',NULL)       
INSERT INTO ToolOptionSet VALUES ('{5170E840-9DF5-11D5-96F8-00207802C01C}','67109120','{5170E901-9DF5-11D5-96F8-00207802C01C}',NULL)       
INSERT INTO ToolOptionSet VALUES ('{5170E840-9DF5-11D5-96F8-00207802C01C}','67109120','{5170E8FF-9DF5-11D5-96F8-00207802C01C}',NULL)      
INSERT INTO ToolOptionSet VALUES ('{5170E840-9DF5-11D5-96F8-00207802C01C}','67109120','{5170E8EC-9DF5-11D5-96F8-00207802C01C}',NULL)        
INSERT INTO ToolOptionSet VALUES ('{5170E840-9DF5-11D5-96F8-00207802C01C}','67109120','{5170E8EB-9DF5-11D5-96F8-00207802C01C}',NULL)        

				
// LINK MIPSII_FP
	//EXE Release settings
INSERT INTO ToolOptionSet VALUES ('{5170E841-9DF5-11D5-96F8-00207802C01C}','16777216','{5170E8E2-9DF5-11D5-96F8-00207802C01C}',NULL)       
INSERT INTO ToolOptionSet VALUES ('{5170E841-9DF5-11D5-96F8-00207802C01C}','16777216','{5170E8D8-9DF5-11D5-96F8-00207802C01C}',NULL)       
INSERT INTO ToolOptionSet VALUES ('{5170E841-9DF5-11D5-96F8-00207802C01C}','16777216','{5170E8D6-9DF5-11D5-96F8-00207802C01C}',NULL)       
INSERT INTO ToolOptionSet VALUES ('{5170E841-9DF5-11D5-96F8-00207802C01C}','16777216','{5170E8E8-9DF5-11D5-96F8-00207802C01C}',NULL)       
INSERT INTO ToolOptionSet VALUES ('{5170E841-9DF5-11D5-96F8-00207802C01C}','16777216','{5170E8E6-9DF5-11D5-96F8-00207802C01C}',NULL)       
INSERT INTO ToolOptionSet VALUES ('{5170E841-9DF5-11D5-96F8-00207802C01C}','16777216','{5170E8E4-9DF5-11D5-96F8-00207802C01C}',NULL)       
INSERT INTO ToolOptionSet VALUES ('{5170E841-9DF5-11D5-96F8-00207802C01C}','16777216','{5170E8E3-9DF5-11D5-96F8-00207802C01C}',NULL)      
	//MFC EXE Release settings 
INSERT INTO ToolOptionSet VALUES ('{5170E841-9DF5-11D5-96F8-00207802C01C}','16777232','{5170E8D9-9DF5-11D5-96F8-00207802C01C}',NULL)       
INSERT INTO ToolOptionSet VALUES ('{5170E841-9DF5-11D5-96F8-00207802C01C}','16777232','{5170E8D0-9DF5-11D5-96F8-00207802C01C}',NULL)       
INSERT INTO ToolOptionSet VALUES ('{5170E841-9DF5-11D5-96F8-00207802C01C}','16777232','{5170E8E8-9DF5-11D5-96F8-00207802C01C}',NULL)       
INSERT INTO ToolOptionSet VALUES ('{5170E841-9DF5-11D5-96F8-00207802C01C}','16777232','{5170E8E6-9DF5-11D5-96F8-00207802C01C}',NULL)       
INSERT INTO ToolOptionSet VALUES ('{5170E841-9DF5-11D5-96F8-00207802C01C}','16777232','{5170E8E4-9DF5-11D5-96F8-00207802C01C}',NULL)       
INSERT INTO ToolOptionSet VALUES ('{5170E841-9DF5-11D5-96F8-00207802C01C}','16777232','{5170E8E3-9DF5-11D5-96F8-00207802C01C}',NULL)      
	// EXE Debug settings
INSERT INTO ToolOptionSet VALUES ('{5170E841-9DF5-11D5-96F8-00207802C01C}','16777472','{5170E8E2-9DF5-11D5-96F8-00207802C01C}',NULL)       
INSERT INTO ToolOptionSet VALUES ('{5170E841-9DF5-11D5-96F8-00207802C01C}','16777472','{5170E8E1-9DF5-11D5-96F8-00207802C01C}',NULL)       
INSERT INTO ToolOptionSet VALUES ('{5170E841-9DF5-11D5-96F8-00207802C01C}','16777472','{5170E8E0-9DF5-11D5-96F8-00207802C01C}',NULL)       
INSERT INTO ToolOptionSet VALUES ('{5170E841-9DF5-11D5-96F8-00207802C01C}','16777472','{5170E8DF-9DF5-11D5-96F8-00207802C01C}',NULL)       
INSERT INTO ToolOptionSet VALUES ('{5170E841-9DF5-11D5-96F8-00207802C01C}','16777472','{5170E8E8-9DF5-11D5-96F8-00207802C01C}',NULL)       
INSERT INTO ToolOptionSet VALUES ('{5170E841-9DF5-11D5-96F8-00207802C01C}','16777472','{5170E8E6-9DF5-11D5-96F8-00207802C01C}',NULL)       
INSERT INTO ToolOptionSet VALUES ('{5170E841-9DF5-11D5-96F8-00207802C01C}','16777472','{5170E8E4-9DF5-11D5-96F8-00207802C01C}',NULL)       
INSERT INTO ToolOptionSet VALUES ('{5170E841-9DF5-11D5-96F8-00207802C01C}','16777472','{5170E8E5-9DF5-11D5-96F8-00207802C01C}',NULL)      
	//MFC EXE Debug settings
INSERT INTO ToolOptionSet VALUES ('{5170E841-9DF5-11D5-96F8-00207802C01C}','16777488','{5170E8DB-9DF5-11D5-96F8-00207802C01C}',NULL)       
INSERT INTO ToolOptionSet VALUES ('{5170E841-9DF5-11D5-96F8-00207802C01C}','16777488','{5170E8D9-9DF5-11D5-96F8-00207802C01C}',NULL)       
INSERT INTO ToolOptionSet VALUES ('{5170E841-9DF5-11D5-96F8-00207802C01C}','16777488','{5170E8E8-9DF5-11D5-96F8-00207802C01C}',NULL)       
INSERT INTO ToolOptionSet VALUES ('{5170E841-9DF5-11D5-96F8-00207802C01C}','16777488','{5170E8E6-9DF5-11D5-96F8-00207802C01C}',NULL)       
INSERT INTO ToolOptionSet VALUES ('{5170E841-9DF5-11D5-96F8-00207802C01C}','16777488','{5170E8E4-9DF5-11D5-96F8-00207802C01C}',NULL)       
INSERT INTO ToolOptionSet VALUES ('{5170E841-9DF5-11D5-96F8-00207802C01C}','16777488','{5170E8E5-9DF5-11D5-96F8-00207802C01C}',NULL)      
	//DLL Release settings
INSERT INTO ToolOptionSet VALUES ('{5170E841-9DF5-11D5-96F8-00207802C01C}','33554432','{5170E8E2-9DF5-11D5-96F8-00207802C01C}',NULL)       
INSERT INTO ToolOptionSet VALUES ('{5170E841-9DF5-11D5-96F8-00207802C01C}','33554432','{5170E8D6-9DF5-11D5-96F8-00207802C01C}',NULL)       
INSERT INTO ToolOptionSet VALUES ('{5170E841-9DF5-11D5-96F8-00207802C01C}','33554432','{5170E8D5-9DF5-11D5-96F8-00207802C01C}',NULL)       
INSERT INTO ToolOptionSet VALUES ('{5170E841-9DF5-11D5-96F8-00207802C01C}','33554432','{5170E8E7-9DF5-11D5-96F8-00207802C01C}',NULL)       
INSERT INTO ToolOptionSet VALUES ('{5170E841-9DF5-11D5-96F8-00207802C01C}','33554432','{5170E8E6-9DF5-11D5-96F8-00207802C01C}',NULL)       
INSERT INTO ToolOptionSet VALUES ('{5170E841-9DF5-11D5-96F8-00207802C01C}','33554432','{5170E8E4-9DF5-11D5-96F8-00207802C01C}',NULL)       
INSERT INTO ToolOptionSet VALUES ('{5170E841-9DF5-11D5-96F8-00207802C01C}','33554432','{5170E8E3-9DF5-11D5-96F8-00207802C01C}',NULL)      
	//ATL DLL Release MinSize settings
INSERT INTO ToolOptionSet VALUES ('{5170E841-9DF5-11D5-96F8-00207802C01C}','33554433','{5170E8D5-9DF5-11D5-96F8-00207802C01C}',NULL)       
INSERT INTO ToolOptionSet VALUES ('{5170E841-9DF5-11D5-96F8-00207802C01C}','33554433','{5170E8CF-9DF5-11D5-96F8-00207802C01C}',NULL)       
INSERT INTO ToolOptionSet VALUES ('{5170E841-9DF5-11D5-96F8-00207802C01C}','33554433','{5170E8E7-9DF5-11D5-96F8-00207802C01C}',NULL)       
INSERT INTO ToolOptionSet VALUES ('{5170E841-9DF5-11D5-96F8-00207802C01C}','33554433','{5170E8E6-9DF5-11D5-96F8-00207802C01C}',NULL)       
INSERT INTO ToolOptionSet VALUES ('{5170E841-9DF5-11D5-96F8-00207802C01C}','33554433','{5170E8E4-9DF5-11D5-96F8-00207802C01C}',NULL)       
INSERT INTO ToolOptionSet VALUES ('{5170E841-9DF5-11D5-96F8-00207802C01C}','33554433','{5170E8E3-9DF5-11D5-96F8-00207802C01C}',NULL)      
	//ATL DLL Release MinDep settings
INSERT INTO ToolOptionSet VALUES ('{5170E841-9DF5-11D5-96F8-00207802C01C}','33554434','{5170E8D5-9DF5-11D5-96F8-00207802C01C}',NULL)       
INSERT INTO ToolOptionSet VALUES ('{5170E841-9DF5-11D5-96F8-00207802C01C}','33554434','{5170E8CF-9DF5-11D5-96F8-00207802C01C}',NULL)       
INSERT INTO ToolOptionSet VALUES ('{5170E841-9DF5-11D5-96F8-00207802C01C}','33554434','{5170E8E7-9DF5-11D5-96F8-00207802C01C}',NULL)       
INSERT INTO ToolOptionSet VALUES ('{5170E841-9DF5-11D5-96F8-00207802C01C}','33554434','{5170E8E6-9DF5-11D5-96F8-00207802C01C}',NULL)       
INSERT INTO ToolOptionSet VALUES ('{5170E841-9DF5-11D5-96F8-00207802C01C}','33554434','{5170E8E4-9DF5-11D5-96F8-00207802C01C}',NULL)       
INSERT INTO ToolOptionSet VALUES ('{5170E841-9DF5-11D5-96F8-00207802C01C}','33554434','{5170E8E3-9DF5-11D5-96F8-00207802C01C}',NULL)      
	// ATL EXE Release MinSize Settings
INSERT INTO ToolOptionSet VALUES ('{5170E841-9DF5-11D5-96F8-00207802C01C}','16777217','{5170E8D8-9DF5-11D5-96F8-00207802C01C}',NULL)       
INSERT INTO ToolOptionSet VALUES ('{5170E841-9DF5-11D5-96F8-00207802C01C}','16777217','{5170E8CF-9DF5-11D5-96F8-00207802C01C}',NULL)       
INSERT INTO ToolOptionSet VALUES ('{5170E841-9DF5-11D5-96F8-00207802C01C}','16777217','{5170E8E8-9DF5-11D5-96F8-00207802C01C}',NULL)       
INSERT INTO ToolOptionSet VALUES ('{5170E841-9DF5-11D5-96F8-00207802C01C}','16777217','{5170E8E6-9DF5-11D5-96F8-00207802C01C}',NULL)       
INSERT INTO ToolOptionSet VALUES ('{5170E841-9DF5-11D5-96F8-00207802C01C}','16777217','{5170E8E4-9DF5-11D5-96F8-00207802C01C}',NULL)       
INSERT INTO ToolOptionSet VALUES ('{5170E841-9DF5-11D5-96F8-00207802C01C}','16777217','{5170E8E3-9DF5-11D5-96F8-00207802C01C}',NULL)      
	// ATL EXE Release MinDep Settings                                   
INSERT INTO ToolOptionSet VALUES ('{5170E841-9DF5-11D5-96F8-00207802C01C}','16777218','{5170E8D8-9DF5-11D5-96F8-00207802C01C}',NULL)       
INSERT INTO ToolOptionSet VALUES ('{5170E841-9DF5-11D5-96F8-00207802C01C}','16777218','{5170E8CF-9DF5-11D5-96F8-00207802C01C}',NULL)       
INSERT INTO ToolOptionSet VALUES ('{5170E841-9DF5-11D5-96F8-00207802C01C}','16777218','{5170E8E8-9DF5-11D5-96F8-00207802C01C}',NULL)       
INSERT INTO ToolOptionSet VALUES ('{5170E841-9DF5-11D5-96F8-00207802C01C}','16777218','{5170E8E6-9DF5-11D5-96F8-00207802C01C}',NULL)       
INSERT INTO ToolOptionSet VALUES ('{5170E841-9DF5-11D5-96F8-00207802C01C}','16777218','{5170E8E4-9DF5-11D5-96F8-00207802C01C}',NULL)       
INSERT INTO ToolOptionSet VALUES ('{5170E841-9DF5-11D5-96F8-00207802C01C}','16777218','{5170E8E3-9DF5-11D5-96F8-00207802C01C}',NULL)      
	//MFC DLL Release settings
INSERT INTO ToolOptionSet VALUES ('{5170E841-9DF5-11D5-96F8-00207802C01C}','33554448','{5170E8D5-9DF5-11D5-96F8-00207802C01C}',NULL)       
INSERT INTO ToolOptionSet VALUES ('{5170E841-9DF5-11D5-96F8-00207802C01C}','33554448','{5170E8CF-9DF5-11D5-96F8-00207802C01C}',NULL)       
INSERT INTO ToolOptionSet VALUES ('{5170E841-9DF5-11D5-96F8-00207802C01C}','33554448','{5170E8E7-9DF5-11D5-96F8-00207802C01C}',NULL)       
INSERT INTO ToolOptionSet VALUES ('{5170E841-9DF5-11D5-96F8-00207802C01C}','33554448','{5170E8E6-9DF5-11D5-96F8-00207802C01C}',NULL)       
INSERT INTO ToolOptionSet VALUES ('{5170E841-9DF5-11D5-96F8-00207802C01C}','33554448','{5170E8E4-9DF5-11D5-96F8-00207802C01C}',NULL)       
INSERT INTO ToolOptionSet VALUES ('{5170E841-9DF5-11D5-96F8-00207802C01C}','33554448','{5170E8E3-9DF5-11D5-96F8-00207802C01C}',NULL)      
	// DLL Debug settings
INSERT INTO ToolOptionSet VALUES ('{5170E841-9DF5-11D5-96F8-00207802C01C}','33554688','{5170E8E2-9DF5-11D5-96F8-00207802C01C}',NULL)       
INSERT INTO ToolOptionSet VALUES ('{5170E841-9DF5-11D5-96F8-00207802C01C}','33554688','{5170E8E1-9DF5-11D5-96F8-00207802C01C}',NULL)       
INSERT INTO ToolOptionSet VALUES ('{5170E841-9DF5-11D5-96F8-00207802C01C}','33554688','{5170E8DF-9DF5-11D5-96F8-00207802C01C}',NULL)       
INSERT INTO ToolOptionSet VALUES ('{5170E841-9DF5-11D5-96F8-00207802C01C}','33554688','{5170E8DE-9DF5-11D5-96F8-00207802C01C}',NULL)       
INSERT INTO ToolOptionSet VALUES ('{5170E841-9DF5-11D5-96F8-00207802C01C}','33554688','{5170E8E7-9DF5-11D5-96F8-00207802C01C}',NULL)       
INSERT INTO ToolOptionSet VALUES ('{5170E841-9DF5-11D5-96F8-00207802C01C}','33554688','{5170E8E6-9DF5-11D5-96F8-00207802C01C}',NULL)       
INSERT INTO ToolOptionSet VALUES ('{5170E841-9DF5-11D5-96F8-00207802C01C}','33554688','{5170E8E4-9DF5-11D5-96F8-00207802C01C}',NULL)       
INSERT INTO ToolOptionSet VALUES ('{5170E841-9DF5-11D5-96F8-00207802C01C}','33554688','{5170E8E5-9DF5-11D5-96F8-00207802C01C}',NULL)      
	// ATL DLL Debug settings
INSERT INTO ToolOptionSet VALUES ('{5170E841-9DF5-11D5-96F8-00207802C01C}','33554689','{5170E8DE-9DF5-11D5-96F8-00207802C01C}',NULL)       
INSERT INTO ToolOptionSet VALUES ('{5170E841-9DF5-11D5-96F8-00207802C01C}','33554689','{5170E8DA-9DF5-11D5-96F8-00207802C01C}',NULL)       
INSERT INTO ToolOptionSet VALUES ('{5170E841-9DF5-11D5-96F8-00207802C01C}','33554689','{5170E8CF-9DF5-11D5-96F8-00207802C01C}',NULL)       
INSERT INTO ToolOptionSet VALUES ('{5170E841-9DF5-11D5-96F8-00207802C01C}','33554689','{5170E8E7-9DF5-11D5-96F8-00207802C01C}',NULL)       
INSERT INTO ToolOptionSet VALUES ('{5170E841-9DF5-11D5-96F8-00207802C01C}','33554689','{5170E8E6-9DF5-11D5-96F8-00207802C01C}',NULL)       
INSERT INTO ToolOptionSet VALUES ('{5170E841-9DF5-11D5-96F8-00207802C01C}','33554689','{5170E8E4-9DF5-11D5-96F8-00207802C01C}',NULL)       
INSERT INTO ToolOptionSet VALUES ('{5170E841-9DF5-11D5-96F8-00207802C01C}','33554689','{5170E8E5-9DF5-11D5-96F8-00207802C01C}',NULL)      
	// ATL EXE Debug Settings	
INSERT INTO ToolOptionSet VALUES ('{5170E841-9DF5-11D5-96F8-00207802C01C}','16777473','{5170E8E0-9DF5-11D5-96F8-00207802C01C}',NULL)       
INSERT INTO ToolOptionSet VALUES ('{5170E841-9DF5-11D5-96F8-00207802C01C}','16777473','{5170E8DA-9DF5-11D5-96F8-00207802C01C}',NULL)       
INSERT INTO ToolOptionSet VALUES ('{5170E841-9DF5-11D5-96F8-00207802C01C}','16777473','{5170E8CF-9DF5-11D5-96F8-00207802C01C}',NULL)       
INSERT INTO ToolOptionSet VALUES ('{5170E841-9DF5-11D5-96F8-00207802C01C}','16777473','{5170E8E8-9DF5-11D5-96F8-00207802C01C}',NULL)       
INSERT INTO ToolOptionSet VALUES ('{5170E841-9DF5-11D5-96F8-00207802C01C}','16777473','{5170E8E6-9DF5-11D5-96F8-00207802C01C}',NULL)       
INSERT INTO ToolOptionSet VALUES ('{5170E841-9DF5-11D5-96F8-00207802C01C}','16777473','{5170E8E4-9DF5-11D5-96F8-00207802C01C}',NULL)       
INSERT INTO ToolOptionSet VALUES ('{5170E841-9DF5-11D5-96F8-00207802C01C}','16777473','{5170E8E5-9DF5-11D5-96F8-00207802C01C}',NULL)      
	// MFC DLL Debug settings
INSERT INTO ToolOptionSet VALUES ('{5170E841-9DF5-11D5-96F8-00207802C01C}','33554704','{5170E8DE-9DF5-11D5-96F8-00207802C01C}',NULL)       
INSERT INTO ToolOptionSet VALUES ('{5170E841-9DF5-11D5-96F8-00207802C01C}','33554704','{5170E8DA-9DF5-11D5-96F8-00207802C01C}',NULL)       
INSERT INTO ToolOptionSet VALUES ('{5170E841-9DF5-11D5-96F8-00207802C01C}','33554704','{5170E8CF-9DF5-11D5-96F8-00207802C01C}',NULL)       
INSERT INTO ToolOptionSet VALUES ('{5170E841-9DF5-11D5-96F8-00207802C01C}','33554704','{5170E8E7-9DF5-11D5-96F8-00207802C01C}',NULL)       
INSERT INTO ToolOptionSet VALUES ('{5170E841-9DF5-11D5-96F8-00207802C01C}','33554704','{5170E8E6-9DF5-11D5-96F8-00207802C01C}',NULL)       
INSERT INTO ToolOptionSet VALUES ('{5170E841-9DF5-11D5-96F8-00207802C01C}','33554704','{5170E8E4-9DF5-11D5-96F8-00207802C01C}',NULL)       
INSERT INTO ToolOptionSet VALUES ('{5170E841-9DF5-11D5-96F8-00207802C01C}','33554704','{5170E8E5-9DF5-11D5-96F8-00207802C01C}',NULL)      
	// MFC ActiveX Control release settings
INSERT INTO ToolOptionSet VALUES ('{5170E841-9DF5-11D5-96F8-00207802C01C}','33558544','{5170E8D5-9DF5-11D5-96F8-00207802C01C}',NULL)       
INSERT INTO ToolOptionSet VALUES ('{5170E841-9DF5-11D5-96F8-00207802C01C}','33558544','{5170E8CF-9DF5-11D5-96F8-00207802C01C}',NULL)       
INSERT INTO ToolOptionSet VALUES ('{5170E841-9DF5-11D5-96F8-00207802C01C}','33558544','{5170E8E7-9DF5-11D5-96F8-00207802C01C}',NULL)       
INSERT INTO ToolOptionSet VALUES ('{5170E841-9DF5-11D5-96F8-00207802C01C}','33558544','{5170E8E6-9DF5-11D5-96F8-00207802C01C}',NULL)       
INSERT INTO ToolOptionSet VALUES ('{5170E841-9DF5-11D5-96F8-00207802C01C}','33558544','{5170E8E4-9DF5-11D5-96F8-00207802C01C}',NULL)       
INSERT INTO ToolOptionSet VALUES ('{5170E841-9DF5-11D5-96F8-00207802C01C}','33558544','{5170E8E3-9DF5-11D5-96F8-00207802C01C}',NULL)      
	// MFC ActiveX Control debug settings
INSERT INTO ToolOptionSet VALUES ('{5170E841-9DF5-11D5-96F8-00207802C01C}','33558800','{5170E8DE-9DF5-11D5-96F8-00207802C01C}',NULL)       
INSERT INTO ToolOptionSet VALUES ('{5170E841-9DF5-11D5-96F8-00207802C01C}','33558800','{5170E8DA-9DF5-11D5-96F8-00207802C01C}',NULL)       
INSERT INTO ToolOptionSet VALUES ('{5170E841-9DF5-11D5-96F8-00207802C01C}','33558800','{5170E8CF-9DF5-11D5-96F8-00207802C01C}',NULL)       
INSERT INTO ToolOptionSet VALUES ('{5170E841-9DF5-11D5-96F8-00207802C01C}','33558800','{5170E8E7-9DF5-11D5-96F8-00207802C01C}',NULL)       
INSERT INTO ToolOptionSet VALUES ('{5170E841-9DF5-11D5-96F8-00207802C01C}','33558800','{5170E8E6-9DF5-11D5-96F8-00207802C01C}',NULL)       
INSERT INTO ToolOptionSet VALUES ('{5170E841-9DF5-11D5-96F8-00207802C01C}','33558800','{5170E8E4-9DF5-11D5-96F8-00207802C01C}',NULL)       
INSERT INTO ToolOptionSet VALUES ('{5170E841-9DF5-11D5-96F8-00207802C01C}','33558800','{5170E8E5-9DF5-11D5-96F8-00207802C01C}',NULL)      
	// Concole application release settings
INSERT INTO ToolOptionSet VALUES ('{5170E841-9DF5-11D5-96F8-00207802C01C}','50331648','{5170E8E2-9DF5-11D5-96F8-00207802C01C}',NULL)       
INSERT INTO ToolOptionSet VALUES ('{5170E841-9DF5-11D5-96F8-00207802C01C}','50331648','{5170E8DD-9DF5-11D5-96F8-00207802C01C}',NULL)       
INSERT INTO ToolOptionSet VALUES ('{5170E841-9DF5-11D5-96F8-00207802C01C}','50331648','{5170E8D3-9DF5-11D5-96F8-00207802C01C}',NULL)       
INSERT INTO ToolOptionSet VALUES ('{5170E841-9DF5-11D5-96F8-00207802C01C}','50331648','{5170E8E8-9DF5-11D5-96F8-00207802C01C}',NULL)       
INSERT INTO ToolOptionSet VALUES ('{5170E841-9DF5-11D5-96F8-00207802C01C}','50331648','{5170E8E6-9DF5-11D5-96F8-00207802C01C}',NULL)       
INSERT INTO ToolOptionSet VALUES ('{5170E841-9DF5-11D5-96F8-00207802C01C}','50331648','{5170E8E4-9DF5-11D5-96F8-00207802C01C}',NULL)       
INSERT INTO ToolOptionSet VALUES ('{5170E841-9DF5-11D5-96F8-00207802C01C}','50331648','{5170E8E3-9DF5-11D5-96F8-00207802C01C}',NULL)      
	// Concole application debug settings	
INSERT INTO ToolOptionSet VALUES ('{5170E841-9DF5-11D5-96F8-00207802C01C}','50331904','{5170E8E2-9DF5-11D5-96F8-00207802C01C}',NULL)       
INSERT INTO ToolOptionSet VALUES ('{5170E841-9DF5-11D5-96F8-00207802C01C}','50331904','{5170E8E1-9DF5-11D5-96F8-00207802C01C}',NULL)       
INSERT INTO ToolOptionSet VALUES ('{5170E841-9DF5-11D5-96F8-00207802C01C}','50331904','{5170E8DD-9DF5-11D5-96F8-00207802C01C}',NULL)       
INSERT INTO ToolOptionSet VALUES ('{5170E841-9DF5-11D5-96F8-00207802C01C}','50331904','{5170E8DC-9DF5-11D5-96F8-00207802C01C}',NULL)       
INSERT INTO ToolOptionSet VALUES ('{5170E841-9DF5-11D5-96F8-00207802C01C}','50331904','{5170E8E8-9DF5-11D5-96F8-00207802C01C}',NULL)       
INSERT INTO ToolOptionSet VALUES ('{5170E841-9DF5-11D5-96F8-00207802C01C}','50331904','{5170E8E6-9DF5-11D5-96F8-00207802C01C}',NULL)       
INSERT INTO ToolOptionSet VALUES ('{5170E841-9DF5-11D5-96F8-00207802C01C}','50331904','{5170E8E4-9DF5-11D5-96F8-00207802C01C}',NULL)       
INSERT INTO ToolOptionSet VALUES ('{5170E841-9DF5-11D5-96F8-00207802C01C}','50331904','{5170E8E5-9DF5-11D5-96F8-00207802C01C}',NULL)      


// VCRC MIPSII_FP
	//EXE Release settings
INSERT INTO ToolOptionSet VALUES ('{5170E842-9DF5-11D5-96F8-00207802C01C}','16777216','{5170E8C7-9DF5-11D5-96F8-00207802C01C}',NULL)       
INSERT INTO ToolOptionSet VALUES ('{5170E842-9DF5-11D5-96F8-00207802C01C}','16777216','{5170E8C3-9DF5-11D5-96F8-00207802C01C}',NULL)        
INSERT INTO ToolOptionSet VALUES ('{5170E842-9DF5-11D5-96F8-00207802C01C}','16777216','{5170E8C6-9DF5-11D5-96F8-00207802C01C}',NULL)       
INSERT INTO ToolOptionSet VALUES ('{5170E842-9DF5-11D5-96F8-00207802C01C}','16777216','{5170E8C5-9DF5-11D5-96F8-00207802C01C}',NULL)        
INSERT INTO ToolOptionSet VALUES ('{5170E842-9DF5-11D5-96F8-00207802C01C}','16777216','{5170E8C4-9DF5-11D5-96F8-00207802C01C}',NULL)        
	//MFC EXE Release settings 
INSERT INTO ToolOptionSet VALUES ('{5170E842-9DF5-11D5-96F8-00207802C01C}','16777232','{5170E8C7-9DF5-11D5-96F8-00207802C01C}',NULL)       
INSERT INTO ToolOptionSet VALUES ('{5170E842-9DF5-11D5-96F8-00207802C01C}','16777232','{5170E8C3-9DF5-11D5-96F8-00207802C01C}',NULL)        
INSERT INTO ToolOptionSet VALUES ('{5170E842-9DF5-11D5-96F8-00207802C01C}','16777232','{5170E8C6-9DF5-11D5-96F8-00207802C01C}',NULL)       
INSERT INTO ToolOptionSet VALUES ('{5170E842-9DF5-11D5-96F8-00207802C01C}','16777232','{5170E8C5-9DF5-11D5-96F8-00207802C01C}',NULL)        
INSERT INTO ToolOptionSet VALUES ('{5170E842-9DF5-11D5-96F8-00207802C01C}','16777232','{5170E8C4-9DF5-11D5-96F8-00207802C01C}',NULL)        
	// EXE Debug settings
INSERT INTO ToolOptionSet VALUES ('{5170E842-9DF5-11D5-96F8-00207802C01C}','16777472','{5170E8C7-9DF5-11D5-96F8-00207802C01C}',NULL)       
INSERT INTO ToolOptionSet VALUES ('{5170E842-9DF5-11D5-96F8-00207802C01C}','16777472','{5170E8C3-9DF5-11D5-96F8-00207802C01C}',NULL)        
INSERT INTO ToolOptionSet VALUES ('{5170E842-9DF5-11D5-96F8-00207802C01C}','16777472','{5170E8C8-9DF5-11D5-96F8-00207802C01C}',NULL)       
INSERT INTO ToolOptionSet VALUES ('{5170E842-9DF5-11D5-96F8-00207802C01C}','16777472','{5170E8C5-9DF5-11D5-96F8-00207802C01C}',NULL)        
INSERT INTO ToolOptionSet VALUES ('{5170E842-9DF5-11D5-96F8-00207802C01C}','16777472','{5170E8C4-9DF5-11D5-96F8-00207802C01C}',NULL)        
	//MFC EXE Debug settings
INSERT INTO ToolOptionSet VALUES ('{5170E842-9DF5-11D5-96F8-00207802C01C}','16777488','{5170E8C7-9DF5-11D5-96F8-00207802C01C}',NULL)       
INSERT INTO ToolOptionSet VALUES ('{5170E842-9DF5-11D5-96F8-00207802C01C}','16777488','{5170E8C3-9DF5-11D5-96F8-00207802C01C}',NULL)        
INSERT INTO ToolOptionSet VALUES ('{5170E842-9DF5-11D5-96F8-00207802C01C}','16777488','{5170E8C8-9DF5-11D5-96F8-00207802C01C}',NULL)       
INSERT INTO ToolOptionSet VALUES ('{5170E842-9DF5-11D5-96F8-00207802C01C}','16777488','{5170E8C5-9DF5-11D5-96F8-00207802C01C}',NULL)        
INSERT INTO ToolOptionSet VALUES ('{5170E842-9DF5-11D5-96F8-00207802C01C}','16777488','{5170E8C4-9DF5-11D5-96F8-00207802C01C}',NULL)        
	//DLL Release settings
INSERT INTO ToolOptionSet VALUES ('{5170E842-9DF5-11D5-96F8-00207802C01C}','33554432','{5170E8C7-9DF5-11D5-96F8-00207802C01C}',NULL)       
INSERT INTO ToolOptionSet VALUES ('{5170E842-9DF5-11D5-96F8-00207802C01C}','33554432','{5170E8C3-9DF5-11D5-96F8-00207802C01C}',NULL)        
INSERT INTO ToolOptionSet VALUES ('{5170E842-9DF5-11D5-96F8-00207802C01C}','33554432','{5170E8C6-9DF5-11D5-96F8-00207802C01C}',NULL)       
INSERT INTO ToolOptionSet VALUES ('{5170E842-9DF5-11D5-96F8-00207802C01C}','33554432','{5170E8C5-9DF5-11D5-96F8-00207802C01C}',NULL)        
INSERT INTO ToolOptionSet VALUES ('{5170E842-9DF5-11D5-96F8-00207802C01C}','33554432','{5170E8C4-9DF5-11D5-96F8-00207802C01C}',NULL)        
	//ATL DLL Release MinSize settings
INSERT INTO ToolOptionSet VALUES ('{5170E842-9DF5-11D5-96F8-00207802C01C}','33554433','{5170E8C7-9DF5-11D5-96F8-00207802C01C}',NULL)       
INSERT INTO ToolOptionSet VALUES ('{5170E842-9DF5-11D5-96F8-00207802C01C}','33554433','{5170E8C3-9DF5-11D5-96F8-00207802C01C}',NULL)        
INSERT INTO ToolOptionSet VALUES ('{5170E842-9DF5-11D5-96F8-00207802C01C}','33554433','{5170E8C6-9DF5-11D5-96F8-00207802C01C}',NULL)       
INSERT INTO ToolOptionSet VALUES ('{5170E842-9DF5-11D5-96F8-00207802C01C}','33554433','{5170E8C5-9DF5-11D5-96F8-00207802C01C}',NULL)        
INSERT INTO ToolOptionSet VALUES ('{5170E842-9DF5-11D5-96F8-00207802C01C}','33554433','{5170E8C4-9DF5-11D5-96F8-00207802C01C}',NULL)        
	//ATL DLL Release MinDep settings
INSERT INTO ToolOptionSet VALUES ('{5170E842-9DF5-11D5-96F8-00207802C01C}','33554434','{5170E8C7-9DF5-11D5-96F8-00207802C01C}',NULL)       
INSERT INTO ToolOptionSet VALUES ('{5170E842-9DF5-11D5-96F8-00207802C01C}','33554434','{5170E8C3-9DF5-11D5-96F8-00207802C01C}',NULL)        
INSERT INTO ToolOptionSet VALUES ('{5170E842-9DF5-11D5-96F8-00207802C01C}','33554434','{5170E8C6-9DF5-11D5-96F8-00207802C01C}',NULL)       
INSERT INTO ToolOptionSet VALUES ('{5170E842-9DF5-11D5-96F8-00207802C01C}','33554434','{5170E8C5-9DF5-11D5-96F8-00207802C01C}',NULL)        
INSERT INTO ToolOptionSet VALUES ('{5170E842-9DF5-11D5-96F8-00207802C01C}','33554434','{5170E8C4-9DF5-11D5-96F8-00207802C01C}',NULL)        
	// ATL EXE Release MinSize Settings
INSERT INTO ToolOptionSet VALUES ('{5170E842-9DF5-11D5-96F8-00207802C01C}','16777217','{5170E8C7-9DF5-11D5-96F8-00207802C01C}',NULL)       
INSERT INTO ToolOptionSet VALUES ('{5170E842-9DF5-11D5-96F8-00207802C01C}','16777217','{5170E8C3-9DF5-11D5-96F8-00207802C01C}',NULL)        
INSERT INTO ToolOptionSet VALUES ('{5170E842-9DF5-11D5-96F8-00207802C01C}','16777217','{5170E8C6-9DF5-11D5-96F8-00207802C01C}',NULL)       
INSERT INTO ToolOptionSet VALUES ('{5170E842-9DF5-11D5-96F8-00207802C01C}','16777217','{5170E8C5-9DF5-11D5-96F8-00207802C01C}',NULL)        
INSERT INTO ToolOptionSet VALUES ('{5170E842-9DF5-11D5-96F8-00207802C01C}','16777217','{5170E8C4-9DF5-11D5-96F8-00207802C01C}',NULL)        
	// ATL EXE Release MinDep Settings                                   
INSERT INTO ToolOptionSet VALUES ('{5170E842-9DF5-11D5-96F8-00207802C01C}','16777218','{5170E8C7-9DF5-11D5-96F8-00207802C01C}',NULL)       
INSERT INTO ToolOptionSet VALUES ('{5170E842-9DF5-11D5-96F8-00207802C01C}','16777218','{5170E8C3-9DF5-11D5-96F8-00207802C01C}',NULL)        
INSERT INTO ToolOptionSet VALUES ('{5170E842-9DF5-11D5-96F8-00207802C01C}','16777218','{5170E8C6-9DF5-11D5-96F8-00207802C01C}',NULL)       
INSERT INTO ToolOptionSet VALUES ('{5170E842-9DF5-11D5-96F8-00207802C01C}','16777218','{5170E8C5-9DF5-11D5-96F8-00207802C01C}',NULL)        
INSERT INTO ToolOptionSet VALUES ('{5170E842-9DF5-11D5-96F8-00207802C01C}','16777218','{5170E8C4-9DF5-11D5-96F8-00207802C01C}',NULL)        
	//MFC DLL Release settings
INSERT INTO ToolOptionSet VALUES ('{5170E842-9DF5-11D5-96F8-00207802C01C}','33554448','{5170E8C7-9DF5-11D5-96F8-00207802C01C}',NULL)       
INSERT INTO ToolOptionSet VALUES ('{5170E842-9DF5-11D5-96F8-00207802C01C}','33554448','{5170E8C3-9DF5-11D5-96F8-00207802C01C}',NULL)        
INSERT INTO ToolOptionSet VALUES ('{5170E842-9DF5-11D5-96F8-00207802C01C}','33554448','{5170E8C6-9DF5-11D5-96F8-00207802C01C}',NULL)       
INSERT INTO ToolOptionSet VALUES ('{5170E842-9DF5-11D5-96F8-00207802C01C}','33554448','{5170E8C5-9DF5-11D5-96F8-00207802C01C}',NULL)        
INSERT INTO ToolOptionSet VALUES ('{5170E842-9DF5-11D5-96F8-00207802C01C}','33554448','{5170E8C4-9DF5-11D5-96F8-00207802C01C}',NULL)        
	// DLL Debug settings
INSERT INTO ToolOptionSet VALUES ('{5170E842-9DF5-11D5-96F8-00207802C01C}','33554688','{5170E8C7-9DF5-11D5-96F8-00207802C01C}',NULL)       
INSERT INTO ToolOptionSet VALUES ('{5170E842-9DF5-11D5-96F8-00207802C01C}','33554688','{5170E8C3-9DF5-11D5-96F8-00207802C01C}',NULL)        
INSERT INTO ToolOptionSet VALUES ('{5170E842-9DF5-11D5-96F8-00207802C01C}','33554688','{5170E8C8-9DF5-11D5-96F8-00207802C01C}',NULL)       
INSERT INTO ToolOptionSet VALUES ('{5170E842-9DF5-11D5-96F8-00207802C01C}','33554688','{5170E8C5-9DF5-11D5-96F8-00207802C01C}',NULL)        
INSERT INTO ToolOptionSet VALUES ('{5170E842-9DF5-11D5-96F8-00207802C01C}','33554688','{5170E8C4-9DF5-11D5-96F8-00207802C01C}',NULL)        
	// ATL DLL Debug settings
INSERT INTO ToolOptionSet VALUES ('{5170E842-9DF5-11D5-96F8-00207802C01C}','33554689','{5170E8C7-9DF5-11D5-96F8-00207802C01C}',NULL)       
INSERT INTO ToolOptionSet VALUES ('{5170E842-9DF5-11D5-96F8-00207802C01C}','33554689','{5170E8C3-9DF5-11D5-96F8-00207802C01C}',NULL)        
INSERT INTO ToolOptionSet VALUES ('{5170E842-9DF5-11D5-96F8-00207802C01C}','33554689','{5170E8C8-9DF5-11D5-96F8-00207802C01C}',NULL)       
INSERT INTO ToolOptionSet VALUES ('{5170E842-9DF5-11D5-96F8-00207802C01C}','33554689','{5170E8C5-9DF5-11D5-96F8-00207802C01C}',NULL)        
INSERT INTO ToolOptionSet VALUES ('{5170E842-9DF5-11D5-96F8-00207802C01C}','33554689','{5170E8C4-9DF5-11D5-96F8-00207802C01C}',NULL)        
	// ATL EXE Debug Settings
INSERT INTO ToolOptionSet VALUES ('{5170E842-9DF5-11D5-96F8-00207802C01C}','16777473','{5170E8C7-9DF5-11D5-96F8-00207802C01C}',NULL)       
INSERT INTO ToolOptionSet VALUES ('{5170E842-9DF5-11D5-96F8-00207802C01C}','16777473','{5170E8C3-9DF5-11D5-96F8-00207802C01C}',NULL)        
INSERT INTO ToolOptionSet VALUES ('{5170E842-9DF5-11D5-96F8-00207802C01C}','16777473','{5170E8C8-9DF5-11D5-96F8-00207802C01C}',NULL)       
INSERT INTO ToolOptionSet VALUES ('{5170E842-9DF5-11D5-96F8-00207802C01C}','16777473','{5170E8C5-9DF5-11D5-96F8-00207802C01C}',NULL)        
INSERT INTO ToolOptionSet VALUES ('{5170E842-9DF5-11D5-96F8-00207802C01C}','16777473','{5170E8C4-9DF5-11D5-96F8-00207802C01C}',NULL)        
	// MFC DLL Debug settings
INSERT INTO ToolOptionSet VALUES ('{5170E842-9DF5-11D5-96F8-00207802C01C}','33554704','{5170E8C7-9DF5-11D5-96F8-00207802C01C}',NULL)       
INSERT INTO ToolOptionSet VALUES ('{5170E842-9DF5-11D5-96F8-00207802C01C}','33554704','{5170E8C3-9DF5-11D5-96F8-00207802C01C}',NULL)        
INSERT INTO ToolOptionSet VALUES ('{5170E842-9DF5-11D5-96F8-00207802C01C}','33554704','{5170E8C8-9DF5-11D5-96F8-00207802C01C}',NULL)       
INSERT INTO ToolOptionSet VALUES ('{5170E842-9DF5-11D5-96F8-00207802C01C}','33554704','{5170E8C5-9DF5-11D5-96F8-00207802C01C}',NULL)        
INSERT INTO ToolOptionSet VALUES ('{5170E842-9DF5-11D5-96F8-00207802C01C}','33554704','{5170E8C4-9DF5-11D5-96F8-00207802C01C}',NULL)        
	// MFC ActiveX Control release settings
INSERT INTO ToolOptionSet VALUES ('{5170E842-9DF5-11D5-96F8-00207802C01C}','33558544','{5170E8C7-9DF5-11D5-96F8-00207802C01C}',NULL)       
INSERT INTO ToolOptionSet VALUES ('{5170E842-9DF5-11D5-96F8-00207802C01C}','33558544','{5170E8C3-9DF5-11D5-96F8-00207802C01C}',NULL)        
INSERT INTO ToolOptionSet VALUES ('{5170E842-9DF5-11D5-96F8-00207802C01C}','33558544','{5170E8C6-9DF5-11D5-96F8-00207802C01C}',NULL)       
INSERT INTO ToolOptionSet VALUES ('{5170E842-9DF5-11D5-96F8-00207802C01C}','33558544','{5170E8C5-9DF5-11D5-96F8-00207802C01C}',NULL)        
INSERT INTO ToolOptionSet VALUES ('{5170E842-9DF5-11D5-96F8-00207802C01C}','33558544','{5170E8C4-9DF5-11D5-96F8-00207802C01C}',NULL)        
	// MFC ActiveX Control debug settings
INSERT INTO ToolOptionSet VALUES ('{5170E842-9DF5-11D5-96F8-00207802C01C}','33558800','{5170E8C7-9DF5-11D5-96F8-00207802C01C}',NULL)       
INSERT INTO ToolOptionSet VALUES ('{5170E842-9DF5-11D5-96F8-00207802C01C}','33558800','{5170E8C3-9DF5-11D5-96F8-00207802C01C}',NULL)        
INSERT INTO ToolOptionSet VALUES ('{5170E842-9DF5-11D5-96F8-00207802C01C}','33558800','{5170E8C8-9DF5-11D5-96F8-00207802C01C}',NULL)       
INSERT INTO ToolOptionSet VALUES ('{5170E842-9DF5-11D5-96F8-00207802C01C}','33558800','{5170E8C5-9DF5-11D5-96F8-00207802C01C}',NULL)        
INSERT INTO ToolOptionSet VALUES ('{5170E842-9DF5-11D5-96F8-00207802C01C}','33558800','{5170E8C4-9DF5-11D5-96F8-00207802C01C}',NULL)        
	// Concole application release settings
INSERT INTO ToolOptionSet VALUES ('{5170E842-9DF5-11D5-96F8-00207802C01C}','50331648','{5170E8C3-9DF5-11D5-96F8-00207802C01C}',NULL)        
INSERT INTO ToolOptionSet VALUES ('{5170E842-9DF5-11D5-96F8-00207802C01C}','50331648','{5170E8C6-9DF5-11D5-96F8-00207802C01C}',NULL)       
INSERT INTO ToolOptionSet VALUES ('{5170E842-9DF5-11D5-96F8-00207802C01C}','50331648','{5170E8C5-9DF5-11D5-96F8-00207802C01C}',NULL)        
INSERT INTO ToolOptionSet VALUES ('{5170E842-9DF5-11D5-96F8-00207802C01C}','50331648','{5170E8C4-9DF5-11D5-96F8-00207802C01C}',NULL)        
	// Concole application debug settings
INSERT INTO ToolOptionSet VALUES ('{5170E842-9DF5-11D5-96F8-00207802C01C}','50331904','{5170E8C7-9DF5-11D5-96F8-00207802C01C}',NULL)       
INSERT INTO ToolOptionSet VALUES ('{5170E842-9DF5-11D5-96F8-00207802C01C}','50331904','{5170E8C3-9DF5-11D5-96F8-00207802C01C}',NULL)        
INSERT INTO ToolOptionSet VALUES ('{5170E842-9DF5-11D5-96F8-00207802C01C}','50331904','{5170E8C8-9DF5-11D5-96F8-00207802C01C}',NULL)       
INSERT INTO ToolOptionSet VALUES ('{5170E842-9DF5-11D5-96F8-00207802C01C}','50331904','{5170E8C5-9DF5-11D5-96F8-00207802C01C}',NULL)        
INSERT INTO ToolOptionSet VALUES ('{5170E842-9DF5-11D5-96F8-00207802C01C}','50331904','{5170E8C4-9DF5-11D5-96F8-00207802C01C}',NULL)        
	// Static Library release settings           
INSERT INTO ToolOptionSet VALUES ('{5170E842-9DF5-11D5-96F8-00207802C01C}','67108864','{5170E8C3-9DF5-11D5-96F8-00207802C01C}',NULL)        
INSERT INTO ToolOptionSet VALUES ('{5170E842-9DF5-11D5-96F8-00207802C01C}','67108864','{5170E8C5-9DF5-11D5-96F8-00207802C01C}',NULL)        
INSERT INTO ToolOptionSet VALUES ('{5170E842-9DF5-11D5-96F8-00207802C01C}','67108864','{5170E8C4-9DF5-11D5-96F8-00207802C01C}',NULL)        
	// Static Library debug settings
INSERT INTO ToolOptionSet VALUES ('{5170E842-9DF5-11D5-96F8-00207802C01C}','67109120','{5170E8C3-9DF5-11D5-96F8-00207802C01C}',NULL)        
INSERT INTO ToolOptionSet VALUES ('{5170E842-9DF5-11D5-96F8-00207802C01C}','67109120','{5170E8C5-9DF5-11D5-96F8-00207802C01C}',NULL)        
INSERT INTO ToolOptionSet VALUES ('{5170E842-9DF5-11D5-96F8-00207802C01C}','67109120','{5170E8C4-9DF5-11D5-96F8-00207802C01C}',NULL)        

				
// MIDL MIPSII_FP
	//EXE Release settings
INSERT INTO ToolOptionSet VALUES ('{5170E843-9DF5-11D5-96F8-00207802C01C}','16777216','{5170E8CD-9DF5-11D5-96F8-00207802C01C}',NULL)       
INSERT INTO ToolOptionSet VALUES ('{5170E843-9DF5-11D5-96F8-00207802C01C}','16777216','{5170E8CB-9DF5-11D5-96F8-00207802C01C}',NULL)       
	//MFC EXE Release settings 
INSERT INTO ToolOptionSet VALUES ('{5170E843-9DF5-11D5-96F8-00207802C01C}','16777232','{5170E8CD-9DF5-11D5-96F8-00207802C01C}',NULL)       
INSERT INTO ToolOptionSet VALUES ('{5170E843-9DF5-11D5-96F8-00207802C01C}','16777232','{5170E8CB-9DF5-11D5-96F8-00207802C01C}',NULL)       
	// EXE Debug settings
INSERT INTO ToolOptionSet VALUES ('{5170E843-9DF5-11D5-96F8-00207802C01C}','16777472','{5170E8CD-9DF5-11D5-96F8-00207802C01C}',NULL)       
INSERT INTO ToolOptionSet VALUES ('{5170E843-9DF5-11D5-96F8-00207802C01C}','16777472','{5170E8CC-9DF5-11D5-96F8-00207802C01C}',NULL)       
	//MFC EXE Debug settings
INSERT INTO ToolOptionSet VALUES ('{5170E843-9DF5-11D5-96F8-00207802C01C}','16777488','{5170E8CD-9DF5-11D5-96F8-00207802C01C}',NULL)       
INSERT INTO ToolOptionSet VALUES ('{5170E843-9DF5-11D5-96F8-00207802C01C}','16777488','{5170E8CC-9DF5-11D5-96F8-00207802C01C}',NULL)       
	//DLL Release settings
INSERT INTO ToolOptionSet VALUES ('{5170E843-9DF5-11D5-96F8-00207802C01C}','33554432','{5170E8CD-9DF5-11D5-96F8-00207802C01C}',NULL)       
INSERT INTO ToolOptionSet VALUES ('{5170E843-9DF5-11D5-96F8-00207802C01C}','33554432','{5170E8CB-9DF5-11D5-96F8-00207802C01C}',NULL)       
	//ATL DLL Release MinSize settings
INSERT INTO ToolOptionSet VALUES ('{5170E843-9DF5-11D5-96F8-00207802C01C}','33554433','{5170E8CD-9DF5-11D5-96F8-00207802C01C}',NULL)       
INSERT INTO ToolOptionSet VALUES ('{5170E843-9DF5-11D5-96F8-00207802C01C}','33554433','{5170E8CB-9DF5-11D5-96F8-00207802C01C}',NULL)       
	//ATL DLL Release MinDep settings
INSERT INTO ToolOptionSet VALUES ('{5170E843-9DF5-11D5-96F8-00207802C01C}','33554434','{5170E8CD-9DF5-11D5-96F8-00207802C01C}',NULL)       
INSERT INTO ToolOptionSet VALUES ('{5170E843-9DF5-11D5-96F8-00207802C01C}','33554434','{5170E8CB-9DF5-11D5-96F8-00207802C01C}',NULL)       
	// ATL EXE Release MinSize Settings
INSERT INTO ToolOptionSet VALUES ('{5170E843-9DF5-11D5-96F8-00207802C01C}','16777217','{5170E8CD-9DF5-11D5-96F8-00207802C01C}',NULL)       
INSERT INTO ToolOptionSet VALUES ('{5170E843-9DF5-11D5-96F8-00207802C01C}','16777217','{5170E8CB-9DF5-11D5-96F8-00207802C01C}',NULL)       
	// ATL EXE Release MinDep Settings                                   
INSERT INTO ToolOptionSet VALUES ('{5170E843-9DF5-11D5-96F8-00207802C01C}','16777218','{5170E8CD-9DF5-11D5-96F8-00207802C01C}',NULL)       
INSERT INTO ToolOptionSet VALUES ('{5170E843-9DF5-11D5-96F8-00207802C01C}','16777218','{5170E8CB-9DF5-11D5-96F8-00207802C01C}',NULL)       
	//MFC DLL Release settings
INSERT INTO ToolOptionSet VALUES ('{5170E843-9DF5-11D5-96F8-00207802C01C}','33554448','{5170E8CD-9DF5-11D5-96F8-00207802C01C}',NULL)       
INSERT INTO ToolOptionSet VALUES ('{5170E843-9DF5-11D5-96F8-00207802C01C}','33554448','{5170E8CB-9DF5-11D5-96F8-00207802C01C}',NULL)       
	// DLL Debug settings
INSERT INTO ToolOptionSet VALUES ('{5170E843-9DF5-11D5-96F8-00207802C01C}','33554688','{5170E8CD-9DF5-11D5-96F8-00207802C01C}',NULL)       
INSERT INTO ToolOptionSet VALUES ('{5170E843-9DF5-11D5-96F8-00207802C01C}','33554688','{5170E8CC-9DF5-11D5-96F8-00207802C01C}',NULL)       
	// ATL DLL Debug settings
INSERT INTO ToolOptionSet VALUES ('{5170E843-9DF5-11D5-96F8-00207802C01C}','33554689','{5170E8CD-9DF5-11D5-96F8-00207802C01C}',NULL)       
INSERT INTO ToolOptionSet VALUES ('{5170E843-9DF5-11D5-96F8-00207802C01C}','33554689','{5170E8CC-9DF5-11D5-96F8-00207802C01C}',NULL)       
	// ATL EXE Debug Settings	
INSERT INTO ToolOptionSet VALUES ('{5170E843-9DF5-11D5-96F8-00207802C01C}','16777473','{5170E8CD-9DF5-11D5-96F8-00207802C01C}',NULL)       
INSERT INTO ToolOptionSet VALUES ('{5170E843-9DF5-11D5-96F8-00207802C01C}','16777473','{5170E8CC-9DF5-11D5-96F8-00207802C01C}',NULL)       
	// MFC DLL Debug settings
INSERT INTO ToolOptionSet VALUES ('{5170E843-9DF5-11D5-96F8-00207802C01C}','33554704','{5170E8CD-9DF5-11D5-96F8-00207802C01C}',NULL)       
INSERT INTO ToolOptionSet VALUES ('{5170E843-9DF5-11D5-96F8-00207802C01C}','33554704','{5170E8CC-9DF5-11D5-96F8-00207802C01C}',NULL)       
	// MFC ActiveX Control release settings
INSERT INTO ToolOptionSet VALUES ('{5170E843-9DF5-11D5-96F8-00207802C01C}','33558544','{5170E8CD-9DF5-11D5-96F8-00207802C01C}',NULL)       
INSERT INTO ToolOptionSet VALUES ('{5170E843-9DF5-11D5-96F8-00207802C01C}','33558544','{5170E8CB-9DF5-11D5-96F8-00207802C01C}',NULL)       
	// MFC ActiveX Control debug settings
INSERT INTO ToolOptionSet VALUES ('{5170E843-9DF5-11D5-96F8-00207802C01C}','33558800','{5170E8CD-9DF5-11D5-96F8-00207802C01C}',NULL)       
INSERT INTO ToolOptionSet VALUES ('{5170E843-9DF5-11D5-96F8-00207802C01C}','33558800','{5170E8CC-9DF5-11D5-96F8-00207802C01C}',NULL)       
	// Concole application release settings
INSERT INTO ToolOptionSet VALUES ('{5170E843-9DF5-11D5-96F8-00207802C01C}','50331648','{5170E8CD-9DF5-11D5-96F8-00207802C01C}',NULL)       
INSERT INTO ToolOptionSet VALUES ('{5170E843-9DF5-11D5-96F8-00207802C01C}','50331648','{5170E8CB-9DF5-11D5-96F8-00207802C01C}',NULL)       
	// Concole application debug settings
INSERT INTO ToolOptionSet VALUES ('{5170E843-9DF5-11D5-96F8-00207802C01C}','50331904','{5170E8CD-9DF5-11D5-96F8-00207802C01C}',NULL)       
INSERT INTO ToolOptionSet VALUES ('{5170E843-9DF5-11D5-96F8-00207802C01C}','50331904','{5170E8CC-9DF5-11D5-96F8-00207802C01C}',NULL)       

                
// BSC MIPSII_FP
INSERT INTO ToolOptionSet VALUES ('{5170E844-9DF5-11D5-96F8-00207802C01C}','16777216','{5170E8CA-9DF5-11D5-96F8-00207802C01C}',NULL)       
INSERT INTO ToolOptionSet VALUES ('{5170E844-9DF5-11D5-96F8-00207802C01C}','16777232','{5170E8CA-9DF5-11D5-96F8-00207802C01C}',NULL)       
INSERT INTO ToolOptionSet VALUES ('{5170E844-9DF5-11D5-96F8-00207802C01C}','16777472','{5170E8CA-9DF5-11D5-96F8-00207802C01C}',NULL)       
INSERT INTO ToolOptionSet VALUES ('{5170E844-9DF5-11D5-96F8-00207802C01C}','16777488','{5170E8CA-9DF5-11D5-96F8-00207802C01C}',NULL)       
INSERT INTO ToolOptionSet VALUES ('{5170E844-9DF5-11D5-96F8-00207802C01C}','33554432','{5170E8CA-9DF5-11D5-96F8-00207802C01C}',NULL)       
INSERT INTO ToolOptionSet VALUES ('{5170E844-9DF5-11D5-96F8-00207802C01C}','33554433','{5170E8CD-9DF5-11D5-96F8-00207802C01C}',NULL)       
INSERT INTO ToolOptionSet VALUES ('{5170E844-9DF5-11D5-96F8-00207802C01C}','33554434','{5170E8CD-9DF5-11D5-96F8-00207802C01C}',NULL)       
	// ATL EXE Release MinSize Settings
INSERT INTO ToolOptionSet VALUES ('{5170E844-9DF5-11D5-96F8-00207802C01C}','16777217','{5170E8CD-9DF5-11D5-96F8-00207802C01C}',NULL)       
	// ATL EXE Release MinDep Settings                                   
INSERT INTO ToolOptionSet VALUES ('{5170E844-9DF5-11D5-96F8-00207802C01C}','16777218','{5170E8CD-9DF5-11D5-96F8-00207802C01C}',NULL)       
INSERT INTO ToolOptionSet VALUES ('{5170E844-9DF5-11D5-96F8-00207802C01C}','33554448','{5170E8CA-9DF5-11D5-96F8-00207802C01C}',NULL)       
INSERT INTO ToolOptionSet VALUES ('{5170E844-9DF5-11D5-96F8-00207802C01C}','33554688','{5170E8CA-9DF5-11D5-96F8-00207802C01C}',NULL)       
INSERT INTO ToolOptionSet VALUES ('{5170E844-9DF5-11D5-96F8-00207802C01C}','33554689','{5170E8CD-9DF5-11D5-96F8-00207802C01C}',NULL)       
	// ATL EXE Debug Settings	
INSERT INTO ToolOptionSet VALUES ('{5170E844-9DF5-11D5-96F8-00207802C01C}','16777473','{5170E8CD-9DF5-11D5-96F8-00207802C01C}',NULL)       
INSERT INTO ToolOptionSet VALUES ('{5170E844-9DF5-11D5-96F8-00207802C01C}','33554704','{5170E8CA-9DF5-11D5-96F8-00207802C01C}',NULL)       
INSERT INTO ToolOptionSet VALUES ('{5170E844-9DF5-11D5-96F8-00207802C01C}','33558544','{5170E8CA-9DF5-11D5-96F8-00207802C01C}',NULL)       
INSERT INTO ToolOptionSet VALUES ('{5170E844-9DF5-11D5-96F8-00207802C01C}','33558800','{5170E8CA-9DF5-11D5-96F8-00207802C01C}',NULL)       
INSERT INTO ToolOptionSet VALUES ('{5170E844-9DF5-11D5-96F8-00207802C01C}','50331648','{5170E8CA-9DF5-11D5-96F8-00207802C01C}',NULL)       
INSERT INTO ToolOptionSet VALUES ('{5170E844-9DF5-11D5-96F8-00207802C01C}','50331904','{5170E8CA-9DF5-11D5-96F8-00207802C01C}',NULL)       
INSERT INTO ToolOptionSet VALUES ('{5170E844-9DF5-11D5-96F8-00207802C01C}','67108864','{5170E8CA-9DF5-11D5-96F8-00207802C01C}',NULL)       


// COFF MIPSII_FP
INSERT INTO ToolOptionSet VALUES ('{5170E845-9DF5-11D5-96F8-00207802C01C}','67108864','{5170E8C9-9DF5-11D5-96F8-00207802C01C}',NULL)       
INSERT INTO ToolOptionSet VALUES ('{5170E845-9DF5-11D5-96F8-00207802C01C}','67109120','{5170E8C9-9DF5-11D5-96F8-00207802C01C}',NULL)       
