/////////////////////////////////   SH3  ////////////////////////////////////////

// ******** Vendor  ********
INSERT INTO Vendor VALUES ('{35583C00-7208-11D3-99F3-00105A0DF099}','Microsoft','Microsoft' )
INSERT INTO Vendor VALUES ('{35583C01-7208-11D3-99F3-00105A0DF099}','Hitachi','Hitachi' )

// ******** CPUFamily  ********
INSERT INTO CPUFamily VALUES ('{42CB0000-5AA4-11D3-99E7-00105A0DF099}','SHX','SH family','4','SHx') 

// ******** IdeFamily  ********
INSERT INTO IDEFamily VALUES ('{F9B2BB40-66E3-11D3-8429-00500471FCA1}','SH3',NULL,'Win32 (WCE SH3)','129','vc60.pdb','SH3',FALSE)             

// ******** CPU  ********
INSERT INTO CPU VALUES ('{D6519020-710F-11D3-99F2-00105A0DF099}','{35583C01-7208-11D3-99F3-00105A0DF099}','SH3','Hitachi Sh3 little endian','{42CB0000-5AA4-11D3-99E7-00105A0DF099}','{F9B2BB40-66E3-11D3-8429-00500471FCA1}','10003','4096','0','418','SH3' ) 

// ******** PID  ********
INSERT INTO ObjAttr VALUES ('ProductID','{D6519020-710F-11D3-99F2-00105A0DF099}','ProductID','ProductID',2,0,'PID',0)

// ******** Tool  ********
INSERT INTO Tool VALUES ('{42CD0005-5AA4-11D3-99E7-00105A0DF099}','{35583C00-7208-11D3-99F3-00105A0DF099}','CLSH3','SH3 source compiler for wce300','shcl.exe','WCE300\BIN' )
INSERT INTO Tool VALUES ('{42CD0017-5AA4-11D3-99E7-00105A0DF099}','{35583C00-7208-11D3-99F3-00105A0DF099}','LINKSH3','SH3 Linker for wce300','link.exe','WCE300\BIN' )
INSERT INTO Tool VALUES ('{42CD0020-5AA4-11D3-99E7-00105A0DF099}','{35583C00-7208-11D3-99F3-00105A0DF099}','VCRCSH3','baseline resource compiler','rc.exe','COMMON\VCCE\BIN' )
INSERT INTO Tool VALUES ('{42CD0021-5AA4-11D3-99E7-00105A0DF099}','{35583C00-7208-11D3-99F3-00105A0DF099}','DBGSH3','SH3 debugger','odsh3',NULL )
INSERT INTO Tool VALUES ('{42CD0023-5AA4-11D3-99E7-00105A0DF099}','{35583C00-7208-11D3-99F3-00105A0DF099}','DBGCEFSH3','CEF debugger for SH3','odcefsh3',NULL )
INSERT INTO Tool VALUES ('{453618F0-6A42-11D3-8433-005004848CBA}','{35583C00-7208-11D3-99F3-00105A0DF099}','MIDLSH3','SH3 middle compiler','midl.exe','COMMON\VCCE\BIN' )
INSERT INTO Tool VALUES ('{453618F1-6A42-11D3-8433-005004848CBA}','{35583C00-7208-11D3-99F3-00105A0DF099}','BSCSH3','SH3 browser compiler','bscmake.exe','COMMON\VCCE\BIN' )
INSERT INTO Tool VALUES ('{A55B1B90-6ADC-11D3-8433-005004848CBA}','{35583C00-7208-11D3-99F3-00105A0DF099}','COFFSH3','SH3 coff','link.exe','WCE300\BIN' )
INSERT INTO Tool VALUES ('{220199D6-801C-11D3-8466-005004848CBA}','{35583C00-7208-11D3-99F3-00105A0DF099}','LIBSH3','SH3 library manager','link.exe',NULL )

// ******** ObjAttr  ********
//DBGSH3
INSERT INTO ObjAttr VALUES ('IsEmulation',	'{42CD0021-5AA4-11D3-99E7-00105A0DF099}','Emulation','Specifies whether this is for emulation','1','0',NULL,NULL )
INSERT INTO ObjAttr VALUES ('STSupport',		'{42CD0021-5AA4-11D3-99E7-00105A0DF099}','ST Support','The type of ST support','1','1',NULL,NULL )
INSERT INTO ObjAttr VALUES ('SupportsATP',	'{42CD0021-5AA4-11D3-99E7-00105A0DF099}','Supports ATP','Specifies whether ATP is supported','1','0',NULL,NULL )
INSERT INTO ObjAttr VALUES ('SupportsSINH',	'{42CD0021-5AA4-11D3-99E7-00105A0DF099}','Supports SINH','Specifies whether SINH is supported','1','0',NULL,NULL )
INSERT INTO ObjAttr VALUES ('TargetUP',		'{42CD0021-5AA4-11D3-99E7-00105A0DF099}','?','Specifies the target UP','1','129',NULL,NULL )
INSERT INTO ObjAttr VALUES ('EE',				'{42CD0021-5AA4-11D3-99E7-00105A0DF099}','EE','The EE for this debugger','2','0','EECXXCE',NULL )
INSERT INTO ObjAttr VALUES ('EM',				'{42CD0021-5AA4-11D3-99E7-00105A0DF099}','EM','The EM for this debugger','2','0','EMCE',NULL )
INSERT INTO ObjAttr VALUES ('SH',				'{42CD0021-5AA4-11D3-99E7-00105A0DF099}','SH','The SH for this debugger','2','0','SHCVCE',NULL )
// LINKSH3
INSERT INTO ObjAttr VALUES ('Input',	'{42CD0017-5AA4-11D3-99E7-00105A0DF099}','Input','The extension of files take','2','0','*.obj;*.res;*.lib;*.def;*.rsc',NULL )
INSERT INTO ObjAttr VALUES ('Prefix','{42CD0017-5AA4-11D3-99E7-00105A0DF099}','Prefix','The prefix of the tool','2','0','LINK32',NULL )
// CLSH3
INSERT INTO ObjAttr VALUES ('Input',	'{42CD0005-5AA4-11D3-99E7-00105A0DF099}','Input','The extension of files take','2','0','*.c;*.cpp;*.cxx',NULL )
INSERT INTO ObjAttr VALUES ('Prefix','{42CD0005-5AA4-11D3-99E7-00105A0DF099}','Prefix','The prefix of the tool','2','0','CPP',NULL )
// LIBSH3
INSERT INTO ObjAttr VALUES ('Input',	'{220199D6-801C-11D3-8466-005004848CBA}','Input','The extension of files take','2','0','*.obj;*.res;*.lib',NULL )
INSERT INTO ObjAttr VALUES ('Prefix','{220199D6-801C-11D3-8466-005004848CBA}','Prefix','The prefix of the tool','2','0','LIB32',NULL )
// DBGCEFSH3
INSERT INTO ObjAttr VALUES ('NativeDebugger','{42CD0023-5AA4-11D3-99E7-00105A0DF099}','DBGSH3','SH4 native debugger','3','0',NULL,'{42CD0021-5AA4-11D3-99E7-00105A0DF099}' )

// ******** OS  ********
INSERT INTO OS VALUES ('{42CA0006-5AA4-11D3-99E7-00105A0DF099}','{35583C00-7208-11D3-99F3-00105A0DF099}','Default','Default','0.00','0','0' )

// ******** Platform  ********
INSERT INTO Platform VALUES ('{8A9A2F80-6887-11D3-842E-005004848CBA}','{35583C00-7208-11D3-99F3-00105A0DF099}','Default','Default','{42CA0006-5AA4-11D3-99E7-00105A0DF099}',NULL,'0','0' )

// ******** ToolEntry  ********
// SH3                        // Platform                              // OS                                     // CPU                                   //TOOL                             // Tool Type
INSERT INTO ToolEntry VALUES ('{8A9A2F80-6887-11D3-842E-005004848CBA}','{42CA0006-5AA4-11D3-99E7-00105A0DF099}','{D6519020-710F-11D3-99F2-00105A0DF099}','{A55B1B90-6ADC-11D3-8433-005004848CBA}','9' )
INSERT INTO ToolEntry VALUES ('{8A9A2F80-6887-11D3-842E-005004848CBA}','{42CA0006-5AA4-11D3-99E7-00105A0DF099}','{D6519020-710F-11D3-99F2-00105A0DF099}','{42CD0023-5AA4-11D3-99E7-00105A0DF099}','6' )
INSERT INTO ToolEntry VALUES ('{8A9A2F80-6887-11D3-842E-005004848CBA}','{42CA0006-5AA4-11D3-99E7-00105A0DF099}','{D6519020-710F-11D3-99F2-00105A0DF099}','{220199D6-801C-11D3-8466-005004848CBA}','5' )
INSERT INTO ToolEntry VALUES ('{8A9A2F80-6887-11D3-842E-005004848CBA}','{42CA0006-5AA4-11D3-99E7-00105A0DF099}','{D6519020-710F-11D3-99F2-00105A0DF099}','{42CD0005-5AA4-11D3-99E7-00105A0DF099}','1' )
INSERT INTO ToolEntry VALUES ('{8A9A2F80-6887-11D3-842E-005004848CBA}','{42CA0006-5AA4-11D3-99E7-00105A0DF099}','{D6519020-710F-11D3-99F2-00105A0DF099}','{42CD0017-5AA4-11D3-99E7-00105A0DF099}','4' )
INSERT INTO ToolEntry VALUES ('{8A9A2F80-6887-11D3-842E-005004848CBA}','{42CA0006-5AA4-11D3-99E7-00105A0DF099}','{D6519020-710F-11D3-99F2-00105A0DF099}','{42CD0020-5AA4-11D3-99E7-00105A0DF099}','3' )
INSERT INTO ToolEntry VALUES ('{8A9A2F80-6887-11D3-842E-005004848CBA}','{42CA0006-5AA4-11D3-99E7-00105A0DF099}','{D6519020-710F-11D3-99F2-00105A0DF099}','{42CD0021-5AA4-11D3-99E7-00105A0DF099}','2' )
INSERT INTO ToolEntry VALUES ('{8A9A2F80-6887-11D3-842E-005004848CBA}','{42CA0006-5AA4-11D3-99E7-00105A0DF099}','{D6519020-710F-11D3-99F2-00105A0DF099}','{453618F0-6A42-11D3-8433-005004848CBA}','7' )
INSERT INTO ToolEntry VALUES ('{8A9A2F80-6887-11D3-842E-005004848CBA}','{42CA0006-5AA4-11D3-99E7-00105A0DF099}','{D6519020-710F-11D3-99F2-00105A0DF099}','{453618F1-6A42-11D3-8433-005004848CBA}','8' )

// ******** ToolOption  ********
                // CL
INSERT INTO ToolOption VALUES ('{AAE902FC-C95B-11D3-9A06-00105A0DF099}', '{42CD0005-5AA4-11D3-99E7-00105A0DF099}','ASSEMBLY_LISTING_SH3','UI configure assembly listing','2','1000','/FA',FALSE)       
INSERT INTO ToolOption VALUES ('{AAE9031E-C95B-11D3-9A06-00105A0DF099}', '{42CD0005-5AA4-11D3-99E7-00105A0DF099}','PRECOMPILE_HEADER_SH3','UI support precompile header','2','1003',NULL,FALSE)         
INSERT INTO ToolOption VALUES ('{AAE90340-C95B-11D3-9A06-00105A0DF099}', '{42CD0005-5AA4-11D3-99E7-00105A0DF099}','SH3_MAXIMUM_OPTIMIZATION','maximum opts. (/Ogityb1 /Gs)','2',NULL,'/O2',FALSE)  
INSERT INTO ToolOption VALUES ('{AAE9034B-C95B-11D3-9A06-00105A0DF099}', '{42CD0005-5AA4-11D3-99E7-00105A0DF099}','SH3DISABLE_OPTIMIZATIONS','Disables all compiler optimizations','2',NULL,'/Od',FALSE)       
INSERT INTO ToolOption VALUES ('{AAE90384-C95B-11D3-9A06-00105A0DF099}', '{42CD0005-5AA4-11D3-99E7-00105A0DF099}','UNICODE_SH3','Turn on Unicode','2',NULL,'/D UNICODE /D _UNICODE',FALSE)       
INSERT INTO ToolOption VALUES ('{AAE9002F-C95B-11D3-9A06-00105A0DF099}', '{42CD0005-5AA4-11D3-99E7-00105A0DF099}','SH3DLL_CPLR_DBG','IDS_SH3DLL_CPLR_DBG','2','1','/Zi /DSHx /DSH3 /D_SH3_ /DUNDER_CE=$(CEVersion) /D_WIN32_WCE=$(CEVersion)',FALSE)      
INSERT INTO ToolOption VALUES ('{AAE90036-C95B-11D3-9A06-00105A0DF099}', '{42CD0005-5AA4-11D3-99E7-00105A0DF099}','SH3CON_CPLR_DBG','IDS_SH3CON_CPLR_DBG','2','1','/Zi /DSHx /DSH3 /D_SH3_ /DUNDER_CE=$(CEVersion) /D_WIN32_WCE=$(CEVersion)',FALSE)      
INSERT INTO ToolOption VALUES ('{AAE9003C-C95B-11D3-9A06-00105A0DF099}', '{42CD0005-5AA4-11D3-99E7-00105A0DF099}','SH3LIB_CPLR_DBG','IDS_SH3LIB_CPLR_DBG','2','1','/Zi /DSHx /DSH3 /D_SH3_ /DUNDER_CE=$(CEVersion) /D_WIN32_WCE=$(CEVersion)',FALSE)      
INSERT INTO ToolOption VALUES ('{AAE9004F-C95B-11D3-9A06-00105A0DF099}', '{42CD0005-5AA4-11D3-99E7-00105A0DF099}','SH3EXE_CPLR_REL','IDS_SH3EXE_CPLR_REL','2','1','/DSHx /DSH3 /D_SH3_ /DUNDER_CE=$(CEVersion) /D_WIN32_WCE=$(CEVersion)',FALSE)          
INSERT INTO ToolOption VALUES ('{AAE90058-C95B-11D3-9A06-00105A0DF099}', '{42CD0005-5AA4-11D3-99E7-00105A0DF099}','SH3DLL_CPLR_REL','IDS_SH3DLL_CPLR_REL','2','1','/DSHx /DSH3 /D_SH3_ /DUNDER_CE=$(CEVersion) /D_WIN32_WCE=$(CEVersion)',FALSE)          
INSERT INTO ToolOption VALUES ('{AAE9005F-C95B-11D3-9A06-00105A0DF099}', '{42CD0005-5AA4-11D3-99E7-00105A0DF099}','SH3CON_CPLR_REL','IDS_SH3CON_CPLR_REL','2','1','/DSHx /DSH3 /D_SH3_ /DUNDER_CE=$(CEVersion) /D_WIN32_WCE=$(CEVersion)',FALSE)          
INSERT INTO ToolOption VALUES ('{AAE90062-C95B-11D3-9A06-00105A0DF099}', '{42CD0005-5AA4-11D3-99E7-00105A0DF099}','SH3LIB_CPLR_REL','IDS_SH3LIB_CPLR_REL','2','1','/DSHx /DSH3 /D_SH3_ /DUNDER_CE=$(CEVersion) /D_WIN32_WCE=$(CEVersion)',FALSE)          
INSERT INTO ToolOption VALUES ('{AAE9006B-C95B-11D3-9A06-00105A0DF099}', '{42CD0005-5AA4-11D3-99E7-00105A0DF099}','SH3MFC_CPLR_COMMON',NULL,'2','1','/c /nologo /D_WIN32_WCE=$(CEVersion) /D $(CePlatform)',FALSE)       
INSERT INTO ToolOption VALUES ('{AAE9006F-C95B-11D3-9A06-00105A0DF099}', '{42CD0005-5AA4-11D3-99E7-00105A0DF099}','SH3ATLDLL_CPLR_COMMON',NULL,'2','1','/D _USRDLL /c /D $(CePlatform)',FALSE)      
INSERT INTO ToolOption VALUES ('{AAE90070-C95B-11D3-9A06-00105A0DF099}', '{42CD0005-5AA4-11D3-99E7-00105A0DF099}','SH3ATL_CPLR_REL',NULL,'2','1','/nologo /DSHx /DSH3 /D_SH3_ /DUNDER_CE=$(CEVersion) /D_WIN32_WCE=$(CEVersion)',FALSE)    
INSERT INTO ToolOption VALUES ('{AAE903B5-C95B-11D3-9A06-00105A0DF099}', '{42CD0005-5AA4-11D3-99E7-00105A0DF099}','NDEBUG_SH3','the NDEBUG define for release prjs','2',NULL,'/D NDEBUG',FALSE)  
INSERT INTO ToolOption VALUES ('{AAE903E0-C95B-11D3-9A06-00105A0DF099}', '{42CD0005-5AA4-11D3-99E7-00105A0DF099}','CECRTMT_SH3','Release Lib Macro','2',NULL,'/M$(CECrtMT)',FALSE) 
INSERT INTO ToolOption VALUES ('{AAE903F6-C95B-11D3-9A06-00105A0DF099}', '{42CD0005-5AA4-11D3-99E7-00105A0DF099}','AFXDLL_SH3','Define _AFXDLL for dynamic linking to MFC','2',NULL,'/D _AFXDLL',FALSE)       
INSERT INTO ToolOption VALUES ('{AAE9039C-C95B-11D3-9A06-00105A0DF099}', '{42CD0005-5AA4-11D3-99E7-00105A0DF099}','ATL_STATIC_REGISTRY_SH3','Define _ATL_STATIC_REGISTRY','2',NULL,'/D _ATL_STATIC_REGISTRY',FALSE)          
INSERT INTO ToolOption VALUES ('{AAE903EB-C95B-11D3-9A06-00105A0DF099}', '{42CD0005-5AA4-11D3-99E7-00105A0DF099}','CECRTMTDEBUG_SH3','Debug Lib Macro','2',NULL,'/M$(CECrtMTDebug)',FALSE)      
INSERT INTO ToolOption VALUES ('{AAE90005-C95B-11D3-9A06-00105A0DF099}', '{42CD0005-5AA4-11D3-99E7-00105A0DF099}','SH3ACTIVEX_CPLR_COMMON',NULL,'2','1','/GX-',FALSE)  
INSERT INTO ToolOption VALUES ('{AAE90024-C95B-11D3-9A06-00105A0DF099}', '{42CD0005-5AA4-11D3-99E7-00105A0DF099}','SH3_CPLR_DBG','IDS_SH3_CPLR_DBG','2','1','/DDEBUG',FALSE)        
INSERT INTO ToolOption VALUES ('{AAE90025-C95B-11D3-9A06-00105A0DF099}', '{42CD0005-5AA4-11D3-99E7-00105A0DF099}','SH3EXE_CPLR_DBG','IDS_SH3EXE_CPLR_DBG','2','1','/Zi /DSHx /DSH3 /D_SH3_ /DUNDER_CE=$(CEVersion) /D_WIN32_WCE=$(CEVersion)',FALSE)      
INSERT INTO ToolOption VALUES ('{AAE90026-C95B-11D3-9A06-00105A0DF099}', '{42CD0005-5AA4-11D3-99E7-00105A0DF099}','SH3_CPLR_COMMON','IDS_SH3_CPLR_COMMON','2','1','/c /nologo /D_WIN32_WCE=$(CEVersion) /D $(CePlatform)',FALSE)    
INSERT INTO ToolOption VALUES ('{6EF1CC25-A84E-4CAE-B37C-E93B45B2280E}', '{42CD0005-5AA4-11D3-99E7-00105A0DF099}','SH3_ASSUME_NO_ALIASING','Assume No Aliasing is Supported','2','1','/Oa',FALSE)

                // LINK
INSERT INTO ToolOption VALUES ('{AAE90331-C95B-11D3-9A06-00105A0DF099}', '{42CD0017-5AA4-11D3-99E7-00105A0DF099}','LINKDBG_FORMAT_COFF_SH3','UI debug format COFF','2','1004','/debugtype:coff',FALSE)  
INSERT INTO ToolOption VALUES ('{AAE9040B-C95B-11D3-9A06-00105A0DF099}', '{42CD0017-5AA4-11D3-99E7-00105A0DF099}','NO_INCREMENTAL_LINKING_SH3','Incremental Linking Flag','2','1006','/INCREMENTAL:NO',FALSE)   
INSERT INTO ToolOption VALUES ('{AAE90379-C95B-11D3-9A06-00105A0DF099}', '{42CD0017-5AA4-11D3-99E7-00105A0DF099}','STACK_SH3','standard /STACK setting','2',NULL,'/STACK:65536,4096',FALSE)      
INSERT INTO ToolOption VALUES ('{AAE90400-C95B-11D3-9A06-00105A0DF099}', '{42CD0017-5AA4-11D3-99E7-00105A0DF099}','INCREMENTAL_LINKING_SH3','Incremental Linking Flag','2','1006','/INCREMENTAL:YES',FALSE)     
INSERT INTO ToolOption VALUES ('{AAE9002A-C95B-11D3-9A06-00105A0DF099}', '{42CD0017-5AA4-11D3-99E7-00105A0DF099}','SH3_LINK_SH3_COMMON','IDS_SH3_LINK_SH3_COMMON','2','1','/NOLOGO /subsystem:$(CESubsystem) /nodefaultlib:$(CENoDefaultLib)',FALSE)      
INSERT INTO ToolOption VALUES ('{AAE9002C-C95B-11D3-9A06-00105A0DF099}', '{42CD0017-5AA4-11D3-99E7-00105A0DF099}','SH3_LINK_DBG','IDS_SH3_LINK_DBG','2','1','/DEBUG /DEBUGTYPE:CV',FALSE)         
INSERT INTO ToolOption VALUES ('{AAE9002D-C95B-11D3-9A06-00105A0DF099}', '{42CD0017-5AA4-11D3-99E7-00105A0DF099}','SH3EXE_LINK_DBG','IDS_SH3EXE_LINK_DBG','2','1','/entry:WinMainCRTStartup',FALSE)  
INSERT INTO ToolOption VALUES ('{AAE9002E-C95B-11D3-9A06-00105A0DF099}', '{42CD0017-5AA4-11D3-99E7-00105A0DF099}','SH3_LIB_DBG','IDS_SH3_LIB_DBG','2','1','commctrl.lib coredll.lib ',FALSE)       
INSERT INTO ToolOption VALUES ('{AAE90032-C95B-11D3-9A06-00105A0DF099}', '{42CD0017-5AA4-11D3-99E7-00105A0DF099}','SH3DLL_LINK_DBG','IDS_SH3DLL_LINK_DBG','2','1','/DLL /entry:_DllMainCRTStartup',FALSE)       
INSERT INTO ToolOption VALUES ('{AAE9003A-C95B-11D3-9A06-00105A0DF099}', '{42CD0017-5AA4-11D3-99E7-00105A0DF099}','SH3_CONLIB','IDS_SH3_CONLIB','2','1','commctrl.lib coredll.lib ',FALSE)         
INSERT INTO ToolOption VALUES ('{AAE9003B-C95B-11D3-9A06-00105A0DF099}', '{42CD0017-5AA4-11D3-99E7-00105A0DF099}','SH3CON_LINK_DBG','IDS_SH3CON_LINK_DBG','2','1','/entry:WinMainCRTStartup',FALSE)  
INSERT INTO ToolOption VALUES ('{AAE90043-C95B-11D3-9A06-00105A0DF099}', '{42CD0017-5AA4-11D3-99E7-00105A0DF099}','SH3MFCEXE_LINK_DBG','Specific flags for Sh3 Linker (MFC EXE Debug build)','2','1','/DEBUG /entry:wWinMainCRTStartup',FALSE) 
INSERT INTO ToolOption VALUES ('{AAE90044-C95B-11D3-9A06-00105A0DF099}', '{42CD0017-5AA4-11D3-99E7-00105A0DF099}','SH3MFCDLL_LINK_DBG','Specific flags for Sh3 Linker (MFC DLL Debug build)','2','1','/DEBUG',FALSE)          
INSERT INTO ToolOption VALUES ('{AAE9004D-C95B-11D3-9A06-00105A0DF099}', '{42CD0017-5AA4-11D3-99E7-00105A0DF099}','SH3MFCEXE_LINK_COMMON','SH3_LINK_SH3_COMMON without defaultlib','2','1','/NOLOGO /subsystem:$(CESubsystem)',FALSE)       
INSERT INTO ToolOption VALUES ('{AAE90051-C95B-11D3-9A06-00105A0DF099}', '{42CD0017-5AA4-11D3-99E7-00105A0DF099}','SH3EXE_LINK_REL','IDS_SH3EXE_LINK_REL','2','1','/entry:WinMainCRTStartup',FALSE)  
INSERT INTO ToolOption VALUES ('{AAE90052-C95B-11D3-9A06-00105A0DF099}', '{42CD0017-5AA4-11D3-99E7-00105A0DF099}','SH3_LINK_REL','IDS_SH3_LINK_REL','2','1',NULL,FALSE)  
INSERT INTO ToolOption VALUES ('{AAE90053-C95B-11D3-9A06-00105A0DF099}', '{42CD0017-5AA4-11D3-99E7-00105A0DF099}','SH3_LIB_REL','IDS_SH3_LIB_REL','2','1','commctrl.lib coredll.lib ',FALSE)       
INSERT INTO ToolOption VALUES ('{AAE9005A-C95B-11D3-9A06-00105A0DF099}', '{42CD0017-5AA4-11D3-99E7-00105A0DF099}','SH3DLL_LINK_REL','IDS_SH3DLL_LINK_REL','2','1','/DLL /entry:_DllMainCRTStartup',FALSE)       
INSERT INTO ToolOption VALUES ('{AAE9005B-C95B-11D3-9A06-00105A0DF099}', '{42CD0017-5AA4-11D3-99E7-00105A0DF099}','SH3_LINK_REL','IDS_SH3_LINK_REL','2','1',NULL,FALSE)  
INSERT INTO ToolOption VALUES ('{AAE90060-C95B-11D3-9A06-00105A0DF099}', '{42CD0017-5AA4-11D3-99E7-00105A0DF099}','SH3CON_LINK_REL','IDS_SH3CON_LINK_REL','2','1','/entry:WinMainCRTStartup',FALSE)  
INSERT INTO ToolOption VALUES ('{AAE90061-C95B-11D3-9A06-00105A0DF099}', '{42CD0017-5AA4-11D3-99E7-00105A0DF099}','SH3_LINK_REL','IDS_SH3_LINK_REL','2','1',NULL,FALSE)  
INSERT INTO ToolOption VALUES ('{AAE90063-C95B-11D3-9A06-00105A0DF099}', '{42CD0017-5AA4-11D3-99E7-00105A0DF099}','SH3LIB_LINK','IDS_SH3LIB_LINK','2','1','/NOLOGO',FALSE)          
INSERT INTO ToolOption VALUES ('{AAE90066-C95B-11D3-9A06-00105A0DF099}', '{42CD0017-5AA4-11D3-99E7-00105A0DF099}','SH3MFCEXE_LINK_REL','Specific flags for Sh3 Linker (MFC EXE Release build)','2','1','/entry:wWinMainCRTStartup',FALSE)  
INSERT INTO ToolOption VALUES ('{AAE9006C-C95B-11D3-9A06-00105A0DF099}', '{42CD0017-5AA4-11D3-99E7-00105A0DF099}','SH3MFCDLL_LINK_COMMON','SH3_LINK_SH3_COMMON without defaultlib','2','1','/NOLOGO /subsystem:$(CESubsystem)',FALSE)      
INSERT INTO ToolOption VALUES ('{AAE903D1-C95B-11D3-9A06-00105A0DF099}', '{42CD0017-5AA4-11D3-99E7-00105A0DF099}','MACHINE_SH3','set machine type for linker','2',NULL,'/MACHINE:SH3',FALSE)     
INSERT INTO ToolOption VALUES ('{AAE90362-C95B-11D3-9A06-00105A0DF099}', '{42CD0017-5AA4-11D3-99E7-00105A0DF099}','BASE_TENTHOUSAND_SH3','/base flag for .exe proj types','2',NULL,'/base:0x00010000',FALSE)   
INSERT INTO ToolOption VALUES ('{AAE9036D-C95B-11D3-9A06-00105A0DF099}', '{42CD0017-5AA4-11D3-99E7-00105A0DF099}','BASE_100K_SH3','/base flag for .dll proj types','2',NULL,'/base:0x00100000',FALSE)          
INSERT INTO ToolOption VALUES ('{AAE90416-C95B-11D3-9A06-00105A0DF099}', '{42CD0017-5AA4-11D3-99E7-00105A0DF099}','AUTOMATIC PRECOMPILED HEADERS_SH3','Use automatic precompiled headers','2','1','/YX',FALSE)     
INSERT INTO ToolOption VALUES ('{AC7419Da-CDFD-11d3-9916-00105A1E7FA9}', '{42CD0017-5AA4-11D3-99E7-00105A0DF099}','WARNING_LEVEL','Use Warning Level 3','2','1','/W3',FALSE)

                // MIDL
INSERT INTO ToolOption VALUES ('{AAE90048-C95B-11D3-9A06-00105A0DF099}', '{453618F0-6A42-11D3-8433-005004848CBA}','SH3_MTL_COMMON','IDS_SH3_MTL_COMMON','2','1','/nologo /mktyplib203 /win32',FALSE)     
INSERT INTO ToolOption VALUES ('{AAE90049-C95B-11D3-9A06-00105A0DF099}', '{453618F0-6A42-11D3-8433-005004848CBA}','DEFINE_DEBUG','Define DEBUG','2','1','/D DEBUG',FALSE)        
INSERT INTO ToolOption VALUES ('{AAE903BF-C95B-11D3-9A06-00105A0DF099}', '{453618F0-6A42-11D3-8433-005004848CBA}','DEFINE_NDEBUG','Define NDEBUG','2',NULL,'/D NDEBUG',FALSE)  

                // BSC
INSERT INTO ToolOption VALUES ('{AAE9004A-C95B-11D3-9A06-00105A0DF099}', '{453618F1-6A42-11D3-8433-005004848CBA}','SH3_BSC_COMMON','IDS_SH3_BSC_COMMON','2','1','/nologo',FALSE)    

                // COFF
INSERT INTO ToolOption VALUES ('{AAE9004B-C95B-11D3-9A06-00105A0DF099}', '{A55B1B90-6ADC-11D3-8433-005004848CBA}','SH3_COFF_COMMON','IDS_SH3LIB_LINK','2','1','/nologo',FALSE)      

                // LIB
INSERT INTO ToolOption VALUES ('{AAE90329-C95B-11D3-9A06-00105A0DF099}', '{220199D6-801C-11D3-8466-005004848CBA}','SH3_LIB_COMMON',NULL,'2',NULL,'/nologo',FALSE)    

                // VCRC
INSERT INTO ToolOption VALUES ('{AAE9001E-C95B-11D3-9A06-00105A0DF099}', '{42CD0020-5AA4-11D3-99E7-00105A0DF099}','DEFINE_DEBUG','Define DEBUG','2','1','/D DEBUG',FALSE)          
INSERT INTO ToolOption VALUES ('{AAE9001F-C95B-11D3-9A06-00105A0DF099}', '{42CD0020-5AA4-11D3-99E7-00105A0DF099}','DSH3_RC_COMMON','IDS_DSH3_RC_COMMON','2','1','/r /DUNDER_CE=$(CEVersion) /D_WIN32_WCE=$(CEVersion)',FALSE)         
INSERT INTO ToolOption VALUES ('{AAE90054-C95B-11D3-9A06-00105A0DF099}', '{42CD0020-5AA4-11D3-99E7-00105A0DF099}','DEFINE_NDEBUG','Define NDEBUG','2','1','/D NDEBUG',FALSE)         
INSERT INTO ToolOption VALUES ('{AC19F044-D2D2-11d3-9917-00105A1E7FA9}', '{42CD0020-5AA4-11D3-99E7-00105A0DF099}','CEPLATFORM','CePlatform Macro','2','1','/D $(CePlatform)',FALSE)
INSERT INTO ToolOption VALUES ('{CF87FD65-D430-11d3-9918-00105A1E7FA9}', '{42CD0020-5AA4-11D3-99E7-00105A0DF099}','PROCESSOR_DEFINE','Processor Define','2','1','/D SHx /D SH3 /D _SH3_',FALSE)
INSERT INTO ToolOption VALUES ('{AF53B9B8-D81A-11d3-9918-00105A1E7FA9}', '{42CD0020-5AA4-11D3-99E7-00105A0DF099}','DEFINE_UNICODE','Define Unicode','2','1','/D UNICODE /D _UNICODE',FALSE)
 
// ******** OptionValue  ********

// ******** ToolOptionSet  ********
// COFF SH3
INSERT INTO ToolOptionSet VALUES ('{A55B1B90-6ADC-11D3-8433-005004848CBA}','67108864','{AAE9004B-C95B-11D3-9A06-00105A0DF099}',NULL)
INSERT INTO ToolOptionSet VALUES ('{A55B1B90-6ADC-11D3-8433-005004848CBA}','67109120','{AAE9004B-C95B-11D3-9A06-00105A0DF099}',NULL)
  
// LIB SH3
INSERT INTO ToolOptionSet VALUES ('{220199D6-801C-11D3-8466-005004848CBA}','67108864','{AAE90329-C95B-11D3-9A06-00105A0DF099}',NULL)       
INSERT INTO ToolOptionSet VALUES ('{220199D6-801C-11D3-8466-005004848CBA}','67109120','{AAE90329-C95B-11D3-9A06-00105A0DF099}',NULL)       

// CL SH3
	//EXE Release settings
INSERT INTO ToolOptionSet VALUES ('{42CD0005-5AA4-11D3-99E7-00105A0DF099}','16777216','{AAE90026-C95B-11D3-9A06-00105A0DF099}',NULL)
INSERT INTO ToolOptionSet VALUES ('{42CD0005-5AA4-11D3-99E7-00105A0DF099}','16777216','{AAE9004F-C95B-11D3-9A06-00105A0DF099}',NULL)
INSERT INTO ToolOptionSet VALUES ('{42CD0005-5AA4-11D3-99E7-00105A0DF099}','16777216','{AAE90340-C95B-11D3-9A06-00105A0DF099}',NULL)       
INSERT INTO ToolOptionSet VALUES ('{42CD0005-5AA4-11D3-99E7-00105A0DF099}','16777216','{AAE90384-C95B-11D3-9A06-00105A0DF099}',NULL)       
INSERT INTO ToolOptionSet VALUES ('{42CD0005-5AA4-11D3-99E7-00105A0DF099}','16777216','{AAE903B5-C95B-11D3-9A06-00105A0DF099}',NULL)       
INSERT INTO ToolOptionSet VALUES ('{42CD0005-5AA4-11D3-99E7-00105A0DF099}','16777216','{AAE903E0-C95B-11D3-9A06-00105A0DF099}',NULL)       
INSERT INTO ToolOptionSet VALUES ('{42CD0005-5AA4-11D3-99E7-00105A0DF099}','16777216','{AAE90416-C95B-11D3-9A06-00105A0DF099}',NULL)
INSERT INTO ToolOptionSet VALUES ('{42CD0005-5AA4-11D3-99E7-00105A0DF099}','16777216','{AC7419Da-CDFD-11d3-9916-00105A1E7FA9}',NULL)        
	//MFC EXE Release settings
INSERT INTO ToolOptionSet VALUES ('{42CD0005-5AA4-11D3-99E7-00105A0DF099}','16777232','{AAE9004F-C95B-11D3-9A06-00105A0DF099}',NULL)
INSERT INTO ToolOptionSet VALUES ('{42CD0005-5AA4-11D3-99E7-00105A0DF099}','16777232','{AAE9006B-C95B-11D3-9A06-00105A0DF099}',NULL)       
INSERT INTO ToolOptionSet VALUES ('{42CD0005-5AA4-11D3-99E7-00105A0DF099}','16777232','{AAE90340-C95B-11D3-9A06-00105A0DF099}',NULL)       
INSERT INTO ToolOptionSet VALUES ('{42CD0005-5AA4-11D3-99E7-00105A0DF099}','16777232','{AAE90384-C95B-11D3-9A06-00105A0DF099}',NULL)       
INSERT INTO ToolOptionSet VALUES ('{42CD0005-5AA4-11D3-99E7-00105A0DF099}','16777232','{AAE903B5-C95B-11D3-9A06-00105A0DF099}',NULL)       
INSERT INTO ToolOptionSet VALUES ('{42CD0005-5AA4-11D3-99E7-00105A0DF099}','16777232','{AAE903E0-C95B-11D3-9A06-00105A0DF099}',NULL)       
INSERT INTO ToolOptionSet VALUES ('{42CD0005-5AA4-11D3-99E7-00105A0DF099}','16777232','{AAE903F6-C95B-11D3-9A06-00105A0DF099}',NULL)      
INSERT INTO ToolOptionSet VALUES ('{42CD0005-5AA4-11D3-99E7-00105A0DF099}','16777232','{AAE90416-C95B-11D3-9A06-00105A0DF099}',NULL)        
INSERT INTO ToolOptionSet VALUES ('{42CD0005-5AA4-11D3-99E7-00105A0DF099}','16777232','{AC7419Da-CDFD-11d3-9916-00105A1E7FA9}',NULL)        
	// EXE Debug settings
INSERT INTO ToolOptionSet VALUES ('{42CD0005-5AA4-11D3-99E7-00105A0DF099}','16777472','{AAE90024-C95B-11D3-9A06-00105A0DF099}',NULL)
INSERT INTO ToolOptionSet VALUES ('{42CD0005-5AA4-11D3-99E7-00105A0DF099}','16777472','{AAE90025-C95B-11D3-9A06-00105A0DF099}',NULL)
INSERT INTO ToolOptionSet VALUES ('{42CD0005-5AA4-11D3-99E7-00105A0DF099}','16777472','{AAE90026-C95B-11D3-9A06-00105A0DF099}',NULL)
INSERT INTO ToolOptionSet VALUES ('{42CD0005-5AA4-11D3-99E7-00105A0DF099}','16777472','{AAE9034B-C95B-11D3-9A06-00105A0DF099}',NULL)       
INSERT INTO ToolOptionSet VALUES ('{42CD0005-5AA4-11D3-99E7-00105A0DF099}','16777472','{AAE90384-C95B-11D3-9A06-00105A0DF099}',NULL)       
INSERT INTO ToolOptionSet VALUES ('{42CD0005-5AA4-11D3-99E7-00105A0DF099}','16777472','{AAE903EB-C95B-11D3-9A06-00105A0DF099}',NULL)      
INSERT INTO ToolOptionSet VALUES ('{42CD0005-5AA4-11D3-99E7-00105A0DF099}','16777472','{AAE90416-C95B-11D3-9A06-00105A0DF099}',NULL)        
INSERT INTO ToolOptionSet VALUES ('{42CD0005-5AA4-11D3-99E7-00105A0DF099}','16777472','{AC7419Da-CDFD-11d3-9916-00105A1E7FA9}',NULL)        
	//MFC EXE Debug settings
INSERT INTO ToolOptionSet VALUES ('{42CD0005-5AA4-11D3-99E7-00105A0DF099}','16777488','{AAE90024-C95B-11D3-9A06-00105A0DF099}',NULL)
INSERT INTO ToolOptionSet VALUES ('{42CD0005-5AA4-11D3-99E7-00105A0DF099}','16777488','{AAE90025-C95B-11D3-9A06-00105A0DF099}',NULL)
INSERT INTO ToolOptionSet VALUES ('{42CD0005-5AA4-11D3-99E7-00105A0DF099}','16777488','{AAE9006B-C95B-11D3-9A06-00105A0DF099}',NULL)       
INSERT INTO ToolOptionSet VALUES ('{42CD0005-5AA4-11D3-99E7-00105A0DF099}','16777488','{AAE9034B-C95B-11D3-9A06-00105A0DF099}',NULL)       
INSERT INTO ToolOptionSet VALUES ('{42CD0005-5AA4-11D3-99E7-00105A0DF099}','16777488','{AAE90384-C95B-11D3-9A06-00105A0DF099}',NULL)       
INSERT INTO ToolOptionSet VALUES ('{42CD0005-5AA4-11D3-99E7-00105A0DF099}','16777488','{AAE903EB-C95B-11D3-9A06-00105A0DF099}',NULL)      
INSERT INTO ToolOptionSet VALUES ('{42CD0005-5AA4-11D3-99E7-00105A0DF099}','16777488','{AAE903F6-C95B-11D3-9A06-00105A0DF099}',NULL)      
INSERT INTO ToolOptionSet VALUES ('{42CD0005-5AA4-11D3-99E7-00105A0DF099}','16777488','{AAE90416-C95B-11D3-9A06-00105A0DF099}',NULL)        
INSERT INTO ToolOptionSet VALUES ('{42CD0005-5AA4-11D3-99E7-00105A0DF099}','16777488','{AC7419Da-CDFD-11d3-9916-00105A1E7FA9}',NULL)        
	//DLL Release settings
INSERT INTO ToolOptionSet VALUES ('{42CD0005-5AA4-11D3-99E7-00105A0DF099}','33554432','{AAE90026-C95B-11D3-9A06-00105A0DF099}',NULL)
INSERT INTO ToolOptionSet VALUES ('{42CD0005-5AA4-11D3-99E7-00105A0DF099}','33554432','{AAE90058-C95B-11D3-9A06-00105A0DF099}',NULL)
INSERT INTO ToolOptionSet VALUES ('{42CD0005-5AA4-11D3-99E7-00105A0DF099}','33554432','{AAE90340-C95B-11D3-9A06-00105A0DF099}',NULL)       
INSERT INTO ToolOptionSet VALUES ('{42CD0005-5AA4-11D3-99E7-00105A0DF099}','33554432','{AAE90384-C95B-11D3-9A06-00105A0DF099}',NULL)       
INSERT INTO ToolOptionSet VALUES ('{42CD0005-5AA4-11D3-99E7-00105A0DF099}','33554432','{AAE903B5-C95B-11D3-9A06-00105A0DF099}',NULL)       
INSERT INTO ToolOptionSet VALUES ('{42CD0005-5AA4-11D3-99E7-00105A0DF099}','33554432','{AAE903E0-C95B-11D3-9A06-00105A0DF099}',NULL)       
INSERT INTO ToolOptionSet VALUES ('{42CD0005-5AA4-11D3-99E7-00105A0DF099}','33554432','{AAE90416-C95B-11D3-9A06-00105A0DF099}',NULL)        
INSERT INTO ToolOptionSet VALUES ('{42CD0005-5AA4-11D3-99E7-00105A0DF099}','33554432','{AC7419Da-CDFD-11d3-9916-00105A1E7FA9}',NULL)        
	//ATL DLL Release MinSize settings
INSERT INTO ToolOptionSet VALUES ('{42CD0005-5AA4-11D3-99E7-00105A0DF099}','33554433','{AAE9006F-C95B-11D3-9A06-00105A0DF099}',NULL)       
INSERT INTO ToolOptionSet VALUES ('{42CD0005-5AA4-11D3-99E7-00105A0DF099}','33554433','{AAE90070-C95B-11D3-9A06-00105A0DF099}',NULL)       
INSERT INTO ToolOptionSet VALUES ('{42CD0005-5AA4-11D3-99E7-00105A0DF099}','33554433','{AAE90340-C95B-11D3-9A06-00105A0DF099}',NULL)       
INSERT INTO ToolOptionSet VALUES ('{42CD0005-5AA4-11D3-99E7-00105A0DF099}','33554433','{AAE90384-C95B-11D3-9A06-00105A0DF099}',NULL)       
INSERT INTO ToolOptionSet VALUES ('{42CD0005-5AA4-11D3-99E7-00105A0DF099}','33554433','{AAE903B5-C95B-11D3-9A06-00105A0DF099}',NULL)       
INSERT INTO ToolOptionSet VALUES ('{42CD0005-5AA4-11D3-99E7-00105A0DF099}','33554433','{AAE903E0-C95B-11D3-9A06-00105A0DF099}',NULL)       
INSERT INTO ToolOptionSet VALUES ('{42CD0005-5AA4-11D3-99E7-00105A0DF099}','33554433','{AAE90416-C95B-11D3-9A06-00105A0DF099}',NULL)        
INSERT INTO ToolOptionSet VALUES ('{42CD0005-5AA4-11D3-99E7-00105A0DF099}','33554433','{AC7419Da-CDFD-11d3-9916-00105A1E7FA9}',NULL)        
	//ATL DLL Release MinDep settings
INSERT INTO ToolOptionSet VALUES ('{42CD0005-5AA4-11D3-99E7-00105A0DF099}','33554434','{AAE9006F-C95B-11D3-9A06-00105A0DF099}',NULL)       
INSERT INTO ToolOptionSet VALUES ('{42CD0005-5AA4-11D3-99E7-00105A0DF099}','33554434','{AAE90070-C95B-11D3-9A06-00105A0DF099}',NULL)       
INSERT INTO ToolOptionSet VALUES ('{42CD0005-5AA4-11D3-99E7-00105A0DF099}','33554434','{AAE90340-C95B-11D3-9A06-00105A0DF099}',NULL)       
INSERT INTO ToolOptionSet VALUES ('{42CD0005-5AA4-11D3-99E7-00105A0DF099}','33554434','{AAE90384-C95B-11D3-9A06-00105A0DF099}',NULL)       
INSERT INTO ToolOptionSet VALUES ('{42CD0005-5AA4-11D3-99E7-00105A0DF099}','33554434','{AAE9039C-C95B-11D3-9A06-00105A0DF099}',NULL)       
INSERT INTO ToolOptionSet VALUES ('{42CD0005-5AA4-11D3-99E7-00105A0DF099}','33554434','{AAE903B5-C95B-11D3-9A06-00105A0DF099}',NULL)       
INSERT INTO ToolOptionSet VALUES ('{42CD0005-5AA4-11D3-99E7-00105A0DF099}','33554434','{AAE903E0-C95B-11D3-9A06-00105A0DF099}',NULL)       
INSERT INTO ToolOptionSet VALUES ('{42CD0005-5AA4-11D3-99E7-00105A0DF099}','33554434','{AAE90416-C95B-11D3-9A06-00105A0DF099}',NULL)        
INSERT INTO ToolOptionSet VALUES ('{42CD0005-5AA4-11D3-99E7-00105A0DF099}','33554434','{AC7419Da-CDFD-11d3-9916-00105A1E7FA9}',NULL)        
	//ATL EXE Release MinSize settings
INSERT INTO ToolOptionSet VALUES ('{42CD0005-5AA4-11D3-99E7-00105A0DF099}','16777217','{AAE9006B-C95B-11D3-9A06-00105A0DF099}',NULL)       
INSERT INTO ToolOptionSet VALUES ('{42CD0005-5AA4-11D3-99E7-00105A0DF099}','16777217','{AAE90070-C95B-11D3-9A06-00105A0DF099}',NULL)       
INSERT INTO ToolOptionSet VALUES ('{42CD0005-5AA4-11D3-99E7-00105A0DF099}','16777217','{AAE90340-C95B-11D3-9A06-00105A0DF099}',NULL)       
INSERT INTO ToolOptionSet VALUES ('{42CD0005-5AA4-11D3-99E7-00105A0DF099}','16777217','{AAE90384-C95B-11D3-9A06-00105A0DF099}',NULL)       
INSERT INTO ToolOptionSet VALUES ('{42CD0005-5AA4-11D3-99E7-00105A0DF099}','16777217','{AAE903B5-C95B-11D3-9A06-00105A0DF099}',NULL)       
INSERT INTO ToolOptionSet VALUES ('{42CD0005-5AA4-11D3-99E7-00105A0DF099}','16777217','{AAE903E0-C95B-11D3-9A06-00105A0DF099}',NULL)       
INSERT INTO ToolOptionSet VALUES ('{42CD0005-5AA4-11D3-99E7-00105A0DF099}','16777217','{AAE90416-C95B-11D3-9A06-00105A0DF099}',NULL)        
INSERT INTO ToolOptionSet VALUES ('{42CD0005-5AA4-11D3-99E7-00105A0DF099}','16777217','{AC7419Da-CDFD-11d3-9916-00105A1E7FA9}',NULL)        
	//ATL EXE Release MinDep settings
INSERT INTO ToolOptionSet VALUES ('{42CD0005-5AA4-11D3-99E7-00105A0DF099}','16777218','{AAE9006B-C95B-11D3-9A06-00105A0DF099}',NULL)       
INSERT INTO ToolOptionSet VALUES ('{42CD0005-5AA4-11D3-99E7-00105A0DF099}','16777218','{AAE90070-C95B-11D3-9A06-00105A0DF099}',NULL)       
INSERT INTO ToolOptionSet VALUES ('{42CD0005-5AA4-11D3-99E7-00105A0DF099}','16777218','{AAE90340-C95B-11D3-9A06-00105A0DF099}',NULL)       
INSERT INTO ToolOptionSet VALUES ('{42CD0005-5AA4-11D3-99E7-00105A0DF099}','16777218','{AAE90384-C95B-11D3-9A06-00105A0DF099}',NULL)       
INSERT INTO ToolOptionSet VALUES ('{42CD0005-5AA4-11D3-99E7-00105A0DF099}','16777218','{AAE9039C-C95B-11D3-9A06-00105A0DF099}',NULL)       
INSERT INTO ToolOptionSet VALUES ('{42CD0005-5AA4-11D3-99E7-00105A0DF099}','16777218','{AAE903B5-C95B-11D3-9A06-00105A0DF099}',NULL)       
INSERT INTO ToolOptionSet VALUES ('{42CD0005-5AA4-11D3-99E7-00105A0DF099}','16777218','{AAE903E0-C95B-11D3-9A06-00105A0DF099}',NULL)       
INSERT INTO ToolOptionSet VALUES ('{42CD0005-5AA4-11D3-99E7-00105A0DF099}','16777218','{AAE90416-C95B-11D3-9A06-00105A0DF099}',NULL)        
INSERT INTO ToolOptionSet VALUES ('{42CD0005-5AA4-11D3-99E7-00105A0DF099}','16777218','{AC7419Da-CDFD-11d3-9916-00105A1E7FA9}',NULL)        
	//MFC DLL Release settings
INSERT INTO ToolOptionSet VALUES ('{42CD0005-5AA4-11D3-99E7-00105A0DF099}','33554448','{AAE90058-C95B-11D3-9A06-00105A0DF099}',NULL)
INSERT INTO ToolOptionSet VALUES ('{42CD0005-5AA4-11D3-99E7-00105A0DF099}','33554448','{AAE9006B-C95B-11D3-9A06-00105A0DF099}',NULL)       
INSERT INTO ToolOptionSet VALUES ('{42CD0005-5AA4-11D3-99E7-00105A0DF099}','33554448','{AAE90340-C95B-11D3-9A06-00105A0DF099}',NULL)       
INSERT INTO ToolOptionSet VALUES ('{42CD0005-5AA4-11D3-99E7-00105A0DF099}','33554448','{AAE90384-C95B-11D3-9A06-00105A0DF099}',NULL)       
INSERT INTO ToolOptionSet VALUES ('{42CD0005-5AA4-11D3-99E7-00105A0DF099}','33554448','{AAE903B5-C95B-11D3-9A06-00105A0DF099}',NULL)       
INSERT INTO ToolOptionSet VALUES ('{42CD0005-5AA4-11D3-99E7-00105A0DF099}','33554448','{AAE903E0-C95B-11D3-9A06-00105A0DF099}',NULL)       
INSERT INTO ToolOptionSet VALUES ('{42CD0005-5AA4-11D3-99E7-00105A0DF099}','33554448','{AAE903F6-C95B-11D3-9A06-00105A0DF099}',NULL)      
INSERT INTO ToolOptionSet VALUES ('{42CD0005-5AA4-11D3-99E7-00105A0DF099}','33554448','{AAE90416-C95B-11D3-9A06-00105A0DF099}',NULL)        
INSERT INTO ToolOptionSet VALUES ('{42CD0005-5AA4-11D3-99E7-00105A0DF099}','33554448','{AC7419Da-CDFD-11d3-9916-00105A1E7FA9}',NULL)        
	// DLL Debug settings
INSERT INTO ToolOptionSet VALUES ('{42CD0005-5AA4-11D3-99E7-00105A0DF099}','33554688','{AAE90024-C95B-11D3-9A06-00105A0DF099}',NULL)
INSERT INTO ToolOptionSet VALUES ('{42CD0005-5AA4-11D3-99E7-00105A0DF099}','33554688','{AAE90026-C95B-11D3-9A06-00105A0DF099}',NULL)
INSERT INTO ToolOptionSet VALUES ('{42CD0005-5AA4-11D3-99E7-00105A0DF099}','33554688','{AAE9002F-C95B-11D3-9A06-00105A0DF099}',NULL)
INSERT INTO ToolOptionSet VALUES ('{42CD0005-5AA4-11D3-99E7-00105A0DF099}','33554688','{AAE9034B-C95B-11D3-9A06-00105A0DF099}',NULL)       
INSERT INTO ToolOptionSet VALUES ('{42CD0005-5AA4-11D3-99E7-00105A0DF099}','33554688','{AAE90384-C95B-11D3-9A06-00105A0DF099}',NULL)       
INSERT INTO ToolOptionSet VALUES ('{42CD0005-5AA4-11D3-99E7-00105A0DF099}','33554688','{AAE903EB-C95B-11D3-9A06-00105A0DF099}',NULL)      
INSERT INTO ToolOptionSet VALUES ('{42CD0005-5AA4-11D3-99E7-00105A0DF099}','33554688','{AAE90416-C95B-11D3-9A06-00105A0DF099}',NULL)        
INSERT INTO ToolOptionSet VALUES ('{42CD0005-5AA4-11D3-99E7-00105A0DF099}','33554688','{AC7419Da-CDFD-11d3-9916-00105A1E7FA9}',NULL)        
	// ATL DLL Debug settings
INSERT INTO ToolOptionSet VALUES ('{42CD0005-5AA4-11D3-99E7-00105A0DF099}','33554689','{AAE9006F-C95B-11D3-9A06-00105A0DF099}',NULL)
INSERT INTO ToolOptionSet VALUES ('{42CD0005-5AA4-11D3-99E7-00105A0DF099}','33554689','{AAE90024-C95B-11D3-9A06-00105A0DF099}',NULL)
INSERT INTO ToolOptionSet VALUES ('{42CD0005-5AA4-11D3-99E7-00105A0DF099}','33554689','{AAE9002F-C95B-11D3-9A06-00105A0DF099}',NULL)
INSERT INTO ToolOptionSet VALUES ('{42CD0005-5AA4-11D3-99E7-00105A0DF099}','33554689','{AAE9006B-C95B-11D3-9A06-00105A0DF099}',NULL)       
INSERT INTO ToolOptionSet VALUES ('{42CD0005-5AA4-11D3-99E7-00105A0DF099}','33554689','{AAE9034B-C95B-11D3-9A06-00105A0DF099}',NULL)       
INSERT INTO ToolOptionSet VALUES ('{42CD0005-5AA4-11D3-99E7-00105A0DF099}','33554689','{AAE90384-C95B-11D3-9A06-00105A0DF099}',NULL)       
INSERT INTO ToolOptionSet VALUES ('{42CD0005-5AA4-11D3-99E7-00105A0DF099}','33554689','{AAE903EB-C95B-11D3-9A06-00105A0DF099}',NULL)      
INSERT INTO ToolOptionSet VALUES ('{42CD0005-5AA4-11D3-99E7-00105A0DF099}','33554689','{AAE90416-C95B-11D3-9A06-00105A0DF099}',NULL)        
INSERT INTO ToolOptionSet VALUES ('{42CD0005-5AA4-11D3-99E7-00105A0DF099}','33554689','{AC7419Da-CDFD-11d3-9916-00105A1E7FA9}',NULL)        
	// ATL EXE Debug settings
INSERT INTO ToolOptionSet VALUES ('{42CD0005-5AA4-11D3-99E7-00105A0DF099}','16777473','{AAE90024-C95B-11D3-9A06-00105A0DF099}',NULL)
INSERT INTO ToolOptionSet VALUES ('{42CD0005-5AA4-11D3-99E7-00105A0DF099}','16777473','{AAE90025-C95B-11D3-9A06-00105A0DF099}',NULL)
INSERT INTO ToolOptionSet VALUES ('{42CD0005-5AA4-11D3-99E7-00105A0DF099}','16777473','{AAE9006B-C95B-11D3-9A06-00105A0DF099}',NULL)       
INSERT INTO ToolOptionSet VALUES ('{42CD0005-5AA4-11D3-99E7-00105A0DF099}','16777473','{AAE9034B-C95B-11D3-9A06-00105A0DF099}',NULL)       
INSERT INTO ToolOptionSet VALUES ('{42CD0005-5AA4-11D3-99E7-00105A0DF099}','16777473','{AAE90384-C95B-11D3-9A06-00105A0DF099}',NULL)       
INSERT INTO ToolOptionSet VALUES ('{42CD0005-5AA4-11D3-99E7-00105A0DF099}','16777473','{AAE903EB-C95B-11D3-9A06-00105A0DF099}',NULL)      
INSERT INTO ToolOptionSet VALUES ('{42CD0005-5AA4-11D3-99E7-00105A0DF099}','16777473','{AAE90416-C95B-11D3-9A06-00105A0DF099}',NULL)        
INSERT INTO ToolOptionSet VALUES ('{42CD0005-5AA4-11D3-99E7-00105A0DF099}','16777473','{AC7419Da-CDFD-11d3-9916-00105A1E7FA9}',NULL)        
	// MFC DLL Debug settings
INSERT INTO ToolOptionSet VALUES ('{42CD0005-5AA4-11D3-99E7-00105A0DF099}','33554704','{AAE90024-C95B-11D3-9A06-00105A0DF099}',NULL)
INSERT INTO ToolOptionSet VALUES ('{42CD0005-5AA4-11D3-99E7-00105A0DF099}','33554704','{AAE9002F-C95B-11D3-9A06-00105A0DF099}',NULL)
INSERT INTO ToolOptionSet VALUES ('{42CD0005-5AA4-11D3-99E7-00105A0DF099}','33554704','{AAE9006B-C95B-11D3-9A06-00105A0DF099}',NULL)       
INSERT INTO ToolOptionSet VALUES ('{42CD0005-5AA4-11D3-99E7-00105A0DF099}','33554704','{AAE9034B-C95B-11D3-9A06-00105A0DF099}',NULL)       
INSERT INTO ToolOptionSet VALUES ('{42CD0005-5AA4-11D3-99E7-00105A0DF099}','33554704','{AAE90384-C95B-11D3-9A06-00105A0DF099}',NULL)       
INSERT INTO ToolOptionSet VALUES ('{42CD0005-5AA4-11D3-99E7-00105A0DF099}','33554704','{AAE903EB-C95B-11D3-9A06-00105A0DF099}',NULL)      
INSERT INTO ToolOptionSet VALUES ('{42CD0005-5AA4-11D3-99E7-00105A0DF099}','33554704','{AAE903F6-C95B-11D3-9A06-00105A0DF099}',NULL)      
INSERT INTO ToolOptionSet VALUES ('{42CD0005-5AA4-11D3-99E7-00105A0DF099}','33554704','{AAE90416-C95B-11D3-9A06-00105A0DF099}',NULL)        
INSERT INTO ToolOptionSet VALUES ('{42CD0005-5AA4-11D3-99E7-00105A0DF099}','33554704','{AC7419Da-CDFD-11d3-9916-00105A1E7FA9}',NULL)        
	// MFC ActiveX Control release settings
INSERT INTO ToolOptionSet VALUES ('{42CD0005-5AA4-11D3-99E7-00105A0DF099}','33558544','{AAE90005-C95B-11D3-9A06-00105A0DF099}',NULL) 
INSERT INTO ToolOptionSet VALUES ('{42CD0005-5AA4-11D3-99E7-00105A0DF099}','33558544','{AAE90058-C95B-11D3-9A06-00105A0DF099}',NULL)
INSERT INTO ToolOptionSet VALUES ('{42CD0005-5AA4-11D3-99E7-00105A0DF099}','33558544','{AAE9006B-C95B-11D3-9A06-00105A0DF099}',NULL)       
INSERT INTO ToolOptionSet VALUES ('{42CD0005-5AA4-11D3-99E7-00105A0DF099}','33558544','{AAE90340-C95B-11D3-9A06-00105A0DF099}',NULL)       
INSERT INTO ToolOptionSet VALUES ('{42CD0005-5AA4-11D3-99E7-00105A0DF099}','33558544','{AAE90384-C95B-11D3-9A06-00105A0DF099}',NULL)       
INSERT INTO ToolOptionSet VALUES ('{42CD0005-5AA4-11D3-99E7-00105A0DF099}','33558544','{AAE903B5-C95B-11D3-9A06-00105A0DF099}',NULL)       
INSERT INTO ToolOptionSet VALUES ('{42CD0005-5AA4-11D3-99E7-00105A0DF099}','33558544','{AAE903E0-C95B-11D3-9A06-00105A0DF099}',NULL)       
INSERT INTO ToolOptionSet VALUES ('{42CD0005-5AA4-11D3-99E7-00105A0DF099}','33558544','{AAE903F6-C95B-11D3-9A06-00105A0DF099}',NULL)      
INSERT INTO ToolOptionSet VALUES ('{42CD0005-5AA4-11D3-99E7-00105A0DF099}','33558544','{AAE90416-C95B-11D3-9A06-00105A0DF099}',NULL)        
INSERT INTO ToolOptionSet VALUES ('{42CD0005-5AA4-11D3-99E7-00105A0DF099}','33558544','{AC7419Da-CDFD-11d3-9916-00105A1E7FA9}',NULL)        
	// MFC ActiveX Control debug settings
INSERT INTO ToolOptionSet VALUES ('{42CD0005-5AA4-11D3-99E7-00105A0DF099}','33558800','{AAE90005-C95B-11D3-9A06-00105A0DF099}',NULL) 
INSERT INTO ToolOptionSet VALUES ('{42CD0005-5AA4-11D3-99E7-00105A0DF099}','33558800','{AAE90024-C95B-11D3-9A06-00105A0DF099}',NULL)
INSERT INTO ToolOptionSet VALUES ('{42CD0005-5AA4-11D3-99E7-00105A0DF099}','33558800','{AAE9002F-C95B-11D3-9A06-00105A0DF099}',NULL)
INSERT INTO ToolOptionSet VALUES ('{42CD0005-5AA4-11D3-99E7-00105A0DF099}','33558800','{AAE9006B-C95B-11D3-9A06-00105A0DF099}',NULL)       
INSERT INTO ToolOptionSet VALUES ('{42CD0005-5AA4-11D3-99E7-00105A0DF099}','33558800','{AAE9034B-C95B-11D3-9A06-00105A0DF099}',NULL)       
INSERT INTO ToolOptionSet VALUES ('{42CD0005-5AA4-11D3-99E7-00105A0DF099}','33558800','{AAE90384-C95B-11D3-9A06-00105A0DF099}',NULL)       
INSERT INTO ToolOptionSet VALUES ('{42CD0005-5AA4-11D3-99E7-00105A0DF099}','33558800','{AAE903EB-C95B-11D3-9A06-00105A0DF099}',NULL)      
INSERT INTO ToolOptionSet VALUES ('{42CD0005-5AA4-11D3-99E7-00105A0DF099}','33558800','{AAE903F6-C95B-11D3-9A06-00105A0DF099}',NULL)      
INSERT INTO ToolOptionSet VALUES ('{42CD0005-5AA4-11D3-99E7-00105A0DF099}','33558800','{AAE90416-C95B-11D3-9A06-00105A0DF099}',NULL)        
INSERT INTO ToolOptionSet VALUES ('{42CD0005-5AA4-11D3-99E7-00105A0DF099}','33558800','{AC7419Da-CDFD-11d3-9916-00105A1E7FA9}',NULL)        
	// Concole application release settings
INSERT INTO ToolOptionSet VALUES ('{42CD0005-5AA4-11D3-99E7-00105A0DF099}','50331648','{AAE90026-C95B-11D3-9A06-00105A0DF099}',NULL)
INSERT INTO ToolOptionSet VALUES ('{42CD0005-5AA4-11D3-99E7-00105A0DF099}','50331648','{AAE9005F-C95B-11D3-9A06-00105A0DF099}',NULL)
INSERT INTO ToolOptionSet VALUES ('{42CD0005-5AA4-11D3-99E7-00105A0DF099}','50331648','{AAE90340-C95B-11D3-9A06-00105A0DF099}',NULL)       
INSERT INTO ToolOptionSet VALUES ('{42CD0005-5AA4-11D3-99E7-00105A0DF099}','50331648','{AAE90384-C95B-11D3-9A06-00105A0DF099}',NULL)       
INSERT INTO ToolOptionSet VALUES ('{42CD0005-5AA4-11D3-99E7-00105A0DF099}','50331648','{AAE903B5-C95B-11D3-9A06-00105A0DF099}',NULL)       
INSERT INTO ToolOptionSet VALUES ('{42CD0005-5AA4-11D3-99E7-00105A0DF099}','50331648','{AAE903E0-C95B-11D3-9A06-00105A0DF099}',NULL)       
INSERT INTO ToolOptionSet VALUES ('{42CD0005-5AA4-11D3-99E7-00105A0DF099}','50331648','{AAE90416-C95B-11D3-9A06-00105A0DF099}',NULL)        
INSERT INTO ToolOptionSet VALUES ('{42CD0005-5AA4-11D3-99E7-00105A0DF099}','50331648','{AC7419Da-CDFD-11d3-9916-00105A1E7FA9}',NULL)        
	// Concole application debug settings
INSERT INTO ToolOptionSet VALUES ('{42CD0005-5AA4-11D3-99E7-00105A0DF099}','50331904','{AAE90024-C95B-11D3-9A06-00105A0DF099}',NULL)
INSERT INTO ToolOptionSet VALUES ('{42CD0005-5AA4-11D3-99E7-00105A0DF099}','50331904','{AAE90026-C95B-11D3-9A06-00105A0DF099}',NULL)
INSERT INTO ToolOptionSet VALUES ('{42CD0005-5AA4-11D3-99E7-00105A0DF099}','50331904','{AAE90036-C95B-11D3-9A06-00105A0DF099}',NULL)
INSERT INTO ToolOptionSet VALUES ('{42CD0005-5AA4-11D3-99E7-00105A0DF099}','50331904','{AAE9034B-C95B-11D3-9A06-00105A0DF099}',NULL)       
INSERT INTO ToolOptionSet VALUES ('{42CD0005-5AA4-11D3-99E7-00105A0DF099}','50331904','{AAE90384-C95B-11D3-9A06-00105A0DF099}',NULL)       
INSERT INTO ToolOptionSet VALUES ('{42CD0005-5AA4-11D3-99E7-00105A0DF099}','50331904','{AAE903EB-C95B-11D3-9A06-00105A0DF099}',NULL)      
INSERT INTO ToolOptionSet VALUES ('{42CD0005-5AA4-11D3-99E7-00105A0DF099}','50331904','{AAE90416-C95B-11D3-9A06-00105A0DF099}',NULL)        
INSERT INTO ToolOptionSet VALUES ('{42CD0005-5AA4-11D3-99E7-00105A0DF099}','50331904','{AC7419Da-CDFD-11d3-9916-00105A1E7FA9}',NULL)        
	// Static Library release settings
INSERT INTO ToolOptionSet VALUES ('{42CD0005-5AA4-11D3-99E7-00105A0DF099}','67108864','{AAE90026-C95B-11D3-9A06-00105A0DF099}',NULL)
INSERT INTO ToolOptionSet VALUES ('{42CD0005-5AA4-11D3-99E7-00105A0DF099}','67108864','{AAE90062-C95B-11D3-9A06-00105A0DF099}',NULL)
INSERT INTO ToolOptionSet VALUES ('{42CD0005-5AA4-11D3-99E7-00105A0DF099}','67108864','{AAE90340-C95B-11D3-9A06-00105A0DF099}',NULL)       
INSERT INTO ToolOptionSet VALUES ('{42CD0005-5AA4-11D3-99E7-00105A0DF099}','67108864','{AAE90384-C95B-11D3-9A06-00105A0DF099}',NULL)       
INSERT INTO ToolOptionSet VALUES ('{42CD0005-5AA4-11D3-99E7-00105A0DF099}','67108864','{AAE903B5-C95B-11D3-9A06-00105A0DF099}',NULL)       
INSERT INTO ToolOptionSet VALUES ('{42CD0005-5AA4-11D3-99E7-00105A0DF099}','67108864','{AAE903E0-C95B-11D3-9A06-00105A0DF099}',NULL)       
INSERT INTO ToolOptionSet VALUES ('{42CD0005-5AA4-11D3-99E7-00105A0DF099}','67108864','{AAE90416-C95B-11D3-9A06-00105A0DF099}',NULL)        
INSERT INTO ToolOptionSet VALUES ('{42CD0005-5AA4-11D3-99E7-00105A0DF099}','67108864','{AC7419Da-CDFD-11d3-9916-00105A1E7FA9}',NULL)        
	// Static Library debug settings
INSERT INTO ToolOptionSet VALUES ('{42CD0005-5AA4-11D3-99E7-00105A0DF099}','67109120','{AAE90024-C95B-11D3-9A06-00105A0DF099}',NULL)
INSERT INTO ToolOptionSet VALUES ('{42CD0005-5AA4-11D3-99E7-00105A0DF099}','67109120','{AAE90026-C95B-11D3-9A06-00105A0DF099}',NULL)
INSERT INTO ToolOptionSet VALUES ('{42CD0005-5AA4-11D3-99E7-00105A0DF099}','67109120','{AAE9003C-C95B-11D3-9A06-00105A0DF099}',NULL)
INSERT INTO ToolOptionSet VALUES ('{42CD0005-5AA4-11D3-99E7-00105A0DF099}','67109120','{AAE9034B-C95B-11D3-9A06-00105A0DF099}',NULL)       
INSERT INTO ToolOptionSet VALUES ('{42CD0005-5AA4-11D3-99E7-00105A0DF099}','67109120','{AAE90384-C95B-11D3-9A06-00105A0DF099}',NULL)       
INSERT INTO ToolOptionSet VALUES ('{42CD0005-5AA4-11D3-99E7-00105A0DF099}','67109120','{AAE903EB-C95B-11D3-9A06-00105A0DF099}',NULL)     
INSERT INTO ToolOptionSet VALUES ('{42CD0005-5AA4-11D3-99E7-00105A0DF099}','67109120','{AAE90416-C95B-11D3-9A06-00105A0DF099}',NULL)
INSERT INTO ToolOptionSet VALUES ('{42CD0005-5AA4-11D3-99E7-00105A0DF099}','67109120','{AC7419Da-CDFD-11d3-9916-00105A1E7FA9}',NULL)	
				

// LINK SH3
	//EXE Release settings
INSERT INTO ToolOptionSet VALUES ('{42CD0017-5AA4-11D3-99E7-00105A0DF099}','16777216','{AAE9002A-C95B-11D3-9A06-00105A0DF099}',NULL)
INSERT INTO ToolOptionSet VALUES ('{42CD0017-5AA4-11D3-99E7-00105A0DF099}','16777216','{AAE90051-C95B-11D3-9A06-00105A0DF099}',NULL)
INSERT INTO ToolOptionSet VALUES ('{42CD0017-5AA4-11D3-99E7-00105A0DF099}','16777216','{AAE90053-C95B-11D3-9A06-00105A0DF099}',NULL)
INSERT INTO ToolOptionSet VALUES ('{42CD0017-5AA4-11D3-99E7-00105A0DF099}','16777216','{AAE90362-C95B-11D3-9A06-00105A0DF099}',NULL)       
INSERT INTO ToolOptionSet VALUES ('{42CD0017-5AA4-11D3-99E7-00105A0DF099}','16777216','{AAE90379-C95B-11D3-9A06-00105A0DF099}',NULL)       
INSERT INTO ToolOptionSet VALUES ('{42CD0017-5AA4-11D3-99E7-00105A0DF099}','16777216','{AAE903D1-C95B-11D3-9A06-00105A0DF099}',NULL)       
INSERT INTO ToolOptionSet VALUES ('{42CD0017-5AA4-11D3-99E7-00105A0DF099}','16777216','{AAE9040B-C95B-11D3-9A06-00105A0DF099}',NULL)      
	//MFC EXE Release settings
INSERT INTO ToolOptionSet VALUES ('{42CD0017-5AA4-11D3-99E7-00105A0DF099}','16777232','{AAE9004D-C95B-11D3-9A06-00105A0DF099}',NULL)
INSERT INTO ToolOptionSet VALUES ('{42CD0017-5AA4-11D3-99E7-00105A0DF099}','16777232','{AAE90066-C95B-11D3-9A06-00105A0DF099}',NULL)       
INSERT INTO ToolOptionSet VALUES ('{42CD0017-5AA4-11D3-99E7-00105A0DF099}','16777232','{AAE90362-C95B-11D3-9A06-00105A0DF099}',NULL)       
INSERT INTO ToolOptionSet VALUES ('{42CD0017-5AA4-11D3-99E7-00105A0DF099}','16777232','{AAE90379-C95B-11D3-9A06-00105A0DF099}',NULL)       
INSERT INTO ToolOptionSet VALUES ('{42CD0017-5AA4-11D3-99E7-00105A0DF099}','16777232','{AAE903D1-C95B-11D3-9A06-00105A0DF099}',NULL)       
INSERT INTO ToolOptionSet VALUES ('{42CD0017-5AA4-11D3-99E7-00105A0DF099}','16777232','{AAE9040B-C95B-11D3-9A06-00105A0DF099}',NULL)      
	// EXE Debug settings
INSERT INTO ToolOptionSet VALUES ('{42CD0017-5AA4-11D3-99E7-00105A0DF099}','16777472','{AAE9002A-C95B-11D3-9A06-00105A0DF099}',NULL)
INSERT INTO ToolOptionSet VALUES ('{42CD0017-5AA4-11D3-99E7-00105A0DF099}','16777472','{AAE9002C-C95B-11D3-9A06-00105A0DF099}',NULL)
INSERT INTO ToolOptionSet VALUES ('{42CD0017-5AA4-11D3-99E7-00105A0DF099}','16777472','{AAE9002D-C95B-11D3-9A06-00105A0DF099}',NULL)
INSERT INTO ToolOptionSet VALUES ('{42CD0017-5AA4-11D3-99E7-00105A0DF099}','16777472','{AAE9002E-C95B-11D3-9A06-00105A0DF099}',NULL)
INSERT INTO ToolOptionSet VALUES ('{42CD0017-5AA4-11D3-99E7-00105A0DF099}','16777472','{AAE90362-C95B-11D3-9A06-00105A0DF099}',NULL)       
INSERT INTO ToolOptionSet VALUES ('{42CD0017-5AA4-11D3-99E7-00105A0DF099}','16777472','{AAE90379-C95B-11D3-9A06-00105A0DF099}',NULL)       
INSERT INTO ToolOptionSet VALUES ('{42CD0017-5AA4-11D3-99E7-00105A0DF099}','16777472','{AAE903D1-C95B-11D3-9A06-00105A0DF099}',NULL)       
INSERT INTO ToolOptionSet VALUES ('{42CD0017-5AA4-11D3-99E7-00105A0DF099}','16777472','{AAE90400-C95B-11D3-9A06-00105A0DF099}',NULL)      
	//MFC EXE Debug settings
INSERT INTO ToolOptionSet VALUES ('{42CD0017-5AA4-11D3-99E7-00105A0DF099}','16777488','{AAE90043-C95B-11D3-9A06-00105A0DF099}',NULL)
INSERT INTO ToolOptionSet VALUES ('{42CD0017-5AA4-11D3-99E7-00105A0DF099}','16777488','{AAE9004D-C95B-11D3-9A06-00105A0DF099}',NULL)
INSERT INTO ToolOptionSet VALUES ('{42CD0017-5AA4-11D3-99E7-00105A0DF099}','16777488','{AAE90362-C95B-11D3-9A06-00105A0DF099}',NULL)       
INSERT INTO ToolOptionSet VALUES ('{42CD0017-5AA4-11D3-99E7-00105A0DF099}','16777488','{AAE90379-C95B-11D3-9A06-00105A0DF099}',NULL)       
INSERT INTO ToolOptionSet VALUES ('{42CD0017-5AA4-11D3-99E7-00105A0DF099}','16777488','{AAE903D1-C95B-11D3-9A06-00105A0DF099}',NULL)       
INSERT INTO ToolOptionSet VALUES ('{42CD0017-5AA4-11D3-99E7-00105A0DF099}','16777488','{AAE90400-C95B-11D3-9A06-00105A0DF099}',NULL)      
	//DLL Release settings
INSERT INTO ToolOptionSet VALUES ('{42CD0017-5AA4-11D3-99E7-00105A0DF099}','33554432','{AAE9002A-C95B-11D3-9A06-00105A0DF099}',NULL)
INSERT INTO ToolOptionSet VALUES ('{42CD0017-5AA4-11D3-99E7-00105A0DF099}','33554432','{AAE9005A-C95B-11D3-9A06-00105A0DF099}',NULL)
INSERT INTO ToolOptionSet VALUES ('{42CD0017-5AA4-11D3-99E7-00105A0DF099}','33554432','{AAE90053-C95B-11D3-9A06-00105A0DF099}',NULL)
INSERT INTO ToolOptionSet VALUES ('{42CD0017-5AA4-11D3-99E7-00105A0DF099}','33554432','{AAE9036D-C95B-11D3-9A06-00105A0DF099}',NULL)       
INSERT INTO ToolOptionSet VALUES ('{42CD0017-5AA4-11D3-99E7-00105A0DF099}','33554432','{AAE90379-C95B-11D3-9A06-00105A0DF099}',NULL)       
INSERT INTO ToolOptionSet VALUES ('{42CD0017-5AA4-11D3-99E7-00105A0DF099}','33554432','{AAE903D1-C95B-11D3-9A06-00105A0DF099}',NULL)       
INSERT INTO ToolOptionSet VALUES ('{42CD0017-5AA4-11D3-99E7-00105A0DF099}','33554432','{AAE9040B-C95B-11D3-9A06-00105A0DF099}',NULL)      
	//ATL DLL Release MinSize settings
INSERT INTO ToolOptionSet VALUES ('{42CD0017-5AA4-11D3-99E7-00105A0DF099}','33554433','{AAE9005A-C95B-11D3-9A06-00105A0DF099}',NULL)
INSERT INTO ToolOptionSet VALUES ('{42CD0017-5AA4-11D3-99E7-00105A0DF099}','33554433','{AAE9006C-C95B-11D3-9A06-00105A0DF099}',NULL)       
INSERT INTO ToolOptionSet VALUES ('{42CD0017-5AA4-11D3-99E7-00105A0DF099}','33554433','{AAE9036D-C95B-11D3-9A06-00105A0DF099}',NULL)       
INSERT INTO ToolOptionSet VALUES ('{42CD0017-5AA4-11D3-99E7-00105A0DF099}','33554433','{AAE90379-C95B-11D3-9A06-00105A0DF099}',NULL)       
INSERT INTO ToolOptionSet VALUES ('{42CD0017-5AA4-11D3-99E7-00105A0DF099}','33554433','{AAE903D1-C95B-11D3-9A06-00105A0DF099}',NULL)       
INSERT INTO ToolOptionSet VALUES ('{42CD0017-5AA4-11D3-99E7-00105A0DF099}','33554433','{AAE9040B-C95B-11D3-9A06-00105A0DF099}',NULL)    
	//ATL DLL Release MinDep settings
INSERT INTO ToolOptionSet VALUES ('{42CD0017-5AA4-11D3-99E7-00105A0DF099}','33554434','{AAE9005A-C95B-11D3-9A06-00105A0DF099}',NULL)
INSERT INTO ToolOptionSet VALUES ('{42CD0017-5AA4-11D3-99E7-00105A0DF099}','33554434','{AAE9006C-C95B-11D3-9A06-00105A0DF099}',NULL)       
INSERT INTO ToolOptionSet VALUES ('{42CD0017-5AA4-11D3-99E7-00105A0DF099}','33554434','{AAE9036D-C95B-11D3-9A06-00105A0DF099}',NULL)       
INSERT INTO ToolOptionSet VALUES ('{42CD0017-5AA4-11D3-99E7-00105A0DF099}','33554434','{AAE90379-C95B-11D3-9A06-00105A0DF099}',NULL)       
INSERT INTO ToolOptionSet VALUES ('{42CD0017-5AA4-11D3-99E7-00105A0DF099}','33554434','{AAE903D1-C95B-11D3-9A06-00105A0DF099}',NULL)       
INSERT INTO ToolOptionSet VALUES ('{42CD0017-5AA4-11D3-99E7-00105A0DF099}','33554434','{AAE9040B-C95B-11D3-9A06-00105A0DF099}',NULL)  
	//ATL EXE Release MinSize settings
INSERT INTO ToolOptionSet VALUES ('{42CD0017-5AA4-11D3-99E7-00105A0DF099}','16777217','{AAE90051-C95B-11D3-9A06-00105A0DF099}',NULL)
INSERT INTO ToolOptionSet VALUES ('{42CD0017-5AA4-11D3-99E7-00105A0DF099}','16777217','{AAE9006C-C95B-11D3-9A06-00105A0DF099}',NULL)       
INSERT INTO ToolOptionSet VALUES ('{42CD0017-5AA4-11D3-99E7-00105A0DF099}','16777217','{AAE90362-C95B-11D3-9A06-00105A0DF099}',NULL)       
INSERT INTO ToolOptionSet VALUES ('{42CD0017-5AA4-11D3-99E7-00105A0DF099}','16777217','{AAE90379-C95B-11D3-9A06-00105A0DF099}',NULL)       
INSERT INTO ToolOptionSet VALUES ('{42CD0017-5AA4-11D3-99E7-00105A0DF099}','16777217','{AAE903D1-C95B-11D3-9A06-00105A0DF099}',NULL)       
INSERT INTO ToolOptionSet VALUES ('{42CD0017-5AA4-11D3-99E7-00105A0DF099}','16777217','{AAE9040B-C95B-11D3-9A06-00105A0DF099}',NULL)      
	//ATL EXE Release MinDep settings
INSERT INTO ToolOptionSet VALUES ('{42CD0017-5AA4-11D3-99E7-00105A0DF099}','16777218','{AAE90051-C95B-11D3-9A06-00105A0DF099}',NULL)
INSERT INTO ToolOptionSet VALUES ('{42CD0017-5AA4-11D3-99E7-00105A0DF099}','16777218','{AAE9006C-C95B-11D3-9A06-00105A0DF099}',NULL)       
INSERT INTO ToolOptionSet VALUES ('{42CD0017-5AA4-11D3-99E7-00105A0DF099}','16777218','{AAE90362-C95B-11D3-9A06-00105A0DF099}',NULL)       
INSERT INTO ToolOptionSet VALUES ('{42CD0017-5AA4-11D3-99E7-00105A0DF099}','16777218','{AAE90379-C95B-11D3-9A06-00105A0DF099}',NULL)       
INSERT INTO ToolOptionSet VALUES ('{42CD0017-5AA4-11D3-99E7-00105A0DF099}','16777218','{AAE903D1-C95B-11D3-9A06-00105A0DF099}',NULL)       
INSERT INTO ToolOptionSet VALUES ('{42CD0017-5AA4-11D3-99E7-00105A0DF099}','16777218','{AAE9040B-C95B-11D3-9A06-00105A0DF099}',NULL)      
		//MFC DLL Release settings
INSERT INTO ToolOptionSet VALUES ('{42CD0017-5AA4-11D3-99E7-00105A0DF099}','33554448','{AAE9005A-C95B-11D3-9A06-00105A0DF099}',NULL)
INSERT INTO ToolOptionSet VALUES ('{42CD0017-5AA4-11D3-99E7-00105A0DF099}','33554448','{AAE9006C-C95B-11D3-9A06-00105A0DF099}',NULL)       
INSERT INTO ToolOptionSet VALUES ('{42CD0017-5AA4-11D3-99E7-00105A0DF099}','33554448','{AAE9036D-C95B-11D3-9A06-00105A0DF099}',NULL)       
INSERT INTO ToolOptionSet VALUES ('{42CD0017-5AA4-11D3-99E7-00105A0DF099}','33554448','{AAE90379-C95B-11D3-9A06-00105A0DF099}',NULL)       
INSERT INTO ToolOptionSet VALUES ('{42CD0017-5AA4-11D3-99E7-00105A0DF099}','33554448','{AAE903D1-C95B-11D3-9A06-00105A0DF099}',NULL)       
INSERT INTO ToolOptionSet VALUES ('{42CD0017-5AA4-11D3-99E7-00105A0DF099}','33554448','{AAE9040B-C95B-11D3-9A06-00105A0DF099}',NULL)      
	// DLL Debug settings
INSERT INTO ToolOptionSet VALUES ('{42CD0017-5AA4-11D3-99E7-00105A0DF099}','33554688','{AAE9002A-C95B-11D3-9A06-00105A0DF099}',NULL)
INSERT INTO ToolOptionSet VALUES ('{42CD0017-5AA4-11D3-99E7-00105A0DF099}','33554688','{AAE9002C-C95B-11D3-9A06-00105A0DF099}',NULL)
INSERT INTO ToolOptionSet VALUES ('{42CD0017-5AA4-11D3-99E7-00105A0DF099}','33554688','{AAE9002E-C95B-11D3-9A06-00105A0DF099}',NULL)
INSERT INTO ToolOptionSet VALUES ('{42CD0017-5AA4-11D3-99E7-00105A0DF099}','33554688','{AAE90032-C95B-11D3-9A06-00105A0DF099}',NULL)
INSERT INTO ToolOptionSet VALUES ('{42CD0017-5AA4-11D3-99E7-00105A0DF099}','33554688','{AAE9036D-C95B-11D3-9A06-00105A0DF099}',NULL)       
INSERT INTO ToolOptionSet VALUES ('{42CD0017-5AA4-11D3-99E7-00105A0DF099}','33554688','{AAE90379-C95B-11D3-9A06-00105A0DF099}',NULL)       
INSERT INTO ToolOptionSet VALUES ('{42CD0017-5AA4-11D3-99E7-00105A0DF099}','33554688','{AAE903D1-C95B-11D3-9A06-00105A0DF099}',NULL)       
INSERT INTO ToolOptionSet VALUES ('{42CD0017-5AA4-11D3-99E7-00105A0DF099}','33554688','{AAE90400-C95B-11D3-9A06-00105A0DF099}',NULL)      
	// ATL DLL Debug settings
INSERT INTO ToolOptionSet VALUES ('{42CD0017-5AA4-11D3-99E7-00105A0DF099}','33554689','{AAE90032-C95B-11D3-9A06-00105A0DF099}',NULL)
INSERT INTO ToolOptionSet VALUES ('{42CD0017-5AA4-11D3-99E7-00105A0DF099}','33554689','{AAE90044-C95B-11D3-9A06-00105A0DF099}',NULL)
INSERT INTO ToolOptionSet VALUES ('{42CD0017-5AA4-11D3-99E7-00105A0DF099}','33554689','{AAE9006C-C95B-11D3-9A06-00105A0DF099}',NULL)       
INSERT INTO ToolOptionSet VALUES ('{42CD0017-5AA4-11D3-99E7-00105A0DF099}','33554689','{AAE9036D-C95B-11D3-9A06-00105A0DF099}',NULL)       
INSERT INTO ToolOptionSet VALUES ('{42CD0017-5AA4-11D3-99E7-00105A0DF099}','33554689','{AAE90379-C95B-11D3-9A06-00105A0DF099}',NULL)       
INSERT INTO ToolOptionSet VALUES ('{42CD0017-5AA4-11D3-99E7-00105A0DF099}','33554689','{AAE903D1-C95B-11D3-9A06-00105A0DF099}',NULL)       
INSERT INTO ToolOptionSet VALUES ('{42CD0017-5AA4-11D3-99E7-00105A0DF099}','33554689','{AAE90400-C95B-11D3-9A06-00105A0DF099}',NULL)      
	// ATL EXE Debug settings
INSERT INTO ToolOptionSet VALUES ('{42CD0017-5AA4-11D3-99E7-00105A0DF099}','16777473','{AAE9002D-C95B-11D3-9A06-00105A0DF099}',NULL)
INSERT INTO ToolOptionSet VALUES ('{42CD0017-5AA4-11D3-99E7-00105A0DF099}','16777473','{AAE90044-C95B-11D3-9A06-00105A0DF099}',NULL)
INSERT INTO ToolOptionSet VALUES ('{42CD0017-5AA4-11D3-99E7-00105A0DF099}','16777473','{AAE9006C-C95B-11D3-9A06-00105A0DF099}',NULL)       
INSERT INTO ToolOptionSet VALUES ('{42CD0017-5AA4-11D3-99E7-00105A0DF099}','16777473','{AAE90362-C95B-11D3-9A06-00105A0DF099}',NULL)       
INSERT INTO ToolOptionSet VALUES ('{42CD0017-5AA4-11D3-99E7-00105A0DF099}','16777473','{AAE90379-C95B-11D3-9A06-00105A0DF099}',NULL)       
INSERT INTO ToolOptionSet VALUES ('{42CD0017-5AA4-11D3-99E7-00105A0DF099}','16777473','{AAE903D1-C95B-11D3-9A06-00105A0DF099}',NULL)       
INSERT INTO ToolOptionSet VALUES ('{42CD0017-5AA4-11D3-99E7-00105A0DF099}','16777473','{AAE90400-C95B-11D3-9A06-00105A0DF099}',NULL)      
	// MFC DLL Debug settings
INSERT INTO ToolOptionSet VALUES ('{42CD0017-5AA4-11D3-99E7-00105A0DF099}','33554704','{AAE90032-C95B-11D3-9A06-00105A0DF099}',NULL)
INSERT INTO ToolOptionSet VALUES ('{42CD0017-5AA4-11D3-99E7-00105A0DF099}','33554704','{AAE90044-C95B-11D3-9A06-00105A0DF099}',NULL)
INSERT INTO ToolOptionSet VALUES ('{42CD0017-5AA4-11D3-99E7-00105A0DF099}','33554704','{AAE9006C-C95B-11D3-9A06-00105A0DF099}',NULL)       
INSERT INTO ToolOptionSet VALUES ('{42CD0017-5AA4-11D3-99E7-00105A0DF099}','33554704','{AAE9036D-C95B-11D3-9A06-00105A0DF099}',NULL)       
INSERT INTO ToolOptionSet VALUES ('{42CD0017-5AA4-11D3-99E7-00105A0DF099}','33554704','{AAE90379-C95B-11D3-9A06-00105A0DF099}',NULL)       
INSERT INTO ToolOptionSet VALUES ('{42CD0017-5AA4-11D3-99E7-00105A0DF099}','33554704','{AAE903D1-C95B-11D3-9A06-00105A0DF099}',NULL)       
INSERT INTO ToolOptionSet VALUES ('{42CD0017-5AA4-11D3-99E7-00105A0DF099}','33554704','{AAE90400-C95B-11D3-9A06-00105A0DF099}',NULL)      
	// MFC ActiveX Control release settings
INSERT INTO ToolOptionSet VALUES ('{42CD0017-5AA4-11D3-99E7-00105A0DF099}','33558544','{AAE9005A-C95B-11D3-9A06-00105A0DF099}',NULL)
INSERT INTO ToolOptionSet VALUES ('{42CD0017-5AA4-11D3-99E7-00105A0DF099}','33558544','{AAE9006C-C95B-11D3-9A06-00105A0DF099}',NULL)       
INSERT INTO ToolOptionSet VALUES ('{42CD0017-5AA4-11D3-99E7-00105A0DF099}','33558544','{AAE9036D-C95B-11D3-9A06-00105A0DF099}',NULL)       
INSERT INTO ToolOptionSet VALUES ('{42CD0017-5AA4-11D3-99E7-00105A0DF099}','33558544','{AAE90379-C95B-11D3-9A06-00105A0DF099}',NULL)       
INSERT INTO ToolOptionSet VALUES ('{42CD0017-5AA4-11D3-99E7-00105A0DF099}','33558544','{AAE903D1-C95B-11D3-9A06-00105A0DF099}',NULL)       
INSERT INTO ToolOptionSet VALUES ('{42CD0017-5AA4-11D3-99E7-00105A0DF099}','33558544','{AAE9040B-C95B-11D3-9A06-00105A0DF099}',NULL)      
	// MFC ActiveX Control debug settings
INSERT INTO ToolOptionSet VALUES ('{42CD0017-5AA4-11D3-99E7-00105A0DF099}','33558800','{AAE90032-C95B-11D3-9A06-00105A0DF099}',NULL)
INSERT INTO ToolOptionSet VALUES ('{42CD0017-5AA4-11D3-99E7-00105A0DF099}','33558800','{AAE90044-C95B-11D3-9A06-00105A0DF099}',NULL)
INSERT INTO ToolOptionSet VALUES ('{42CD0017-5AA4-11D3-99E7-00105A0DF099}','33558800','{AAE9006C-C95B-11D3-9A06-00105A0DF099}',NULL)       
INSERT INTO ToolOptionSet VALUES ('{42CD0017-5AA4-11D3-99E7-00105A0DF099}','33558800','{AAE9036D-C95B-11D3-9A06-00105A0DF099}',NULL)       
INSERT INTO ToolOptionSet VALUES ('{42CD0017-5AA4-11D3-99E7-00105A0DF099}','33558800','{AAE90379-C95B-11D3-9A06-00105A0DF099}',NULL)       
INSERT INTO ToolOptionSet VALUES ('{42CD0017-5AA4-11D3-99E7-00105A0DF099}','33558800','{AAE903D1-C95B-11D3-9A06-00105A0DF099}',NULL)       
INSERT INTO ToolOptionSet VALUES ('{42CD0017-5AA4-11D3-99E7-00105A0DF099}','33558800','{AAE90400-C95B-11D3-9A06-00105A0DF099}',NULL)      
	// Concole application release settings
INSERT INTO ToolOptionSet VALUES ('{42CD0017-5AA4-11D3-99E7-00105A0DF099}','50331648','{AAE9002A-C95B-11D3-9A06-00105A0DF099}',NULL)
INSERT INTO ToolOptionSet VALUES ('{42CD0017-5AA4-11D3-99E7-00105A0DF099}','50331648','{AAE9003A-C95B-11D3-9A06-00105A0DF099}',NULL)
INSERT INTO ToolOptionSet VALUES ('{42CD0017-5AA4-11D3-99E7-00105A0DF099}','50331648','{AAE90060-C95B-11D3-9A06-00105A0DF099}',NULL)
INSERT INTO ToolOptionSet VALUES ('{42CD0017-5AA4-11D3-99E7-00105A0DF099}','50331648','{AAE90362-C95B-11D3-9A06-00105A0DF099}',NULL)       
INSERT INTO ToolOptionSet VALUES ('{42CD0017-5AA4-11D3-99E7-00105A0DF099}','50331648','{AAE90379-C95B-11D3-9A06-00105A0DF099}',NULL)       
INSERT INTO ToolOptionSet VALUES ('{42CD0017-5AA4-11D3-99E7-00105A0DF099}','50331648','{AAE903D1-C95B-11D3-9A06-00105A0DF099}',NULL)       
INSERT INTO ToolOptionSet VALUES ('{42CD0017-5AA4-11D3-99E7-00105A0DF099}','50331648','{AAE9040B-C95B-11D3-9A06-00105A0DF099}',NULL)      
	// Concole application debug settings	
INSERT INTO ToolOptionSet VALUES ('{42CD0017-5AA4-11D3-99E7-00105A0DF099}','50331904','{AAE9002A-C95B-11D3-9A06-00105A0DF099}',NULL)
INSERT INTO ToolOptionSet VALUES ('{42CD0017-5AA4-11D3-99E7-00105A0DF099}','50331904','{AAE9002C-C95B-11D3-9A06-00105A0DF099}',NULL)
INSERT INTO ToolOptionSet VALUES ('{42CD0017-5AA4-11D3-99E7-00105A0DF099}','50331904','{AAE9003A-C95B-11D3-9A06-00105A0DF099}',NULL)
INSERT INTO ToolOptionSet VALUES ('{42CD0017-5AA4-11D3-99E7-00105A0DF099}','50331904','{AAE9003B-C95B-11D3-9A06-00105A0DF099}',NULL)
INSERT INTO ToolOptionSet VALUES ('{42CD0017-5AA4-11D3-99E7-00105A0DF099}','50331904','{AAE90362-C95B-11D3-9A06-00105A0DF099}',NULL)       
INSERT INTO ToolOptionSet VALUES ('{42CD0017-5AA4-11D3-99E7-00105A0DF099}','50331904','{AAE90379-C95B-11D3-9A06-00105A0DF099}',NULL)       
INSERT INTO ToolOptionSet VALUES ('{42CD0017-5AA4-11D3-99E7-00105A0DF099}','50331904','{AAE903D1-C95B-11D3-9A06-00105A0DF099}',NULL)       
INSERT INTO ToolOptionSet VALUES ('{42CD0017-5AA4-11D3-99E7-00105A0DF099}','50331904','{AAE90400-C95B-11D3-9A06-00105A0DF099}',NULL)      

// VCRC SH3
	//EXE Release settings
INSERT INTO ToolOptionSet VALUES ('{42CD0020-5AA4-11D3-99E7-00105A0DF099}','16777216','{AAE9001F-C95B-11D3-9A06-00105A0DF099}',NULL)
INSERT INTO ToolOptionSet VALUES ('{42CD0020-5AA4-11D3-99E7-00105A0DF099}','16777216','{AF53B9B8-D81A-11d3-9918-00105A1E7FA9}',NULL)        
INSERT INTO ToolOptionSet VALUES ('{42CD0020-5AA4-11D3-99E7-00105A0DF099}','16777216','{AAE90054-C95B-11D3-9A06-00105A0DF099}',NULL)
INSERT INTO ToolOptionSet VALUES ('{42CD0020-5AA4-11D3-99E7-00105A0DF099}','16777216','{AC19F044-D2D2-11d3-9917-00105A1E7FA9}',NULL)        
INSERT INTO ToolOptionSet VALUES ('{42CD0020-5AA4-11D3-99E7-00105A0DF099}','16777216','{CF87FD65-D430-11d3-9918-00105A1E7FA9}',NULL)        
	//MFC EXE Release settings
INSERT INTO ToolOptionSet VALUES ('{42CD0020-5AA4-11D3-99E7-00105A0DF099}','16777232','{AAE9001F-C95B-11D3-9A06-00105A0DF099}',NULL)
INSERT INTO ToolOptionSet VALUES ('{42CD0020-5AA4-11D3-99E7-00105A0DF099}','16777232','{AF53B9B8-D81A-11d3-9918-00105A1E7FA9}',NULL)        
INSERT INTO ToolOptionSet VALUES ('{42CD0020-5AA4-11D3-99E7-00105A0DF099}','16777232','{AAE90054-C95B-11D3-9A06-00105A0DF099}',NULL)
INSERT INTO ToolOptionSet VALUES ('{42CD0020-5AA4-11D3-99E7-00105A0DF099}','16777232','{AC19F044-D2D2-11d3-9917-00105A1E7FA9}',NULL)        
INSERT INTO ToolOptionSet VALUES ('{42CD0020-5AA4-11D3-99E7-00105A0DF099}','16777232','{CF87FD65-D430-11d3-9918-00105A1E7FA9}',NULL)        
	// EXE Debug settings
INSERT INTO ToolOptionSet VALUES ('{42CD0020-5AA4-11D3-99E7-00105A0DF099}','16777472','{AAE9001F-C95B-11D3-9A06-00105A0DF099}',NULL)
INSERT INTO ToolOptionSet VALUES ('{42CD0020-5AA4-11D3-99E7-00105A0DF099}','16777472','{AF53B9B8-D81A-11d3-9918-00105A1E7FA9}',NULL)        
INSERT INTO ToolOptionSet VALUES ('{42CD0020-5AA4-11D3-99E7-00105A0DF099}','16777472','{AAE9001E-C95B-11D3-9A06-00105A0DF099}',NULL)
INSERT INTO ToolOptionSet VALUES ('{42CD0020-5AA4-11D3-99E7-00105A0DF099}','16777472','{AC19F044-D2D2-11d3-9917-00105A1E7FA9}',NULL)        
INSERT INTO ToolOptionSet VALUES ('{42CD0020-5AA4-11D3-99E7-00105A0DF099}','16777472','{CF87FD65-D430-11d3-9918-00105A1E7FA9}',NULL)        
	//MFC EXE Debug settings
INSERT INTO ToolOptionSet VALUES ('{42CD0020-5AA4-11D3-99E7-00105A0DF099}','16777488','{AAE9001F-C95B-11D3-9A06-00105A0DF099}',NULL)
INSERT INTO ToolOptionSet VALUES ('{42CD0020-5AA4-11D3-99E7-00105A0DF099}','16777488','{AF53B9B8-D81A-11d3-9918-00105A1E7FA9}',NULL)        
INSERT INTO ToolOptionSet VALUES ('{42CD0020-5AA4-11D3-99E7-00105A0DF099}','16777488','{AAE9001E-C95B-11D3-9A06-00105A0DF099}',NULL)
INSERT INTO ToolOptionSet VALUES ('{42CD0020-5AA4-11D3-99E7-00105A0DF099}','16777488','{AC19F044-D2D2-11d3-9917-00105A1E7FA9}',NULL)        
INSERT INTO ToolOptionSet VALUES ('{42CD0020-5AA4-11D3-99E7-00105A0DF099}','16777488','{CF87FD65-D430-11d3-9918-00105A1E7FA9}',NULL)        
	//DLL Release settings	
INSERT INTO ToolOptionSet VALUES ('{42CD0020-5AA4-11D3-99E7-00105A0DF099}','33554432','{AAE9001F-C95B-11D3-9A06-00105A0DF099}',NULL)
INSERT INTO ToolOptionSet VALUES ('{42CD0020-5AA4-11D3-99E7-00105A0DF099}','33554432','{AF53B9B8-D81A-11d3-9918-00105A1E7FA9}',NULL)        
INSERT INTO ToolOptionSet VALUES ('{42CD0020-5AA4-11D3-99E7-00105A0DF099}','33554432','{AAE90054-C95B-11D3-9A06-00105A0DF099}',NULL)
INSERT INTO ToolOptionSet VALUES ('{42CD0020-5AA4-11D3-99E7-00105A0DF099}','33554432','{AC19F044-D2D2-11d3-9917-00105A1E7FA9}',NULL)        
INSERT INTO ToolOptionSet VALUES ('{42CD0020-5AA4-11D3-99E7-00105A0DF099}','33554432','{CF87FD65-D430-11d3-9918-00105A1E7FA9}',NULL)        
	//ATL DLL Release MinSize settings
INSERT INTO ToolOptionSet VALUES ('{42CD0020-5AA4-11D3-99E7-00105A0DF099}','33554433','{AAE9001F-C95B-11D3-9A06-00105A0DF099}',NULL)
INSERT INTO ToolOptionSet VALUES ('{42CD0020-5AA4-11D3-99E7-00105A0DF099}','33554433','{AF53B9B8-D81A-11d3-9918-00105A1E7FA9}',NULL)        
INSERT INTO ToolOptionSet VALUES ('{42CD0020-5AA4-11D3-99E7-00105A0DF099}','33554433','{AAE90054-C95B-11D3-9A06-00105A0DF099}',NULL)
INSERT INTO ToolOptionSet VALUES ('{42CD0020-5AA4-11D3-99E7-00105A0DF099}','33554433','{AC19F044-D2D2-11d3-9917-00105A1E7FA9}',NULL)        
INSERT INTO ToolOptionSet VALUES ('{42CD0020-5AA4-11D3-99E7-00105A0DF099}','33554433','{CF87FD65-D430-11d3-9918-00105A1E7FA9}',NULL)
	//ATL DLL Release MinDep settings
INSERT INTO ToolOptionSet VALUES ('{42CD0020-5AA4-11D3-99E7-00105A0DF099}','33554434','{AAE9001F-C95B-11D3-9A06-00105A0DF099}',NULL)
INSERT INTO ToolOptionSet VALUES ('{42CD0020-5AA4-11D3-99E7-00105A0DF099}','33554434','{AF53B9B8-D81A-11d3-9918-00105A1E7FA9}',NULL)        
INSERT INTO ToolOptionSet VALUES ('{42CD0020-5AA4-11D3-99E7-00105A0DF099}','33554434','{AAE90054-C95B-11D3-9A06-00105A0DF099}',NULL)
INSERT INTO ToolOptionSet VALUES ('{42CD0020-5AA4-11D3-99E7-00105A0DF099}','33554434','{AC19F044-D2D2-11d3-9917-00105A1E7FA9}',NULL)        
INSERT INTO ToolOptionSet VALUES ('{42CD0020-5AA4-11D3-99E7-00105A0DF099}','33554434','{CF87FD65-D430-11d3-9918-00105A1E7FA9}',NULL)
	//ATL EXE Release MinSize settings
INSERT INTO ToolOptionSet VALUES ('{42CD0020-5AA4-11D3-99E7-00105A0DF099}','16777217','{AAE9001F-C95B-11D3-9A06-00105A0DF099}',NULL)
INSERT INTO ToolOptionSet VALUES ('{42CD0020-5AA4-11D3-99E7-00105A0DF099}','16777217','{AF53B9B8-D81A-11d3-9918-00105A1E7FA9}',NULL)        
INSERT INTO ToolOptionSet VALUES ('{42CD0020-5AA4-11D3-99E7-00105A0DF099}','16777217','{AAE90054-C95B-11D3-9A06-00105A0DF099}',NULL)
INSERT INTO ToolOptionSet VALUES ('{42CD0020-5AA4-11D3-99E7-00105A0DF099}','16777217','{AC19F044-D2D2-11d3-9917-00105A1E7FA9}',NULL)        
INSERT INTO ToolOptionSet VALUES ('{42CD0020-5AA4-11D3-99E7-00105A0DF099}','16777217','{CF87FD65-D430-11d3-9918-00105A1E7FA9}',NULL)
	//ATL EXE Release MinDep settings
INSERT INTO ToolOptionSet VALUES ('{42CD0020-5AA4-11D3-99E7-00105A0DF099}','16777218','{AAE9001F-C95B-11D3-9A06-00105A0DF099}',NULL)
INSERT INTO ToolOptionSet VALUES ('{42CD0020-5AA4-11D3-99E7-00105A0DF099}','16777218','{AF53B9B8-D81A-11d3-9918-00105A1E7FA9}',NULL)        
INSERT INTO ToolOptionSet VALUES ('{42CD0020-5AA4-11D3-99E7-00105A0DF099}','16777218','{AAE90054-C95B-11D3-9A06-00105A0DF099}',NULL)
INSERT INTO ToolOptionSet VALUES ('{42CD0020-5AA4-11D3-99E7-00105A0DF099}','16777218','{AC19F044-D2D2-11d3-9917-00105A1E7FA9}',NULL)        
INSERT INTO ToolOptionSet VALUES ('{42CD0020-5AA4-11D3-99E7-00105A0DF099}','16777218','{CF87FD65-D430-11d3-9918-00105A1E7FA9}',NULL)
	//MFC DLL Release settings
INSERT INTO ToolOptionSet VALUES ('{42CD0020-5AA4-11D3-99E7-00105A0DF099}','33554448','{AAE9001F-C95B-11D3-9A06-00105A0DF099}',NULL)
INSERT INTO ToolOptionSet VALUES ('{42CD0020-5AA4-11D3-99E7-00105A0DF099}','33554448','{AF53B9B8-D81A-11d3-9918-00105A1E7FA9}',NULL)        
INSERT INTO ToolOptionSet VALUES ('{42CD0020-5AA4-11D3-99E7-00105A0DF099}','33554448','{AAE90054-C95B-11D3-9A06-00105A0DF099}',NULL)
INSERT INTO ToolOptionSet VALUES ('{42CD0020-5AA4-11D3-99E7-00105A0DF099}','33554448','{AC19F044-D2D2-11d3-9917-00105A1E7FA9}',NULL)        
INSERT INTO ToolOptionSet VALUES ('{42CD0020-5AA4-11D3-99E7-00105A0DF099}','33554448','{CF87FD65-D430-11d3-9918-00105A1E7FA9}',NULL)        
	// DLL Debug settings
INSERT INTO ToolOptionSet VALUES ('{42CD0020-5AA4-11D3-99E7-00105A0DF099}','33554688','{AAE9001F-C95B-11D3-9A06-00105A0DF099}',NULL)
INSERT INTO ToolOptionSet VALUES ('{42CD0020-5AA4-11D3-99E7-00105A0DF099}','33554688','{AF53B9B8-D81A-11d3-9918-00105A1E7FA9}',NULL)        
INSERT INTO ToolOptionSet VALUES ('{42CD0020-5AA4-11D3-99E7-00105A0DF099}','33554688','{AAE9001E-C95B-11D3-9A06-00105A0DF099}',NULL)
INSERT INTO ToolOptionSet VALUES ('{42CD0020-5AA4-11D3-99E7-00105A0DF099}','33554688','{AC19F044-D2D2-11d3-9917-00105A1E7FA9}',NULL)        
INSERT INTO ToolOptionSet VALUES ('{42CD0020-5AA4-11D3-99E7-00105A0DF099}','33554688','{CF87FD65-D430-11d3-9918-00105A1E7FA9}',NULL)        
	// ATL DLL Debug settings
INSERT INTO ToolOptionSet VALUES ('{42CD0020-5AA4-11D3-99E7-00105A0DF099}','33554689','{AAE9001F-C95B-11D3-9A06-00105A0DF099}',NULL)
INSERT INTO ToolOptionSet VALUES ('{42CD0020-5AA4-11D3-99E7-00105A0DF099}','33554689','{AF53B9B8-D81A-11d3-9918-00105A1E7FA9}',NULL)        
INSERT INTO ToolOptionSet VALUES ('{42CD0020-5AA4-11D3-99E7-00105A0DF099}','33554689','{AAE9001E-C95B-11D3-9A06-00105A0DF099}',NULL)
INSERT INTO ToolOptionSet VALUES ('{42CD0020-5AA4-11D3-99E7-00105A0DF099}','33554689','{AC19F044-D2D2-11d3-9917-00105A1E7FA9}',NULL)        
INSERT INTO ToolOptionSet VALUES ('{42CD0020-5AA4-11D3-99E7-00105A0DF099}','33554689','{CF87FD65-D430-11d3-9918-00105A1E7FA9}',NULL)        
	// ATL EXE Debug settings
INSERT INTO ToolOptionSet VALUES ('{42CD0020-5AA4-11D3-99E7-00105A0DF099}','16777473','{AAE9001F-C95B-11D3-9A06-00105A0DF099}',NULL)
INSERT INTO ToolOptionSet VALUES ('{42CD0020-5AA4-11D3-99E7-00105A0DF099}','16777473','{AF53B9B8-D81A-11d3-9918-00105A1E7FA9}',NULL)        
INSERT INTO ToolOptionSet VALUES ('{42CD0020-5AA4-11D3-99E7-00105A0DF099}','16777473','{AAE9001E-C95B-11D3-9A06-00105A0DF099}',NULL)
INSERT INTO ToolOptionSet VALUES ('{42CD0020-5AA4-11D3-99E7-00105A0DF099}','16777473','{AC19F044-D2D2-11d3-9917-00105A1E7FA9}',NULL)        
INSERT INTO ToolOptionSet VALUES ('{42CD0020-5AA4-11D3-99E7-00105A0DF099}','16777473','{CF87FD65-D430-11d3-9918-00105A1E7FA9}',NULL)        
	// MFC DLL Debug settings
INSERT INTO ToolOptionSet VALUES ('{42CD0020-5AA4-11D3-99E7-00105A0DF099}','33554704','{AAE9001F-C95B-11D3-9A06-00105A0DF099}',NULL)
INSERT INTO ToolOptionSet VALUES ('{42CD0020-5AA4-11D3-99E7-00105A0DF099}','33554704','{AF53B9B8-D81A-11d3-9918-00105A1E7FA9}',NULL)        
INSERT INTO ToolOptionSet VALUES ('{42CD0020-5AA4-11D3-99E7-00105A0DF099}','33554704','{AAE9001E-C95B-11D3-9A06-00105A0DF099}',NULL)
INSERT INTO ToolOptionSet VALUES ('{42CD0020-5AA4-11D3-99E7-00105A0DF099}','33554704','{AC19F044-D2D2-11d3-9917-00105A1E7FA9}',NULL)        
INSERT INTO ToolOptionSet VALUES ('{42CD0020-5AA4-11D3-99E7-00105A0DF099}','33554704','{CF87FD65-D430-11d3-9918-00105A1E7FA9}',NULL)        
	// MFC ActiveX Control release settings
INSERT INTO ToolOptionSet VALUES ('{42CD0020-5AA4-11D3-99E7-00105A0DF099}','33558544','{AAE9001F-C95B-11D3-9A06-00105A0DF099}',NULL)
INSERT INTO ToolOptionSet VALUES ('{42CD0020-5AA4-11D3-99E7-00105A0DF099}','33558544','{AF53B9B8-D81A-11d3-9918-00105A1E7FA9}',NULL)        
INSERT INTO ToolOptionSet VALUES ('{42CD0020-5AA4-11D3-99E7-00105A0DF099}','33558544','{AAE90054-C95B-11D3-9A06-00105A0DF099}',NULL)
INSERT INTO ToolOptionSet VALUES ('{42CD0020-5AA4-11D3-99E7-00105A0DF099}','33558544','{AC19F044-D2D2-11d3-9917-00105A1E7FA9}',NULL)        
INSERT INTO ToolOptionSet VALUES ('{42CD0020-5AA4-11D3-99E7-00105A0DF099}','33558544','{CF87FD65-D430-11d3-9918-00105A1E7FA9}',NULL)        
	// MFC ActiveX Control debug settings
INSERT INTO ToolOptionSet VALUES ('{42CD0020-5AA4-11D3-99E7-00105A0DF099}','33558800','{AAE9001F-C95B-11D3-9A06-00105A0DF099}',NULL)
INSERT INTO ToolOptionSet VALUES ('{42CD0020-5AA4-11D3-99E7-00105A0DF099}','33558800','{AF53B9B8-D81A-11d3-9918-00105A1E7FA9}',NULL)        
INSERT INTO ToolOptionSet VALUES ('{42CD0020-5AA4-11D3-99E7-00105A0DF099}','33558800','{AAE9001E-C95B-11D3-9A06-00105A0DF099}',NULL)
INSERT INTO ToolOptionSet VALUES ('{42CD0020-5AA4-11D3-99E7-00105A0DF099}','33558800','{AC19F044-D2D2-11d3-9917-00105A1E7FA9}',NULL)        
INSERT INTO ToolOptionSet VALUES ('{42CD0020-5AA4-11D3-99E7-00105A0DF099}','33558800','{CF87FD65-D430-11d3-9918-00105A1E7FA9}',NULL)        
	// Concole application release settings
INSERT INTO ToolOptionSet VALUES ('{42CD0020-5AA4-11D3-99E7-00105A0DF099}','50331648','{AF53B9B8-D81A-11d3-9918-00105A1E7FA9}',NULL)        
INSERT INTO ToolOptionSet VALUES ('{42CD0020-5AA4-11D3-99E7-00105A0DF099}','50331648','{AAE90054-C95B-11D3-9A06-00105A0DF099}',NULL)
INSERT INTO ToolOptionSet VALUES ('{42CD0020-5AA4-11D3-99E7-00105A0DF099}','50331648','{AC19F044-D2D2-11d3-9917-00105A1E7FA9}',NULL)        
INSERT INTO ToolOptionSet VALUES ('{42CD0020-5AA4-11D3-99E7-00105A0DF099}','50331648','{CF87FD65-D430-11d3-9918-00105A1E7FA9}',NULL)        
	// Concole application debug settings	
INSERT INTO ToolOptionSet VALUES ('{42CD0020-5AA4-11D3-99E7-00105A0DF099}','50331904','{AAE9001F-C95B-11D3-9A06-00105A0DF099}',NULL)
INSERT INTO ToolOptionSet VALUES ('{42CD0020-5AA4-11D3-99E7-00105A0DF099}','50331904','{AF53B9B8-D81A-11d3-9918-00105A1E7FA9}',NULL)        
INSERT INTO ToolOptionSet VALUES ('{42CD0020-5AA4-11D3-99E7-00105A0DF099}','50331904','{AAE9001E-C95B-11D3-9A06-00105A0DF099}',NULL)
INSERT INTO ToolOptionSet VALUES ('{42CD0020-5AA4-11D3-99E7-00105A0DF099}','50331904','{AC19F044-D2D2-11d3-9917-00105A1E7FA9}',NULL)        
INSERT INTO ToolOptionSet VALUES ('{42CD0020-5AA4-11D3-99E7-00105A0DF099}','50331904','{CF87FD65-D430-11d3-9918-00105A1E7FA9}',NULL)        
	// Static Library release settings
INSERT INTO ToolOptionSet VALUES ('{42CD0020-5AA4-11D3-99E7-00105A0DF099}','67108864','{AF53B9B8-D81A-11d3-9918-00105A1E7FA9}',NULL)        
INSERT INTO ToolOptionSet VALUES ('{42CD0020-5AA4-11D3-99E7-00105A0DF099}','67108864','{AC19F044-D2D2-11d3-9917-00105A1E7FA9}',NULL)        
INSERT INTO ToolOptionSet VALUES ('{42CD0020-5AA4-11D3-99E7-00105A0DF099}','67108864','{CF87FD65-D430-11d3-9918-00105A1E7FA9}',NULL)        
	// Static Library debug settings
INSERT INTO ToolOptionSet VALUES ('{42CD0020-5AA4-11D3-99E7-00105A0DF099}','67109120','{AF53B9B8-D81A-11d3-9918-00105A1E7FA9}',NULL)
INSERT INTO ToolOptionSet VALUES ('{42CD0020-5AA4-11D3-99E7-00105A0DF099}','67109120','{AC19F044-D2D2-11d3-9917-00105A1E7FA9}',NULL)
INSERT INTO ToolOptionSet VALUES ('{42CD0020-5AA4-11D3-99E7-00105A0DF099}','67109120','{CF87FD65-D430-11d3-9918-00105A1E7FA9}',NULL)
				

// MIDL SH3
	//EXE Release settings
INSERT INTO ToolOptionSet VALUES ('{453618F0-6A42-11D3-8433-005004848CBA}','16777216','{AAE90048-C95B-11D3-9A06-00105A0DF099}',NULL)
INSERT INTO ToolOptionSet VALUES ('{453618F0-6A42-11D3-8433-005004848CBA}','16777216','{AAE903BF-C95B-11D3-9A06-00105A0DF099}',NULL)       
	//MFC EXE Release settings
INSERT INTO ToolOptionSet VALUES ('{453618F0-6A42-11D3-8433-005004848CBA}','16777232','{AAE90048-C95B-11D3-9A06-00105A0DF099}',NULL)
INSERT INTO ToolOptionSet VALUES ('{453618F0-6A42-11D3-8433-005004848CBA}','16777232','{AAE903BF-C95B-11D3-9A06-00105A0DF099}',NULL)       
	// EXE Debug settings
INSERT INTO ToolOptionSet VALUES ('{453618F0-6A42-11D3-8433-005004848CBA}','16777472','{AAE90048-C95B-11D3-9A06-00105A0DF099}',NULL)
INSERT INTO ToolOptionSet VALUES ('{453618F0-6A42-11D3-8433-005004848CBA}','16777472','{AAE90049-C95B-11D3-9A06-00105A0DF099}',NULL)
	//MFC EXE Debug settings
INSERT INTO ToolOptionSet VALUES ('{453618F0-6A42-11D3-8433-005004848CBA}','16777488','{AAE90048-C95B-11D3-9A06-00105A0DF099}',NULL)
INSERT INTO ToolOptionSet VALUES ('{453618F0-6A42-11D3-8433-005004848CBA}','16777488','{AAE90049-C95B-11D3-9A06-00105A0DF099}',NULL)
	//DLL Release settings	
INSERT INTO ToolOptionSet VALUES ('{453618F0-6A42-11D3-8433-005004848CBA}','33554432','{AAE90048-C95B-11D3-9A06-00105A0DF099}',NULL)
INSERT INTO ToolOptionSet VALUES ('{453618F0-6A42-11D3-8433-005004848CBA}','33554432','{AAE903BF-C95B-11D3-9A06-00105A0DF099}',NULL)       
	//ATL DLL Release MinSize settings
INSERT INTO ToolOptionSet VALUES ('{453618F0-6A42-11D3-8433-005004848CBA}','33554433','{AAE90048-C95B-11D3-9A06-00105A0DF099}',NULL)
INSERT INTO ToolOptionSet VALUES ('{453618F0-6A42-11D3-8433-005004848CBA}','33554433','{AAE903BF-C95B-11D3-9A06-00105A0DF099}',NULL)       
	//ATL DLL Release MinDep settings
INSERT INTO ToolOptionSet VALUES ('{453618F0-6A42-11D3-8433-005004848CBA}','33554434','{AAE90048-C95B-11D3-9A06-00105A0DF099}',NULL)
INSERT INTO ToolOptionSet VALUES ('{453618F0-6A42-11D3-8433-005004848CBA}','33554434','{AAE903BF-C95B-11D3-9A06-00105A0DF099}',NULL)       
	//ATL EXE Release MinSize settings
INSERT INTO ToolOptionSet VALUES ('{453618F0-6A42-11D3-8433-005004848CBA}','16777217','{AAE90048-C95B-11D3-9A06-00105A0DF099}',NULL)
INSERT INTO ToolOptionSet VALUES ('{453618F0-6A42-11D3-8433-005004848CBA}','16777217','{AAE903BF-C95B-11D3-9A06-00105A0DF099}',NULL)       
	//ATL EXE Release MinDep settings
INSERT INTO ToolOptionSet VALUES ('{453618F0-6A42-11D3-8433-005004848CBA}','16777218','{AAE90048-C95B-11D3-9A06-00105A0DF099}',NULL)
INSERT INTO ToolOptionSet VALUES ('{453618F0-6A42-11D3-8433-005004848CBA}','16777218','{AAE903BF-C95B-11D3-9A06-00105A0DF099}',NULL)       
	//MFC DLL Release settings
INSERT INTO ToolOptionSet VALUES ('{453618F0-6A42-11D3-8433-005004848CBA}','33554448','{AAE90048-C95B-11D3-9A06-00105A0DF099}',NULL)
INSERT INTO ToolOptionSet VALUES ('{453618F0-6A42-11D3-8433-005004848CBA}','33554448','{AAE903BF-C95B-11D3-9A06-00105A0DF099}',NULL)       
	// DLL Debug settings
INSERT INTO ToolOptionSet VALUES ('{453618F0-6A42-11D3-8433-005004848CBA}','33554688','{AAE90048-C95B-11D3-9A06-00105A0DF099}',NULL)
INSERT INTO ToolOptionSet VALUES ('{453618F0-6A42-11D3-8433-005004848CBA}','33554688','{AAE90049-C95B-11D3-9A06-00105A0DF099}',NULL)
	// ATL DLL Debug settings
INSERT INTO ToolOptionSet VALUES ('{453618F0-6A42-11D3-8433-005004848CBA}','33554689','{AAE90048-C95B-11D3-9A06-00105A0DF099}',NULL)
INSERT INTO ToolOptionSet VALUES ('{453618F0-6A42-11D3-8433-005004848CBA}','33554689','{AAE90049-C95B-11D3-9A06-00105A0DF099}',NULL)
	// ATL EXE Debug settings
INSERT INTO ToolOptionSet VALUES ('{453618F0-6A42-11D3-8433-005004848CBA}','16777473','{AAE90048-C95B-11D3-9A06-00105A0DF099}',NULL)
INSERT INTO ToolOptionSet VALUES ('{453618F0-6A42-11D3-8433-005004848CBA}','16777473','{AAE90049-C95B-11D3-9A06-00105A0DF099}',NULL)
	// MFC DLL Debug settings
INSERT INTO ToolOptionSet VALUES ('{453618F0-6A42-11D3-8433-005004848CBA}','33554704','{AAE90048-C95B-11D3-9A06-00105A0DF099}',NULL)
INSERT INTO ToolOptionSet VALUES ('{453618F0-6A42-11D3-8433-005004848CBA}','33554704','{AAE90049-C95B-11D3-9A06-00105A0DF099}',NULL)
	// MFC ActiveX Control release settings
INSERT INTO ToolOptionSet VALUES ('{453618F0-6A42-11D3-8433-005004848CBA}','33558544','{AAE90048-C95B-11D3-9A06-00105A0DF099}',NULL)
INSERT INTO ToolOptionSet VALUES ('{453618F0-6A42-11D3-8433-005004848CBA}','33558544','{AAE903BF-C95B-11D3-9A06-00105A0DF099}',NULL)       
	// MFC ActiveX Control debug settings
INSERT INTO ToolOptionSet VALUES ('{453618F0-6A42-11D3-8433-005004848CBA}','33558800','{AAE90048-C95B-11D3-9A06-00105A0DF099}',NULL)
INSERT INTO ToolOptionSet VALUES ('{453618F0-6A42-11D3-8433-005004848CBA}','33558800','{AAE90049-C95B-11D3-9A06-00105A0DF099}',NULL)
	// Concole application release settings
INSERT INTO ToolOptionSet VALUES ('{453618F0-6A42-11D3-8433-005004848CBA}','50331648','{AAE90048-C95B-11D3-9A06-00105A0DF099}',NULL)
INSERT INTO ToolOptionSet VALUES ('{453618F0-6A42-11D3-8433-005004848CBA}','50331648','{AAE903BF-C95B-11D3-9A06-00105A0DF099}',NULL)       
	// Concole application debug settings	
INSERT INTO ToolOptionSet VALUES ('{453618F0-6A42-11D3-8433-005004848CBA}','50331904','{AAE90048-C95B-11D3-9A06-00105A0DF099}',NULL)
INSERT INTO ToolOptionSet VALUES ('{453618F0-6A42-11D3-8433-005004848CBA}','50331904','{AAE90049-C95B-11D3-9A06-00105A0DF099}',NULL)

                
// BSC SH3
	//EXE Release settings
INSERT INTO ToolOptionSet VALUES ('{453618F1-6A42-11D3-8433-005004848CBA}','16777216','{AAE9004A-C95B-11D3-9A06-00105A0DF099}',NULL)
	//MFC EXE Release settings
INSERT INTO ToolOptionSet VALUES ('{453618F1-6A42-11D3-8433-005004848CBA}','16777232','{AAE9004A-C95B-11D3-9A06-00105A0DF099}',NULL)
	// EXE Debug settings
INSERT INTO ToolOptionSet VALUES ('{453618F1-6A42-11D3-8433-005004848CBA}','16777472','{AAE9004A-C95B-11D3-9A06-00105A0DF099}',NULL)
	//MFC EXE Debug settings
INSERT INTO ToolOptionSet VALUES ('{453618F1-6A42-11D3-8433-005004848CBA}','16777488','{AAE9004A-C95B-11D3-9A06-00105A0DF099}',NULL)
	//DLL Release settings	
INSERT INTO ToolOptionSet VALUES ('{453618F1-6A42-11D3-8433-005004848CBA}','33554432','{AAE9004A-C95B-11D3-9A06-00105A0DF099}',NULL)
	//ATL DLL Release MinSize settings
INSERT INTO ToolOptionSet VALUES ('{453618F1-6A42-11D3-8433-005004848CBA}','33554433','{AAE90048-C95B-11D3-9A06-00105A0DF099}',NULL)
	//ATL DLL Release MinDep settings
INSERT INTO ToolOptionSet VALUES ('{453618F1-6A42-11D3-8433-005004848CBA}','33554434','{AAE90048-C95B-11D3-9A06-00105A0DF099}',NULL)
	//ATL EXE Release MinSize settings
INSERT INTO ToolOptionSet VALUES ('{453618F1-6A42-11D3-8433-005004848CBA}','16777217','{AAE90048-C95B-11D3-9A06-00105A0DF099}',NULL)
	//ATL EXE Release MinDep settings
INSERT INTO ToolOptionSet VALUES ('{453618F1-6A42-11D3-8433-005004848CBA}','16777218','{AAE90048-C95B-11D3-9A06-00105A0DF099}',NULL)
	//MFC DLL Release settings
INSERT INTO ToolOptionSet VALUES ('{453618F1-6A42-11D3-8433-005004848CBA}','33554448','{AAE9004A-C95B-11D3-9A06-00105A0DF099}',NULL)
	// DLL Debug settings
INSERT INTO ToolOptionSet VALUES ('{453618F1-6A42-11D3-8433-005004848CBA}','33554688','{AAE9004A-C95B-11D3-9A06-00105A0DF099}',NULL)
	// ATL DLL Debug settings
INSERT INTO ToolOptionSet VALUES ('{453618F1-6A42-11D3-8433-005004848CBA}','33554689','{AAE90048-C95B-11D3-9A06-00105A0DF099}',NULL)
	// ATL EXE Debug settings
INSERT INTO ToolOptionSet VALUES ('{453618F1-6A42-11D3-8433-005004848CBA}','16777473','{AAE90048-C95B-11D3-9A06-00105A0DF099}',NULL)
	// MFC DLL Debug settings
INSERT INTO ToolOptionSet VALUES ('{453618F1-6A42-11D3-8433-005004848CBA}','33554704','{AAE9004A-C95B-11D3-9A06-00105A0DF099}',NULL)
	// MFC ActiveX Control release settings
INSERT INTO ToolOptionSet VALUES ('{453618F1-6A42-11D3-8433-005004848CBA}','33558544','{AAE9004A-C95B-11D3-9A06-00105A0DF099}',NULL)
	// MFC ActiveX Control debug settings
INSERT INTO ToolOptionSet VALUES ('{453618F1-6A42-11D3-8433-005004848CBA}','33558800','{AAE9004A-C95B-11D3-9A06-00105A0DF099}',NULL)
	// Concole application release settings
INSERT INTO ToolOptionSet VALUES ('{453618F1-6A42-11D3-8433-005004848CBA}','50331648','{AAE9004A-C95B-11D3-9A06-00105A0DF099}',NULL)
	// Concole application debug settings
INSERT INTO ToolOptionSet VALUES ('{453618F1-6A42-11D3-8433-005004848CBA}','50331904','{AAE9004A-C95B-11D3-9A06-00105A0DF099}',NULL)
	// Static Library release settings
INSERT INTO ToolOptionSet VALUES ('{453618F1-6A42-11D3-8433-005004848CBA}','67108864','{AAE9004A-C95B-11D3-9A06-00105A0DF099}',NULL)
