/////////////////////////////////   SH4  ////////////////////////////////////////

// ******** Vendor  ********
INSERT INTO Vendor VALUES ('{35583C00-7208-11D3-99F3-00105A0DF099}','Microsoft','Microsoft' )
INSERT INTO Vendor VALUES ('{35583C01-7208-11D3-99F3-00105A0DF099}','Hitachi','Hitachi' )

// ******** CPUFamily  ********
INSERT INTO CPUFamily VALUES ('{42CB0000-5AA4-11D3-99E7-00105A0DF099}','SHX','SH family','4','SHx') 

// ******** IdeFamily  ********
INSERT INTO IDEFamily VALUES ('{F9B2BB41-66E3-11D3-8429-00500471FCA1}','SH4',NULL,'Win32 (WCE SH4)','134','vc60.pdb','SH4',FALSE)             

// ******** CPU  ********
INSERT INTO CPU VALUES ('{D6519021-710F-11D3-99F2-00105A0DF099}','{35583C01-7208-11D3-99F3-00105A0DF099}','SH4','Hitachi Sh4','{42CB0000-5AA4-11D3-99E7-00105A0DF099}','{F9B2BB41-66E3-11D3-8429-00500471FCA1}','10005','0','0','422','SH4' ) 

// ******** PID  ********
INSERT INTO ObjAttr VALUES ('ProductID','{D6519021-710F-11D3-99F2-00105A0DF099}','ProductID','ProductID',2,0,'PID',0)

// ******** Tool  ********
INSERT INTO Tool VALUES ('{A9E51486-6C9A-11D3-843A-005004848CBA}','{35583C00-7208-11D3-99F3-00105A0DF099}','CLSH4','SH4 source compiler','shcl.exe',NULL )
INSERT INTO Tool VALUES ('{A9E51487-6C9A-11D3-843A-005004848CBA}','{35583C00-7208-11D3-99F3-00105A0DF099}','LINKSH4','SH4 Linker','link.exe',NULL )
INSERT INTO Tool VALUES ('{A9E51488-6C9A-11D3-843A-005004848CBA}','{35583C00-7208-11D3-99F3-00105A0DF099}','VCRCSH4','baseline resource compiler','rc.exe',NULL )
INSERT INTO Tool VALUES ('{A9E51489-6C9A-11D3-843A-005004848CBA}','{35583C00-7208-11D3-99F3-00105A0DF099}','MIDLSH4','SH4 middle compiler','midl.exe','COMMON\VCCE\BIN' )
INSERT INTO Tool VALUES ('{A9E5148A-6C9A-11D3-843A-005004848CBA}','{35583C00-7208-11D3-99F3-00105A0DF099}','BSCSH4','SH4 browser compiler','bscmake.exe','COMMON\VCCE\BIN' )
INSERT INTO Tool VALUES ('{A9E5148B-6C9A-11D3-843A-005004848CBA}','{35583C00-7208-11D3-99F3-00105A0DF099}','COFFSH4','SH4 coff','link.exe',NULL )
INSERT INTO Tool VALUES ('{220199D7-801C-11D3-8466-005004848CBA}','{35583C00-7208-11D3-99F3-00105A0DF099}','LIBSH4','SH4 library manager','link.exe',NULL )
INSERT INTO Tool VALUES ('{EDA934A6-6FBF-11D3-8441-005004848CBA}','{35583C00-7208-11D3-99F3-00105A0DF099}','DBGSH4','SH4 debugger','odsh4',NULL )
INSERT INTO Tool VALUES ('{42CD0024-5AA4-11D3-99E7-00105A0DF099}','{35583C00-7208-11D3-99F3-00105A0DF099}','DBGCEFSH4','CEF debugger for SH4','odcefsh4',NULL )

// ******** ObjAttr  ********
// DBGSH4
INSERT INTO ObjAttr VALUES ('IsEmulation',	'{EDA934A6-6FBF-11D3-8441-005004848CBA}','Emulation','Specifies whether this is for emulation','1','0',NULL,NULL )
INSERT INTO ObjAttr VALUES ('STSupport',		'{EDA934A6-6FBF-11D3-8441-005004848CBA}','ST Support','The type of ST support','1','1',NULL,NULL )
INSERT INTO ObjAttr VALUES ('SupportsATP',	'{EDA934A6-6FBF-11D3-8441-005004848CBA}','Supports ATP','Specifies whether ATP is supported','1','0',NULL,NULL )
INSERT INTO ObjAttr VALUES ('SupportsSINH',	'{EDA934A6-6FBF-11D3-8441-005004848CBA}','Supports SINH','Specifies whether SINH is supported','1','0',NULL,NULL )
INSERT INTO ObjAttr VALUES ('TargetUP',		'{EDA934A6-6FBF-11D3-8441-005004848CBA}','?','Specifies the target UP','1','134',NULL,NULL )
INSERT INTO ObjAttr VALUES ('EE',				'{EDA934A6-6FBF-11D3-8441-005004848CBA}','EE','The EE for this debugger','2','0','EECXXCE',NULL )
INSERT INTO ObjAttr VALUES ('EM',				'{EDA934A6-6FBF-11D3-8441-005004848CBA}','EM','The EM for this debugger','2','0','EMCE',NULL )
INSERT INTO ObjAttr VALUES ('SH',				'{EDA934A6-6FBF-11D3-8441-005004848CBA}','SH','The SH for this debugger','2','0','SHCVCE',NULL )
// LINKSH4
INSERT INTO ObjAttr VALUES ('Input',	'{A9E51487-6C9A-11D3-843A-005004848CBA}','Input','The extension of files take','2','0','*.obj;*.res;*.lib;*.def;*.rsc',NULL )
INSERT INTO ObjAttr VALUES ('Prefix','{A9E51487-6C9A-11D3-843A-005004848CBA}','Prefix','The prefix of the tool','2','0','LINK32',NULL )
// CLSH4
INSERT INTO ObjAttr VALUES ('Input',	'{A9E51486-6C9A-11D3-843A-005004848CBA}','Input','The extension of files take','2','0','*.c;*.cpp;*.cxx',NULL )
INSERT INTO ObjAttr VALUES ('Prefix','{A9E51486-6C9A-11D3-843A-005004848CBA}','Prefix','The prefix of the tool','2','0','CPP',NULL )
// LIBSH4
INSERT INTO ObjAttr VALUES ('Input',	'{220199D7-801C-11D3-8466-005004848CBA}','Input','The extension of files take','2','0','*.obj;*.res;*.lib',NULL )
INSERT INTO ObjAttr VALUES ('Prefix','{220199D7-801C-11D3-8466-005004848CBA}','Prefix','The prefix of the tool','2','0','LIB32',NULL )
// DBGCEFSH4
INSERT INTO ObjAttr VALUES ('NativeDebugger','{42CD0024-5AA4-11D3-99E7-00105A0DF099}','DBGSH4','SH4 native debugger','3','0',NULL,'{EDA934A6-6FBF-11D3-8441-005004848CBA}' )

// ******** OS  ********
INSERT INTO OS VALUES ('{42CA0006-5AA4-11D3-99E7-00105A0DF099}','{35583C00-7208-11D3-99F3-00105A0DF099}','Default','Default','0.00','0','0' )

// ******** Platform  ********
INSERT INTO Platform VALUES ('{8A9A2F80-6887-11D3-842E-005004848CBA}','{35583C00-7208-11D3-99F3-00105A0DF099}','Default','Default','{42CA0006-5AA4-11D3-99E7-00105A0DF099}',NULL,'0','0' )

// ******** ToolEntry  ********
// SH4                         // Platform                              // OS                                     // CPU                                   //TOOL                             // Tool Type
INSERT INTO ToolEntry VALUES ('{8A9A2F80-6887-11D3-842E-005004848CBA}','{42CA0006-5AA4-11D3-99E7-00105A0DF099}','{D6519021-710F-11D3-99F2-00105A0DF099}','{A9E51486-6C9A-11D3-843A-005004848CBA}','1' )
INSERT INTO ToolEntry VALUES ('{8A9A2F80-6887-11D3-842E-005004848CBA}','{42CA0006-5AA4-11D3-99E7-00105A0DF099}','{D6519021-710F-11D3-99F2-00105A0DF099}','{A9E51487-6C9A-11D3-843A-005004848CBA}','4' )
INSERT INTO ToolEntry VALUES ('{8A9A2F80-6887-11D3-842E-005004848CBA}','{42CA0006-5AA4-11D3-99E7-00105A0DF099}','{D6519021-710F-11D3-99F2-00105A0DF099}','{A9E51488-6C9A-11D3-843A-005004848CBA}','3' )
INSERT INTO ToolEntry VALUES ('{8A9A2F80-6887-11D3-842E-005004848CBA}','{42CA0006-5AA4-11D3-99E7-00105A0DF099}','{D6519021-710F-11D3-99F2-00105A0DF099}','{A9E51489-6C9A-11D3-843A-005004848CBA}','7' )
INSERT INTO ToolEntry VALUES ('{8A9A2F80-6887-11D3-842E-005004848CBA}','{42CA0006-5AA4-11D3-99E7-00105A0DF099}','{D6519021-710F-11D3-99F2-00105A0DF099}','{A9E5148A-6C9A-11D3-843A-005004848CBA}','8' )
INSERT INTO ToolEntry VALUES ('{8A9A2F80-6887-11D3-842E-005004848CBA}','{42CA0006-5AA4-11D3-99E7-00105A0DF099}','{D6519021-710F-11D3-99F2-00105A0DF099}','{A9E5148B-6C9A-11D3-843A-005004848CBA}','9' )
INSERT INTO ToolEntry VALUES ('{8A9A2F80-6887-11D3-842E-005004848CBA}','{42CA0006-5AA4-11D3-99E7-00105A0DF099}','{D6519021-710F-11D3-99F2-00105A0DF099}','{220199D7-801C-11D3-8466-005004848CBA}','5' )
INSERT INTO ToolEntry VALUES ('{8A9A2F80-6887-11D3-842E-005004848CBA}','{42CA0006-5AA4-11D3-99E7-00105A0DF099}','{D6519021-710F-11D3-99F2-00105A0DF099}','{EDA934A6-6FBF-11D3-8441-005004848CBA}','2' )
INSERT INTO ToolEntry VALUES ('{8A9A2F80-6887-11D3-842E-005004848CBA}','{42CA0006-5AA4-11D3-99E7-00105A0DF099}','{D6519021-710F-11D3-99F2-00105A0DF099}','{42CD0024-5AA4-11D3-99E7-00105A0DF099}','6' )

// ******** ToolOption  ********
                // CL
INSERT INTO ToolOption VALUES ('{AAE902FD-C95B-11D3-9A06-00105A0DF099}', '{A9E51486-6C9A-11D3-843A-005004848CBA}','ASSEMBLY_LISTING_SH4','UI configure assembly listing','2','1000','/FA',FALSE)       
INSERT INTO ToolOption VALUES ('{AAE90308-C95B-11D3-9A06-00105A0DF099}', '{A9E51486-6C9A-11D3-843A-005004848CBA}','DISABLE_CONSTRUCTION_DISPLACEMENT_SH4','UI disable construction displacement','2','1001','/vd0',FALSE)
INSERT INTO ToolOption VALUES ('{AAE9031D-C95B-11D3-9A06-00105A0DF099}', '{A9E51486-6C9A-11D3-843A-005004848CBA}','PRECOMPILE_HEADER_SH4','UI support precompile header','2','1003',NULL,FALSE)         
INSERT INTO ToolOption VALUES ('{AAE90341-C95B-11D3-9A06-00105A0DF099}', '{A9E51486-6C9A-11D3-843A-005004848CBA}','SH4_MAXIMUM_OPTIMIZATION','maximum opts. (/Ogityb1 /Gs)','2',NULL,'/O2',FALSE)  
INSERT INTO ToolOption VALUES ('{AAE9034C-C95B-11D3-9A06-00105A0DF099}', '{A9E51486-6C9A-11D3-843A-005004848CBA}','SH4DISABLE_OPTIMIZATIONS','Disables all compiler optimizations','2',NULL,'/Od',FALSE)       
INSERT INTO ToolOption VALUES ('{AAE903B6-C95B-11D3-9A06-00105A0DF099}', '{A9E51486-6C9A-11D3-843A-005004848CBA}','NDEBUG_SH4','the NDEBUG define for release prjs','2',NULL,'/D NDEBUG',FALSE)  
INSERT INTO ToolOption VALUES ('{AAE903E1-C95B-11D3-9A06-00105A0DF099}', '{A9E51486-6C9A-11D3-843A-005004848CBA}','CECRTMT_SH4','Release Lib Macro','2',NULL,'/M$(CECrtMT)',FALSE) 
INSERT INTO ToolOption VALUES ('{AAE90385-C95B-11D3-9A06-00105A0DF099}', '{A9E51486-6C9A-11D3-843A-005004848CBA}','UNICODE_SH4','Turn on Unicode','2',NULL,'/D UNICODE /D _UNICODE',FALSE)       
INSERT INTO ToolOption VALUES ('{AAE903F7-C95B-11D3-9A06-00105A0DF099}', '{A9E51486-6C9A-11D3-843A-005004848CBA}','AFXDLL_SH4','Define _AFXDLL for dynamic linking to MFC','2',NULL,'/D _AFXDLL',FALSE)       
INSERT INTO ToolOption VALUES ('{AAE903EC-C95B-11D3-9A06-00105A0DF099}', '{A9E51486-6C9A-11D3-843A-005004848CBA}','CECRTMTDEBUG_SH4','Debug Lib Macro','2',NULL,'/M$(CECrtMTDebug)',FALSE)      
INSERT INTO ToolOption VALUES ('{AAE9039D-C95B-11D3-9A06-00105A0DF099}', '{A9E51486-6C9A-11D3-843A-005004848CBA}','ATL_STATIC_REGISTRY_SH4','Define _ATL_STATIC_REGISTRY','2',NULL,'/D _ATL_STATIC_REGISTRY',FALSE)          
INSERT INTO ToolOption VALUES ('{AAE90247-C95B-11D3-9A06-00105A0DF099}', '{A9E51486-6C9A-11D3-843A-005004848CBA}','SH4_CPLR_DBG','IDS_SH4_CPLR_DBG','2','1','/DDEBUG',FALSE)       
INSERT INTO ToolOption VALUES ('{AAE90248-C95B-11D3-9A06-00105A0DF099}', '{A9E51486-6C9A-11D3-843A-005004848CBA}','SH4EXE_CPLR_DBG','IDS_SH4EXE_CPLR_DBG','2','1','/Zi  /DSHx /DSH4 /D_SH4_ /DUNDER_CE=$(CEVersion) /D_WIN32_WCE=$(CEVersion)',FALSE)    
INSERT INTO ToolOption VALUES ('{AAE90249-C95B-11D3-9A06-00105A0DF099}', '{A9E51486-6C9A-11D3-843A-005004848CBA}','SH4_CPLR_COMMON','IDS_SH4_CPLR_COMMON','2','1','/c /nologo /Qsh4 /D_WIN32_WCE=$(CEVersion) /D $(CePlatform)',FALSE)
INSERT INTO ToolOption VALUES ('{AAE9024E-C95B-11D3-9A06-00105A0DF099}', '{A9E51486-6C9A-11D3-843A-005004848CBA}','SH4DLL_CPLR_DBG','IDS_SH4DLL_CPLR_DBG','2','1','/Zi  /DSHx /DSH4 /D_SH4_ /DUNDER_CE=$(CEVersion) /D_WIN32_WCE=$(CEVersion)',FALSE)    
INSERT INTO ToolOption VALUES ('{AAE90251-C95B-11D3-9A06-00105A0DF099}', '{A9E51486-6C9A-11D3-843A-005004848CBA}','SH4CON_CPLR_DBG','IDS_SH4CON_CPLR_DBG','2','1','/Zi  /DSHx /DSH4 /D_SH4_ /DUNDER_CE=$(CEVersion) /D_WIN32_WCE=$(CEVersion)',FALSE)    
INSERT INTO ToolOption VALUES ('{AAE90254-C95B-11D3-9A06-00105A0DF099}', '{A9E51486-6C9A-11D3-843A-005004848CBA}','SH4LIB_CPLR_DBG','IDS_SH4LIB_CPLR_DBG','2','1','/Zi /DSHx /DSH4 /D_SH4_ /DUNDER_CE=$(CEVersion) /D_WIN32_WCE=$(CEVersion)',FALSE)     
INSERT INTO ToolOption VALUES ('{AAE90260-C95B-11D3-9A06-00105A0DF099}', '{A9E51486-6C9A-11D3-843A-005004848CBA}','SH4EXE_CPLR_REL','IDS_SH4EXE_CPLR_REL','2','1','/DSHx /DSH4 /D_SH4_ /DUNDER_CE=$(CEVersion) /D_WIN32_WCE=$(CEVersion)',FALSE)         
INSERT INTO ToolOption VALUES ('{AAE90266-C95B-11D3-9A06-00105A0DF099}', '{A9E51486-6C9A-11D3-843A-005004848CBA}','SH4DLL_CPLR_REL','IDS_SH4DLL_CPLR_REL','2','1','/DSHx /DSH4 /D_SH4_ /DUNDER_CE=$(CEVersion) /D_WIN32_WCE=$(CEVersion)',FALSE)         
INSERT INTO ToolOption VALUES ('{AAE90276-C95B-11D3-9A06-00105A0DF099}', '{A9E51486-6C9A-11D3-843A-005004848CBA}','SH4ATL_CPLR_DBG','Specific flags for SH4 Compiler (ATL DBG build)','2','1','/D _USRDLL',FALSE) 
INSERT INTO ToolOption VALUES ('{AAE90277-C95B-11D3-9A06-00105A0DF099}', '{A9E51486-6C9A-11D3-843A-005004848CBA}','SH4MFC_CPLR_COMMON',NULL,'2','1','/Qsh4 /c /nologo /D_WIN32_WCE=$(CEVersion) /D $(CePlatform)',FALSE) 
INSERT INTO ToolOption VALUES ('{AAE9027B-C95B-11D3-9A06-00105A0DF099}', '{A9E51486-6C9A-11D3-843A-005004848CBA}','SH4ATL_CPLR_COMMON',NULL,'2','1','/Qsh4 /D _USRDLL /c /D $(CePlatform)',FALSE)   
INSERT INTO ToolOption VALUES ('{AAE9026C-C95B-11D3-9A06-00105A0DF099}', '{A9E51486-6C9A-11D3-843A-005004848CBA}','SH4CON_CPLR_REL','IDS_SH4CON_CPLR_REL','2','1','/DSHx /DSH4 /D_SH4_ /DUNDER_CE=$(CEVersion) /D_WIN32_WCE=$(CEVersion)',FALSE)         
INSERT INTO ToolOption VALUES ('{AAE9026F-C95B-11D3-9A06-00105A0DF099}', '{A9E51486-6C9A-11D3-843A-005004848CBA}','SH4LIB_CPLR_REL','IDS_SH4LIB_CPLR_REL','2','1','/DSHx /DSH4 /D_SH4_ /DUNDER_CE=$(CEVersion) /D_WIN32_WCE=$(CEVersion)',FALSE)         
INSERT INTO ToolOption VALUES ('{AAE9027C-C95B-11D3-9A06-00105A0DF099}', '{A9E51486-6C9A-11D3-843A-005004848CBA}','SH4ATL_CPLR_REL',NULL,'2','1','/nologo /DSHx /DSH4 /D_SH4_ /DUNDER_CE=$(CEVersion) /D_WIN32_WCE=$(CEVersion)',FALSE)    
INSERT INTO ToolOption VALUES ('{AAE9027D-C95B-11D3-9A06-00105A0DF099}', '{A9E51486-6C9A-11D3-843A-005004848CBA}','SH4ACTIVEX_CPLR_COMMON',NULL,'2','1','/GX-',FALSE)   
INSERT INTO ToolOption VALUES ('{AAE90417-C95B-11D3-9A06-00105A0DF099}', '{A9E51486-6C9A-11D3-843A-005004848CBA}','AUTOMATIC PRECOMPILED HEADERS_SH4','Use automatic precompiled headers','2','1','/YX',FALSE)     
INSERT INTO ToolOption VALUES ('{AC7419Db-CDFD-11d3-9916-00105A1E7FA9}', '{A9E51486-6C9A-11D3-843A-005004848CBA}','WARNING_LEVEL','Use Warning Level 3','2','1','/W3',FALSE)
INSERT INTO ToolOption VALUES ('{4FAD87DE-D368-4cde-96C2-3971039A151E}', '{A9E51486-6C9A-11D3-843A-005004848CBA}','SH4_ASSUME_NO_ALIASING','Assume No Aliasing is Supported','2','1007','/Oa',FALSE)
                // LINK
INSERT INTO ToolOption VALUES ('{AAE90335-C95B-11D3-9A06-00105A0DF099}', '{A9E51487-6C9A-11D3-843A-005004848CBA}','LINKDBG_FORMAT_COFF_SH4','UI debug format COFF','2','1004','/debugtype:coff',FALSE)  
INSERT INTO ToolOption VALUES ('{AAE9040C-C95B-11D3-9A06-00105A0DF099}', '{A9E51487-6C9A-11D3-843A-005004848CBA}','NO_INCREMENTAL_LINKING_SH4','Incremental Linking Flag','2','1006','/INCREMENTAL:NO',FALSE)   
INSERT INTO ToolOption VALUES ('{AAE9036F-C95B-11D3-9A06-00105A0DF099}', '{A9E51487-6C9A-11D3-843A-005004848CBA}','BASE_100K_SH4','/base flag for .dll proj types','2',NULL,'/base:0x00100000',FALSE)          
INSERT INTO ToolOption VALUES ('{AAE903D2-C95B-11D3-9A06-00105A0DF099}', '{A9E51487-6C9A-11D3-843A-005004848CBA}','MACHINE_SH4','set machine type for linker','2',NULL,'/MACHINE:SH4',FALSE)     
INSERT INTO ToolOption VALUES ('{AAE90363-C95B-11D3-9A06-00105A0DF099}', '{A9E51487-6C9A-11D3-843A-005004848CBA}','BASE_TENTHOUSAND_SH4','/base flag for .exe proj types','2',NULL,'/base:0x00010000',FALSE)   
INSERT INTO ToolOption VALUES ('{AAE9037A-C95B-11D3-9A06-00105A0DF099}', '{A9E51487-6C9A-11D3-843A-005004848CBA}','STACK_SH4','standard /STACK setting','2',NULL,'/STACK:65536,4096',FALSE)      
INSERT INTO ToolOption VALUES ('{AAE90401-C95B-11D3-9A06-00105A0DF099}', '{A9E51487-6C9A-11D3-843A-005004848CBA}','INCREMENTAL_LINKING_SH4','Incremental Linking Flag','2','1006','/INCREMENTAL:YES',FALSE)     
INSERT INTO ToolOption VALUES ('{AAE9024A-C95B-11D3-9A06-00105A0DF099}', '{A9E51487-6C9A-11D3-843A-005004848CBA}','SH4_LINK_SH4_COMMON','IDS_SH4_LINK_SH4_COMMON','2','1','/NOLOGO /subsystem:$(CESubsystem) /nodefaultlib:$(CENoDefaultLib)',FALSE)     
INSERT INTO ToolOption VALUES ('{AAE9024B-C95B-11D3-9A06-00105A0DF099}', '{A9E51487-6C9A-11D3-843A-005004848CBA}','SH4_LINK_DBG','IDS_SH4_LINK_DBG','2','1','/DEBUG /DEBUGTYPE:CV',FALSE)        
INSERT INTO ToolOption VALUES ('{AAE9024C-C95B-11D3-9A06-00105A0DF099}', '{A9E51487-6C9A-11D3-843A-005004848CBA}','SH4EXE_LINK_DBG','IDS_SH4EXE_LINK_DBG','2','1','/entry:WinMainCRTStartup',FALSE) 
INSERT INTO ToolOption VALUES ('{AAE9024D-C95B-11D3-9A06-00105A0DF099}', '{A9E51487-6C9A-11D3-843A-005004848CBA}','SH4_LIB_DBG','IDS_SH4_LIB_DBG','2','1','commctrl.lib coredll.lib ',FALSE)      
INSERT INTO ToolOption VALUES ('{AAE9024F-C95B-11D3-9A06-00105A0DF099}', '{A9E51487-6C9A-11D3-843A-005004848CBA}','SH4DLL_LINK_DBG','IDS_SH4DLL_LINK_DBG','2','1','/DLL /entry:_DllMainCRTStartup',FALSE)      
INSERT INTO ToolOption VALUES ('{AAE90252-C95B-11D3-9A06-00105A0DF099}', '{A9E51487-6C9A-11D3-843A-005004848CBA}','SH4_CONLIB','IDS_SH4_CONLIB','2','1','commctrl.lib coredll.lib ',FALSE)        
INSERT INTO ToolOption VALUES ('{AAE90253-C95B-11D3-9A06-00105A0DF099}', '{A9E51487-6C9A-11D3-843A-005004848CBA}','SH4CON_LINK_DBG','IDS_SH4CON_LINK_DBG','2','1','/entry:WinMainCRTStartup',FALSE) 
INSERT INTO ToolOption VALUES ('{AAE90256-C95B-11D3-9A06-00105A0DF099}', '{A9E51487-6C9A-11D3-843A-005004848CBA}','SH4MFCEXE_LINK_DBG','Specific flags for SH4 Linker (MFC EXE Debug build)','2','1','/DEBUG /entry:wWinMainCRTStartup',FALSE)
INSERT INTO ToolOption VALUES ('{AAE90257-C95B-11D3-9A06-00105A0DF099}', '{A9E51487-6C9A-11D3-843A-005004848CBA}','SH4MFCDLL_LINK_DBG','Specific flags for SH4 Linker (MFC DLL Debug build)','2','1','/DEBUG',FALSE)         
INSERT INTO ToolOption VALUES ('{AAE9025E-C95B-11D3-9A06-00105A0DF099}', '{A9E51487-6C9A-11D3-843A-005004848CBA}','SH4MFCEXE_LINK_COMMON','SH4_LINK_SH4_COMMON without defaultlib','2','1','/NOLOGO /subsystem:$(CESubsystem)',FALSE)      
INSERT INTO ToolOption VALUES ('{AAE90261-C95B-11D3-9A06-00105A0DF099}', '{A9E51487-6C9A-11D3-843A-005004848CBA}','SH4EXE_LINK_REL','IDS_SH4EXE_LINK_REL','2','1','/entry:WinMainCRTStartup',FALSE) 
INSERT INTO ToolOption VALUES ('{AAE90262-C95B-11D3-9A06-00105A0DF099}', '{A9E51487-6C9A-11D3-843A-005004848CBA}','SH4_LINK_REL','IDS_SH4_LINK_REL','2','1',NULL,FALSE) 
INSERT INTO ToolOption VALUES ('{AAE90263-C95B-11D3-9A06-00105A0DF099}', '{A9E51487-6C9A-11D3-843A-005004848CBA}','SH4_LIB_REL','IDS_SH4_LIB_REL','2','1','commctrl.lib coredll.lib ',FALSE)      
INSERT INTO ToolOption VALUES ('{AAE90267-C95B-11D3-9A06-00105A0DF099}', '{A9E51487-6C9A-11D3-843A-005004848CBA}','SH4DLL_LINK_REL','IDS_SH4DLL_LINK_REL','2','1','/DLL /entry:_DllMainCRTStartup',FALSE)      
INSERT INTO ToolOption VALUES ('{AAE90268-C95B-11D3-9A06-00105A0DF099}', '{A9E51487-6C9A-11D3-843A-005004848CBA}','SH4_LINK_REL','IDS_SH4_LINK_REL','2','1',NULL,FALSE) 
INSERT INTO ToolOption VALUES ('{AAE9026D-C95B-11D3-9A06-00105A0DF099}', '{A9E51487-6C9A-11D3-843A-005004848CBA}','SH4CON_LINK_REL','IDS_SH4CON_LINK_REL','2','1','/entry:WinMainCRTStartup',FALSE) 
INSERT INTO ToolOption VALUES ('{AAE9026E-C95B-11D3-9A06-00105A0DF099}', '{A9E51487-6C9A-11D3-843A-005004848CBA}','SH4_LINK_REL','IDS_SH4_LINK_REL','2','1',NULL,FALSE) 
INSERT INTO ToolOption VALUES ('{AAE90270-C95B-11D3-9A06-00105A0DF099}', '{A9E51487-6C9A-11D3-843A-005004848CBA}','SH4LIB_LINK','IDS_SH4LIB_LINK','2','1','/NOLOGO',FALSE)         
INSERT INTO ToolOption VALUES ('{AAE90272-C95B-11D3-9A06-00105A0DF099}', '{A9E51487-6C9A-11D3-843A-005004848CBA}','SH4MFCEXE_LINK_REL','Specific flags for SH4 Linker (MFC EXE Release build)','2','1','/entry:wWinMainCRTStartup',FALSE)  
INSERT INTO ToolOption VALUES ('{AAE90278-C95B-11D3-9A06-00105A0DF099}', '{A9E51487-6C9A-11D3-843A-005004848CBA}','SH4MFCDLL_LINK_COMMON','SH4_LINK_SH4_COMMON without defaultlib','2','1','/NOLOGO /subsystem:$(CESubsystem)',FALSE)      

                // LIB
INSERT INTO ToolOption VALUES ('{AAE9032A-C95B-11D3-9A06-00105A0DF099}', '{220199D7-801C-11D3-8466-005004848CBA}','SH4_LIB_COMMON',NULL,'2',NULL,'/nologo',FALSE)    

                // MIDL
INSERT INTO ToolOption VALUES ('{AAE903C0-C95B-11D3-9A06-00105A0DF099}', '{A9E51489-6C9A-11D3-843A-005004848CBA}','DEFINE_NDEBUG','Define NDEBUG','2',NULL,'/D NDEBUG',FALSE)  
INSERT INTO ToolOption VALUES ('{AAE9025A-C95B-11D3-9A06-00105A0DF099}', '{A9E51489-6C9A-11D3-843A-005004848CBA}','SH4_MTL_COMMON','IDS_SH4_MTL_COMMON','2','1','/nologo /mktyplib203 /win32',FALSE)    
INSERT INTO ToolOption VALUES ('{AAE9025B-C95B-11D3-9A06-00105A0DF099}', '{A9E51489-6C9A-11D3-843A-005004848CBA}','DEFINE_DEBUG','Define DEBUG','2','1','/D DEBUG',FALSE)       

                // BSC
INSERT INTO ToolOption VALUES ('{AAE9025C-C95B-11D3-9A06-00105A0DF099}', '{A9E5148A-6C9A-11D3-843A-005004848CBA}','SH4_BSC_COMMON','IDS_SH4_BSC_COMMON','2','1','/nologo',FALSE)   

                // COFF                
INSERT INTO ToolOption VALUES ('{AAE9025D-C95B-11D3-9A06-00105A0DF099}', '{A9E5148B-6C9A-11D3-843A-005004848CBA}','SH4_COFF_COMMON','IDS_SH4LIB_LINK','2','1','/nologo',FALSE)     

                // VCRC
INSERT INTO ToolOption VALUES ('{AAE90264-C95B-11D3-9A06-00105A0DF099}', '{A9E51488-6C9A-11D3-843A-005004848CBA}','DEFINE_NDEBUG','Define NDEBUG','2','1','/D NDEBUG',FALSE)        
INSERT INTO ToolOption VALUES ('{AAE90245-C95B-11D3-9A06-00105A0DF099}', '{A9E51488-6C9A-11D3-843A-005004848CBA}','DEFINE_DEBUG','Define DEBUG','2','1','/D DEBUG',FALSE)         
INSERT INTO ToolOption VALUES ('{AAE90246-C95B-11D3-9A06-00105A0DF099}', '{A9E51488-6C9A-11D3-843A-005004848CBA}','DSH4_RC_COMMON','IDS_DSH4_RC_COMMON','2','1','/r /DUNDER_CE=$(CEVersion) /D_WIN32_WCE=$(CEVersion)',FALSE)        
INSERT INTO ToolOption VALUES ('{AC19F043-D2D2-11d3-9917-00105A1E7FA9}', '{A9E51488-6C9A-11D3-843A-005004848CBA}','CEPLATFORM','CePlatform Macro','2','1','/D $(CePlatform)',FALSE)
INSERT INTO ToolOption VALUES ('{CF87FD64-D430-11d3-9918-00105A1E7FA9}', '{A9E51488-6C9A-11D3-843A-005004848CBA}','PROCESSOR_DEFINE','Processor Define','2','1','/D SHx /D SH4 /D _SH4_',FALSE)
INSERT INTO ToolOption VALUES ('{AF53B9B9-D81A-11d3-9918-00105A1E7FA9}', '{A9E51488-6C9A-11D3-843A-005004848CBA}','DEFINE_UNICODE','Define Unicode','2','1','/D UNICODE /D _UNICODE',FALSE)
  
// ******** OptionValue  ********

// ******** ToolOptionSet  ********
// LIB SH4
INSERT INTO ToolOptionSet VALUES ('{220199D7-801C-11D3-8466-005004848CBA}','67108864','{AAE9032A-C95B-11D3-9A06-00105A0DF099}',NULL)       
INSERT INTO ToolOptionSet VALUES ('{220199D7-801C-11D3-8466-005004848CBA}','67109120','{AAE9032A-C95B-11D3-9A06-00105A0DF099}',NULL)       

// CL SH4
	//EXE Release settings
INSERT INTO ToolOptionSet VALUES ('{A9E51486-6C9A-11D3-843A-005004848CBA}','16777216','{AAE90249-C95B-11D3-9A06-00105A0DF099}',NULL)       
INSERT INTO ToolOptionSet VALUES ('{A9E51486-6C9A-11D3-843A-005004848CBA}','16777216','{AAE90260-C95B-11D3-9A06-00105A0DF099}',NULL)       
INSERT INTO ToolOptionSet VALUES ('{A9E51486-6C9A-11D3-843A-005004848CBA}','16777216','{AAE90341-C95B-11D3-9A06-00105A0DF099}',NULL)       
INSERT INTO ToolOptionSet VALUES ('{A9E51486-6C9A-11D3-843A-005004848CBA}','16777216','{AAE90385-C95B-11D3-9A06-00105A0DF099}',NULL)       
INSERT INTO ToolOptionSet VALUES ('{A9E51486-6C9A-11D3-843A-005004848CBA}','16777216','{AAE903B6-C95B-11D3-9A06-00105A0DF099}',NULL)       
INSERT INTO ToolOptionSet VALUES ('{A9E51486-6C9A-11D3-843A-005004848CBA}','16777216','{AAE903E1-C95B-11D3-9A06-00105A0DF099}',NULL)
INSERT INTO ToolOptionSet VALUES ('{A9E51486-6C9A-11D3-843A-005004848CBA}','16777216','{AAE90417-C95B-11D3-9A06-00105A0DF099}',NULL)        
INSERT INTO ToolOptionSet VALUES ('{A9E51486-6C9A-11D3-843A-005004848CBA}','16777216','{AC7419Db-CDFD-11d3-9916-00105A1E7FA9}',NULL)        
	//MFC EXE Release settings
INSERT INTO ToolOptionSet VALUES ('{A9E51486-6C9A-11D3-843A-005004848CBA}','16777232','{AAE90260-C95B-11D3-9A06-00105A0DF099}',NULL)       
INSERT INTO ToolOptionSet VALUES ('{A9E51486-6C9A-11D3-843A-005004848CBA}','16777232','{AAE90277-C95B-11D3-9A06-00105A0DF099}',NULL)       
INSERT INTO ToolOptionSet VALUES ('{A9E51486-6C9A-11D3-843A-005004848CBA}','16777232','{AAE90341-C95B-11D3-9A06-00105A0DF099}',NULL)       
INSERT INTO ToolOptionSet VALUES ('{A9E51486-6C9A-11D3-843A-005004848CBA}','16777232','{AAE90385-C95B-11D3-9A06-00105A0DF099}',NULL)       
INSERT INTO ToolOptionSet VALUES ('{A9E51486-6C9A-11D3-843A-005004848CBA}','16777232','{AAE903B6-C95B-11D3-9A06-00105A0DF099}',NULL)       
INSERT INTO ToolOptionSet VALUES ('{A9E51486-6C9A-11D3-843A-005004848CBA}','16777232','{AAE903E1-C95B-11D3-9A06-00105A0DF099}',NULL)       
INSERT INTO ToolOptionSet VALUES ('{A9E51486-6C9A-11D3-843A-005004848CBA}','16777232','{AAE903F7-C95B-11D3-9A06-00105A0DF099}',NULL)      
INSERT INTO ToolOptionSet VALUES ('{A9E51486-6C9A-11D3-843A-005004848CBA}','16777232','{AAE90417-C95B-11D3-9A06-00105A0DF099}',NULL)        
INSERT INTO ToolOptionSet VALUES ('{A9E51486-6C9A-11D3-843A-005004848CBA}','16777232','{AC7419Db-CDFD-11d3-9916-00105A1E7FA9}',NULL)        
	// EXE Debug settings
INSERT INTO ToolOptionSet VALUES ('{A9E51486-6C9A-11D3-843A-005004848CBA}','16777472','{AAE90247-C95B-11D3-9A06-00105A0DF099}',NULL)       
INSERT INTO ToolOptionSet VALUES ('{A9E51486-6C9A-11D3-843A-005004848CBA}','16777472','{AAE90248-C95B-11D3-9A06-00105A0DF099}',NULL)       
INSERT INTO ToolOptionSet VALUES ('{A9E51486-6C9A-11D3-843A-005004848CBA}','16777472','{AAE90249-C95B-11D3-9A06-00105A0DF099}',NULL)       
INSERT INTO ToolOptionSet VALUES ('{A9E51486-6C9A-11D3-843A-005004848CBA}','16777472','{AAE9034C-C95B-11D3-9A06-00105A0DF099}',NULL)       
INSERT INTO ToolOptionSet VALUES ('{A9E51486-6C9A-11D3-843A-005004848CBA}','16777472','{AAE90385-C95B-11D3-9A06-00105A0DF099}',NULL)       
INSERT INTO ToolOptionSet VALUES ('{A9E51486-6C9A-11D3-843A-005004848CBA}','16777472','{AAE903EC-C95B-11D3-9A06-00105A0DF099}',NULL)      
INSERT INTO ToolOptionSet VALUES ('{A9E51486-6C9A-11D3-843A-005004848CBA}','16777472','{AAE90417-C95B-11D3-9A06-00105A0DF099}',NULL)        
INSERT INTO ToolOptionSet VALUES ('{A9E51486-6C9A-11D3-843A-005004848CBA}','16777472','{AC7419Db-CDFD-11d3-9916-00105A1E7FA9}',NULL)        
	//MFC EXE Debug settings
INSERT INTO ToolOptionSet VALUES ('{A9E51486-6C9A-11D3-843A-005004848CBA}','16777488','{AAE90247-C95B-11D3-9A06-00105A0DF099}',NULL)       
INSERT INTO ToolOptionSet VALUES ('{A9E51486-6C9A-11D3-843A-005004848CBA}','16777488','{AAE90248-C95B-11D3-9A06-00105A0DF099}',NULL)       
INSERT INTO ToolOptionSet VALUES ('{A9E51486-6C9A-11D3-843A-005004848CBA}','16777488','{AAE90277-C95B-11D3-9A06-00105A0DF099}',NULL)       
INSERT INTO ToolOptionSet VALUES ('{A9E51486-6C9A-11D3-843A-005004848CBA}','16777488','{AAE9034C-C95B-11D3-9A06-00105A0DF099}',NULL)       
INSERT INTO ToolOptionSet VALUES ('{A9E51486-6C9A-11D3-843A-005004848CBA}','16777488','{AAE90385-C95B-11D3-9A06-00105A0DF099}',NULL)       
INSERT INTO ToolOptionSet VALUES ('{A9E51486-6C9A-11D3-843A-005004848CBA}','16777488','{AAE903EC-C95B-11D3-9A06-00105A0DF099}',NULL)      
INSERT INTO ToolOptionSet VALUES ('{A9E51486-6C9A-11D3-843A-005004848CBA}','16777488','{AAE903F7-C95B-11D3-9A06-00105A0DF099}',NULL)      
INSERT INTO ToolOptionSet VALUES ('{A9E51486-6C9A-11D3-843A-005004848CBA}','16777488','{AAE90417-C95B-11D3-9A06-00105A0DF099}',NULL)        
INSERT INTO ToolOptionSet VALUES ('{A9E51486-6C9A-11D3-843A-005004848CBA}','16777488','{AC7419Db-CDFD-11d3-9916-00105A1E7FA9}',NULL)        
	//DLL Release settings
INSERT INTO ToolOptionSet VALUES ('{A9E51486-6C9A-11D3-843A-005004848CBA}','33554432','{AAE90249-C95B-11D3-9A06-00105A0DF099}',NULL)       
INSERT INTO ToolOptionSet VALUES ('{A9E51486-6C9A-11D3-843A-005004848CBA}','33554432','{AAE90266-C95B-11D3-9A06-00105A0DF099}',NULL)       
INSERT INTO ToolOptionSet VALUES ('{A9E51486-6C9A-11D3-843A-005004848CBA}','33554432','{AAE90341-C95B-11D3-9A06-00105A0DF099}',NULL)       
INSERT INTO ToolOptionSet VALUES ('{A9E51486-6C9A-11D3-843A-005004848CBA}','33554432','{AAE90385-C95B-11D3-9A06-00105A0DF099}',NULL)       
INSERT INTO ToolOptionSet VALUES ('{A9E51486-6C9A-11D3-843A-005004848CBA}','33554432','{AAE903B6-C95B-11D3-9A06-00105A0DF099}',NULL)       
INSERT INTO ToolOptionSet VALUES ('{A9E51486-6C9A-11D3-843A-005004848CBA}','33554432','{AAE903E1-C95B-11D3-9A06-00105A0DF099}',NULL)       
INSERT INTO ToolOptionSet VALUES ('{A9E51486-6C9A-11D3-843A-005004848CBA}','33554432','{AAE90417-C95B-11D3-9A06-00105A0DF099}',NULL)        
INSERT INTO ToolOptionSet VALUES ('{A9E51486-6C9A-11D3-843A-005004848CBA}','33554432','{AC7419Db-CDFD-11d3-9916-00105A1E7FA9}',NULL)        
	//ATL DLL Release MinSize settings
INSERT INTO ToolOptionSet VALUES ('{A9E51486-6C9A-11D3-843A-005004848CBA}','33554433','{AAE9027B-C95B-11D3-9A06-00105A0DF099}',NULL)       
INSERT INTO ToolOptionSet VALUES ('{A9E51486-6C9A-11D3-843A-005004848CBA}','33554433','{AAE9027C-C95B-11D3-9A06-00105A0DF099}',NULL)       
INSERT INTO ToolOptionSet VALUES ('{A9E51486-6C9A-11D3-843A-005004848CBA}','33554433','{AAE90341-C95B-11D3-9A06-00105A0DF099}',NULL)       
INSERT INTO ToolOptionSet VALUES ('{A9E51486-6C9A-11D3-843A-005004848CBA}','33554433','{AAE90385-C95B-11D3-9A06-00105A0DF099}',NULL)       
INSERT INTO ToolOptionSet VALUES ('{A9E51486-6C9A-11D3-843A-005004848CBA}','33554433','{AAE903B6-C95B-11D3-9A06-00105A0DF099}',NULL)       
INSERT INTO ToolOptionSet VALUES ('{A9E51486-6C9A-11D3-843A-005004848CBA}','33554433','{AAE903E1-C95B-11D3-9A06-00105A0DF099}',NULL)       
INSERT INTO ToolOptionSet VALUES ('{A9E51486-6C9A-11D3-843A-005004848CBA}','33554433','{AAE90417-C95B-11D3-9A06-00105A0DF099}',NULL)        
INSERT INTO ToolOptionSet VALUES ('{A9E51486-6C9A-11D3-843A-005004848CBA}','33554433','{AC7419Db-CDFD-11d3-9916-00105A1E7FA9}',NULL)        
	//ATL DLL Release MinDep settings
INSERT INTO ToolOptionSet VALUES ('{A9E51486-6C9A-11D3-843A-005004848CBA}','33554434','{AAE9027B-C95B-11D3-9A06-00105A0DF099}',NULL)       
INSERT INTO ToolOptionSet VALUES ('{A9E51486-6C9A-11D3-843A-005004848CBA}','33554434','{AAE9027C-C95B-11D3-9A06-00105A0DF099}',NULL)       
INSERT INTO ToolOptionSet VALUES ('{A9E51486-6C9A-11D3-843A-005004848CBA}','33554434','{AAE90341-C95B-11D3-9A06-00105A0DF099}',NULL)       
INSERT INTO ToolOptionSet VALUES ('{A9E51486-6C9A-11D3-843A-005004848CBA}','33554434','{AAE90385-C95B-11D3-9A06-00105A0DF099}',NULL)       
INSERT INTO ToolOptionSet VALUES ('{A9E51486-6C9A-11D3-843A-005004848CBA}','33554434','{AAE9039D-C95B-11D3-9A06-00105A0DF099}',NULL)       
INSERT INTO ToolOptionSet VALUES ('{A9E51486-6C9A-11D3-843A-005004848CBA}','33554434','{AAE903B6-C95B-11D3-9A06-00105A0DF099}',NULL)       
INSERT INTO ToolOptionSet VALUES ('{A9E51486-6C9A-11D3-843A-005004848CBA}','33554434','{AAE903E1-C95B-11D3-9A06-00105A0DF099}',NULL)       
INSERT INTO ToolOptionSet VALUES ('{A9E51486-6C9A-11D3-843A-005004848CBA}','33554434','{AAE90417-C95B-11D3-9A06-00105A0DF099}',NULL)        
INSERT INTO ToolOptionSet VALUES ('{A9E51486-6C9A-11D3-843A-005004848CBA}','33554434','{AC7419Db-CDFD-11d3-9916-00105A1E7FA9}',NULL)        
	// ATL EXE Release MinSize Settings
INSERT INTO ToolOptionSet VALUES ('{A9E51486-6C9A-11D3-843A-005004848CBA}','16777217','{AAE90277-C95B-11D3-9A06-00105A0DF099}',NULL)       
INSERT INTO ToolOptionSet VALUES ('{A9E51486-6C9A-11D3-843A-005004848CBA}','16777217','{AAE9027C-C95B-11D3-9A06-00105A0DF099}',NULL)       
INSERT INTO ToolOptionSet VALUES ('{A9E51486-6C9A-11D3-843A-005004848CBA}','16777217','{AAE90341-C95B-11D3-9A06-00105A0DF099}',NULL)       
INSERT INTO ToolOptionSet VALUES ('{A9E51486-6C9A-11D3-843A-005004848CBA}','16777217','{AAE90385-C95B-11D3-9A06-00105A0DF099}',NULL)       
INSERT INTO ToolOptionSet VALUES ('{A9E51486-6C9A-11D3-843A-005004848CBA}','16777217','{AAE903B6-C95B-11D3-9A06-00105A0DF099}',NULL)       
INSERT INTO ToolOptionSet VALUES ('{A9E51486-6C9A-11D3-843A-005004848CBA}','16777217','{AAE903E1-C95B-11D3-9A06-00105A0DF099}',NULL)       
INSERT INTO ToolOptionSet VALUES ('{A9E51486-6C9A-11D3-843A-005004848CBA}','16777217','{AAE90417-C95B-11D3-9A06-00105A0DF099}',NULL)        
INSERT INTO ToolOptionSet VALUES ('{A9E51486-6C9A-11D3-843A-005004848CBA}','16777217','{AC7419Db-CDFD-11d3-9916-00105A1E7FA9}',NULL)        
	// ATL EXE Release MinDep Settings                                   
INSERT INTO ToolOptionSet VALUES ('{A9E51486-6C9A-11D3-843A-005004848CBA}','16777218','{AAE90277-C95B-11D3-9A06-00105A0DF099}',NULL)       
INSERT INTO ToolOptionSet VALUES ('{A9E51486-6C9A-11D3-843A-005004848CBA}','16777218','{AAE9027C-C95B-11D3-9A06-00105A0DF099}',NULL)       
INSERT INTO ToolOptionSet VALUES ('{A9E51486-6C9A-11D3-843A-005004848CBA}','16777218','{AAE90341-C95B-11D3-9A06-00105A0DF099}',NULL)       
INSERT INTO ToolOptionSet VALUES ('{A9E51486-6C9A-11D3-843A-005004848CBA}','16777218','{AAE90385-C95B-11D3-9A06-00105A0DF099}',NULL)       
INSERT INTO ToolOptionSet VALUES ('{A9E51486-6C9A-11D3-843A-005004848CBA}','16777218','{AAE9039D-C95B-11D3-9A06-00105A0DF099}',NULL)       
INSERT INTO ToolOptionSet VALUES ('{A9E51486-6C9A-11D3-843A-005004848CBA}','16777218','{AAE903B6-C95B-11D3-9A06-00105A0DF099}',NULL)       
INSERT INTO ToolOptionSet VALUES ('{A9E51486-6C9A-11D3-843A-005004848CBA}','16777218','{AAE903E1-C95B-11D3-9A06-00105A0DF099}',NULL)       
INSERT INTO ToolOptionSet VALUES ('{A9E51486-6C9A-11D3-843A-005004848CBA}','16777218','{AAE90417-C95B-11D3-9A06-00105A0DF099}',NULL)        
INSERT INTO ToolOptionSet VALUES ('{A9E51486-6C9A-11D3-843A-005004848CBA}','16777218','{AC7419Db-CDFD-11d3-9916-00105A1E7FA9}',NULL)        
	//MFC DLL Release settings
INSERT INTO ToolOptionSet VALUES ('{A9E51486-6C9A-11D3-843A-005004848CBA}','33554448','{AAE90266-C95B-11D3-9A06-00105A0DF099}',NULL)       
INSERT INTO ToolOptionSet VALUES ('{A9E51486-6C9A-11D3-843A-005004848CBA}','33554448','{AAE90277-C95B-11D3-9A06-00105A0DF099}',NULL)       
INSERT INTO ToolOptionSet VALUES ('{A9E51486-6C9A-11D3-843A-005004848CBA}','33554448','{AAE90341-C95B-11D3-9A06-00105A0DF099}',NULL)       
INSERT INTO ToolOptionSet VALUES ('{A9E51486-6C9A-11D3-843A-005004848CBA}','33554448','{AAE90385-C95B-11D3-9A06-00105A0DF099}',NULL)       
INSERT INTO ToolOptionSet VALUES ('{A9E51486-6C9A-11D3-843A-005004848CBA}','33554448','{AAE903B6-C95B-11D3-9A06-00105A0DF099}',NULL)       
INSERT INTO ToolOptionSet VALUES ('{A9E51486-6C9A-11D3-843A-005004848CBA}','33554448','{AAE903E1-C95B-11D3-9A06-00105A0DF099}',NULL)       
INSERT INTO ToolOptionSet VALUES ('{A9E51486-6C9A-11D3-843A-005004848CBA}','33554448','{AAE903F7-C95B-11D3-9A06-00105A0DF099}',NULL)      
INSERT INTO ToolOptionSet VALUES ('{A9E51486-6C9A-11D3-843A-005004848CBA}','33554448','{AAE90417-C95B-11D3-9A06-00105A0DF099}',NULL)        
INSERT INTO ToolOptionSet VALUES ('{A9E51486-6C9A-11D3-843A-005004848CBA}','33554448','{AC7419Db-CDFD-11d3-9916-00105A1E7FA9}',NULL)        
	// DLL Debug settings
INSERT INTO ToolOptionSet VALUES ('{A9E51486-6C9A-11D3-843A-005004848CBA}','33554688','{AAE90247-C95B-11D3-9A06-00105A0DF099}',NULL)       
INSERT INTO ToolOptionSet VALUES ('{A9E51486-6C9A-11D3-843A-005004848CBA}','33554688','{AAE90249-C95B-11D3-9A06-00105A0DF099}',NULL)       
INSERT INTO ToolOptionSet VALUES ('{A9E51486-6C9A-11D3-843A-005004848CBA}','33554688','{AAE9024E-C95B-11D3-9A06-00105A0DF099}',NULL)       
INSERT INTO ToolOptionSet VALUES ('{A9E51486-6C9A-11D3-843A-005004848CBA}','33554688','{AAE9034C-C95B-11D3-9A06-00105A0DF099}',NULL)       
INSERT INTO ToolOptionSet VALUES ('{A9E51486-6C9A-11D3-843A-005004848CBA}','33554688','{AAE90385-C95B-11D3-9A06-00105A0DF099}',NULL)       
INSERT INTO ToolOptionSet VALUES ('{A9E51486-6C9A-11D3-843A-005004848CBA}','33554688','{AAE903EC-C95B-11D3-9A06-00105A0DF099}',NULL)      
INSERT INTO ToolOptionSet VALUES ('{A9E51486-6C9A-11D3-843A-005004848CBA}','33554688','{AAE90417-C95B-11D3-9A06-00105A0DF099}',NULL)        
INSERT INTO ToolOptionSet VALUES ('{A9E51486-6C9A-11D3-843A-005004848CBA}','33554688','{AC7419Db-CDFD-11d3-9916-00105A1E7FA9}',NULL)        
	// ATL DLL Debug settings
INSERT INTO ToolOptionSet VALUES ('{A9E51486-6C9A-11D3-843A-005004848CBA}','33554689','{AAE90247-C95B-11D3-9A06-00105A0DF099}',NULL)       
INSERT INTO ToolOptionSet VALUES ('{A9E51486-6C9A-11D3-843A-005004848CBA}','33554689','{AAE9024E-C95B-11D3-9A06-00105A0DF099}',NULL)       
INSERT INTO ToolOptionSet VALUES ('{A9E51486-6C9A-11D3-843A-005004848CBA}','33554689','{AAE90276-C95B-11D3-9A06-00105A0DF099}',NULL)       
INSERT INTO ToolOptionSet VALUES ('{A9E51486-6C9A-11D3-843A-005004848CBA}','33554689','{AAE90277-C95B-11D3-9A06-00105A0DF099}',NULL)       
INSERT INTO ToolOptionSet VALUES ('{A9E51486-6C9A-11D3-843A-005004848CBA}','33554689','{AAE9034C-C95B-11D3-9A06-00105A0DF099}',NULL)       
INSERT INTO ToolOptionSet VALUES ('{A9E51486-6C9A-11D3-843A-005004848CBA}','33554689','{AAE90385-C95B-11D3-9A06-00105A0DF099}',NULL)       
INSERT INTO ToolOptionSet VALUES ('{A9E51486-6C9A-11D3-843A-005004848CBA}','33554689','{AAE903EC-C95B-11D3-9A06-00105A0DF099}',NULL)      
INSERT INTO ToolOptionSet VALUES ('{A9E51486-6C9A-11D3-843A-005004848CBA}','33554689','{AAE90417-C95B-11D3-9A06-00105A0DF099}',NULL)        
INSERT INTO ToolOptionSet VALUES ('{A9E51486-6C9A-11D3-843A-005004848CBA}','33554689','{AC7419Db-CDFD-11d3-9916-00105A1E7FA9}',NULL)        
	// ATL EXE Debug Settings
INSERT INTO ToolOptionSet VALUES ('{A9E51486-6C9A-11D3-843A-005004848CBA}','16777473','{AAE90247-C95B-11D3-9A06-00105A0DF099}',NULL)       
INSERT INTO ToolOptionSet VALUES ('{A9E51486-6C9A-11D3-843A-005004848CBA}','16777473','{AAE90248-C95B-11D3-9A06-00105A0DF099}',NULL)       
INSERT INTO ToolOptionSet VALUES ('{A9E51486-6C9A-11D3-843A-005004848CBA}','16777473','{AAE90277-C95B-11D3-9A06-00105A0DF099}',NULL)       
INSERT INTO ToolOptionSet VALUES ('{A9E51486-6C9A-11D3-843A-005004848CBA}','16777473','{AAE9034C-C95B-11D3-9A06-00105A0DF099}',NULL)       
INSERT INTO ToolOptionSet VALUES ('{A9E51486-6C9A-11D3-843A-005004848CBA}','16777473','{AAE90385-C95B-11D3-9A06-00105A0DF099}',NULL)       
INSERT INTO ToolOptionSet VALUES ('{A9E51486-6C9A-11D3-843A-005004848CBA}','16777473','{AAE903EC-C95B-11D3-9A06-00105A0DF099}',NULL)      
INSERT INTO ToolOptionSet VALUES ('{A9E51486-6C9A-11D3-843A-005004848CBA}','16777473','{AAE90417-C95B-11D3-9A06-00105A0DF099}',NULL)        
INSERT INTO ToolOptionSet VALUES ('{A9E51486-6C9A-11D3-843A-005004848CBA}','16777473','{AC7419Db-CDFD-11d3-9916-00105A1E7FA9}',NULL)        
	// MFC DLL Debug settings
INSERT INTO ToolOptionSet VALUES ('{A9E51486-6C9A-11D3-843A-005004848CBA}','33554704','{AAE90247-C95B-11D3-9A06-00105A0DF099}',NULL)       
INSERT INTO ToolOptionSet VALUES ('{A9E51486-6C9A-11D3-843A-005004848CBA}','33554704','{AAE9024E-C95B-11D3-9A06-00105A0DF099}',NULL)       
INSERT INTO ToolOptionSet VALUES ('{A9E51486-6C9A-11D3-843A-005004848CBA}','33554704','{AAE90277-C95B-11D3-9A06-00105A0DF099}',NULL)       
INSERT INTO ToolOptionSet VALUES ('{A9E51486-6C9A-11D3-843A-005004848CBA}','33554704','{AAE9034C-C95B-11D3-9A06-00105A0DF099}',NULL)       
INSERT INTO ToolOptionSet VALUES ('{A9E51486-6C9A-11D3-843A-005004848CBA}','33554704','{AAE90385-C95B-11D3-9A06-00105A0DF099}',NULL)       
INSERT INTO ToolOptionSet VALUES ('{A9E51486-6C9A-11D3-843A-005004848CBA}','33554704','{AAE903EC-C95B-11D3-9A06-00105A0DF099}',NULL)      
INSERT INTO ToolOptionSet VALUES ('{A9E51486-6C9A-11D3-843A-005004848CBA}','33554704','{AAE903F7-C95B-11D3-9A06-00105A0DF099}',NULL)      
INSERT INTO ToolOptionSet VALUES ('{A9E51486-6C9A-11D3-843A-005004848CBA}','33554704','{AAE90417-C95B-11D3-9A06-00105A0DF099}',NULL)        
INSERT INTO ToolOptionSet VALUES ('{A9E51486-6C9A-11D3-843A-005004848CBA}','33554704','{AC7419Db-CDFD-11d3-9916-00105A1E7FA9}',NULL)        
	// MFC ActiveX Control release settings
INSERT INTO ToolOptionSet VALUES ('{A9E51486-6C9A-11D3-843A-005004848CBA}','33558544','{AAE90266-C95B-11D3-9A06-00105A0DF099}',NULL)       
INSERT INTO ToolOptionSet VALUES ('{A9E51486-6C9A-11D3-843A-005004848CBA}','33558544','{AAE90277-C95B-11D3-9A06-00105A0DF099}',NULL)       
INSERT INTO ToolOptionSet VALUES ('{A9E51486-6C9A-11D3-843A-005004848CBA}','33558544','{AAE9027D-C95B-11D3-9A06-00105A0DF099}',NULL)       
INSERT INTO ToolOptionSet VALUES ('{A9E51486-6C9A-11D3-843A-005004848CBA}','33558544','{AAE90341-C95B-11D3-9A06-00105A0DF099}',NULL)       
INSERT INTO ToolOptionSet VALUES ('{A9E51486-6C9A-11D3-843A-005004848CBA}','33558544','{AAE90385-C95B-11D3-9A06-00105A0DF099}',NULL)       
INSERT INTO ToolOptionSet VALUES ('{A9E51486-6C9A-11D3-843A-005004848CBA}','33558544','{AAE903B6-C95B-11D3-9A06-00105A0DF099}',NULL)       
INSERT INTO ToolOptionSet VALUES ('{A9E51486-6C9A-11D3-843A-005004848CBA}','33558544','{AAE903E1-C95B-11D3-9A06-00105A0DF099}',NULL)       
INSERT INTO ToolOptionSet VALUES ('{A9E51486-6C9A-11D3-843A-005004848CBA}','33558544','{AAE903F7-C95B-11D3-9A06-00105A0DF099}',NULL)      
INSERT INTO ToolOptionSet VALUES ('{A9E51486-6C9A-11D3-843A-005004848CBA}','33558544','{AAE90417-C95B-11D3-9A06-00105A0DF099}',NULL)        
INSERT INTO ToolOptionSet VALUES ('{A9E51486-6C9A-11D3-843A-005004848CBA}','33558544','{AC7419Db-CDFD-11d3-9916-00105A1E7FA9}',NULL)        
	// MFC ActiveX Control debug settings
INSERT INTO ToolOptionSet VALUES ('{A9E51486-6C9A-11D3-843A-005004848CBA}','33558800','{AAE90247-C95B-11D3-9A06-00105A0DF099}',NULL)       
INSERT INTO ToolOptionSet VALUES ('{A9E51486-6C9A-11D3-843A-005004848CBA}','33558800','{AAE9024E-C95B-11D3-9A06-00105A0DF099}',NULL)       
INSERT INTO ToolOptionSet VALUES ('{A9E51486-6C9A-11D3-843A-005004848CBA}','33558800','{AAE90277-C95B-11D3-9A06-00105A0DF099}',NULL)       
INSERT INTO ToolOptionSet VALUES ('{A9E51486-6C9A-11D3-843A-005004848CBA}','33558800','{AAE9027D-C95B-11D3-9A06-00105A0DF099}',NULL)       
INSERT INTO ToolOptionSet VALUES ('{A9E51486-6C9A-11D3-843A-005004848CBA}','33558800','{AAE9034C-C95B-11D3-9A06-00105A0DF099}',NULL)       
INSERT INTO ToolOptionSet VALUES ('{A9E51486-6C9A-11D3-843A-005004848CBA}','33558800','{AAE90385-C95B-11D3-9A06-00105A0DF099}',NULL)       
INSERT INTO ToolOptionSet VALUES ('{A9E51486-6C9A-11D3-843A-005004848CBA}','33558800','{AAE903EC-C95B-11D3-9A06-00105A0DF099}',NULL)      
INSERT INTO ToolOptionSet VALUES ('{A9E51486-6C9A-11D3-843A-005004848CBA}','33558800','{AAE903F7-C95B-11D3-9A06-00105A0DF099}',NULL)      
INSERT INTO ToolOptionSet VALUES ('{A9E51486-6C9A-11D3-843A-005004848CBA}','33558800','{AAE90417-C95B-11D3-9A06-00105A0DF099}',NULL)        
INSERT INTO ToolOptionSet VALUES ('{A9E51486-6C9A-11D3-843A-005004848CBA}','33558800','{AC7419Db-CDFD-11d3-9916-00105A1E7FA9}',NULL)        
	// Concole application release settings
INSERT INTO ToolOptionSet VALUES ('{A9E51486-6C9A-11D3-843A-005004848CBA}','50331648','{AAE90249-C95B-11D3-9A06-00105A0DF099}',NULL)       
INSERT INTO ToolOptionSet VALUES ('{A9E51486-6C9A-11D3-843A-005004848CBA}','50331648','{AAE9026C-C95B-11D3-9A06-00105A0DF099}',NULL)       
INSERT INTO ToolOptionSet VALUES ('{A9E51486-6C9A-11D3-843A-005004848CBA}','50331648','{AAE90341-C95B-11D3-9A06-00105A0DF099}',NULL)       
INSERT INTO ToolOptionSet VALUES ('{A9E51486-6C9A-11D3-843A-005004848CBA}','50331648','{AAE90385-C95B-11D3-9A06-00105A0DF099}',NULL)       
INSERT INTO ToolOptionSet VALUES ('{A9E51486-6C9A-11D3-843A-005004848CBA}','50331648','{AAE903B6-C95B-11D3-9A06-00105A0DF099}',NULL)       
INSERT INTO ToolOptionSet VALUES ('{A9E51486-6C9A-11D3-843A-005004848CBA}','50331648','{AAE903E1-C95B-11D3-9A06-00105A0DF099}',NULL)       
INSERT INTO ToolOptionSet VALUES ('{A9E51486-6C9A-11D3-843A-005004848CBA}','50331648','{AAE90417-C95B-11D3-9A06-00105A0DF099}',NULL)        
INSERT INTO ToolOptionSet VALUES ('{A9E51486-6C9A-11D3-843A-005004848CBA}','50331648','{AC7419Db-CDFD-11d3-9916-00105A1E7FA9}',NULL)        
	// Concole application debug settings
INSERT INTO ToolOptionSet VALUES ('{A9E51486-6C9A-11D3-843A-005004848CBA}','50331904','{AAE90247-C95B-11D3-9A06-00105A0DF099}',NULL)       
INSERT INTO ToolOptionSet VALUES ('{A9E51486-6C9A-11D3-843A-005004848CBA}','50331904','{AAE90249-C95B-11D3-9A06-00105A0DF099}',NULL)       
INSERT INTO ToolOptionSet VALUES ('{A9E51486-6C9A-11D3-843A-005004848CBA}','50331904','{AAE90251-C95B-11D3-9A06-00105A0DF099}',NULL)       
INSERT INTO ToolOptionSet VALUES ('{A9E51486-6C9A-11D3-843A-005004848CBA}','50331904','{AAE9034C-C95B-11D3-9A06-00105A0DF099}',NULL)       
INSERT INTO ToolOptionSet VALUES ('{A9E51486-6C9A-11D3-843A-005004848CBA}','50331904','{AAE90385-C95B-11D3-9A06-00105A0DF099}',NULL)       
INSERT INTO ToolOptionSet VALUES ('{A9E51486-6C9A-11D3-843A-005004848CBA}','50331904','{AAE903EC-C95B-11D3-9A06-00105A0DF099}',NULL)      
INSERT INTO ToolOptionSet VALUES ('{A9E51486-6C9A-11D3-843A-005004848CBA}','50331904','{AAE90417-C95B-11D3-9A06-00105A0DF099}',NULL)        
INSERT INTO ToolOptionSet VALUES ('{A9E51486-6C9A-11D3-843A-005004848CBA}','50331904','{AC7419Db-CDFD-11d3-9916-00105A1E7FA9}',NULL)        
	// Static Library release settings
INSERT INTO ToolOptionSet VALUES ('{A9E51486-6C9A-11D3-843A-005004848CBA}','67108864','{AAE90249-C95B-11D3-9A06-00105A0DF099}',NULL)       
INSERT INTO ToolOptionSet VALUES ('{A9E51486-6C9A-11D3-843A-005004848CBA}','67108864','{AAE9026F-C95B-11D3-9A06-00105A0DF099}',NULL)       
INSERT INTO ToolOptionSet VALUES ('{A9E51486-6C9A-11D3-843A-005004848CBA}','67108864','{AAE90341-C95B-11D3-9A06-00105A0DF099}',NULL)       
INSERT INTO ToolOptionSet VALUES ('{A9E51486-6C9A-11D3-843A-005004848CBA}','67108864','{AAE90385-C95B-11D3-9A06-00105A0DF099}',NULL)       
INSERT INTO ToolOptionSet VALUES ('{A9E51486-6C9A-11D3-843A-005004848CBA}','67108864','{AAE903B6-C95B-11D3-9A06-00105A0DF099}',NULL)       
INSERT INTO ToolOptionSet VALUES ('{A9E51486-6C9A-11D3-843A-005004848CBA}','67108864','{AAE903E1-C95B-11D3-9A06-00105A0DF099}',NULL)       
INSERT INTO ToolOptionSet VALUES ('{A9E51486-6C9A-11D3-843A-005004848CBA}','67108864','{AAE90417-C95B-11D3-9A06-00105A0DF099}',NULL)        
INSERT INTO ToolOptionSet VALUES ('{A9E51486-6C9A-11D3-843A-005004848CBA}','67108864','{AC7419Db-CDFD-11d3-9916-00105A1E7FA9}',NULL)        
	// Static Library debug settings
INSERT INTO ToolOptionSet VALUES ('{A9E51486-6C9A-11D3-843A-005004848CBA}','67109120','{AAE90247-C95B-11D3-9A06-00105A0DF099}',NULL)       
INSERT INTO ToolOptionSet VALUES ('{A9E51486-6C9A-11D3-843A-005004848CBA}','67109120','{AAE90249-C95B-11D3-9A06-00105A0DF099}',NULL)       
INSERT INTO ToolOptionSet VALUES ('{A9E51486-6C9A-11D3-843A-005004848CBA}','67109120','{AAE90254-C95B-11D3-9A06-00105A0DF099}',NULL)       
INSERT INTO ToolOptionSet VALUES ('{A9E51486-6C9A-11D3-843A-005004848CBA}','67109120','{AAE9034C-C95B-11D3-9A06-00105A0DF099}',NULL)       
INSERT INTO ToolOptionSet VALUES ('{A9E51486-6C9A-11D3-843A-005004848CBA}','67109120','{AAE90385-C95B-11D3-9A06-00105A0DF099}',NULL)       
INSERT INTO ToolOptionSet VALUES ('{A9E51486-6C9A-11D3-843A-005004848CBA}','67109120','{AAE903EC-C95B-11D3-9A06-00105A0DF099}',NULL)      
INSERT INTO ToolOptionSet VALUES ('{A9E51486-6C9A-11D3-843A-005004848CBA}','67109120','{AAE90417-C95B-11D3-9A06-00105A0DF099}',NULL)  
INSERT INTO ToolOptionSet VALUES ('{A9E51486-6C9A-11D3-843A-005004848CBA}','67109120','{AC7419Db-CDFD-11d3-9916-00105A1E7FA9}',NULL)  

				
				
// LINK SH4
	//EXE Release settings
INSERT INTO ToolOptionSet VALUES ('{A9E51487-6C9A-11D3-843A-005004848CBA}','16777216','{AAE9024A-C95B-11D3-9A06-00105A0DF099}',NULL)       
INSERT INTO ToolOptionSet VALUES ('{A9E51487-6C9A-11D3-843A-005004848CBA}','16777216','{AAE90261-C95B-11D3-9A06-00105A0DF099}',NULL)       
INSERT INTO ToolOptionSet VALUES ('{A9E51487-6C9A-11D3-843A-005004848CBA}','16777216','{AAE90263-C95B-11D3-9A06-00105A0DF099}',NULL)       
INSERT INTO ToolOptionSet VALUES ('{A9E51487-6C9A-11D3-843A-005004848CBA}','16777216','{AAE90363-C95B-11D3-9A06-00105A0DF099}',NULL)       
INSERT INTO ToolOptionSet VALUES ('{A9E51487-6C9A-11D3-843A-005004848CBA}','16777216','{AAE9037A-C95B-11D3-9A06-00105A0DF099}',NULL)       
INSERT INTO ToolOptionSet VALUES ('{A9E51487-6C9A-11D3-843A-005004848CBA}','16777216','{AAE903D2-C95B-11D3-9A06-00105A0DF099}',NULL)       
INSERT INTO ToolOptionSet VALUES ('{A9E51487-6C9A-11D3-843A-005004848CBA}','16777216','{AAE9040C-C95B-11D3-9A06-00105A0DF099}',NULL) 
    //MFC EXE Release settings 
INSERT INTO ToolOptionSet VALUES ('{A9E51487-6C9A-11D3-843A-005004848CBA}','16777232','{AAE9025E-C95B-11D3-9A06-00105A0DF099}',NULL)       
INSERT INTO ToolOptionSet VALUES ('{A9E51487-6C9A-11D3-843A-005004848CBA}','16777232','{AAE90272-C95B-11D3-9A06-00105A0DF099}',NULL)       
INSERT INTO ToolOptionSet VALUES ('{A9E51487-6C9A-11D3-843A-005004848CBA}','16777232','{AAE90363-C95B-11D3-9A06-00105A0DF099}',NULL)       
INSERT INTO ToolOptionSet VALUES ('{A9E51487-6C9A-11D3-843A-005004848CBA}','16777232','{AAE9037A-C95B-11D3-9A06-00105A0DF099}',NULL)       
INSERT INTO ToolOptionSet VALUES ('{A9E51487-6C9A-11D3-843A-005004848CBA}','16777232','{AAE903D2-C95B-11D3-9A06-00105A0DF099}',NULL)       
INSERT INTO ToolOptionSet VALUES ('{A9E51487-6C9A-11D3-843A-005004848CBA}','16777232','{AAE9040C-C95B-11D3-9A06-00105A0DF099}',NULL)      
	// EXE Debug settings
INSERT INTO ToolOptionSet VALUES ('{A9E51487-6C9A-11D3-843A-005004848CBA}','16777472','{AAE9024A-C95B-11D3-9A06-00105A0DF099}',NULL)       
INSERT INTO ToolOptionSet VALUES ('{A9E51487-6C9A-11D3-843A-005004848CBA}','16777472','{AAE9024B-C95B-11D3-9A06-00105A0DF099}',NULL)       
INSERT INTO ToolOptionSet VALUES ('{A9E51487-6C9A-11D3-843A-005004848CBA}','16777472','{AAE9024C-C95B-11D3-9A06-00105A0DF099}',NULL)       
INSERT INTO ToolOptionSet VALUES ('{A9E51487-6C9A-11D3-843A-005004848CBA}','16777472','{AAE9024D-C95B-11D3-9A06-00105A0DF099}',NULL)       
INSERT INTO ToolOptionSet VALUES ('{A9E51487-6C9A-11D3-843A-005004848CBA}','16777472','{AAE90363-C95B-11D3-9A06-00105A0DF099}',NULL)       
INSERT INTO ToolOptionSet VALUES ('{A9E51487-6C9A-11D3-843A-005004848CBA}','16777472','{AAE9037A-C95B-11D3-9A06-00105A0DF099}',NULL)       
INSERT INTO ToolOptionSet VALUES ('{A9E51487-6C9A-11D3-843A-005004848CBA}','16777472','{AAE903D2-C95B-11D3-9A06-00105A0DF099}',NULL)       
INSERT INTO ToolOptionSet VALUES ('{A9E51487-6C9A-11D3-843A-005004848CBA}','16777472','{AAE90401-C95B-11D3-9A06-00105A0DF099}',NULL)      
	//MFC EXE Debug settings
INSERT INTO ToolOptionSet VALUES ('{A9E51487-6C9A-11D3-843A-005004848CBA}','16777488','{AAE90256-C95B-11D3-9A06-00105A0DF099}',NULL)       
INSERT INTO ToolOptionSet VALUES ('{A9E51487-6C9A-11D3-843A-005004848CBA}','16777488','{AAE9025E-C95B-11D3-9A06-00105A0DF099}',NULL)       
INSERT INTO ToolOptionSet VALUES ('{A9E51487-6C9A-11D3-843A-005004848CBA}','16777488','{AAE90363-C95B-11D3-9A06-00105A0DF099}',NULL)       
INSERT INTO ToolOptionSet VALUES ('{A9E51487-6C9A-11D3-843A-005004848CBA}','16777488','{AAE9037A-C95B-11D3-9A06-00105A0DF099}',NULL)       
INSERT INTO ToolOptionSet VALUES ('{A9E51487-6C9A-11D3-843A-005004848CBA}','16777488','{AAE903D2-C95B-11D3-9A06-00105A0DF099}',NULL)       
INSERT INTO ToolOptionSet VALUES ('{A9E51487-6C9A-11D3-843A-005004848CBA}','16777488','{AAE90401-C95B-11D3-9A06-00105A0DF099}',NULL)      
	//DLL Release settings
INSERT INTO ToolOptionSet VALUES ('{A9E51487-6C9A-11D3-843A-005004848CBA}','33554432','{AAE9024A-C95B-11D3-9A06-00105A0DF099}',NULL)       
INSERT INTO ToolOptionSet VALUES ('{A9E51487-6C9A-11D3-843A-005004848CBA}','33554432','{AAE90263-C95B-11D3-9A06-00105A0DF099}',NULL)       
INSERT INTO ToolOptionSet VALUES ('{A9E51487-6C9A-11D3-843A-005004848CBA}','33554432','{AAE90267-C95B-11D3-9A06-00105A0DF099}',NULL)       
INSERT INTO ToolOptionSet VALUES ('{A9E51487-6C9A-11D3-843A-005004848CBA}','33554432','{AAE9036F-C95B-11D3-9A06-00105A0DF099}',NULL)       
INSERT INTO ToolOptionSet VALUES ('{A9E51487-6C9A-11D3-843A-005004848CBA}','33554432','{AAE9037A-C95B-11D3-9A06-00105A0DF099}',NULL)       
INSERT INTO ToolOptionSet VALUES ('{A9E51487-6C9A-11D3-843A-005004848CBA}','33554432','{AAE903D2-C95B-11D3-9A06-00105A0DF099}',NULL)       
INSERT INTO ToolOptionSet VALUES ('{A9E51487-6C9A-11D3-843A-005004848CBA}','33554432','{AAE9040C-C95B-11D3-9A06-00105A0DF099}',NULL)      
	//ATL DLL Release MinSize settings
INSERT INTO ToolOptionSet VALUES ('{A9E51487-6C9A-11D3-843A-005004848CBA}','33554433','{AAE90267-C95B-11D3-9A06-00105A0DF099}',NULL)       
INSERT INTO ToolOptionSet VALUES ('{A9E51487-6C9A-11D3-843A-005004848CBA}','33554433','{AAE90278-C95B-11D3-9A06-00105A0DF099}',NULL)       
INSERT INTO ToolOptionSet VALUES ('{A9E51487-6C9A-11D3-843A-005004848CBA}','33554433','{AAE9036F-C95B-11D3-9A06-00105A0DF099}',NULL)       
INSERT INTO ToolOptionSet VALUES ('{A9E51487-6C9A-11D3-843A-005004848CBA}','33554433','{AAE9037A-C95B-11D3-9A06-00105A0DF099}',NULL)       
INSERT INTO ToolOptionSet VALUES ('{A9E51487-6C9A-11D3-843A-005004848CBA}','33554433','{AAE903D2-C95B-11D3-9A06-00105A0DF099}',NULL)       
INSERT INTO ToolOptionSet VALUES ('{A9E51487-6C9A-11D3-843A-005004848CBA}','33554433','{AAE9040C-C95B-11D3-9A06-00105A0DF099}',NULL)      
	//ATL DLL Release MinDep settings
INSERT INTO ToolOptionSet VALUES ('{A9E51487-6C9A-11D3-843A-005004848CBA}','33554434','{AAE90267-C95B-11D3-9A06-00105A0DF099}',NULL)       
INSERT INTO ToolOptionSet VALUES ('{A9E51487-6C9A-11D3-843A-005004848CBA}','33554434','{AAE90278-C95B-11D3-9A06-00105A0DF099}',NULL)       
INSERT INTO ToolOptionSet VALUES ('{A9E51487-6C9A-11D3-843A-005004848CBA}','33554434','{AAE9036F-C95B-11D3-9A06-00105A0DF099}',NULL)       
INSERT INTO ToolOptionSet VALUES ('{A9E51487-6C9A-11D3-843A-005004848CBA}','33554434','{AAE9037A-C95B-11D3-9A06-00105A0DF099}',NULL)       
INSERT INTO ToolOptionSet VALUES ('{A9E51487-6C9A-11D3-843A-005004848CBA}','33554434','{AAE903D2-C95B-11D3-9A06-00105A0DF099}',NULL)       
INSERT INTO ToolOptionSet VALUES ('{A9E51487-6C9A-11D3-843A-005004848CBA}','33554434','{AAE9040C-C95B-11D3-9A06-00105A0DF099}',NULL)      
	// ATL EXE Release MinSize Settings
INSERT INTO ToolOptionSet VALUES ('{A9E51487-6C9A-11D3-843A-005004848CBA}','16777217','{AAE90261-C95B-11D3-9A06-00105A0DF099}',NULL)       
INSERT INTO ToolOptionSet VALUES ('{A9E51487-6C9A-11D3-843A-005004848CBA}','16777217','{AAE90278-C95B-11D3-9A06-00105A0DF099}',NULL)       
INSERT INTO ToolOptionSet VALUES ('{A9E51487-6C9A-11D3-843A-005004848CBA}','16777217','{AAE90363-C95B-11D3-9A06-00105A0DF099}',NULL)       
INSERT INTO ToolOptionSet VALUES ('{A9E51487-6C9A-11D3-843A-005004848CBA}','16777217','{AAE9037A-C95B-11D3-9A06-00105A0DF099}',NULL)       
INSERT INTO ToolOptionSet VALUES ('{A9E51487-6C9A-11D3-843A-005004848CBA}','16777217','{AAE903D2-C95B-11D3-9A06-00105A0DF099}',NULL)       
INSERT INTO ToolOptionSet VALUES ('{A9E51487-6C9A-11D3-843A-005004848CBA}','16777217','{AAE9040C-C95B-11D3-9A06-00105A0DF099}',NULL)      	
	// ATL EXE Release MinDep Settings     
INSERT INTO ToolOptionSet VALUES ('{A9E51487-6C9A-11D3-843A-005004848CBA}','16777218','{AAE90261-C95B-11D3-9A06-00105A0DF099}',NULL)       
INSERT INTO ToolOptionSet VALUES ('{A9E51487-6C9A-11D3-843A-005004848CBA}','16777218','{AAE90278-C95B-11D3-9A06-00105A0DF099}',NULL)       
INSERT INTO ToolOptionSet VALUES ('{A9E51487-6C9A-11D3-843A-005004848CBA}','16777218','{AAE90363-C95B-11D3-9A06-00105A0DF099}',NULL)       
INSERT INTO ToolOptionSet VALUES ('{A9E51487-6C9A-11D3-843A-005004848CBA}','16777218','{AAE9037A-C95B-11D3-9A06-00105A0DF099}',NULL)       
INSERT INTO ToolOptionSet VALUES ('{A9E51487-6C9A-11D3-843A-005004848CBA}','16777218','{AAE903D2-C95B-11D3-9A06-00105A0DF099}',NULL)       
INSERT INTO ToolOptionSet VALUES ('{A9E51487-6C9A-11D3-843A-005004848CBA}','16777218','{AAE9040C-C95B-11D3-9A06-00105A0DF099}',NULL)      	
	//MFC DLL Release settings
INSERT INTO ToolOptionSet VALUES ('{A9E51487-6C9A-11D3-843A-005004848CBA}','33554448','{AAE90267-C95B-11D3-9A06-00105A0DF099}',NULL)       
INSERT INTO ToolOptionSet VALUES ('{A9E51487-6C9A-11D3-843A-005004848CBA}','33554448','{AAE90278-C95B-11D3-9A06-00105A0DF099}',NULL)       
INSERT INTO ToolOptionSet VALUES ('{A9E51487-6C9A-11D3-843A-005004848CBA}','33554448','{AAE9036F-C95B-11D3-9A06-00105A0DF099}',NULL)       
INSERT INTO ToolOptionSet VALUES ('{A9E51487-6C9A-11D3-843A-005004848CBA}','33554448','{AAE9037A-C95B-11D3-9A06-00105A0DF099}',NULL)       
INSERT INTO ToolOptionSet VALUES ('{A9E51487-6C9A-11D3-843A-005004848CBA}','33554448','{AAE903D2-C95B-11D3-9A06-00105A0DF099}',NULL)       
INSERT INTO ToolOptionSet VALUES ('{A9E51487-6C9A-11D3-843A-005004848CBA}','33554448','{AAE9040C-C95B-11D3-9A06-00105A0DF099}',NULL)      
	// DLL Debug settings
INSERT INTO ToolOptionSet VALUES ('{A9E51487-6C9A-11D3-843A-005004848CBA}','33554688','{AAE9024A-C95B-11D3-9A06-00105A0DF099}',NULL)       
INSERT INTO ToolOptionSet VALUES ('{A9E51487-6C9A-11D3-843A-005004848CBA}','33554688','{AAE9024B-C95B-11D3-9A06-00105A0DF099}',NULL)       
INSERT INTO ToolOptionSet VALUES ('{A9E51487-6C9A-11D3-843A-005004848CBA}','33554688','{AAE9024D-C95B-11D3-9A06-00105A0DF099}',NULL)       
INSERT INTO ToolOptionSet VALUES ('{A9E51487-6C9A-11D3-843A-005004848CBA}','33554688','{AAE9024F-C95B-11D3-9A06-00105A0DF099}',NULL)       
INSERT INTO ToolOptionSet VALUES ('{A9E51487-6C9A-11D3-843A-005004848CBA}','33554688','{AAE9036F-C95B-11D3-9A06-00105A0DF099}',NULL)       
INSERT INTO ToolOptionSet VALUES ('{A9E51487-6C9A-11D3-843A-005004848CBA}','33554688','{AAE9037A-C95B-11D3-9A06-00105A0DF099}',NULL)       
INSERT INTO ToolOptionSet VALUES ('{A9E51487-6C9A-11D3-843A-005004848CBA}','33554688','{AAE903D2-C95B-11D3-9A06-00105A0DF099}',NULL)       
INSERT INTO ToolOptionSet VALUES ('{A9E51487-6C9A-11D3-843A-005004848CBA}','33554688','{AAE90401-C95B-11D3-9A06-00105A0DF099}',NULL)      
	// ATL DLL Debug settings
INSERT INTO ToolOptionSet VALUES ('{A9E51487-6C9A-11D3-843A-005004848CBA}','33554689','{AAE9024F-C95B-11D3-9A06-00105A0DF099}',NULL)       
INSERT INTO ToolOptionSet VALUES ('{A9E51487-6C9A-11D3-843A-005004848CBA}','33554689','{AAE90257-C95B-11D3-9A06-00105A0DF099}',NULL)       
INSERT INTO ToolOptionSet VALUES ('{A9E51487-6C9A-11D3-843A-005004848CBA}','33554689','{AAE90278-C95B-11D3-9A06-00105A0DF099}',NULL)       
INSERT INTO ToolOptionSet VALUES ('{A9E51487-6C9A-11D3-843A-005004848CBA}','33554689','{AAE9036F-C95B-11D3-9A06-00105A0DF099}',NULL)       
INSERT INTO ToolOptionSet VALUES ('{A9E51487-6C9A-11D3-843A-005004848CBA}','33554689','{AAE9037A-C95B-11D3-9A06-00105A0DF099}',NULL)       
INSERT INTO ToolOptionSet VALUES ('{A9E51487-6C9A-11D3-843A-005004848CBA}','33554689','{AAE903D2-C95B-11D3-9A06-00105A0DF099}',NULL)       
INSERT INTO ToolOptionSet VALUES ('{A9E51487-6C9A-11D3-843A-005004848CBA}','33554689','{AAE90401-C95B-11D3-9A06-00105A0DF099}',NULL)      
	// ATL EXE Debug Settings
INSERT INTO ToolOptionSet VALUES ('{A9E51487-6C9A-11D3-843A-005004848CBA}','16777473','{AAE9024C-C95B-11D3-9A06-00105A0DF099}',NULL)       
INSERT INTO ToolOptionSet VALUES ('{A9E51487-6C9A-11D3-843A-005004848CBA}','16777473','{AAE90257-C95B-11D3-9A06-00105A0DF099}',NULL)       
INSERT INTO ToolOptionSet VALUES ('{A9E51487-6C9A-11D3-843A-005004848CBA}','16777473','{AAE90278-C95B-11D3-9A06-00105A0DF099}',NULL)       
INSERT INTO ToolOptionSet VALUES ('{A9E51487-6C9A-11D3-843A-005004848CBA}','16777473','{AAE90363-C95B-11D3-9A06-00105A0DF099}',NULL)       
INSERT INTO ToolOptionSet VALUES ('{A9E51487-6C9A-11D3-843A-005004848CBA}','16777473','{AAE9037A-C95B-11D3-9A06-00105A0DF099}',NULL)       
INSERT INTO ToolOptionSet VALUES ('{A9E51487-6C9A-11D3-843A-005004848CBA}','16777473','{AAE903D2-C95B-11D3-9A06-00105A0DF099}',NULL)       
INSERT INTO ToolOptionSet VALUES ('{A9E51487-6C9A-11D3-843A-005004848CBA}','16777473','{AAE90401-C95B-11D3-9A06-00105A0DF099}',NULL)      
	// MFC DLL Debug settings
INSERT INTO ToolOptionSet VALUES ('{A9E51487-6C9A-11D3-843A-005004848CBA}','33554704','{AAE9024F-C95B-11D3-9A06-00105A0DF099}',NULL)       
INSERT INTO ToolOptionSet VALUES ('{A9E51487-6C9A-11D3-843A-005004848CBA}','33554704','{AAE90257-C95B-11D3-9A06-00105A0DF099}',NULL)       
INSERT INTO ToolOptionSet VALUES ('{A9E51487-6C9A-11D3-843A-005004848CBA}','33554704','{AAE90278-C95B-11D3-9A06-00105A0DF099}',NULL)       
INSERT INTO ToolOptionSet VALUES ('{A9E51487-6C9A-11D3-843A-005004848CBA}','33554704','{AAE9036F-C95B-11D3-9A06-00105A0DF099}',NULL)       
INSERT INTO ToolOptionSet VALUES ('{A9E51487-6C9A-11D3-843A-005004848CBA}','33554704','{AAE9037A-C95B-11D3-9A06-00105A0DF099}',NULL)       
INSERT INTO ToolOptionSet VALUES ('{A9E51487-6C9A-11D3-843A-005004848CBA}','33554704','{AAE903D2-C95B-11D3-9A06-00105A0DF099}',NULL)       
INSERT INTO ToolOptionSet VALUES ('{A9E51487-6C9A-11D3-843A-005004848CBA}','33554704','{AAE90401-C95B-11D3-9A06-00105A0DF099}',NULL)      
	// MFC ActiveX Control release settings
INSERT INTO ToolOptionSet VALUES ('{A9E51487-6C9A-11D3-843A-005004848CBA}','33558544','{AAE90267-C95B-11D3-9A06-00105A0DF099}',NULL)       
INSERT INTO ToolOptionSet VALUES ('{A9E51487-6C9A-11D3-843A-005004848CBA}','33558544','{AAE90278-C95B-11D3-9A06-00105A0DF099}',NULL)       
INSERT INTO ToolOptionSet VALUES ('{A9E51487-6C9A-11D3-843A-005004848CBA}','33558544','{AAE9036F-C95B-11D3-9A06-00105A0DF099}',NULL)       
INSERT INTO ToolOptionSet VALUES ('{A9E51487-6C9A-11D3-843A-005004848CBA}','33558544','{AAE9037A-C95B-11D3-9A06-00105A0DF099}',NULL)       
INSERT INTO ToolOptionSet VALUES ('{A9E51487-6C9A-11D3-843A-005004848CBA}','33558544','{AAE903D2-C95B-11D3-9A06-00105A0DF099}',NULL)       
INSERT INTO ToolOptionSet VALUES ('{A9E51487-6C9A-11D3-843A-005004848CBA}','33558544','{AAE9040C-C95B-11D3-9A06-00105A0DF099}',NULL)      
	// MFC ActiveX Control debug settings
INSERT INTO ToolOptionSet VALUES ('{A9E51487-6C9A-11D3-843A-005004848CBA}','33558800','{AAE9024F-C95B-11D3-9A06-00105A0DF099}',NULL)       
INSERT INTO ToolOptionSet VALUES ('{A9E51487-6C9A-11D3-843A-005004848CBA}','33558800','{AAE90257-C95B-11D3-9A06-00105A0DF099}',NULL)       
INSERT INTO ToolOptionSet VALUES ('{A9E51487-6C9A-11D3-843A-005004848CBA}','33558800','{AAE90278-C95B-11D3-9A06-00105A0DF099}',NULL)       
INSERT INTO ToolOptionSet VALUES ('{A9E51487-6C9A-11D3-843A-005004848CBA}','33558800','{AAE9036F-C95B-11D3-9A06-00105A0DF099}',NULL)       
INSERT INTO ToolOptionSet VALUES ('{A9E51487-6C9A-11D3-843A-005004848CBA}','33558800','{AAE9037A-C95B-11D3-9A06-00105A0DF099}',NULL)       
INSERT INTO ToolOptionSet VALUES ('{A9E51487-6C9A-11D3-843A-005004848CBA}','33558800','{AAE903D2-C95B-11D3-9A06-00105A0DF099}',NULL)       
INSERT INTO ToolOptionSet VALUES ('{A9E51487-6C9A-11D3-843A-005004848CBA}','33558800','{AAE90401-C95B-11D3-9A06-00105A0DF099}',NULL)      
	// Concole application release settings
INSERT INTO ToolOptionSet VALUES ('{A9E51487-6C9A-11D3-843A-005004848CBA}','50331648','{AAE9024A-C95B-11D3-9A06-00105A0DF099}',NULL)       
INSERT INTO ToolOptionSet VALUES ('{A9E51487-6C9A-11D3-843A-005004848CBA}','50331648','{AAE90252-C95B-11D3-9A06-00105A0DF099}',NULL)       
INSERT INTO ToolOptionSet VALUES ('{A9E51487-6C9A-11D3-843A-005004848CBA}','50331648','{AAE9026D-C95B-11D3-9A06-00105A0DF099}',NULL)       
INSERT INTO ToolOptionSet VALUES ('{A9E51487-6C9A-11D3-843A-005004848CBA}','50331648','{AAE90363-C95B-11D3-9A06-00105A0DF099}',NULL)       
INSERT INTO ToolOptionSet VALUES ('{A9E51487-6C9A-11D3-843A-005004848CBA}','50331648','{AAE9037A-C95B-11D3-9A06-00105A0DF099}',NULL)       
INSERT INTO ToolOptionSet VALUES ('{A9E51487-6C9A-11D3-843A-005004848CBA}','50331648','{AAE903D2-C95B-11D3-9A06-00105A0DF099}',NULL)       
INSERT INTO ToolOptionSet VALUES ('{A9E51487-6C9A-11D3-843A-005004848CBA}','50331648','{AAE9040C-C95B-11D3-9A06-00105A0DF099}',NULL)      
	// Concole application debug settings	
INSERT INTO ToolOptionSet VALUES ('{A9E51487-6C9A-11D3-843A-005004848CBA}','50331904','{AAE9024A-C95B-11D3-9A06-00105A0DF099}',NULL)       
INSERT INTO ToolOptionSet VALUES ('{A9E51487-6C9A-11D3-843A-005004848CBA}','50331904','{AAE9024B-C95B-11D3-9A06-00105A0DF099}',NULL)       
INSERT INTO ToolOptionSet VALUES ('{A9E51487-6C9A-11D3-843A-005004848CBA}','50331904','{AAE90252-C95B-11D3-9A06-00105A0DF099}',NULL)       
INSERT INTO ToolOptionSet VALUES ('{A9E51487-6C9A-11D3-843A-005004848CBA}','50331904','{AAE90253-C95B-11D3-9A06-00105A0DF099}',NULL)       
INSERT INTO ToolOptionSet VALUES ('{A9E51487-6C9A-11D3-843A-005004848CBA}','50331904','{AAE90363-C95B-11D3-9A06-00105A0DF099}',NULL)       
INSERT INTO ToolOptionSet VALUES ('{A9E51487-6C9A-11D3-843A-005004848CBA}','50331904','{AAE9037A-C95B-11D3-9A06-00105A0DF099}',NULL)       
INSERT INTO ToolOptionSet VALUES ('{A9E51487-6C9A-11D3-843A-005004848CBA}','50331904','{AAE903D2-C95B-11D3-9A06-00105A0DF099}',NULL)       
INSERT INTO ToolOptionSet VALUES ('{A9E51487-6C9A-11D3-843A-005004848CBA}','50331904','{AAE90401-C95B-11D3-9A06-00105A0DF099}',NULL)      


// VCRC SH4
	//EXE Release settings
INSERT INTO ToolOptionSet VALUES ('{A9E51488-6C9A-11D3-843A-005004848CBA}','16777216','{AAE90246-C95B-11D3-9A06-00105A0DF099}',NULL)       
INSERT INTO ToolOptionSet VALUES ('{A9E51488-6C9A-11D3-843A-005004848CBA}','16777216','{AAE90264-C95B-11D3-9A06-00105A0DF099}',NULL)       
INSERT INTO ToolOptionSet VALUES ('{A9E51488-6C9A-11D3-843A-005004848CBA}','16777216','{AF53B9B9-D81A-11d3-9918-00105A1E7FA9}',NULL)        
INSERT INTO ToolOptionSet VALUES ('{A9E51488-6C9A-11D3-843A-005004848CBA}','16777216','{AC19F043-D2D2-11d3-9917-00105A1E7FA9}',NULL)        
INSERT INTO ToolOptionSet VALUES ('{A9E51488-6C9A-11D3-843A-005004848CBA}','16777216','{CF87FD64-D430-11d3-9918-00105A1E7FA9}',NULL)        
   	//MFC EXE Release settings 
INSERT INTO ToolOptionSet VALUES ('{A9E51488-6C9A-11D3-843A-005004848CBA}','16777232','{AAE90246-C95B-11D3-9A06-00105A0DF099}',NULL)       
INSERT INTO ToolOptionSet VALUES ('{A9E51488-6C9A-11D3-843A-005004848CBA}','16777232','{AAE90264-C95B-11D3-9A06-00105A0DF099}',NULL)       
INSERT INTO ToolOptionSet VALUES ('{A9E51488-6C9A-11D3-843A-005004848CBA}','16777232','{AF53B9B9-D81A-11d3-9918-00105A1E7FA9}',NULL)        
INSERT INTO ToolOptionSet VALUES ('{A9E51488-6C9A-11D3-843A-005004848CBA}','16777232','{AC19F043-D2D2-11d3-9917-00105A1E7FA9}',NULL)        
INSERT INTO ToolOptionSet VALUES ('{A9E51488-6C9A-11D3-843A-005004848CBA}','16777232','{CF87FD64-D430-11d3-9918-00105A1E7FA9}',NULL)  
	// EXE Debug settings
INSERT INTO ToolOptionSet VALUES ('{A9E51488-6C9A-11D3-843A-005004848CBA}','16777472','{AAE90246-C95B-11D3-9A06-00105A0DF099}',NULL)       
INSERT INTO ToolOptionSet VALUES ('{A9E51488-6C9A-11D3-843A-005004848CBA}','16777472','{AAE90245-C95B-11D3-9A06-00105A0DF099}',NULL)       
INSERT INTO ToolOptionSet VALUES ('{A9E51488-6C9A-11D3-843A-005004848CBA}','16777472','{AF53B9B9-D81A-11d3-9918-00105A1E7FA9}',NULL)        
INSERT INTO ToolOptionSet VALUES ('{A9E51488-6C9A-11D3-843A-005004848CBA}','16777472','{AC19F043-D2D2-11d3-9917-00105A1E7FA9}',NULL)        
INSERT INTO ToolOptionSet VALUES ('{A9E51488-6C9A-11D3-843A-005004848CBA}','16777472','{CF87FD64-D430-11d3-9918-00105A1E7FA9}',NULL)  
	//MFC EXE Debug settings
INSERT INTO ToolOptionSet VALUES ('{A9E51488-6C9A-11D3-843A-005004848CBA}','16777488','{AAE90246-C95B-11D3-9A06-00105A0DF099}',NULL)       
INSERT INTO ToolOptionSet VALUES ('{A9E51488-6C9A-11D3-843A-005004848CBA}','16777488','{AAE90245-C95B-11D3-9A06-00105A0DF099}',NULL)       
INSERT INTO ToolOptionSet VALUES ('{A9E51488-6C9A-11D3-843A-005004848CBA}','16777488','{AF53B9B9-D81A-11d3-9918-00105A1E7FA9}',NULL)        
INSERT INTO ToolOptionSet VALUES ('{A9E51488-6C9A-11D3-843A-005004848CBA}','16777488','{AC19F043-D2D2-11d3-9917-00105A1E7FA9}',NULL)        
INSERT INTO ToolOptionSet VALUES ('{A9E51488-6C9A-11D3-843A-005004848CBA}','16777488','{CF87FD64-D430-11d3-9918-00105A1E7FA9}',NULL)  
	//DLL Release settings
INSERT INTO ToolOptionSet VALUES ('{A9E51488-6C9A-11D3-843A-005004848CBA}','33554432','{AAE90246-C95B-11D3-9A06-00105A0DF099}',NULL)       
INSERT INTO ToolOptionSet VALUES ('{A9E51488-6C9A-11D3-843A-005004848CBA}','33554432','{AAE90264-C95B-11D3-9A06-00105A0DF099}',NULL)       
INSERT INTO ToolOptionSet VALUES ('{A9E51488-6C9A-11D3-843A-005004848CBA}','33554432','{AF53B9B9-D81A-11d3-9918-00105A1E7FA9}',NULL)        
INSERT INTO ToolOptionSet VALUES ('{A9E51488-6C9A-11D3-843A-005004848CBA}','33554432','{AC19F043-D2D2-11d3-9917-00105A1E7FA9}',NULL)        
INSERT INTO ToolOptionSet VALUES ('{A9E51488-6C9A-11D3-843A-005004848CBA}','33554432','{CF87FD64-D430-11d3-9918-00105A1E7FA9}',NULL)  
	//ATL DLL Release MinSize settings
INSERT INTO ToolOptionSet VALUES ('{A9E51488-6C9A-11D3-843A-005004848CBA}','33554433','{AAE90246-C95B-11D3-9A06-00105A0DF099}',NULL)       
INSERT INTO ToolOptionSet VALUES ('{A9E51488-6C9A-11D3-843A-005004848CBA}','33554433','{AAE90264-C95B-11D3-9A06-00105A0DF099}',NULL)       
INSERT INTO ToolOptionSet VALUES ('{A9E51488-6C9A-11D3-843A-005004848CBA}','33554433','{AF53B9B9-D81A-11d3-9918-00105A1E7FA9}',NULL)        
INSERT INTO ToolOptionSet VALUES ('{A9E51488-6C9A-11D3-843A-005004848CBA}','33554433','{AC19F043-D2D2-11d3-9917-00105A1E7FA9}',NULL)        
INSERT INTO ToolOptionSet VALUES ('{A9E51488-6C9A-11D3-843A-005004848CBA}','33554433','{CF87FD64-D430-11d3-9918-00105A1E7FA9}',NULL)  
	//ATL DLL Release MinDep settings
INSERT INTO ToolOptionSet VALUES ('{A9E51488-6C9A-11D3-843A-005004848CBA}','33554434','{AAE90246-C95B-11D3-9A06-00105A0DF099}',NULL)       
INSERT INTO ToolOptionSet VALUES ('{A9E51488-6C9A-11D3-843A-005004848CBA}','33554434','{AAE90264-C95B-11D3-9A06-00105A0DF099}',NULL)       
INSERT INTO ToolOptionSet VALUES ('{A9E51488-6C9A-11D3-843A-005004848CBA}','33554434','{AF53B9B9-D81A-11d3-9918-00105A1E7FA9}',NULL)        
INSERT INTO ToolOptionSet VALUES ('{A9E51488-6C9A-11D3-843A-005004848CBA}','33554434','{AC19F043-D2D2-11d3-9917-00105A1E7FA9}',NULL)        
INSERT INTO ToolOptionSet VALUES ('{A9E51488-6C9A-11D3-843A-005004848CBA}','33554434','{CF87FD64-D430-11d3-9918-00105A1E7FA9}',NULL)  
	// ATL EXE Release MinSize Settings
INSERT INTO ToolOptionSet VALUES ('{A9E51488-6C9A-11D3-843A-005004848CBA}','16777217','{AAE90246-C95B-11D3-9A06-00105A0DF099}',NULL)       
INSERT INTO ToolOptionSet VALUES ('{A9E51488-6C9A-11D3-843A-005004848CBA}','16777217','{AAE90264-C95B-11D3-9A06-00105A0DF099}',NULL)       
INSERT INTO ToolOptionSet VALUES ('{A9E51488-6C9A-11D3-843A-005004848CBA}','16777217','{AF53B9B9-D81A-11d3-9918-00105A1E7FA9}',NULL)        
INSERT INTO ToolOptionSet VALUES ('{A9E51488-6C9A-11D3-843A-005004848CBA}','16777217','{AC19F043-D2D2-11d3-9917-00105A1E7FA9}',NULL)        
INSERT INTO ToolOptionSet VALUES ('{A9E51488-6C9A-11D3-843A-005004848CBA}','16777217','{CF87FD64-D430-11d3-9918-00105A1E7FA9}',NULL)  
	// ATL EXE Release MinDep Settings                                   
INSERT INTO ToolOptionSet VALUES ('{A9E51488-6C9A-11D3-843A-005004848CBA}','16777218','{AAE90246-C95B-11D3-9A06-00105A0DF099}',NULL)       
INSERT INTO ToolOptionSet VALUES ('{A9E51488-6C9A-11D3-843A-005004848CBA}','16777218','{AAE90264-C95B-11D3-9A06-00105A0DF099}',NULL)       
INSERT INTO ToolOptionSet VALUES ('{A9E51488-6C9A-11D3-843A-005004848CBA}','16777218','{AF53B9B9-D81A-11d3-9918-00105A1E7FA9}',NULL)        
INSERT INTO ToolOptionSet VALUES ('{A9E51488-6C9A-11D3-843A-005004848CBA}','16777218','{AC19F043-D2D2-11d3-9917-00105A1E7FA9}',NULL)        
INSERT INTO ToolOptionSet VALUES ('{A9E51488-6C9A-11D3-843A-005004848CBA}','16777218','{CF87FD64-D430-11d3-9918-00105A1E7FA9}',NULL)  
	//MFC DLL Release settings
INSERT INTO ToolOptionSet VALUES ('{A9E51488-6C9A-11D3-843A-005004848CBA}','33554448','{AAE90246-C95B-11D3-9A06-00105A0DF099}',NULL)       
INSERT INTO ToolOptionSet VALUES ('{A9E51488-6C9A-11D3-843A-005004848CBA}','33554448','{AAE90264-C95B-11D3-9A06-00105A0DF099}',NULL)       
INSERT INTO ToolOptionSet VALUES ('{A9E51488-6C9A-11D3-843A-005004848CBA}','33554448','{AF53B9B9-D81A-11d3-9918-00105A1E7FA9}',NULL)        
INSERT INTO ToolOptionSet VALUES ('{A9E51488-6C9A-11D3-843A-005004848CBA}','33554448','{AC19F043-D2D2-11d3-9917-00105A1E7FA9}',NULL)        
INSERT INTO ToolOptionSet VALUES ('{A9E51488-6C9A-11D3-843A-005004848CBA}','33554448','{CF87FD64-D430-11d3-9918-00105A1E7FA9}',NULL)  
	// DLL Debug settings
INSERT INTO ToolOptionSet VALUES ('{A9E51488-6C9A-11D3-843A-005004848CBA}','33554688','{AAE90246-C95B-11D3-9A06-00105A0DF099}',NULL)       
INSERT INTO ToolOptionSet VALUES ('{A9E51488-6C9A-11D3-843A-005004848CBA}','33554688','{AAE90245-C95B-11D3-9A06-00105A0DF099}',NULL)       
INSERT INTO ToolOptionSet VALUES ('{A9E51488-6C9A-11D3-843A-005004848CBA}','33554688','{AF53B9B9-D81A-11d3-9918-00105A1E7FA9}',NULL)        
INSERT INTO ToolOptionSet VALUES ('{A9E51488-6C9A-11D3-843A-005004848CBA}','33554688','{AC19F043-D2D2-11d3-9917-00105A1E7FA9}',NULL)        
INSERT INTO ToolOptionSet VALUES ('{A9E51488-6C9A-11D3-843A-005004848CBA}','33554688','{CF87FD64-D430-11d3-9918-00105A1E7FA9}',NULL)  
	// ATL DLL Debug settings
INSERT INTO ToolOptionSet VALUES ('{A9E51488-6C9A-11D3-843A-005004848CBA}','33554689','{AAE90246-C95B-11D3-9A06-00105A0DF099}',NULL)       
INSERT INTO ToolOptionSet VALUES ('{A9E51488-6C9A-11D3-843A-005004848CBA}','33554689','{AAE90245-C95B-11D3-9A06-00105A0DF099}',NULL)       
INSERT INTO ToolOptionSet VALUES ('{A9E51488-6C9A-11D3-843A-005004848CBA}','33554689','{AF53B9B9-D81A-11d3-9918-00105A1E7FA9}',NULL)        
INSERT INTO ToolOptionSet VALUES ('{A9E51488-6C9A-11D3-843A-005004848CBA}','33554689','{AC19F043-D2D2-11d3-9917-00105A1E7FA9}',NULL)        
INSERT INTO ToolOptionSet VALUES ('{A9E51488-6C9A-11D3-843A-005004848CBA}','33554689','{CF87FD64-D430-11d3-9918-00105A1E7FA9}',NULL)  
	// ATL EXE Debug Settings
INSERT INTO ToolOptionSet VALUES ('{A9E51488-6C9A-11D3-843A-005004848CBA}','16777473','{AAE90246-C95B-11D3-9A06-00105A0DF099}',NULL)       
INSERT INTO ToolOptionSet VALUES ('{A9E51488-6C9A-11D3-843A-005004848CBA}','16777473','{AAE90245-C95B-11D3-9A06-00105A0DF099}',NULL)       
INSERT INTO ToolOptionSet VALUES ('{A9E51488-6C9A-11D3-843A-005004848CBA}','16777473','{AF53B9B9-D81A-11d3-9918-00105A1E7FA9}',NULL)        
INSERT INTO ToolOptionSet VALUES ('{A9E51488-6C9A-11D3-843A-005004848CBA}','16777473','{AC19F043-D2D2-11d3-9917-00105A1E7FA9}',NULL)        
INSERT INTO ToolOptionSet VALUES ('{A9E51488-6C9A-11D3-843A-005004848CBA}','16777473','{CF87FD64-D430-11d3-9918-00105A1E7FA9}',NULL)  
	// MFC DLL Debug settings
INSERT INTO ToolOptionSet VALUES ('{A9E51488-6C9A-11D3-843A-005004848CBA}','33554704','{AAE90246-C95B-11D3-9A06-00105A0DF099}',NULL)       
INSERT INTO ToolOptionSet VALUES ('{A9E51488-6C9A-11D3-843A-005004848CBA}','33554704','{AAE90245-C95B-11D3-9A06-00105A0DF099}',NULL)       
INSERT INTO ToolOptionSet VALUES ('{A9E51488-6C9A-11D3-843A-005004848CBA}','33554704','{AF53B9B9-D81A-11d3-9918-00105A1E7FA9}',NULL)        
INSERT INTO ToolOptionSet VALUES ('{A9E51488-6C9A-11D3-843A-005004848CBA}','33554704','{AC19F043-D2D2-11d3-9917-00105A1E7FA9}',NULL)        
INSERT INTO ToolOptionSet VALUES ('{A9E51488-6C9A-11D3-843A-005004848CBA}','33554704','{CF87FD64-D430-11d3-9918-00105A1E7FA9}',NULL)  
	// MFC ActiveX Control release settings
INSERT INTO ToolOptionSet VALUES ('{A9E51488-6C9A-11D3-843A-005004848CBA}','33558544','{AAE90246-C95B-11D3-9A06-00105A0DF099}',NULL)       
INSERT INTO ToolOptionSet VALUES ('{A9E51488-6C9A-11D3-843A-005004848CBA}','33558544','{AAE90264-C95B-11D3-9A06-00105A0DF099}',NULL)       
INSERT INTO ToolOptionSet VALUES ('{A9E51488-6C9A-11D3-843A-005004848CBA}','33558544','{AF53B9B9-D81A-11d3-9918-00105A1E7FA9}',NULL)        
INSERT INTO ToolOptionSet VALUES ('{A9E51488-6C9A-11D3-843A-005004848CBA}','33558544','{AC19F043-D2D2-11d3-9917-00105A1E7FA9}',NULL)        
INSERT INTO ToolOptionSet VALUES ('{A9E51488-6C9A-11D3-843A-005004848CBA}','33558544','{CF87FD64-D430-11d3-9918-00105A1E7FA9}',NULL)  
	// MFC ActiveX Control debug settings
INSERT INTO ToolOptionSet VALUES ('{A9E51488-6C9A-11D3-843A-005004848CBA}','33558800','{AAE90246-C95B-11D3-9A06-00105A0DF099}',NULL)       
INSERT INTO ToolOptionSet VALUES ('{A9E51488-6C9A-11D3-843A-005004848CBA}','33558800','{AAE90245-C95B-11D3-9A06-00105A0DF099}',NULL)       
INSERT INTO ToolOptionSet VALUES ('{A9E51488-6C9A-11D3-843A-005004848CBA}','33558800','{AF53B9B9-D81A-11d3-9918-00105A1E7FA9}',NULL)        
INSERT INTO ToolOptionSet VALUES ('{A9E51488-6C9A-11D3-843A-005004848CBA}','33558800','{AC19F043-D2D2-11d3-9917-00105A1E7FA9}',NULL)        
INSERT INTO ToolOptionSet VALUES ('{A9E51488-6C9A-11D3-843A-005004848CBA}','33558800','{CF87FD64-D430-11d3-9918-00105A1E7FA9}',NULL)  
	// Concole application release settings
INSERT INTO ToolOptionSet VALUES ('{A9E51488-6C9A-11D3-843A-005004848CBA}','50331648','{AAE90246-C95B-11D3-9A06-00105A0DF099}',NULL)       
INSERT INTO ToolOptionSet VALUES ('{A9E51488-6C9A-11D3-843A-005004848CBA}','50331648','{AAE90264-C95B-11D3-9A06-00105A0DF099}',NULL)       
INSERT INTO ToolOptionSet VALUES ('{A9E51488-6C9A-11D3-843A-005004848CBA}','50331648','{AF53B9B9-D81A-11d3-9918-00105A1E7FA9}',NULL)        
INSERT INTO ToolOptionSet VALUES ('{A9E51488-6C9A-11D3-843A-005004848CBA}','50331648','{AC19F043-D2D2-11d3-9917-00105A1E7FA9}',NULL)        
INSERT INTO ToolOptionSet VALUES ('{A9E51488-6C9A-11D3-843A-005004848CBA}','50331648','{CF87FD64-D430-11d3-9918-00105A1E7FA9}',NULL)  
	// Concole application debug settings
INSERT INTO ToolOptionSet VALUES ('{A9E51488-6C9A-11D3-843A-005004848CBA}','50331904','{AAE90246-C95B-11D3-9A06-00105A0DF099}',NULL)       
INSERT INTO ToolOptionSet VALUES ('{A9E51488-6C9A-11D3-843A-005004848CBA}','50331904','{AAE90245-C95B-11D3-9A06-00105A0DF099}',NULL)       
INSERT INTO ToolOptionSet VALUES ('{A9E51488-6C9A-11D3-843A-005004848CBA}','50331904','{AF53B9B9-D81A-11d3-9918-00105A1E7FA9}',NULL)                    
INSERT INTO ToolOptionSet VALUES ('{A9E51488-6C9A-11D3-843A-005004848CBA}','50331904','{AC19F043-D2D2-11d3-9917-00105A1E7FA9}',NULL)        
INSERT INTO ToolOptionSet VALUES ('{A9E51488-6C9A-11D3-843A-005004848CBA}','50331904','{CF87FD64-D430-11d3-9918-00105A1E7FA9}',NULL)  
	// Static Library release settings           
INSERT INTO ToolOptionSet VALUES ('{A9E51488-6C9A-11D3-843A-005004848CBA}','67108864','{AF53B9B9-D81A-11d3-9918-00105A1E7FA9}',NULL)        
INSERT INTO ToolOptionSet VALUES ('{A9E51488-6C9A-11D3-843A-005004848CBA}','67108864','{AC19F043-D2D2-11d3-9917-00105A1E7FA9}',NULL)        
INSERT INTO ToolOptionSet VALUES ('{A9E51488-6C9A-11D3-843A-005004848CBA}','67108864','{CF87FD64-D430-11d3-9918-00105A1E7FA9}',NULL)  
	// Static Library debug settings
INSERT INTO ToolOptionSet VALUES ('{A9E51488-6C9A-11D3-843A-005004848CBA}','67109120','{AF53B9B9-D81A-11d3-9918-00105A1E7FA9}',NULL)  
INSERT INTO ToolOptionSet VALUES ('{A9E51488-6C9A-11D3-843A-005004848CBA}','67109120','{AC19F043-D2D2-11d3-9917-00105A1E7FA9}',NULL)  
INSERT INTO ToolOptionSet VALUES ('{A9E51488-6C9A-11D3-843A-005004848CBA}','67109120','{CF87FD64-D430-11d3-9918-00105A1E7FA9}',NULL)  


// MIDL SH4
	//EXE Release settings
INSERT INTO ToolOptionSet VALUES ('{A9E51489-6C9A-11D3-843A-005004848CBA}','16777216','{AAE9025A-C95B-11D3-9A06-00105A0DF099}',NULL)       
INSERT INTO ToolOptionSet VALUES ('{A9E51489-6C9A-11D3-843A-005004848CBA}','16777216','{AAE903C0-C95B-11D3-9A06-00105A0DF099}',NULL) 
	//MFC EXE Release settings 
INSERT INTO ToolOptionSet VALUES ('{A9E51489-6C9A-11D3-843A-005004848CBA}','16777232','{AAE9025A-C95B-11D3-9A06-00105A0DF099}',NULL)       
INSERT INTO ToolOptionSet VALUES ('{A9E51489-6C9A-11D3-843A-005004848CBA}','16777232','{AAE903C0-C95B-11D3-9A06-00105A0DF099}',NULL) 
	// EXE Debug settings
INSERT INTO ToolOptionSet VALUES ('{A9E51489-6C9A-11D3-843A-005004848CBA}','16777472','{AAE9025A-C95B-11D3-9A06-00105A0DF099}',NULL)       
INSERT INTO ToolOptionSet VALUES ('{A9E51489-6C9A-11D3-843A-005004848CBA}','16777472','{AAE9025B-C95B-11D3-9A06-00105A0DF099}',NULL) 
	//MFC EXE Debug settings
INSERT INTO ToolOptionSet VALUES ('{A9E51489-6C9A-11D3-843A-005004848CBA}','16777488','{AAE9025A-C95B-11D3-9A06-00105A0DF099}',NULL)       
INSERT INTO ToolOptionSet VALUES ('{A9E51489-6C9A-11D3-843A-005004848CBA}','16777488','{AAE9025B-C95B-11D3-9A06-00105A0DF099}',NULL)      
	//DLL Release settings
INSERT INTO ToolOptionSet VALUES ('{A9E51489-6C9A-11D3-843A-005004848CBA}','33554432','{AAE9025A-C95B-11D3-9A06-00105A0DF099}',NULL)       
INSERT INTO ToolOptionSet VALUES ('{A9E51489-6C9A-11D3-843A-005004848CBA}','33554432','{AAE903C0-C95B-11D3-9A06-00105A0DF099}',NULL)      
	//ATL DLL Release MinSize settings
INSERT INTO ToolOptionSet VALUES ('{A9E51489-6C9A-11D3-843A-005004848CBA}','33554433','{AAE9025A-C95B-11D3-9A06-00105A0DF099}',NULL)       
INSERT INTO ToolOptionSet VALUES ('{A9E51489-6C9A-11D3-843A-005004848CBA}','33554433','{AAE903C0-C95B-11D3-9A06-00105A0DF099}',NULL)       
	//ATL DLL Release MinDep settings
INSERT INTO ToolOptionSet VALUES ('{A9E51489-6C9A-11D3-843A-005004848CBA}','33554434','{AAE9025A-C95B-11D3-9A06-00105A0DF099}',NULL)       
INSERT INTO ToolOptionSet VALUES ('{A9E51489-6C9A-11D3-843A-005004848CBA}','33554434','{AAE903C0-C95B-11D3-9A06-00105A0DF099}',NULL) 
	// ATL EXE Release MinSize Settings
INSERT INTO ToolOptionSet VALUES ('{A9E51489-6C9A-11D3-843A-005004848CBA}','16777217','{AAE9025A-C95B-11D3-9A06-00105A0DF099}',NULL)       
INSERT INTO ToolOptionSet VALUES ('{A9E51489-6C9A-11D3-843A-005004848CBA}','16777217','{AAE903C0-C95B-11D3-9A06-00105A0DF099}',NULL) 
	// ATL EXE Release MinDep Settings                                   
INSERT INTO ToolOptionSet VALUES ('{A9E51489-6C9A-11D3-843A-005004848CBA}','16777218','{AAE9025A-C95B-11D3-9A06-00105A0DF099}',NULL)       
INSERT INTO ToolOptionSet VALUES ('{A9E51489-6C9A-11D3-843A-005004848CBA}','16777218','{AAE903C0-C95B-11D3-9A06-00105A0DF099}',NULL) 
	//MFC DLL Release settings
INSERT INTO ToolOptionSet VALUES ('{A9E51489-6C9A-11D3-843A-005004848CBA}','33554448','{AAE9025A-C95B-11D3-9A06-00105A0DF099}',NULL)       
INSERT INTO ToolOptionSet VALUES ('{A9E51489-6C9A-11D3-843A-005004848CBA}','33554448','{AAE903C0-C95B-11D3-9A06-00105A0DF099}',NULL)
	// DLL Debug settings
INSERT INTO ToolOptionSet VALUES ('{A9E51489-6C9A-11D3-843A-005004848CBA}','33554688','{AAE9025A-C95B-11D3-9A06-00105A0DF099}',NULL)       
INSERT INTO ToolOptionSet VALUES ('{A9E51489-6C9A-11D3-843A-005004848CBA}','33554688','{AAE9025B-C95B-11D3-9A06-00105A0DF099}',NULL)       
	// ATL DLL Debug settings
INSERT INTO ToolOptionSet VALUES ('{A9E51489-6C9A-11D3-843A-005004848CBA}','33554689','{AAE9025A-C95B-11D3-9A06-00105A0DF099}',NULL)       
INSERT INTO ToolOptionSet VALUES ('{A9E51489-6C9A-11D3-843A-005004848CBA}','33554689','{AAE9025B-C95B-11D3-9A06-00105A0DF099}',NULL)       
	// ATL EXE Debug Settings
INSERT INTO ToolOptionSet VALUES ('{A9E51489-6C9A-11D3-843A-005004848CBA}','16777473','{AAE9025A-C95B-11D3-9A06-00105A0DF099}',NULL)       
INSERT INTO ToolOptionSet VALUES ('{A9E51489-6C9A-11D3-843A-005004848CBA}','16777473','{AAE9025B-C95B-11D3-9A06-00105A0DF099}',NULL)       
	// MFC DLL Debug settings
INSERT INTO ToolOptionSet VALUES ('{A9E51489-6C9A-11D3-843A-005004848CBA}','33554704','{AAE9025A-C95B-11D3-9A06-00105A0DF099}',NULL)       
INSERT INTO ToolOptionSet VALUES ('{A9E51489-6C9A-11D3-843A-005004848CBA}','33554704','{AAE9025B-C95B-11D3-9A06-00105A0DF099}',NULL)       
	// MFC ActiveX Control release settings
INSERT INTO ToolOptionSet VALUES ('{A9E51489-6C9A-11D3-843A-005004848CBA}','33558544','{AAE9025A-C95B-11D3-9A06-00105A0DF099}',NULL)       
INSERT INTO ToolOptionSet VALUES ('{A9E51489-6C9A-11D3-843A-005004848CBA}','33558544','{AAE903C0-C95B-11D3-9A06-00105A0DF099}',NULL) 
	// MFC ActiveX Control debug settings
INSERT INTO ToolOptionSet VALUES ('{A9E51489-6C9A-11D3-843A-005004848CBA}','33558800','{AAE9025A-C95B-11D3-9A06-00105A0DF099}',NULL)       
INSERT INTO ToolOptionSet VALUES ('{A9E51489-6C9A-11D3-843A-005004848CBA}','33558800','{AAE9025B-C95B-11D3-9A06-00105A0DF099}',NULL)    
	// Concole application release settings
INSERT INTO ToolOptionSet VALUES ('{A9E51489-6C9A-11D3-843A-005004848CBA}','50331648','{AAE9025A-C95B-11D3-9A06-00105A0DF099}',NULL)       
INSERT INTO ToolOptionSet VALUES ('{A9E51489-6C9A-11D3-843A-005004848CBA}','50331648','{AAE903C0-C95B-11D3-9A06-00105A0DF099}',NULL) 
	// Concole application debug settings
INSERT INTO ToolOptionSet VALUES ('{A9E51489-6C9A-11D3-843A-005004848CBA}','50331904','{AAE9025A-C95B-11D3-9A06-00105A0DF099}',NULL)       
INSERT INTO ToolOptionSet VALUES ('{A9E51489-6C9A-11D3-843A-005004848CBA}','50331904','{AAE9025B-C95B-11D3-9A06-00105A0DF099}',NULL)     



// BSC SH4
INSERT INTO ToolOptionSet VALUES ('{A9E5148A-6C9A-11D3-843A-005004848CBA}','16777216','{AAE9025C-C95B-11D3-9A06-00105A0DF099}',NULL)       
INSERT INTO ToolOptionSet VALUES ('{A9E5148A-6C9A-11D3-843A-005004848CBA}','16777232','{AAE9025C-C95B-11D3-9A06-00105A0DF099}',NULL)       
INSERT INTO ToolOptionSet VALUES ('{A9E5148A-6C9A-11D3-843A-005004848CBA}','16777472','{AAE9025C-C95B-11D3-9A06-00105A0DF099}',NULL)       
INSERT INTO ToolOptionSet VALUES ('{A9E5148A-6C9A-11D3-843A-005004848CBA}','16777488','{AAE9025C-C95B-11D3-9A06-00105A0DF099}',NULL)       
INSERT INTO ToolOptionSet VALUES ('{A9E5148A-6C9A-11D3-843A-005004848CBA}','33554432','{AAE9025C-C95B-11D3-9A06-00105A0DF099}',NULL)       
INSERT INTO ToolOptionSet VALUES ('{A9E5148A-6C9A-11D3-843A-005004848CBA}','33554433','{AAE9025A-C95B-11D3-9A06-00105A0DF099}',NULL)       
INSERT INTO ToolOptionSet VALUES ('{A9E5148A-6C9A-11D3-843A-005004848CBA}','33554434','{AAE9025A-C95B-11D3-9A06-00105A0DF099}',NULL)       
	// ATL EXE Release MinSize Settings
INSERT INTO ToolOptionSet VALUES ('{A9E5148A-6C9A-11D3-843A-005004848CBA}','16777217','{AAE9025A-C95B-11D3-9A06-00105A0DF099}',NULL)       
	// ATL EXE Release MinDep Settings                                   
INSERT INTO ToolOptionSet VALUES ('{A9E5148A-6C9A-11D3-843A-005004848CBA}','16777218','{AAE9025A-C95B-11D3-9A06-00105A0DF099}',NULL)       
INSERT INTO ToolOptionSet VALUES ('{A9E5148A-6C9A-11D3-843A-005004848CBA}','33554448','{AAE9025C-C95B-11D3-9A06-00105A0DF099}',NULL)       
INSERT INTO ToolOptionSet VALUES ('{A9E5148A-6C9A-11D3-843A-005004848CBA}','33554688','{AAE9025C-C95B-11D3-9A06-00105A0DF099}',NULL)       
INSERT INTO ToolOptionSet VALUES ('{A9E5148A-6C9A-11D3-843A-005004848CBA}','33554689','{AAE9025A-C95B-11D3-9A06-00105A0DF099}',NULL)       
	// ATL EXE Debug Settings
INSERT INTO ToolOptionSet VALUES ('{A9E5148A-6C9A-11D3-843A-005004848CBA}','16777473','{AAE9025A-C95B-11D3-9A06-00105A0DF099}',NULL)       
INSERT INTO ToolOptionSet VALUES ('{A9E5148A-6C9A-11D3-843A-005004848CBA}','33554704','{AAE9025C-C95B-11D3-9A06-00105A0DF099}',NULL)       
INSERT INTO ToolOptionSet VALUES ('{A9E5148A-6C9A-11D3-843A-005004848CBA}','33558544','{AAE9025C-C95B-11D3-9A06-00105A0DF099}',NULL)       
INSERT INTO ToolOptionSet VALUES ('{A9E5148A-6C9A-11D3-843A-005004848CBA}','33558800','{AAE9025C-C95B-11D3-9A06-00105A0DF099}',NULL)       
INSERT INTO ToolOptionSet VALUES ('{A9E5148A-6C9A-11D3-843A-005004848CBA}','50331648','{AAE9025C-C95B-11D3-9A06-00105A0DF099}',NULL)       
INSERT INTO ToolOptionSet VALUES ('{A9E5148A-6C9A-11D3-843A-005004848CBA}','50331904','{AAE9025C-C95B-11D3-9A06-00105A0DF099}',NULL)       
INSERT INTO ToolOptionSet VALUES ('{A9E5148A-6C9A-11D3-843A-005004848CBA}','67108864','{AAE9025C-C95B-11D3-9A06-00105A0DF099}',NULL)       


// COFF SH4
INSERT INTO ToolOptionSet VALUES ('{A9E5148B-6C9A-11D3-843A-005004848CBA}','67108864','{AAE9025D-C95B-11D3-9A06-00105A0DF099}',NULL)       
INSERT INTO ToolOptionSet VALUES ('{A9E5148B-6C9A-11D3-843A-005004848CBA}','67109120','{AAE9025D-C95B-11D3-9A06-00105A0DF099}',NULL)       
