/////////////////////////////////   X86  ////////////////////////////////////////

// ******** Vendor  ********
INSERT INTO Vendor VALUES ('{35583C00-7208-11D3-99F3-00105A0DF099}','Microsoft','Microsoft' )
INSERT INTO Vendor VALUES ('{35583C02-7208-11D3-99F3-00105A0DF099}','Intel','Intel' )

// ******** CPUFamily  ********
INSERT INTO CPUFamily VALUES ('{FFEF61B2-6C93-11D3-843A-005004848CBA}','INTEL','Intel family','0','x86') 

// ******** IdeFamily  ********
INSERT INTO IDEFamily VALUES ('{FFEF61B5-6C93-11D3-843A-005004848CBA}','X86',NULL,'Win32 (WCE x86)','131','vc60.pdb','X86',FALSE)             

// ******** CPU  ********
INSERT INTO CPU VALUES ('{D6518FF3-710F-11D3-99F2-00105A0DF099}','{35583C02-7208-11D3-99F3-00105A0DF099}','x86','Intel x86','{FFEF61B2-6C93-11D3-843A-005004848CBA}','{FFEF61B5-6C93-11D3-843A-005004848CBA}','486','0','0','332','486' )
INSERT INTO CPU VALUES ('{CB9DA661-E317-11d3-991B-00105A1E7FA9}','{35583C02-7208-11D3-99F3-00105A0DF099}','x86','Intel x86','{FFEF61B2-6C93-11D3-843A-005004848CBA}','{FFEF61B5-6C93-11D3-843A-005004848CBA}','386','0','0','332','386' )
INSERT INTO CPU VALUES ('{CB9DA662-E317-11d3-991B-00105A1E7FA9}','{35583C02-7208-11D3-99F3-00105A0DF099}','x86','Intel x86','{FFEF61B2-6C93-11D3-843A-005004848CBA}','{FFEF61B5-6C93-11D3-843A-005004848CBA}','586','0','0','332','586' )
INSERT INTO CPU VALUES ('{CB9DA663-E317-11d3-991B-00105A1E7FA9}','{35583C02-7208-11D3-99F3-00105A0DF099}','x86','Intel x86','{FFEF61B2-6C93-11D3-843A-005004848CBA}','{FFEF61B5-6C93-11D3-843A-005004848CBA}','686','0','0','332','686' )

// ******** PID  ********
INSERT INTO ObjAttr VALUES ('ProductID','{D6518FF3-710F-11D3-99F2-00105A0DF099}','ProductID','ProductID',2,0,'PID',0)
INSERT INTO ObjAttr VALUES ('ProductID','{CB9DA661-E317-11d3-991B-00105A1E7FA9}','ProductID','ProductID',2,0,'PID',0)
INSERT INTO ObjAttr VALUES ('ProductID','{CB9DA662-E317-11d3-991B-00105A1E7FA9}','ProductID','ProductID',2,0,'PID',0)
INSERT INTO ObjAttr VALUES ('ProductID','{CB9DA663-E317-11d3-991B-00105A1E7FA9}','ProductID','ProductID',2,0,'PID',0)

// ******** Tool  ********
INSERT INTO Tool VALUES ('{A9E5146E-6C9A-11D3-843A-005004848CBA}','{35583C00-7208-11D3-99F3-00105A0DF099}','CLX86','X86 source compiler','cl.exe',NULL )
INSERT INTO Tool VALUES ('{A9E5146F-6C9A-11D3-843A-005004848CBA}','{35583C00-7208-11D3-99F3-00105A0DF099}','LINKX86','X86 Linker','link.exe',NULL )
INSERT INTO Tool VALUES ('{A9E51470-6C9A-11D3-843A-005004848CBA}','{35583C00-7208-11D3-99F3-00105A0DF099}','VCRCX86','baseline resource compiler','rc.exe',NULL )
INSERT INTO Tool VALUES ('{A9E51471-6C9A-11D3-843A-005004848CBA}','{35583C00-7208-11D3-99F3-00105A0DF099}','MIDLX86','X86 middle compiler','midl.exe','COMMON\VCCE\BIN' )
INSERT INTO Tool VALUES ('{A9E51472-6C9A-11D3-843A-005004848CBA}','{35583C00-7208-11D3-99F3-00105A0DF099}','BSCX86','X86 browser compiler','bscmake.exe','COMMON\VCCE\BIN' )
INSERT INTO Tool VALUES ('{A9E51473-6C9A-11D3-843A-005004848CBA}','{35583C00-7208-11D3-99F3-00105A0DF099}','COFFX86','X86 coff','link.exe',NULL )
INSERT INTO Tool VALUES ('{EDA934A3-6FBF-11D3-8441-005004848CBA}','{35583C00-7208-11D3-99F3-00105A0DF099}','DBGX86','X86 debugger','odx86',NULL )
INSERT INTO Tool VALUES ('{220199D9-801C-11D3-8466-005004848CBA}','{35583C00-7208-11D3-99F3-00105A0DF099}','LIBX86','X86 library manager','link.exe',NULL )
INSERT INTO Tool VALUES ('{42CD002A-5AA4-11D3-99E7-00105A0DF099}','{35583C00-7208-11D3-99F3-00105A0DF099}','DBGCEFX86','CEF debugger for x86','odcefx86',NULL )

// ******** ObjAttr  ********
// DBGX86
INSERT INTO ObjAttr VALUES ('IsEmulation',	'{EDA934A3-6FBF-11D3-8441-005004848CBA}','Emulation','Specifies whether this is for emulation','1','0',NULL,NULL )
INSERT INTO ObjAttr VALUES ('STSupport',		'{EDA934A3-6FBF-11D3-8441-005004848CBA}','ST Support','The type of ST support','1','1',NULL,NULL )
INSERT INTO ObjAttr VALUES ('SupportsATP',	'{EDA934A3-6FBF-11D3-8441-005004848CBA}','Supports ATP','Specifies whether ATP is supported','1','0',NULL,NULL )
INSERT INTO ObjAttr VALUES ('SupportsSINH',	'{EDA934A3-6FBF-11D3-8441-005004848CBA}','Supports SINH','Specifies whether SINH is supported','1','0',NULL,NULL )
INSERT INTO ObjAttr VALUES ('TargetUP',		'{EDA934A3-6FBF-11D3-8441-005004848CBA}','?','Specifies the target UP','1','131',NULL,NULL )
INSERT INTO ObjAttr VALUES ('EE',				'{EDA934A3-6FBF-11D3-8441-005004848CBA}','EE','The EE for this debugger','2','0','EECXXCE',NULL )
INSERT INTO ObjAttr VALUES ('EM',				'{EDA934A3-6FBF-11D3-8441-005004848CBA}','EM','The EM for this debugger','2','0','EMCE',NULL )
INSERT INTO ObjAttr VALUES ('SH',				'{EDA934A3-6FBF-11D3-8441-005004848CBA}','SH','The SH for this debugger','2','0','SHCVCE',NULL )
// LINKX86
INSERT INTO ObjAttr VALUES ('Input',	'{A9E5146F-6C9A-11D3-843A-005004848CBA}','Input','The extension of files take','2','0','*.obj;*.res;*.lib;*.def;*.rsc',NULL )
INSERT INTO ObjAttr VALUES ('Prefix','{A9E5146F-6C9A-11D3-843A-005004848CBA}','Prefix','The prefix of the tool','2','0','LINK32',NULL )
// CLX86
INSERT INTO ObjAttr VALUES ('Input',	'{A9E5146E-6C9A-11D3-843A-005004848CBA}','Input','The extension of files take','2','0','*.c;*.cpp;*.cxx',NULL )
INSERT INTO ObjAttr VALUES ('Prefix','{A9E5146E-6C9A-11D3-843A-005004848CBA}','Prefix','The prefix of the tool','2','0','CPP',NULL )
// LIBX86
INSERT INTO ObjAttr VALUES ('Input',	'{220199D9-801C-11D3-8466-005004848CBA}','Input','The extension of files take','2','0','*.obj;*.res;*.lib',NULL )
INSERT INTO ObjAttr VALUES ('Prefix','{220199D9-801C-11D3-8466-005004848CBA}','Prefix','The prefix of the tool','2','0','LIB32',NULL )
// DBGCEFX86
INSERT INTO ObjAttr VALUES ('NativeDebugger','{42CD002A-5AA4-11D3-99E7-00105A0DF099}','DBGX86','X86 native debugger','3','0',NULL,'{EDA934A3-6FBF-11D3-8441-005004848CBA}' )

// ******** OS  ********
INSERT INTO OS VALUES ('{42CA0006-5AA4-11D3-99E7-00105A0DF099}','{35583C00-7208-11D3-99F3-00105A0DF099}','Default','Default','0.00','0','0' )

// ******** Platform  ********
INSERT INTO Platform VALUES ('{8A9A2F80-6887-11D3-842E-005004848CBA}','{35583C00-7208-11D3-99F3-00105A0DF099}','Default','Default','{42CA0006-5AA4-11D3-99E7-00105A0DF099}',NULL,'0','0' )

// ******** ToolEntry  ********
// x86                        // Platform                              // OS                                     // CPU                                   //TOOL                             // Tool Type                                                                                                            // 486                                           
INSERT INTO ToolEntry VALUES ('{8A9A2F80-6887-11D3-842E-005004848CBA}','{42CA0006-5AA4-11D3-99E7-00105A0DF099}','{D6518FF3-710F-11D3-99F2-00105A0DF099}','{A9E5146E-6C9A-11D3-843A-005004848CBA}','1' )
INSERT INTO ToolEntry VALUES ('{8A9A2F80-6887-11D3-842E-005004848CBA}','{42CA0006-5AA4-11D3-99E7-00105A0DF099}','{D6518FF3-710F-11D3-99F2-00105A0DF099}','{A9E5146F-6C9A-11D3-843A-005004848CBA}','4' )
INSERT INTO ToolEntry VALUES ('{8A9A2F80-6887-11D3-842E-005004848CBA}','{42CA0006-5AA4-11D3-99E7-00105A0DF099}','{D6518FF3-710F-11D3-99F2-00105A0DF099}','{A9E51470-6C9A-11D3-843A-005004848CBA}','3' )
INSERT INTO ToolEntry VALUES ('{8A9A2F80-6887-11D3-842E-005004848CBA}','{42CA0006-5AA4-11D3-99E7-00105A0DF099}','{D6518FF3-710F-11D3-99F2-00105A0DF099}','{A9E51471-6C9A-11D3-843A-005004848CBA}','7' )
INSERT INTO ToolEntry VALUES ('{8A9A2F80-6887-11D3-842E-005004848CBA}','{42CA0006-5AA4-11D3-99E7-00105A0DF099}','{D6518FF3-710F-11D3-99F2-00105A0DF099}','{A9E51472-6C9A-11D3-843A-005004848CBA}','8' )
INSERT INTO ToolEntry VALUES ('{8A9A2F80-6887-11D3-842E-005004848CBA}','{42CA0006-5AA4-11D3-99E7-00105A0DF099}','{D6518FF3-710F-11D3-99F2-00105A0DF099}','{A9E51473-6C9A-11D3-843A-005004848CBA}','9' )
INSERT INTO ToolEntry VALUES ('{8A9A2F80-6887-11D3-842E-005004848CBA}','{42CA0006-5AA4-11D3-99E7-00105A0DF099}','{D6518FF3-710F-11D3-99F2-00105A0DF099}','{EDA934A3-6FBF-11D3-8441-005004848CBA}','2' )
INSERT INTO ToolEntry VALUES ('{8A9A2F80-6887-11D3-842E-005004848CBA}','{42CA0006-5AA4-11D3-99E7-00105A0DF099}','{D6518FF3-710F-11D3-99F2-00105A0DF099}','{220199D9-801C-11D3-8466-005004848CBA}','5' )
INSERT INTO ToolEntry VALUES ('{8A9A2F80-6887-11D3-842E-005004848CBA}','{42CA0006-5AA4-11D3-99E7-00105A0DF099}','{D6518FF3-710F-11D3-99F2-00105A0DF099}','{42CD002A-5AA4-11D3-99E7-00105A0DF099}','6' )
                                                                                                                 // 386                                           
INSERT INTO ToolEntry VALUES ('{8A9A2F80-6887-11D3-842E-005004848CBA}','{42CA0006-5AA4-11D3-99E7-00105A0DF099}','{CB9DA661-E317-11d3-991B-00105A1E7FA9}','{A9E5146E-6C9A-11D3-843A-005004848CBA}','1' )
INSERT INTO ToolEntry VALUES ('{8A9A2F80-6887-11D3-842E-005004848CBA}','{42CA0006-5AA4-11D3-99E7-00105A0DF099}','{CB9DA661-E317-11d3-991B-00105A1E7FA9}','{A9E5146F-6C9A-11D3-843A-005004848CBA}','4' )
INSERT INTO ToolEntry VALUES ('{8A9A2F80-6887-11D3-842E-005004848CBA}','{42CA0006-5AA4-11D3-99E7-00105A0DF099}','{CB9DA661-E317-11d3-991B-00105A1E7FA9}','{A9E51470-6C9A-11D3-843A-005004848CBA}','3' )
INSERT INTO ToolEntry VALUES ('{8A9A2F80-6887-11D3-842E-005004848CBA}','{42CA0006-5AA4-11D3-99E7-00105A0DF099}','{CB9DA661-E317-11d3-991B-00105A1E7FA9}','{A9E51471-6C9A-11D3-843A-005004848CBA}','7' )
INSERT INTO ToolEntry VALUES ('{8A9A2F80-6887-11D3-842E-005004848CBA}','{42CA0006-5AA4-11D3-99E7-00105A0DF099}','{CB9DA661-E317-11d3-991B-00105A1E7FA9}','{A9E51472-6C9A-11D3-843A-005004848CBA}','8' )
INSERT INTO ToolEntry VALUES ('{8A9A2F80-6887-11D3-842E-005004848CBA}','{42CA0006-5AA4-11D3-99E7-00105A0DF099}','{CB9DA661-E317-11d3-991B-00105A1E7FA9}','{A9E51473-6C9A-11D3-843A-005004848CBA}','9' )
INSERT INTO ToolEntry VALUES ('{8A9A2F80-6887-11D3-842E-005004848CBA}','{42CA0006-5AA4-11D3-99E7-00105A0DF099}','{CB9DA661-E317-11d3-991B-00105A1E7FA9}','{EDA934A3-6FBF-11D3-8441-005004848CBA}','2' )
INSERT INTO ToolEntry VALUES ('{8A9A2F80-6887-11D3-842E-005004848CBA}','{42CA0006-5AA4-11D3-99E7-00105A0DF099}','{CB9DA661-E317-11d3-991B-00105A1E7FA9}','{220199D9-801C-11D3-8466-005004848CBA}','5' )
INSERT INTO ToolEntry VALUES ('{8A9A2F80-6887-11D3-842E-005004848CBA}','{42CA0006-5AA4-11D3-99E7-00105A0DF099}','{CB9DA661-E317-11d3-991B-00105A1E7FA9}','{42CD002A-5AA4-11D3-99E7-00105A0DF099}','6' )
                                                                                                                 // 586                                           
INSERT INTO ToolEntry VALUES ('{8A9A2F80-6887-11D3-842E-005004848CBA}','{42CA0006-5AA4-11D3-99E7-00105A0DF099}','{CB9DA662-E317-11d3-991B-00105A1E7FA9}','{A9E5146E-6C9A-11D3-843A-005004848CBA}','1' )
INSERT INTO ToolEntry VALUES ('{8A9A2F80-6887-11D3-842E-005004848CBA}','{42CA0006-5AA4-11D3-99E7-00105A0DF099}','{CB9DA662-E317-11d3-991B-00105A1E7FA9}','{A9E5146F-6C9A-11D3-843A-005004848CBA}','4' )
INSERT INTO ToolEntry VALUES ('{8A9A2F80-6887-11D3-842E-005004848CBA}','{42CA0006-5AA4-11D3-99E7-00105A0DF099}','{CB9DA662-E317-11d3-991B-00105A1E7FA9}','{A9E51470-6C9A-11D3-843A-005004848CBA}','3' )
INSERT INTO ToolEntry VALUES ('{8A9A2F80-6887-11D3-842E-005004848CBA}','{42CA0006-5AA4-11D3-99E7-00105A0DF099}','{CB9DA662-E317-11d3-991B-00105A1E7FA9}','{A9E51471-6C9A-11D3-843A-005004848CBA}','7' )
INSERT INTO ToolEntry VALUES ('{8A9A2F80-6887-11D3-842E-005004848CBA}','{42CA0006-5AA4-11D3-99E7-00105A0DF099}','{CB9DA662-E317-11d3-991B-00105A1E7FA9}','{A9E51472-6C9A-11D3-843A-005004848CBA}','8' )
INSERT INTO ToolEntry VALUES ('{8A9A2F80-6887-11D3-842E-005004848CBA}','{42CA0006-5AA4-11D3-99E7-00105A0DF099}','{CB9DA662-E317-11d3-991B-00105A1E7FA9}','{A9E51473-6C9A-11D3-843A-005004848CBA}','9' )
INSERT INTO ToolEntry VALUES ('{8A9A2F80-6887-11D3-842E-005004848CBA}','{42CA0006-5AA4-11D3-99E7-00105A0DF099}','{CB9DA662-E317-11d3-991B-00105A1E7FA9}','{EDA934A3-6FBF-11D3-8441-005004848CBA}','2' )
INSERT INTO ToolEntry VALUES ('{8A9A2F80-6887-11D3-842E-005004848CBA}','{42CA0006-5AA4-11D3-99E7-00105A0DF099}','{CB9DA662-E317-11d3-991B-00105A1E7FA9}','{220199D9-801C-11D3-8466-005004848CBA}','5' )
INSERT INTO ToolEntry VALUES ('{8A9A2F80-6887-11D3-842E-005004848CBA}','{42CA0006-5AA4-11D3-99E7-00105A0DF099}','{CB9DA662-E317-11d3-991B-00105A1E7FA9}','{42CD002A-5AA4-11D3-99E7-00105A0DF099}','6' )
                                                                                                                 // 686                                           
INSERT INTO ToolEntry VALUES ('{8A9A2F80-6887-11D3-842E-005004848CBA}','{42CA0006-5AA4-11D3-99E7-00105A0DF099}','{CB9DA663-E317-11d3-991B-00105A1E7FA9}','{A9E5146E-6C9A-11D3-843A-005004848CBA}','1' )
INSERT INTO ToolEntry VALUES ('{8A9A2F80-6887-11D3-842E-005004848CBA}','{42CA0006-5AA4-11D3-99E7-00105A0DF099}','{CB9DA663-E317-11d3-991B-00105A1E7FA9}','{A9E5146F-6C9A-11D3-843A-005004848CBA}','4' )
INSERT INTO ToolEntry VALUES ('{8A9A2F80-6887-11D3-842E-005004848CBA}','{42CA0006-5AA4-11D3-99E7-00105A0DF099}','{CB9DA663-E317-11d3-991B-00105A1E7FA9}','{A9E51470-6C9A-11D3-843A-005004848CBA}','3' )
INSERT INTO ToolEntry VALUES ('{8A9A2F80-6887-11D3-842E-005004848CBA}','{42CA0006-5AA4-11D3-99E7-00105A0DF099}','{CB9DA663-E317-11d3-991B-00105A1E7FA9}','{A9E51471-6C9A-11D3-843A-005004848CBA}','7' )
INSERT INTO ToolEntry VALUES ('{8A9A2F80-6887-11D3-842E-005004848CBA}','{42CA0006-5AA4-11D3-99E7-00105A0DF099}','{CB9DA663-E317-11d3-991B-00105A1E7FA9}','{A9E51472-6C9A-11D3-843A-005004848CBA}','8' )
INSERT INTO ToolEntry VALUES ('{8A9A2F80-6887-11D3-842E-005004848CBA}','{42CA0006-5AA4-11D3-99E7-00105A0DF099}','{CB9DA663-E317-11d3-991B-00105A1E7FA9}','{A9E51473-6C9A-11D3-843A-005004848CBA}','9' )
INSERT INTO ToolEntry VALUES ('{8A9A2F80-6887-11D3-842E-005004848CBA}','{42CA0006-5AA4-11D3-99E7-00105A0DF099}','{CB9DA663-E317-11d3-991B-00105A1E7FA9}','{EDA934A3-6FBF-11D3-8441-005004848CBA}','2' )
INSERT INTO ToolEntry VALUES ('{8A9A2F80-6887-11D3-842E-005004848CBA}','{42CA0006-5AA4-11D3-99E7-00105A0DF099}','{CB9DA663-E317-11d3-991B-00105A1E7FA9}','{220199D9-801C-11D3-8466-005004848CBA}','5' )
INSERT INTO ToolEntry VALUES ('{8A9A2F80-6887-11D3-842E-005004848CBA}','{42CA0006-5AA4-11D3-99E7-00105A0DF099}','{CB9DA663-E317-11d3-991B-00105A1E7FA9}','{42CD002A-5AA4-11D3-99E7-00105A0DF099}','6' )

// ******** ToolOption  ********
                // CL
INSERT INTO ToolOption VALUES ('{AAE9034E-C95B-11D3-9A06-00105A0DF099}', '{A9E5146E-6C9A-11D3-843A-005004848CBA}','X86DISABLE_OPTIMIZATIONS','Disables all compiler optimizations','2',NULL,'/Od',FALSE)       
INSERT INTO ToolOption VALUES ('{AAE90343-C95B-11D3-9A06-00105A0DF099}', '{A9E5146E-6C9A-11D3-843A-005004848CBA}','X86_MAXIMUM_OPTIMIZATION','maximum opts. (/Ogityb1 /Gs)','2',NULL,'/O2',FALSE)  
INSERT INTO ToolOption VALUES ('{AAE903E3-C95B-11D3-9A06-00105A0DF099}', '{A9E5146E-6C9A-11D3-843A-005004848CBA}','CECRTMT_X86','Release Lib Macro','2',NULL,'/M$(CECrtMT)',FALSE) 
INSERT INTO ToolOption VALUES ('{AAE90387-C95B-11D3-9A06-00105A0DF099}', '{A9E5146E-6C9A-11D3-843A-005004848CBA}','UNICODE_X86','Turn on Unicode','2',NULL,'/D UNICODE /D _UNICODE',FALSE)       
INSERT INTO ToolOption VALUES ('{AAE903F9-C95B-11D3-9A06-00105A0DF099}', '{A9E5146E-6C9A-11D3-843A-005004848CBA}','AFXDLL_X86','Define _AFXDLL for dynamic linking to MFC','2',NULL,'/D _AFXDLL',FALSE)       
INSERT INTO ToolOption VALUES ('{AAE903EE-C95B-11D3-9A06-00105A0DF099}', '{A9E5146E-6C9A-11D3-843A-005004848CBA}','CECRTMTDEBUG_X86','Debug Lib Macro','2',NULL,'/M$(CECrtMTDebug)',FALSE)      
INSERT INTO ToolOption VALUES ('{AAE90389-C95B-11D3-9A06-00105A0DF099}', '{A9E5146E-6C9A-11D3-843A-005004848CBA}','DEFINECPU_X86','define _X86_ and x86','2',NULL,'/D _X86_ /D x86',FALSE)       
INSERT INTO ToolOption VALUES ('{AAE90163-C95B-11D3-9A06-00105A0DF099}', '{A9E5146E-6C9A-11D3-843A-005004848CBA}','X86_CPLR_DBG','IDS_X86_CPLR_DBG','2','1','/DDEBUG',FALSE)       
INSERT INTO ToolOption VALUES ('{AAE90164-C95B-11D3-9A06-00105A0DF099}', '{A9E5146E-6C9A-11D3-843A-005004848CBA}','X86EXE_CPLR_DBG','IDS_X86EXE_CPLR_DBG','2','1','/Zi   /D_i386_ /DUNDER_CE=$(CEVersion) /D_WIN32_WCE=$(CEVersion)',FALSE)   
INSERT INTO ToolOption VALUES ('{AAE90165-C95B-11D3-9A06-00105A0DF099}', '{A9E5146E-6C9A-11D3-843A-005004848CBA}','X86_CPLR_COMMON','IDS_X86_CPLR_COMMON','2','1','/c /nologo /D_WIN32_WCE=$(CEVersion) /Gs8192 /GF /D $(CePlatform)',FALSE)     
INSERT INTO ToolOption VALUES ('{AAE9016A-C95B-11D3-9A06-00105A0DF099}', '{A9E5146E-6C9A-11D3-843A-005004848CBA}','X86DLL_CPLR_DBG','IDS_X86DLL_CPLR_DBG','2','1','/Zi   /D_i386_ /DUNDER_CE=$(CEVersion) /D_WIN32_WCE=$(CEVersion)',FALSE)   
INSERT INTO ToolOption VALUES ('{AAE9016D-C95B-11D3-9A06-00105A0DF099}', '{A9E5146E-6C9A-11D3-843A-005004848CBA}','X86CON_CPLR_DBG','IDS_X86CON_CPLR_DBG','2','1','/Zi   /D_i386_ /DUNDER_CE=$(CEVersion) /D_WIN32_WCE=$(CEVersion)',FALSE)   
INSERT INTO ToolOption VALUES ('{AAE90170-C95B-11D3-9A06-00105A0DF099}', '{A9E5146E-6C9A-11D3-843A-005004848CBA}','X86LIB_CPLR_DBG','IDS_X86LIB_CPLR_DBG','2','1','/Zi   /D_i386_ /DUNDER_CE=$(CEVersion) /D_WIN32_WCE=$(CEVersion)',FALSE)   
INSERT INTO ToolOption VALUES ('{AAE9017C-C95B-11D3-9A06-00105A0DF099}', '{A9E5146E-6C9A-11D3-843A-005004848CBA}','X86EXE_CPLR_REL','IDS_X86EXE_CPLR_REL','2','1','/D_i386_ /DUNDER_CE=$(CEVersion) /D_WIN32_WCE=$(CEVersion)',FALSE)      
INSERT INTO ToolOption VALUES ('{AAE90182-C95B-11D3-9A06-00105A0DF099}', '{A9E5146E-6C9A-11D3-843A-005004848CBA}','X86DLL_CPLR_REL','IDS_X86DLL_CPLR_REL','2','1','/D_i386_ /DUNDER_CE=$(CEVersion) /D_WIN32_WCE=$(CEVersion)',FALSE)      
INSERT INTO ToolOption VALUES ('{AAE90188-C95B-11D3-9A06-00105A0DF099}', '{A9E5146E-6C9A-11D3-843A-005004848CBA}','X86CON_CPLR_REL','IDS_X86CON_CPLR_REL','2','1','/D_i386_ /DUNDER_CE=$(CEVersion) /D_WIN32_WCE=$(CEVersion)',FALSE)      
INSERT INTO ToolOption VALUES ('{AAE9018B-C95B-11D3-9A06-00105A0DF099}', '{A9E5146E-6C9A-11D3-843A-005004848CBA}','X86LIB_CPLR_REL','IDS_X86LIB_CPLR_REL','2','1','/D_i386_ /DUNDER_CE=$(CEVersion) /D_WIN32_WCE=$(CEVersion)',FALSE)      
INSERT INTO ToolOption VALUES ('{AAE90192-C95B-11D3-9A06-00105A0DF099}', '{A9E5146E-6C9A-11D3-843A-005004848CBA}','X86ATL_CPLR_DBG','Specific flags for X86 Compiler (ATL DBG build)','2','1','/D _USRDLL',FALSE) 
INSERT INTO ToolOption VALUES ('{AAE90193-C95B-11D3-9A06-00105A0DF099}', '{A9E5146E-6C9A-11D3-843A-005004848CBA}','X86MFC_CPLR_COMMON',NULL,'2','1','/c /nologo /D_WIN32_WCE=$(CEVersion) /Gs8192 /GF /D $(CePlatform)',FALSE)         
INSERT INTO ToolOption VALUES ('{AAE90197-C95B-11D3-9A06-00105A0DF099}', '{A9E5146E-6C9A-11D3-843A-005004848CBA}','X86ATL_CPLR_COMMON',NULL,'2','1','/D _USRDLL /c /Gs8192 /GF /D $(CePlatform)',FALSE)        
INSERT INTO ToolOption VALUES ('{AAE90198-C95B-11D3-9A06-00105A0DF099}', '{A9E5146E-6C9A-11D3-843A-005004848CBA}','X86ATL_CPLR_REL',NULL,'2','1','/nologo /D_i386_ /DUNDER_CE=$(CEVersion) /D_WIN32_WCE=$(CEVersion)',FALSE) 
INSERT INTO ToolOption VALUES ('{AAE90199-C95B-11D3-9A06-00105A0DF099}', '{A9E5146E-6C9A-11D3-843A-005004848CBA}','X86ACTIVEX_CPLR_COMMON',NULL,'2','1','/GX-',FALSE)   
INSERT INTO ToolOption VALUES ('{AAE90303-C95B-11D3-9A06-00105A0DF099}', '{A9E5146E-6C9A-11D3-843A-005004848CBA}','X86_DEFINE_I_386',NULL,'2',NULL,'/D "i_386_"',FALSE)  
INSERT INTO ToolOption VALUES ('{AAE903C4-C95B-11D3-9A06-00105A0DF099}', '{A9E5146E-6C9A-11D3-843A-005004848CBA}','X86_WIN32_WCE_CEPC','Define necessary for CEPC','2',NULL,'/D _WIN32_WCE_CEPC',FALSE) 
INSERT INTO ToolOption VALUES ('{AAE9030F-C95B-11D3-9A06-00105A0DF099}', '{A9E5146E-6C9A-11D3-843A-005004848CBA}','GENERAL_PURPOSE_ALWAYS_X86','UI pointer to member presentation method','2','1002','/vmg',FALSE)    
INSERT INTO ToolOption VALUES ('{AAE90304-C95B-11D3-9A06-00105A0DF099}', '{A9E5146E-6C9A-11D3-843A-005004848CBA}','DISABLE_CONSTRUCTION_DISPLACEMENT_X86','UI disable construction displacement','2','1001','/vd0',FALSE)
INSERT INTO ToolOption VALUES ('{AAE90319-C95B-11D3-9A06-00105A0DF099}', '{A9E5146E-6C9A-11D3-843A-005004848CBA}','PRECOMPILE_HEADER_X86','UI support precompile header','2','1003',NULL,FALSE)         
INSERT INTO ToolOption VALUES ('{AAE902FF-C95B-11D3-9A06-00105A0DF099}', '{A9E5146E-6C9A-11D3-843A-005004848CBA}','ASSEMBLY_LISTING_X86','UI configure assembly listing','2','1000','/FA',FALSE)       
INSERT INTO ToolOption VALUES ('{AAE903B8-C95B-11D3-9A06-00105A0DF099}', '{A9E5146E-6C9A-11D3-843A-005004848CBA}','NDEBUG_X86','the NDEBUG define for release prjs','2',NULL,'/D NDEBUG',FALSE)  
INSERT INTO ToolOption VALUES ('{AAE9039F-C95B-11D3-9A06-00105A0DF099}', '{A9E5146E-6C9A-11D3-843A-005004848CBA}','ATL_STATIC_REGISTRY_X86','Define _ATL_STATIC_REGISTRY','2',NULL,'/D _ATL_STATIC_REGISTRY',FALSE)          
INSERT INTO ToolOption VALUES ('{4FAD87DE-D368-4cde-96C2-3971039A151F}', '{A9E5146E-6C9A-11D3-843A-005004848CBA}','X86_ASSUME_NO_ALIASING','Assume No Aliasing is Supported','2','1007','/Oa',FALSE)

                // LINK
INSERT INTO ToolOption VALUES ('{AAE9040E-C95B-11D3-9A06-00105A0DF099}', '{A9E5146F-6C9A-11D3-843A-005004848CBA}','NO_INCREMENTAL_LINKING_X86','Incremental Linking Flag','2','1006','/INCREMENTAL:NO',FALSE)   
INSERT INTO ToolOption VALUES ('{AAE9037C-C95B-11D3-9A06-00105A0DF099}', '{A9E5146F-6C9A-11D3-843A-005004848CBA}','STACK_X86','standard /STACK setting','2',NULL,'/STACK:65536,4096',FALSE)      
INSERT INTO ToolOption VALUES ('{AAE90371-C95B-11D3-9A06-00105A0DF099}', '{A9E5146F-6C9A-11D3-843A-005004848CBA}','BASE_100K_X86','/base flag for .dll proj types','2',NULL,'/base:0x00100000',FALSE)          
INSERT INTO ToolOption VALUES ('{AAE90365-C95B-11D3-9A06-00105A0DF099}', '{A9E5146F-6C9A-11D3-843A-005004848CBA}','BASE_TENTHOUSAND_X86','/base flag for .exe proj types','2',NULL,'/base:0x00010000',FALSE)   
INSERT INTO ToolOption VALUES ('{AAE903D4-C95B-11D3-9A06-00105A0DF099}', '{A9E5146F-6C9A-11D3-843A-005004848CBA}','MACHINE_X86','set machine type for linker','2',NULL,'/MACHINE:IX86',FALSE)    
INSERT INTO ToolOption VALUES ('{AAE90403-C95B-11D3-9A06-00105A0DF099}', '{A9E5146F-6C9A-11D3-843A-005004848CBA}','INCREMENTAL_LINKING_X86','Incremental Linking Flag','2','1006','/INCREMENTAL:YES',FALSE)     
INSERT INTO ToolOption VALUES ('{AAE90166-C95B-11D3-9A06-00105A0DF099}', '{A9E5146F-6C9A-11D3-843A-005004848CBA}','X86_LINK_X86_COMMON','IDS_X86_LINK_X86_COMMON','2','1','/NOLOGO /subsystem:$(CESubsystem) /nodefaultlib:OLDNAMES.lib /nodefaultlib:$(CENoDefaultLib)',FALSE)      
INSERT INTO ToolOption VALUES ('{AAE90167-C95B-11D3-9A06-00105A0DF099}', '{A9E5146F-6C9A-11D3-843A-005004848CBA}','X86_LINK_DBG','IDS_X86_LINK_DBG','2','1','/DEBUG /DEBUGTYPE:CV',FALSE)        
INSERT INTO ToolOption VALUES ('{AAE90168-C95B-11D3-9A06-00105A0DF099}', '{A9E5146F-6C9A-11D3-843A-005004848CBA}','X86EXE_LINK_DBG','IDS_X86EXE_LINK_DBG','2','1','/entry:WinMainCRTStartup',FALSE) 
INSERT INTO ToolOption VALUES ('{AAE90169-C95B-11D3-9A06-00105A0DF099}', '{A9E5146F-6C9A-11D3-843A-005004848CBA}','X86_LIB_DBG','IDS_X86_LIB_DBG','2','1','commctrl.lib coredll.lib ',FALSE)      
INSERT INTO ToolOption VALUES ('{AAE9016B-C95B-11D3-9A06-00105A0DF099}', '{A9E5146F-6C9A-11D3-843A-005004848CBA}','X86DLL_LINK_DBG','IDS_X86DLL_LINK_DBG','2','1','/DLL /entry:_DllMainCRTStartup',FALSE)      
INSERT INTO ToolOption VALUES ('{AAE9016E-C95B-11D3-9A06-00105A0DF099}', '{A9E5146F-6C9A-11D3-843A-005004848CBA}','X86_CONLIB','IDS_X86_CONLIB','2','1','commctrl.lib coredll.lib ',FALSE)        
INSERT INTO ToolOption VALUES ('{AAE9016F-C95B-11D3-9A06-00105A0DF099}', '{A9E5146F-6C9A-11D3-843A-005004848CBA}','X86CON_LINK_DBG','IDS_X86CON_LINK_DBG','2','1','/entry:WinMainCRTStartup',FALSE) 
INSERT INTO ToolOption VALUES ('{AAE90172-C95B-11D3-9A06-00105A0DF099}', '{A9E5146F-6C9A-11D3-843A-005004848CBA}','X86MFCEXE_LINK_DBG','Specific flags for X86 Linker (MFC EXE Debug build)','2','1','/DEBUG /entry:wWinMainCRTStartup',FALSE)
INSERT INTO ToolOption VALUES ('{AAE90173-C95B-11D3-9A06-00105A0DF099}', '{A9E5146F-6C9A-11D3-843A-005004848CBA}','X86MFCDLL_LINK_DBG','Specific flags for X86 Linker (MFC DLL Debug build)','2','1','/DEBUG',FALSE)         
INSERT INTO ToolOption VALUES ('{AAE9017A-C95B-11D3-9A06-00105A0DF099}', '{A9E5146F-6C9A-11D3-843A-005004848CBA}','X86MFCEXE_LINK_COMMON','X86_LINK_X86_COMMON without defaultlib','2','1','/NOLOGO /subsystem:$(CESubsystem)',FALSE)      
INSERT INTO ToolOption VALUES ('{AAE9017D-C95B-11D3-9A06-00105A0DF099}', '{A9E5146F-6C9A-11D3-843A-005004848CBA}','X86EXE_LINK_REL','IDS_X86EXE_LINK_REL','2','1','/entry:WinMainCRTStartup',FALSE) 
INSERT INTO ToolOption VALUES ('{AAE9017E-C95B-11D3-9A06-00105A0DF099}', '{A9E5146F-6C9A-11D3-843A-005004848CBA}','X86_LINK_REL','IDS_X86_LINK_REL','2','1',NULL,FALSE) 
INSERT INTO ToolOption VALUES ('{AAE9017F-C95B-11D3-9A06-00105A0DF099}', '{A9E5146F-6C9A-11D3-843A-005004848CBA}','X86_LIB_REL','IDS_X86_LIB_REL','2','1','commctrl.lib coredll.lib ',FALSE)      
INSERT INTO ToolOption VALUES ('{AAE90183-C95B-11D3-9A06-00105A0DF099}', '{A9E5146F-6C9A-11D3-843A-005004848CBA}','X86DLL_LINK_REL','IDS_X86DLL_LINK_REL','2','1','/DLL /entry:_DllMainCRTStartup',FALSE)      
INSERT INTO ToolOption VALUES ('{AAE90184-C95B-11D3-9A06-00105A0DF099}', '{A9E5146F-6C9A-11D3-843A-005004848CBA}','X86_LINK_REL','IDS_X86_LINK_REL','2','1',NULL,FALSE) 
INSERT INTO ToolOption VALUES ('{AAE90189-C95B-11D3-9A06-00105A0DF099}', '{A9E5146F-6C9A-11D3-843A-005004848CBA}','X86CON_LINK_REL','IDS_X86CON_LINK_REL','2','1','/entry:WinMainCRTStartup',FALSE) 
INSERT INTO ToolOption VALUES ('{AAE9018A-C95B-11D3-9A06-00105A0DF099}', '{A9E5146F-6C9A-11D3-843A-005004848CBA}','X86_LINK_REL','IDS_X86_LINK_REL','2','1',NULL,FALSE) 
INSERT INTO ToolOption VALUES ('{AAE9018C-C95B-11D3-9A06-00105A0DF099}', '{A9E5146F-6C9A-11D3-843A-005004848CBA}','X86LIB_LINK','IDS_X86LIB_LINK','2','1','/NOLOGO',FALSE)         
INSERT INTO ToolOption VALUES ('{AAE9018E-C95B-11D3-9A06-00105A0DF099}', '{A9E5146F-6C9A-11D3-843A-005004848CBA}','X86MFCEXE_LINK_REL','Specific flags for X86 Linker (MFC EXE Release build)','2','1','/entry:wWinMainCRTStartup',FALSE)  
INSERT INTO ToolOption VALUES ('{AAE90194-C95B-11D3-9A06-00105A0DF099}', '{A9E5146F-6C9A-11D3-843A-005004848CBA}','X86MFCDLL_LINK_COMMON','X86_LINK_X86_COMMON without defaultlib','2','1','/NOLOGO /subsystem:$(CESubsystem)',FALSE)      
INSERT INTO ToolOption VALUES ('{AAE90336-C95B-11D3-9A06-00105A0DF099}', '{A9E5146F-6C9A-11D3-843A-005004848CBA}','LINKDBG_FORMAT_COFF_X86','UI debug format COFF','2','1004','/debugtype:coff',FALSE)  
INSERT INTO ToolOption VALUES ('{AAE902F1-C95B-11D3-9A06-00105A0DF099}', '{A9E5146F-6C9A-11D3-843A-005004848CBA}','X86_LINK_CORELIB','$(CEx86Corelibc)','2','1','$(CEx86Corelibc)',FALSE)        
INSERT INTO ToolOption VALUES ('{AAE90419-C95B-11D3-9A06-00105A0DF099}', '{A9E5146F-6C9A-11D3-843A-005004848CBA}','AUTOMATIC PRECOMPILED HEADERS_X86','Use automatic precompiled headers','2','1','/YX',FALSE)     
INSERT INTO ToolOption VALUES ('{AC7419Dc-CDFD-11d3-9916-00105A1E7FA9}', '{A9E5146F-6C9A-11D3-843A-005004848CBA}','WARNING_LEVEL','Use Warning Level 3','2','1','/W3',FALSE)

                // LIB
INSERT INTO ToolOption VALUES ('{AAE9032C-C95B-11D3-9A06-00105A0DF099}', '{220199D9-801C-11D3-8466-005004848CBA}','X86_LIB_COMMON',NULL,'2',NULL,'/nologo',FALSE)    

                // MIDL
INSERT INTO ToolOption VALUES ('{AAE90176-C95B-11D3-9A06-00105A0DF099}', '{A9E51471-6C9A-11D3-843A-005004848CBA}','X86_MTL_COMMON','IDS_X86_MTL_COMMON','2','1','/nologo /mktyplib203 /win32',FALSE)    
INSERT INTO ToolOption VALUES ('{AAE90177-C95B-11D3-9A06-00105A0DF099}', '{A9E51471-6C9A-11D3-843A-005004848CBA}','DEFINE_DEBUG','Define DEBUG','2','1','/D DEBUG',FALSE)   
INSERT INTO ToolOption VALUES ('{AAE903C2-C95B-11D3-9A06-00105A0DF099}', '{A9E51471-6C9A-11D3-843A-005004848CBA}','DEFINE_NDEBUG','Define NDEBUG','2',NULL,'/D NDEBUG',FALSE)  

                // BSC
INSERT INTO ToolOption VALUES ('{AAE90178-C95B-11D3-9A06-00105A0DF099}', '{A9E51472-6C9A-11D3-843A-005004848CBA}','X86_BSC_COMMON','IDS_X86_BSC_COMMON','2','1','/nologo',FALSE)   

                // COFF
INSERT INTO ToolOption VALUES ('{AAE90179-C95B-11D3-9A06-00105A0DF099}', '{A9E51473-6C9A-11D3-843A-005004848CBA}','X86_COFF_COMMON','IDS_X86LIB_LINK','2','1','/nologo',FALSE)     

                // VCRC
INSERT INTO ToolOption VALUES ('{AAE90161-C95B-11D3-9A06-00105A0DF099}', '{A9E51470-6C9A-11D3-843A-005004848CBA}','DEFINE_DEBUG','Define DEBUG','2','1','/D DEBUG',FALSE)   
INSERT INTO ToolOption VALUES ('{AAE90162-C95B-11D3-9A06-00105A0DF099}', '{A9E51470-6C9A-11D3-843A-005004848CBA}','DX86_RC_COMMON','IDS_DX86_RC_COMMON','2','1','/r /DUNDER_CE=$(CEVersion) /D_WIN32_WCE=$(CEVersion)',FALSE)     
INSERT INTO ToolOption VALUES ('{AAE90180-C95B-11D3-9A06-00105A0DF099}', '{A9E51470-6C9A-11D3-843A-005004848CBA}','DEFINE_NDEBUG','Define NDEBUG','2','1','/D NDEBUG',FALSE)        
INSERT INTO ToolOption VALUES ('{AC19F042-D2D2-11d3-9917-00105A1E7FA9}', '{A9E51470-6C9A-11D3-843A-005004848CBA}','CEPLATFORM','CePlatform Macro','2','1','/D $(CePlatform)',FALSE)
INSERT INTO ToolOption VALUES ('{CF87FD63-D430-11d3-9918-00105A1E7FA9}', '{A9E51470-6C9A-11D3-843A-005004848CBA}','PROCESSOR_DEFINE','Processor Define','2','1','/D _X86_ /D x86 /D_i386_',FALSE)
INSERT INTO ToolOption VALUES ('{AF53B9B3-D81A-11d3-9918-00105A1E7FA9}', '{A9E51470-6C9A-11D3-843A-005004848CBA}','DEFINE_UNICODE','Define Unicode','2','1','/D UNICODE /D _UNICODE',FALSE)

// ******** OptionValue  ******** 

// ******** ToolOptionSet  ********
// LIB X86
INSERT INTO ToolOptionSet VALUES ('{220199D9-801C-11D3-8466-005004848CBA}','67108864','{AAE9032C-C95B-11D3-9A06-00105A0DF099}',NULL)       
INSERT INTO ToolOptionSet VALUES ('{220199D9-801C-11D3-8466-005004848CBA}','67109120','{AAE9032C-C95B-11D3-9A06-00105A0DF099}',NULL)       

// CL X86
	//EXE Release settings
INSERT INTO ToolOptionSet VALUES ('{A9E5146E-6C9A-11D3-843A-005004848CBA}','16777216','{AAE90165-C95B-11D3-9A06-00105A0DF099}',NULL)       
INSERT INTO ToolOptionSet VALUES ('{A9E5146E-6C9A-11D3-843A-005004848CBA}','16777216','{AAE9017C-C95B-11D3-9A06-00105A0DF099}',NULL)       
INSERT INTO ToolOptionSet VALUES ('{A9E5146E-6C9A-11D3-843A-005004848CBA}','16777216','{AAE90303-C95B-11D3-9A06-00105A0DF099}',NULL)       
INSERT INTO ToolOptionSet VALUES ('{A9E5146E-6C9A-11D3-843A-005004848CBA}','16777216','{AAE90343-C95B-11D3-9A06-00105A0DF099}',NULL)       
INSERT INTO ToolOptionSet VALUES ('{A9E5146E-6C9A-11D3-843A-005004848CBA}','16777216','{AAE90387-C95B-11D3-9A06-00105A0DF099}',NULL)       
INSERT INTO ToolOptionSet VALUES ('{A9E5146E-6C9A-11D3-843A-005004848CBA}','16777216','{AAE90389-C95B-11D3-9A06-00105A0DF099}',NULL)       
INSERT INTO ToolOptionSet VALUES ('{A9E5146E-6C9A-11D3-843A-005004848CBA}','16777216','{AAE903B8-C95B-11D3-9A06-00105A0DF099}',NULL)       
INSERT INTO ToolOptionSet VALUES ('{A9E5146E-6C9A-11D3-843A-005004848CBA}','16777216','{AAE90419-C95B-11D3-9A06-00105A0DF099}',NULL)        
INSERT INTO ToolOptionSet VALUES ('{A9E5146E-6C9A-11D3-843A-005004848CBA}','16777216','{AC7419Dc-CDFD-11d3-9916-00105A1E7FA9}',NULL)        
INSERT INTO ToolOptionSet VALUES ('{A9E5146F-6C9A-11D3-843A-005004848CBA}','16777216','{AAE90166-C95B-11D3-9A06-00105A0DF099}',NULL)       
	//MFC EXE Release settings
INSERT INTO ToolOptionSet VALUES ('{A9E5146E-6C9A-11D3-843A-005004848CBA}','16777232','{AAE9017C-C95B-11D3-9A06-00105A0DF099}',NULL)       
INSERT INTO ToolOptionSet VALUES ('{A9E5146E-6C9A-11D3-843A-005004848CBA}','16777232','{AAE90193-C95B-11D3-9A06-00105A0DF099}',NULL)       
INSERT INTO ToolOptionSet VALUES ('{A9E5146E-6C9A-11D3-843A-005004848CBA}','16777232','{AAE90343-C95B-11D3-9A06-00105A0DF099}',NULL)       
INSERT INTO ToolOptionSet VALUES ('{A9E5146E-6C9A-11D3-843A-005004848CBA}','16777232','{AAE90387-C95B-11D3-9A06-00105A0DF099}',NULL)       
INSERT INTO ToolOptionSet VALUES ('{A9E5146E-6C9A-11D3-843A-005004848CBA}','16777232','{AAE90389-C95B-11D3-9A06-00105A0DF099}',NULL)       
INSERT INTO ToolOptionSet VALUES ('{A9E5146E-6C9A-11D3-843A-005004848CBA}','16777232','{AAE903B8-C95B-11D3-9A06-00105A0DF099}',NULL)       
INSERT INTO ToolOptionSet VALUES ('{A9E5146E-6C9A-11D3-843A-005004848CBA}','16777232','{AAE903C4-C95B-11D3-9A06-00105A0DF099}',NULL)       
INSERT INTO ToolOptionSet VALUES ('{A9E5146E-6C9A-11D3-843A-005004848CBA}','16777232','{AAE903F9-C95B-11D3-9A06-00105A0DF099}',NULL)      
INSERT INTO ToolOptionSet VALUES ('{A9E5146E-6C9A-11D3-843A-005004848CBA}','16777232','{AAE90419-C95B-11D3-9A06-00105A0DF099}',NULL)        
INSERT INTO ToolOptionSet VALUES ('{A9E5146E-6C9A-11D3-843A-005004848CBA}','16777232','{AC7419Dc-CDFD-11d3-9916-00105A1E7FA9}',NULL)        
	// EXE Debug settings
INSERT INTO ToolOptionSet VALUES ('{A9E5146E-6C9A-11D3-843A-005004848CBA}','16777472','{AAE90163-C95B-11D3-9A06-00105A0DF099}',NULL)       
INSERT INTO ToolOptionSet VALUES ('{A9E5146E-6C9A-11D3-843A-005004848CBA}','16777472','{AAE90164-C95B-11D3-9A06-00105A0DF099}',NULL)       
INSERT INTO ToolOptionSet VALUES ('{A9E5146E-6C9A-11D3-843A-005004848CBA}','16777472','{AAE90165-C95B-11D3-9A06-00105A0DF099}',NULL)       
INSERT INTO ToolOptionSet VALUES ('{A9E5146E-6C9A-11D3-843A-005004848CBA}','16777472','{AAE90303-C95B-11D3-9A06-00105A0DF099}',NULL)       
INSERT INTO ToolOptionSet VALUES ('{A9E5146E-6C9A-11D3-843A-005004848CBA}','16777472','{AAE9034E-C95B-11D3-9A06-00105A0DF099}',NULL)       
INSERT INTO ToolOptionSet VALUES ('{A9E5146E-6C9A-11D3-843A-005004848CBA}','16777472','{AAE90387-C95B-11D3-9A06-00105A0DF099}',NULL)       
INSERT INTO ToolOptionSet VALUES ('{A9E5146E-6C9A-11D3-843A-005004848CBA}','16777472','{AAE90389-C95B-11D3-9A06-00105A0DF099}',NULL)       
INSERT INTO ToolOptionSet VALUES ('{A9E5146E-6C9A-11D3-843A-005004848CBA}','16777472','{AAE90419-C95B-11D3-9A06-00105A0DF099}',NULL)        
INSERT INTO ToolOptionSet VALUES ('{A9E5146E-6C9A-11D3-843A-005004848CBA}','16777472','{AC7419Dc-CDFD-11d3-9916-00105A1E7FA9}',NULL)        
	//MFC EXE Debug settings
INSERT INTO ToolOptionSet VALUES ('{A9E5146E-6C9A-11D3-843A-005004848CBA}','16777488','{AAE90163-C95B-11D3-9A06-00105A0DF099}',NULL)       
INSERT INTO ToolOptionSet VALUES ('{A9E5146E-6C9A-11D3-843A-005004848CBA}','16777488','{AAE90164-C95B-11D3-9A06-00105A0DF099}',NULL)       
INSERT INTO ToolOptionSet VALUES ('{A9E5146E-6C9A-11D3-843A-005004848CBA}','16777488','{AAE90193-C95B-11D3-9A06-00105A0DF099}',NULL)       
INSERT INTO ToolOptionSet VALUES ('{A9E5146E-6C9A-11D3-843A-005004848CBA}','16777488','{AAE9034E-C95B-11D3-9A06-00105A0DF099}',NULL)       
INSERT INTO ToolOptionSet VALUES ('{A9E5146E-6C9A-11D3-843A-005004848CBA}','16777488','{AAE90387-C95B-11D3-9A06-00105A0DF099}',NULL)       
INSERT INTO ToolOptionSet VALUES ('{A9E5146E-6C9A-11D3-843A-005004848CBA}','16777488','{AAE90389-C95B-11D3-9A06-00105A0DF099}',NULL)       
INSERT INTO ToolOptionSet VALUES ('{A9E5146E-6C9A-11D3-843A-005004848CBA}','16777488','{AAE903C4-C95B-11D3-9A06-00105A0DF099}',NULL)       
INSERT INTO ToolOptionSet VALUES ('{A9E5146E-6C9A-11D3-843A-005004848CBA}','16777488','{AAE903F9-C95B-11D3-9A06-00105A0DF099}',NULL)      
INSERT INTO ToolOptionSet VALUES ('{A9E5146E-6C9A-11D3-843A-005004848CBA}','16777488','{AAE90419-C95B-11D3-9A06-00105A0DF099}',NULL)        
INSERT INTO ToolOptionSet VALUES ('{A9E5146E-6C9A-11D3-843A-005004848CBA}','16777488','{AC7419Dc-CDFD-11d3-9916-00105A1E7FA9}',NULL)        
	//DLL Release settings
INSERT INTO ToolOptionSet VALUES ('{A9E5146E-6C9A-11D3-843A-005004848CBA}','33554432','{AAE90165-C95B-11D3-9A06-00105A0DF099}',NULL)       
INSERT INTO ToolOptionSet VALUES ('{A9E5146E-6C9A-11D3-843A-005004848CBA}','33554432','{AAE90182-C95B-11D3-9A06-00105A0DF099}',NULL)       
INSERT INTO ToolOptionSet VALUES ('{A9E5146E-6C9A-11D3-843A-005004848CBA}','33554432','{AAE90343-C95B-11D3-9A06-00105A0DF099}',NULL)       
INSERT INTO ToolOptionSet VALUES ('{A9E5146E-6C9A-11D3-843A-005004848CBA}','33554432','{AAE90387-C95B-11D3-9A06-00105A0DF099}',NULL)       
INSERT INTO ToolOptionSet VALUES ('{A9E5146E-6C9A-11D3-843A-005004848CBA}','33554432','{AAE90389-C95B-11D3-9A06-00105A0DF099}',NULL)       
INSERT INTO ToolOptionSet VALUES ('{A9E5146E-6C9A-11D3-843A-005004848CBA}','33554432','{AAE903B8-C95B-11D3-9A06-00105A0DF099}',NULL)       
INSERT INTO ToolOptionSet VALUES ('{A9E5146E-6C9A-11D3-843A-005004848CBA}','33554432','{AAE90419-C95B-11D3-9A06-00105A0DF099}',NULL)        
INSERT INTO ToolOptionSet VALUES ('{A9E5146E-6C9A-11D3-843A-005004848CBA}','33554432','{AC7419Dc-CDFD-11d3-9916-00105A1E7FA9}',NULL)        
	//ATL DLL Release MinSize settings
INSERT INTO ToolOptionSet VALUES ('{A9E5146E-6C9A-11D3-843A-005004848CBA}','33554433','{AAE90197-C95B-11D3-9A06-00105A0DF099}',NULL)       
INSERT INTO ToolOptionSet VALUES ('{A9E5146E-6C9A-11D3-843A-005004848CBA}','33554433','{AAE90198-C95B-11D3-9A06-00105A0DF099}',NULL)       
INSERT INTO ToolOptionSet VALUES ('{A9E5146E-6C9A-11D3-843A-005004848CBA}','33554433','{AAE90343-C95B-11D3-9A06-00105A0DF099}',NULL)       
INSERT INTO ToolOptionSet VALUES ('{A9E5146E-6C9A-11D3-843A-005004848CBA}','33554433','{AAE90387-C95B-11D3-9A06-00105A0DF099}',NULL)       
INSERT INTO ToolOptionSet VALUES ('{A9E5146E-6C9A-11D3-843A-005004848CBA}','33554433','{AAE90389-C95B-11D3-9A06-00105A0DF099}',NULL)       
INSERT INTO ToolOptionSet VALUES ('{A9E5146E-6C9A-11D3-843A-005004848CBA}','33554433','{AAE903B8-C95B-11D3-9A06-00105A0DF099}',NULL)       
INSERT INTO ToolOptionSet VALUES ('{A9E5146E-6C9A-11D3-843A-005004848CBA}','33554433','{AAE903C4-C95B-11D3-9A06-00105A0DF099}',NULL)       
INSERT INTO ToolOptionSet VALUES ('{A9E5146E-6C9A-11D3-843A-005004848CBA}','33554433','{AAE90419-C95B-11D3-9A06-00105A0DF099}',NULL)        
INSERT INTO ToolOptionSet VALUES ('{A9E5146E-6C9A-11D3-843A-005004848CBA}','33554433','{AC7419Dc-CDFD-11d3-9916-00105A1E7FA9}',NULL)        
	//ATL DLL Release MinDep settings
INSERT INTO ToolOptionSet VALUES ('{A9E5146E-6C9A-11D3-843A-005004848CBA}','33554434','{AAE90197-C95B-11D3-9A06-00105A0DF099}',NULL)       
INSERT INTO ToolOptionSet VALUES ('{A9E5146E-6C9A-11D3-843A-005004848CBA}','33554434','{AAE90198-C95B-11D3-9A06-00105A0DF099}',NULL)       
INSERT INTO ToolOptionSet VALUES ('{A9E5146E-6C9A-11D3-843A-005004848CBA}','33554434','{AAE90343-C95B-11D3-9A06-00105A0DF099}',NULL)       
INSERT INTO ToolOptionSet VALUES ('{A9E5146E-6C9A-11D3-843A-005004848CBA}','33554434','{AAE90387-C95B-11D3-9A06-00105A0DF099}',NULL)       
INSERT INTO ToolOptionSet VALUES ('{A9E5146E-6C9A-11D3-843A-005004848CBA}','33554434','{AAE90389-C95B-11D3-9A06-00105A0DF099}',NULL)       
INSERT INTO ToolOptionSet VALUES ('{A9E5146E-6C9A-11D3-843A-005004848CBA}','33554434','{AAE9039F-C95B-11D3-9A06-00105A0DF099}',NULL)       
INSERT INTO ToolOptionSet VALUES ('{A9E5146E-6C9A-11D3-843A-005004848CBA}','33554434','{AAE903B8-C95B-11D3-9A06-00105A0DF099}',NULL)       
INSERT INTO ToolOptionSet VALUES ('{A9E5146E-6C9A-11D3-843A-005004848CBA}','33554434','{AAE903C4-C95B-11D3-9A06-00105A0DF099}',NULL)       
INSERT INTO ToolOptionSet VALUES ('{A9E5146E-6C9A-11D3-843A-005004848CBA}','33554434','{AAE90419-C95B-11D3-9A06-00105A0DF099}',NULL)        
INSERT INTO ToolOptionSet VALUES ('{A9E5146E-6C9A-11D3-843A-005004848CBA}','33554434','{AC7419Dc-CDFD-11d3-9916-00105A1E7FA9}',NULL)        
	//ATL EXE Release MinSize settings
INSERT INTO ToolOptionSet VALUES ('{A9E5146E-6C9A-11D3-843A-005004848CBA}','16777217','{AAE90193-C95B-11D3-9A06-00105A0DF099}',NULL)       	
INSERT INTO ToolOptionSet VALUES ('{A9E5146E-6C9A-11D3-843A-005004848CBA}','16777217','{AAE90198-C95B-11D3-9A06-00105A0DF099}',NULL)       
INSERT INTO ToolOptionSet VALUES ('{A9E5146E-6C9A-11D3-843A-005004848CBA}','16777217','{AAE90343-C95B-11D3-9A06-00105A0DF099}',NULL)       
INSERT INTO ToolOptionSet VALUES ('{A9E5146E-6C9A-11D3-843A-005004848CBA}','16777217','{AAE90387-C95B-11D3-9A06-00105A0DF099}',NULL)       
INSERT INTO ToolOptionSet VALUES ('{A9E5146E-6C9A-11D3-843A-005004848CBA}','16777217','{AAE90389-C95B-11D3-9A06-00105A0DF099}',NULL)       
INSERT INTO ToolOptionSet VALUES ('{A9E5146E-6C9A-11D3-843A-005004848CBA}','16777217','{AAE903B8-C95B-11D3-9A06-00105A0DF099}',NULL)       	
INSERT INTO ToolOptionSet VALUES ('{A9E5146E-6C9A-11D3-843A-005004848CBA}','16777217','{AAE903C4-C95B-11D3-9A06-00105A0DF099}',NULL)       	
INSERT INTO ToolOptionSet VALUES ('{A9E5146E-6C9A-11D3-843A-005004848CBA}','16777217','{AAE90419-C95B-11D3-9A06-00105A0DF099}',NULL)        
INSERT INTO ToolOptionSet VALUES ('{A9E5146E-6C9A-11D3-843A-005004848CBA}','16777217','{AC7419Dc-CDFD-11d3-9916-00105A1E7FA9}',NULL)        
	//ATL EXE Release MinDep settings
INSERT INTO ToolOptionSet VALUES ('{A9E5146E-6C9A-11D3-843A-005004848CBA}','16777218','{AAE90193-C95B-11D3-9A06-00105A0DF099}',NULL)       	
INSERT INTO ToolOptionSet VALUES ('{A9E5146E-6C9A-11D3-843A-005004848CBA}','16777218','{AAE90198-C95B-11D3-9A06-00105A0DF099}',NULL)       
INSERT INTO ToolOptionSet VALUES ('{A9E5146E-6C9A-11D3-843A-005004848CBA}','16777218','{AAE90343-C95B-11D3-9A06-00105A0DF099}',NULL)       
INSERT INTO ToolOptionSet VALUES ('{A9E5146E-6C9A-11D3-843A-005004848CBA}','16777218','{AAE90387-C95B-11D3-9A06-00105A0DF099}',NULL)       
INSERT INTO ToolOptionSet VALUES ('{A9E5146E-6C9A-11D3-843A-005004848CBA}','16777218','{AAE90389-C95B-11D3-9A06-00105A0DF099}',NULL)       
INSERT INTO ToolOptionSet VALUES ('{A9E5146E-6C9A-11D3-843A-005004848CBA}','16777218','{AAE9039F-C95B-11D3-9A06-00105A0DF099}',NULL)       
INSERT INTO ToolOptionSet VALUES ('{A9E5146E-6C9A-11D3-843A-005004848CBA}','16777218','{AAE903B8-C95B-11D3-9A06-00105A0DF099}',NULL)       	
INSERT INTO ToolOptionSet VALUES ('{A9E5146E-6C9A-11D3-843A-005004848CBA}','16777218','{AAE903C4-C95B-11D3-9A06-00105A0DF099}',NULL)       	
INSERT INTO ToolOptionSet VALUES ('{A9E5146E-6C9A-11D3-843A-005004848CBA}','16777218','{AAE90419-C95B-11D3-9A06-00105A0DF099}',NULL)        
INSERT INTO ToolOptionSet VALUES ('{A9E5146E-6C9A-11D3-843A-005004848CBA}','16777218','{AC7419Dc-CDFD-11d3-9916-00105A1E7FA9}',NULL)        
	//MFC DLL Release settings
INSERT INTO ToolOptionSet VALUES ('{A9E5146E-6C9A-11D3-843A-005004848CBA}','33554448','{AAE90182-C95B-11D3-9A06-00105A0DF099}',NULL)       
INSERT INTO ToolOptionSet VALUES ('{A9E5146E-6C9A-11D3-843A-005004848CBA}','33554448','{AAE90193-C95B-11D3-9A06-00105A0DF099}',NULL)       
INSERT INTO ToolOptionSet VALUES ('{A9E5146E-6C9A-11D3-843A-005004848CBA}','33554448','{AAE90343-C95B-11D3-9A06-00105A0DF099}',NULL)       
INSERT INTO ToolOptionSet VALUES ('{A9E5146E-6C9A-11D3-843A-005004848CBA}','33554448','{AAE90387-C95B-11D3-9A06-00105A0DF099}',NULL)       
INSERT INTO ToolOptionSet VALUES ('{A9E5146E-6C9A-11D3-843A-005004848CBA}','33554448','{AAE90389-C95B-11D3-9A06-00105A0DF099}',NULL)       
INSERT INTO ToolOptionSet VALUES ('{A9E5146E-6C9A-11D3-843A-005004848CBA}','33554448','{AAE903B8-C95B-11D3-9A06-00105A0DF099}',NULL)       
INSERT INTO ToolOptionSet VALUES ('{A9E5146E-6C9A-11D3-843A-005004848CBA}','33554448','{AAE903C4-C95B-11D3-9A06-00105A0DF099}',NULL)       
INSERT INTO ToolOptionSet VALUES ('{A9E5146E-6C9A-11D3-843A-005004848CBA}','33554448','{AAE903F9-C95B-11D3-9A06-00105A0DF099}',NULL)      
INSERT INTO ToolOptionSet VALUES ('{A9E5146E-6C9A-11D3-843A-005004848CBA}','33554448','{AAE90419-C95B-11D3-9A06-00105A0DF099}',NULL)        
INSERT INTO ToolOptionSet VALUES ('{A9E5146E-6C9A-11D3-843A-005004848CBA}','33554448','{AC7419Dc-CDFD-11d3-9916-00105A1E7FA9}',NULL)        
	// DLL Debug settings
INSERT INTO ToolOptionSet VALUES ('{A9E5146E-6C9A-11D3-843A-005004848CBA}','33554688','{AAE90163-C95B-11D3-9A06-00105A0DF099}',NULL)       
INSERT INTO ToolOptionSet VALUES ('{A9E5146E-6C9A-11D3-843A-005004848CBA}','33554688','{AAE90165-C95B-11D3-9A06-00105A0DF099}',NULL)       
INSERT INTO ToolOptionSet VALUES ('{A9E5146E-6C9A-11D3-843A-005004848CBA}','33554688','{AAE9016A-C95B-11D3-9A06-00105A0DF099}',NULL)       
INSERT INTO ToolOptionSet VALUES ('{A9E5146E-6C9A-11D3-843A-005004848CBA}','33554688','{AAE9034E-C95B-11D3-9A06-00105A0DF099}',NULL)       
INSERT INTO ToolOptionSet VALUES ('{A9E5146E-6C9A-11D3-843A-005004848CBA}','33554688','{AAE90387-C95B-11D3-9A06-00105A0DF099}',NULL)       
INSERT INTO ToolOptionSet VALUES ('{A9E5146E-6C9A-11D3-843A-005004848CBA}','33554688','{AAE90389-C95B-11D3-9A06-00105A0DF099}',NULL)       
INSERT INTO ToolOptionSet VALUES ('{A9E5146E-6C9A-11D3-843A-005004848CBA}','33554688','{AAE90419-C95B-11D3-9A06-00105A0DF099}',NULL)        
INSERT INTO ToolOptionSet VALUES ('{A9E5146E-6C9A-11D3-843A-005004848CBA}','33554688','{AC7419Dc-CDFD-11d3-9916-00105A1E7FA9}',NULL)        
	// ATL DLL Debug settings
INSERT INTO ToolOptionSet VALUES ('{A9E5146E-6C9A-11D3-843A-005004848CBA}','33554689','{AAE90163-C95B-11D3-9A06-00105A0DF099}',NULL)       
INSERT INTO ToolOptionSet VALUES ('{A9E5146E-6C9A-11D3-843A-005004848CBA}','33554689','{AAE9016A-C95B-11D3-9A06-00105A0DF099}',NULL)       
INSERT INTO ToolOptionSet VALUES ('{A9E5146E-6C9A-11D3-843A-005004848CBA}','33554689','{AAE90192-C95B-11D3-9A06-00105A0DF099}',NULL)       
INSERT INTO ToolOptionSet VALUES ('{A9E5146E-6C9A-11D3-843A-005004848CBA}','33554689','{AAE90193-C95B-11D3-9A06-00105A0DF099}',NULL)       
INSERT INTO ToolOptionSet VALUES ('{A9E5146E-6C9A-11D3-843A-005004848CBA}','33554689','{AAE9034E-C95B-11D3-9A06-00105A0DF099}',NULL)       
INSERT INTO ToolOptionSet VALUES ('{A9E5146E-6C9A-11D3-843A-005004848CBA}','33554689','{AAE90387-C95B-11D3-9A06-00105A0DF099}',NULL)       
INSERT INTO ToolOptionSet VALUES ('{A9E5146E-6C9A-11D3-843A-005004848CBA}','33554689','{AAE90389-C95B-11D3-9A06-00105A0DF099}',NULL)       
INSERT INTO ToolOptionSet VALUES ('{A9E5146E-6C9A-11D3-843A-005004848CBA}','33554689','{AAE903C4-C95B-11D3-9A06-00105A0DF099}',NULL)       
INSERT INTO ToolOptionSet VALUES ('{A9E5146E-6C9A-11D3-843A-005004848CBA}','33554689','{AAE90419-C95B-11D3-9A06-00105A0DF099}',NULL)        
INSERT INTO ToolOptionSet VALUES ('{A9E5146E-6C9A-11D3-843A-005004848CBA}','33554689','{AC7419Dc-CDFD-11d3-9916-00105A1E7FA9}',NULL)        
	// ATL EXE Debug settings
INSERT INTO ToolOptionSet VALUES ('{A9E5146E-6C9A-11D3-843A-005004848CBA}','16777473','{AAE90163-C95B-11D3-9A06-00105A0DF099}',NULL)       
INSERT INTO ToolOptionSet VALUES ('{A9E5146E-6C9A-11D3-843A-005004848CBA}','16777473','{AAE90164-C95B-11D3-9A06-00105A0DF099}',NULL)       
INSERT INTO ToolOptionSet VALUES ('{A9E5146E-6C9A-11D3-843A-005004848CBA}','16777473','{AAE90193-C95B-11D3-9A06-00105A0DF099}',NULL)       
INSERT INTO ToolOptionSet VALUES ('{A9E5146E-6C9A-11D3-843A-005004848CBA}','16777473','{AAE9034E-C95B-11D3-9A06-00105A0DF099}',NULL)       
INSERT INTO ToolOptionSet VALUES ('{A9E5146E-6C9A-11D3-843A-005004848CBA}','16777473','{AAE90387-C95B-11D3-9A06-00105A0DF099}',NULL)       
INSERT INTO ToolOptionSet VALUES ('{A9E5146E-6C9A-11D3-843A-005004848CBA}','16777473','{AAE90389-C95B-11D3-9A06-00105A0DF099}',NULL)       
INSERT INTO ToolOptionSet VALUES ('{A9E5146E-6C9A-11D3-843A-005004848CBA}','16777473','{AAE903C4-C95B-11D3-9A06-00105A0DF099}',NULL)       
INSERT INTO ToolOptionSet VALUES ('{A9E5146E-6C9A-11D3-843A-005004848CBA}','16777473','{AAE90419-C95B-11D3-9A06-00105A0DF099}',NULL)        
INSERT INTO ToolOptionSet VALUES ('{A9E5146E-6C9A-11D3-843A-005004848CBA}','16777473','{AC7419Dc-CDFD-11d3-9916-00105A1E7FA9}',NULL)        
	// MFC DLL Debug settings
INSERT INTO ToolOptionSet VALUES ('{A9E5146E-6C9A-11D3-843A-005004848CBA}','33554704','{AAE90163-C95B-11D3-9A06-00105A0DF099}',NULL)       
INSERT INTO ToolOptionSet VALUES ('{A9E5146E-6C9A-11D3-843A-005004848CBA}','33554704','{AAE9016A-C95B-11D3-9A06-00105A0DF099}',NULL)       
INSERT INTO ToolOptionSet VALUES ('{A9E5146E-6C9A-11D3-843A-005004848CBA}','33554704','{AAE90193-C95B-11D3-9A06-00105A0DF099}',NULL)       
INSERT INTO ToolOptionSet VALUES ('{A9E5146E-6C9A-11D3-843A-005004848CBA}','33554704','{AAE9034E-C95B-11D3-9A06-00105A0DF099}',NULL)       
INSERT INTO ToolOptionSet VALUES ('{A9E5146E-6C9A-11D3-843A-005004848CBA}','33554704','{AAE90387-C95B-11D3-9A06-00105A0DF099}',NULL)       
INSERT INTO ToolOptionSet VALUES ('{A9E5146E-6C9A-11D3-843A-005004848CBA}','33554704','{AAE90389-C95B-11D3-9A06-00105A0DF099}',NULL)       
INSERT INTO ToolOptionSet VALUES ('{A9E5146E-6C9A-11D3-843A-005004848CBA}','33554704','{AAE903C4-C95B-11D3-9A06-00105A0DF099}',NULL)       
INSERT INTO ToolOptionSet VALUES ('{A9E5146E-6C9A-11D3-843A-005004848CBA}','33554704','{AAE903F9-C95B-11D3-9A06-00105A0DF099}',NULL)      
INSERT INTO ToolOptionSet VALUES ('{A9E5146E-6C9A-11D3-843A-005004848CBA}','33554704','{AAE90419-C95B-11D3-9A06-00105A0DF099}',NULL)        
INSERT INTO ToolOptionSet VALUES ('{A9E5146E-6C9A-11D3-843A-005004848CBA}','33554704','{AC7419Dc-CDFD-11d3-9916-00105A1E7FA9}',NULL)        
	// MFC ActiveX Control release settings
INSERT INTO ToolOptionSet VALUES ('{A9E5146E-6C9A-11D3-843A-005004848CBA}','33558544','{AAE90182-C95B-11D3-9A06-00105A0DF099}',NULL)       
INSERT INTO ToolOptionSet VALUES ('{A9E5146E-6C9A-11D3-843A-005004848CBA}','33558544','{AAE90193-C95B-11D3-9A06-00105A0DF099}',NULL)       
INSERT INTO ToolOptionSet VALUES ('{A9E5146E-6C9A-11D3-843A-005004848CBA}','33558544','{AAE90199-C95B-11D3-9A06-00105A0DF099}',NULL)       
INSERT INTO ToolOptionSet VALUES ('{A9E5146E-6C9A-11D3-843A-005004848CBA}','33558544','{AAE90343-C95B-11D3-9A06-00105A0DF099}',NULL)       
INSERT INTO ToolOptionSet VALUES ('{A9E5146E-6C9A-11D3-843A-005004848CBA}','33558544','{AAE90387-C95B-11D3-9A06-00105A0DF099}',NULL)       
INSERT INTO ToolOptionSet VALUES ('{A9E5146E-6C9A-11D3-843A-005004848CBA}','33558544','{AAE90389-C95B-11D3-9A06-00105A0DF099}',NULL)       
INSERT INTO ToolOptionSet VALUES ('{A9E5146E-6C9A-11D3-843A-005004848CBA}','33558544','{AAE903B8-C95B-11D3-9A06-00105A0DF099}',NULL)       
INSERT INTO ToolOptionSet VALUES ('{A9E5146E-6C9A-11D3-843A-005004848CBA}','33558544','{AAE903C4-C95B-11D3-9A06-00105A0DF099}',NULL)       
INSERT INTO ToolOptionSet VALUES ('{A9E5146E-6C9A-11D3-843A-005004848CBA}','33558544','{AAE903F9-C95B-11D3-9A06-00105A0DF099}',NULL)      
INSERT INTO ToolOptionSet VALUES ('{A9E5146E-6C9A-11D3-843A-005004848CBA}','33558544','{AAE90419-C95B-11D3-9A06-00105A0DF099}',NULL)        
INSERT INTO ToolOptionSet VALUES ('{A9E5146E-6C9A-11D3-843A-005004848CBA}','33558544','{AC7419Dc-CDFD-11d3-9916-00105A1E7FA9}',NULL)        
	// MFC ActiveX Control debug settings
INSERT INTO ToolOptionSet VALUES ('{A9E5146E-6C9A-11D3-843A-005004848CBA}','33558800','{AAE90163-C95B-11D3-9A06-00105A0DF099}',NULL)       
INSERT INTO ToolOptionSet VALUES ('{A9E5146E-6C9A-11D3-843A-005004848CBA}','33558800','{AAE9016A-C95B-11D3-9A06-00105A0DF099}',NULL)       
INSERT INTO ToolOptionSet VALUES ('{A9E5146E-6C9A-11D3-843A-005004848CBA}','33558800','{AAE90193-C95B-11D3-9A06-00105A0DF099}',NULL)       
INSERT INTO ToolOptionSet VALUES ('{A9E5146E-6C9A-11D3-843A-005004848CBA}','33558800','{AAE90199-C95B-11D3-9A06-00105A0DF099}',NULL)       
INSERT INTO ToolOptionSet VALUES ('{A9E5146E-6C9A-11D3-843A-005004848CBA}','33558800','{AAE9034E-C95B-11D3-9A06-00105A0DF099}',NULL)       
INSERT INTO ToolOptionSet VALUES ('{A9E5146E-6C9A-11D3-843A-005004848CBA}','33558800','{AAE90387-C95B-11D3-9A06-00105A0DF099}',NULL)       
INSERT INTO ToolOptionSet VALUES ('{A9E5146E-6C9A-11D3-843A-005004848CBA}','33558800','{AAE90389-C95B-11D3-9A06-00105A0DF099}',NULL)       
INSERT INTO ToolOptionSet VALUES ('{A9E5146E-6C9A-11D3-843A-005004848CBA}','33558800','{AAE903C4-C95B-11D3-9A06-00105A0DF099}',NULL)       
INSERT INTO ToolOptionSet VALUES ('{A9E5146E-6C9A-11D3-843A-005004848CBA}','33558800','{AAE903F9-C95B-11D3-9A06-00105A0DF099}',NULL)      
INSERT INTO ToolOptionSet VALUES ('{A9E5146E-6C9A-11D3-843A-005004848CBA}','33558800','{AAE90419-C95B-11D3-9A06-00105A0DF099}',NULL)        
INSERT INTO ToolOptionSet VALUES ('{A9E5146E-6C9A-11D3-843A-005004848CBA}','33558800','{AC7419Dc-CDFD-11d3-9916-00105A1E7FA9}',NULL)        
	// Concole application release settings
INSERT INTO ToolOptionSet VALUES ('{A9E5146E-6C9A-11D3-843A-005004848CBA}','50331648','{AAE90165-C95B-11D3-9A06-00105A0DF099}',NULL)       
INSERT INTO ToolOptionSet VALUES ('{A9E5146E-6C9A-11D3-843A-005004848CBA}','50331648','{AAE90188-C95B-11D3-9A06-00105A0DF099}',NULL)       
INSERT INTO ToolOptionSet VALUES ('{A9E5146E-6C9A-11D3-843A-005004848CBA}','50331648','{AAE90343-C95B-11D3-9A06-00105A0DF099}',NULL)       
INSERT INTO ToolOptionSet VALUES ('{A9E5146E-6C9A-11D3-843A-005004848CBA}','50331648','{AAE90387-C95B-11D3-9A06-00105A0DF099}',NULL)       
INSERT INTO ToolOptionSet VALUES ('{A9E5146E-6C9A-11D3-843A-005004848CBA}','50331648','{AAE90389-C95B-11D3-9A06-00105A0DF099}',NULL)       
INSERT INTO ToolOptionSet VALUES ('{A9E5146E-6C9A-11D3-843A-005004848CBA}','50331648','{AAE903B8-C95B-11D3-9A06-00105A0DF099}',NULL)       
INSERT INTO ToolOptionSet VALUES ('{A9E5146E-6C9A-11D3-843A-005004848CBA}','50331648','{AAE90419-C95B-11D3-9A06-00105A0DF099}',NULL)        
INSERT INTO ToolOptionSet VALUES ('{A9E5146E-6C9A-11D3-843A-005004848CBA}','50331648','{AC7419Dc-CDFD-11d3-9916-00105A1E7FA9}',NULL)        
	// Concole application debug settings
INSERT INTO ToolOptionSet VALUES ('{A9E5146E-6C9A-11D3-843A-005004848CBA}','50331904','{AAE90163-C95B-11D3-9A06-00105A0DF099}',NULL)       
INSERT INTO ToolOptionSet VALUES ('{A9E5146E-6C9A-11D3-843A-005004848CBA}','50331904','{AAE90165-C95B-11D3-9A06-00105A0DF099}',NULL)       
INSERT INTO ToolOptionSet VALUES ('{A9E5146E-6C9A-11D3-843A-005004848CBA}','50331904','{AAE9016D-C95B-11D3-9A06-00105A0DF099}',NULL)       
INSERT INTO ToolOptionSet VALUES ('{A9E5146E-6C9A-11D3-843A-005004848CBA}','50331904','{AAE9034E-C95B-11D3-9A06-00105A0DF099}',NULL)       
INSERT INTO ToolOptionSet VALUES ('{A9E5146E-6C9A-11D3-843A-005004848CBA}','50331904','{AAE90387-C95B-11D3-9A06-00105A0DF099}',NULL)       
INSERT INTO ToolOptionSet VALUES ('{A9E5146E-6C9A-11D3-843A-005004848CBA}','50331904','{AAE90389-C95B-11D3-9A06-00105A0DF099}',NULL)       
INSERT INTO ToolOptionSet VALUES ('{A9E5146E-6C9A-11D3-843A-005004848CBA}','50331904','{AAE90419-C95B-11D3-9A06-00105A0DF099}',NULL)        
INSERT INTO ToolOptionSet VALUES ('{A9E5146E-6C9A-11D3-843A-005004848CBA}','50331904','{AC7419Dc-CDFD-11d3-9916-00105A1E7FA9}',NULL)        
	// Static Library release settings
INSERT INTO ToolOptionSet VALUES ('{A9E5146E-6C9A-11D3-843A-005004848CBA}','67108864','{AAE90165-C95B-11D3-9A06-00105A0DF099}',NULL)       
INSERT INTO ToolOptionSet VALUES ('{A9E5146E-6C9A-11D3-843A-005004848CBA}','67108864','{AAE9018B-C95B-11D3-9A06-00105A0DF099}',NULL)       
INSERT INTO ToolOptionSet VALUES ('{A9E5146E-6C9A-11D3-843A-005004848CBA}','67108864','{AAE90343-C95B-11D3-9A06-00105A0DF099}',NULL)       
INSERT INTO ToolOptionSet VALUES ('{A9E5146E-6C9A-11D3-843A-005004848CBA}','67108864','{AAE90387-C95B-11D3-9A06-00105A0DF099}',NULL)       
INSERT INTO ToolOptionSet VALUES ('{A9E5146E-6C9A-11D3-843A-005004848CBA}','67108864','{AAE90389-C95B-11D3-9A06-00105A0DF099}',NULL)       
INSERT INTO ToolOptionSet VALUES ('{A9E5146E-6C9A-11D3-843A-005004848CBA}','67108864','{AAE903B8-C95B-11D3-9A06-00105A0DF099}',NULL)       
INSERT INTO ToolOptionSet VALUES ('{A9E5146E-6C9A-11D3-843A-005004848CBA}','67108864','{AAE90419-C95B-11D3-9A06-00105A0DF099}',NULL)        
INSERT INTO ToolOptionSet VALUES ('{A9E5146E-6C9A-11D3-843A-005004848CBA}','67108864','{AC7419Dc-CDFD-11d3-9916-00105A1E7FA9}',NULL)        
	// Static Library debug settings
INSERT INTO ToolOptionSet VALUES ('{A9E5146E-6C9A-11D3-843A-005004848CBA}','67109120','{AAE90163-C95B-11D3-9A06-00105A0DF099}',NULL)       
INSERT INTO ToolOptionSet VALUES ('{A9E5146E-6C9A-11D3-843A-005004848CBA}','67109120','{AAE90165-C95B-11D3-9A06-00105A0DF099}',NULL)       
INSERT INTO ToolOptionSet VALUES ('{A9E5146E-6C9A-11D3-843A-005004848CBA}','67109120','{AAE90170-C95B-11D3-9A06-00105A0DF099}',NULL)       
INSERT INTO ToolOptionSet VALUES ('{A9E5146E-6C9A-11D3-843A-005004848CBA}','67109120','{AAE9034E-C95B-11D3-9A06-00105A0DF099}',NULL)       
INSERT INTO ToolOptionSet VALUES ('{A9E5146E-6C9A-11D3-843A-005004848CBA}','67109120','{AAE90387-C95B-11D3-9A06-00105A0DF099}',NULL)       
INSERT INTO ToolOptionSet VALUES ('{A9E5146E-6C9A-11D3-843A-005004848CBA}','67109120','{AAE90389-C95B-11D3-9A06-00105A0DF099}',NULL)       
INSERT INTO ToolOptionSet VALUES ('{A9E5146E-6C9A-11D3-843A-005004848CBA}','67109120','{AAE90419-C95B-11D3-9A06-00105A0DF099}',NULL) 
INSERT INTO ToolOptionSet VALUES ('{A9E5146E-6C9A-11D3-843A-005004848CBA}','67109120','{AC7419Dc-CDFD-11d3-9916-00105A1E7FA9}',NULL) 

 
// LINK X86
	//EXE Release settings
INSERT INTO ToolOptionSet VALUES ('{A9E5146F-6C9A-11D3-843A-005004848CBA}','16777216','{AAE9017D-C95B-11D3-9A06-00105A0DF099}',NULL)       
INSERT INTO ToolOptionSet VALUES ('{A9E5146F-6C9A-11D3-843A-005004848CBA}','16777216','{AAE9017F-C95B-11D3-9A06-00105A0DF099}',NULL)       
INSERT INTO ToolOptionSet VALUES ('{A9E5146F-6C9A-11D3-843A-005004848CBA}','16777216','{AAE902F1-C95B-11D3-9A06-00105A0DF099}',NULL)       
INSERT INTO ToolOptionSet VALUES ('{A9E5146F-6C9A-11D3-843A-005004848CBA}','16777216','{AAE90365-C95B-11D3-9A06-00105A0DF099}',NULL)       
INSERT INTO ToolOptionSet VALUES ('{A9E5146F-6C9A-11D3-843A-005004848CBA}','16777216','{AAE9037C-C95B-11D3-9A06-00105A0DF099}',NULL)       
INSERT INTO ToolOptionSet VALUES ('{A9E5146F-6C9A-11D3-843A-005004848CBA}','16777216','{AAE903D4-C95B-11D3-9A06-00105A0DF099}',NULL)       
INSERT INTO ToolOptionSet VALUES ('{A9E5146F-6C9A-11D3-843A-005004848CBA}','16777216','{AAE9040E-C95B-11D3-9A06-00105A0DF099}',NULL)      
	//MFC EXE Release settings
INSERT INTO ToolOptionSet VALUES ('{A9E5146F-6C9A-11D3-843A-005004848CBA}','16777232','{AAE9017A-C95B-11D3-9A06-00105A0DF099}',NULL)       
INSERT INTO ToolOptionSet VALUES ('{A9E5146F-6C9A-11D3-843A-005004848CBA}','16777232','{AAE9018E-C95B-11D3-9A06-00105A0DF099}',NULL)       
INSERT INTO ToolOptionSet VALUES ('{A9E5146F-6C9A-11D3-843A-005004848CBA}','16777232','{AAE90365-C95B-11D3-9A06-00105A0DF099}',NULL)       
INSERT INTO ToolOptionSet VALUES ('{A9E5146F-6C9A-11D3-843A-005004848CBA}','16777232','{AAE9037C-C95B-11D3-9A06-00105A0DF099}',NULL)       
INSERT INTO ToolOptionSet VALUES ('{A9E5146F-6C9A-11D3-843A-005004848CBA}','16777232','{AAE903D4-C95B-11D3-9A06-00105A0DF099}',NULL)       
INSERT INTO ToolOptionSet VALUES ('{A9E5146F-6C9A-11D3-843A-005004848CBA}','16777232','{AAE9040E-C95B-11D3-9A06-00105A0DF099}',NULL)      
	// EXE Debug settings
INSERT INTO ToolOptionSet VALUES ('{A9E5146F-6C9A-11D3-843A-005004848CBA}','16777472','{AAE90166-C95B-11D3-9A06-00105A0DF099}',NULL)       
INSERT INTO ToolOptionSet VALUES ('{A9E5146F-6C9A-11D3-843A-005004848CBA}','16777472','{AAE90167-C95B-11D3-9A06-00105A0DF099}',NULL)       
INSERT INTO ToolOptionSet VALUES ('{A9E5146F-6C9A-11D3-843A-005004848CBA}','16777472','{AAE90168-C95B-11D3-9A06-00105A0DF099}',NULL)       
INSERT INTO ToolOptionSet VALUES ('{A9E5146F-6C9A-11D3-843A-005004848CBA}','16777472','{AAE90169-C95B-11D3-9A06-00105A0DF099}',NULL)       
INSERT INTO ToolOptionSet VALUES ('{A9E5146F-6C9A-11D3-843A-005004848CBA}','16777472','{AAE902F1-C95B-11D3-9A06-00105A0DF099}',NULL)       
INSERT INTO ToolOptionSet VALUES ('{A9E5146F-6C9A-11D3-843A-005004848CBA}','16777472','{AAE90365-C95B-11D3-9A06-00105A0DF099}',NULL)       
INSERT INTO ToolOptionSet VALUES ('{A9E5146F-6C9A-11D3-843A-005004848CBA}','16777472','{AAE9037C-C95B-11D3-9A06-00105A0DF099}',NULL)       
INSERT INTO ToolOptionSet VALUES ('{A9E5146F-6C9A-11D3-843A-005004848CBA}','16777472','{AAE903D4-C95B-11D3-9A06-00105A0DF099}',NULL)       
INSERT INTO ToolOptionSet VALUES ('{A9E5146F-6C9A-11D3-843A-005004848CBA}','16777472','{AAE90403-C95B-11D3-9A06-00105A0DF099}',NULL)      
	//MFC EXE Debug settings
INSERT INTO ToolOptionSet VALUES ('{A9E5146F-6C9A-11D3-843A-005004848CBA}','16777488','{AAE90172-C95B-11D3-9A06-00105A0DF099}',NULL)       
INSERT INTO ToolOptionSet VALUES ('{A9E5146F-6C9A-11D3-843A-005004848CBA}','16777488','{AAE9017A-C95B-11D3-9A06-00105A0DF099}',NULL)       
INSERT INTO ToolOptionSet VALUES ('{A9E5146F-6C9A-11D3-843A-005004848CBA}','16777488','{AAE90365-C95B-11D3-9A06-00105A0DF099}',NULL)       
INSERT INTO ToolOptionSet VALUES ('{A9E5146F-6C9A-11D3-843A-005004848CBA}','16777488','{AAE9037C-C95B-11D3-9A06-00105A0DF099}',NULL)       
INSERT INTO ToolOptionSet VALUES ('{A9E5146F-6C9A-11D3-843A-005004848CBA}','16777488','{AAE903D4-C95B-11D3-9A06-00105A0DF099}',NULL)       
INSERT INTO ToolOptionSet VALUES ('{A9E5146F-6C9A-11D3-843A-005004848CBA}','16777488','{AAE90403-C95B-11D3-9A06-00105A0DF099}',NULL)      
	//DLL Release settings
INSERT INTO ToolOptionSet VALUES ('{A9E5146F-6C9A-11D3-843A-005004848CBA}','33554432','{AAE90166-C95B-11D3-9A06-00105A0DF099}',NULL)       
INSERT INTO ToolOptionSet VALUES ('{A9E5146F-6C9A-11D3-843A-005004848CBA}','33554432','{AAE9017F-C95B-11D3-9A06-00105A0DF099}',NULL)       
INSERT INTO ToolOptionSet VALUES ('{A9E5146F-6C9A-11D3-843A-005004848CBA}','33554432','{AAE90183-C95B-11D3-9A06-00105A0DF099}',NULL)       
INSERT INTO ToolOptionSet VALUES ('{A9E5146F-6C9A-11D3-843A-005004848CBA}','33554432','{AAE902F1-C95B-11D3-9A06-00105A0DF099}',NULL)       
INSERT INTO ToolOptionSet VALUES ('{A9E5146F-6C9A-11D3-843A-005004848CBA}','33554432','{AAE90371-C95B-11D3-9A06-00105A0DF099}',NULL)       
INSERT INTO ToolOptionSet VALUES ('{A9E5146F-6C9A-11D3-843A-005004848CBA}','33554432','{AAE9037C-C95B-11D3-9A06-00105A0DF099}',NULL)       
INSERT INTO ToolOptionSet VALUES ('{A9E5146F-6C9A-11D3-843A-005004848CBA}','33554432','{AAE903D4-C95B-11D3-9A06-00105A0DF099}',NULL)       
INSERT INTO ToolOptionSet VALUES ('{A9E5146F-6C9A-11D3-843A-005004848CBA}','33554432','{AAE9040E-C95B-11D3-9A06-00105A0DF099}',NULL)      
	//ATL DLL Release MinSize settings
INSERT INTO ToolOptionSet VALUES ('{A9E5146F-6C9A-11D3-843A-005004848CBA}','33554433','{AAE90183-C95B-11D3-9A06-00105A0DF099}',NULL)       
INSERT INTO ToolOptionSet VALUES ('{A9E5146F-6C9A-11D3-843A-005004848CBA}','33554433','{AAE90194-C95B-11D3-9A06-00105A0DF099}',NULL)       
INSERT INTO ToolOptionSet VALUES ('{A9E5146F-6C9A-11D3-843A-005004848CBA}','33554433','{AAE90371-C95B-11D3-9A06-00105A0DF099}',NULL)       
INSERT INTO ToolOptionSet VALUES ('{A9E5146F-6C9A-11D3-843A-005004848CBA}','33554433','{AAE9037C-C95B-11D3-9A06-00105A0DF099}',NULL)       
INSERT INTO ToolOptionSet VALUES ('{A9E5146F-6C9A-11D3-843A-005004848CBA}','33554433','{AAE903D4-C95B-11D3-9A06-00105A0DF099}',NULL)       
INSERT INTO ToolOptionSet VALUES ('{A9E5146F-6C9A-11D3-843A-005004848CBA}','33554433','{AAE9040E-C95B-11D3-9A06-00105A0DF099}',NULL)      
	//ATL DLL Release MinDep settings
INSERT INTO ToolOptionSet VALUES ('{A9E5146F-6C9A-11D3-843A-005004848CBA}','33554434','{AAE90183-C95B-11D3-9A06-00105A0DF099}',NULL)       
INSERT INTO ToolOptionSet VALUES ('{A9E5146F-6C9A-11D3-843A-005004848CBA}','33554434','{AAE90194-C95B-11D3-9A06-00105A0DF099}',NULL)       
INSERT INTO ToolOptionSet VALUES ('{A9E5146F-6C9A-11D3-843A-005004848CBA}','33554434','{AAE90371-C95B-11D3-9A06-00105A0DF099}',NULL)       
INSERT INTO ToolOptionSet VALUES ('{A9E5146F-6C9A-11D3-843A-005004848CBA}','33554434','{AAE9037C-C95B-11D3-9A06-00105A0DF099}',NULL)       
INSERT INTO ToolOptionSet VALUES ('{A9E5146F-6C9A-11D3-843A-005004848CBA}','33554434','{AAE903D4-C95B-11D3-9A06-00105A0DF099}',NULL)       
INSERT INTO ToolOptionSet VALUES ('{A9E5146F-6C9A-11D3-843A-005004848CBA}','33554434','{AAE9040E-C95B-11D3-9A06-00105A0DF099}',NULL)      
	//ATL EXE Release MinSize settings
INSERT INTO ToolOptionSet VALUES ('{A9E5146F-6C9A-11D3-843A-005004848CBA}','16777217','{AAE9017D-C95B-11D3-9A06-00105A0DF099}',NULL)       
INSERT INTO ToolOptionSet VALUES ('{A9E5146F-6C9A-11D3-843A-005004848CBA}','16777217','{AAE90194-C95B-11D3-9A06-00105A0DF099}',NULL)       
INSERT INTO ToolOptionSet VALUES ('{A9E5146F-6C9A-11D3-843A-005004848CBA}','16777217','{AAE90365-C95B-11D3-9A06-00105A0DF099}',NULL)       
INSERT INTO ToolOptionSet VALUES ('{A9E5146F-6C9A-11D3-843A-005004848CBA}','16777217','{AAE9037C-C95B-11D3-9A06-00105A0DF099}',NULL)       
INSERT INTO ToolOptionSet VALUES ('{A9E5146F-6C9A-11D3-843A-005004848CBA}','16777217','{AAE903D4-C95B-11D3-9A06-00105A0DF099}',NULL)       
INSERT INTO ToolOptionSet VALUES ('{A9E5146F-6C9A-11D3-843A-005004848CBA}','16777217','{AAE9040E-C95B-11D3-9A06-00105A0DF099}',NULL)      
	//ATL EXE Release MinDep settings
INSERT INTO ToolOptionSet VALUES ('{A9E5146F-6C9A-11D3-843A-005004848CBA}','16777218','{AAE9017D-C95B-11D3-9A06-00105A0DF099}',NULL)       
INSERT INTO ToolOptionSet VALUES ('{A9E5146F-6C9A-11D3-843A-005004848CBA}','16777218','{AAE90194-C95B-11D3-9A06-00105A0DF099}',NULL)       
INSERT INTO ToolOptionSet VALUES ('{A9E5146F-6C9A-11D3-843A-005004848CBA}','16777218','{AAE90365-C95B-11D3-9A06-00105A0DF099}',NULL)       
INSERT INTO ToolOptionSet VALUES ('{A9E5146F-6C9A-11D3-843A-005004848CBA}','16777218','{AAE9037C-C95B-11D3-9A06-00105A0DF099}',NULL)       
INSERT INTO ToolOptionSet VALUES ('{A9E5146F-6C9A-11D3-843A-005004848CBA}','16777218','{AAE903D4-C95B-11D3-9A06-00105A0DF099}',NULL)       
INSERT INTO ToolOptionSet VALUES ('{A9E5146F-6C9A-11D3-843A-005004848CBA}','16777218','{AAE9040E-C95B-11D3-9A06-00105A0DF099}',NULL)      
	//MFC DLL Release settings
INSERT INTO ToolOptionSet VALUES ('{A9E5146F-6C9A-11D3-843A-005004848CBA}','33554448','{AAE90183-C95B-11D3-9A06-00105A0DF099}',NULL)       
INSERT INTO ToolOptionSet VALUES ('{A9E5146F-6C9A-11D3-843A-005004848CBA}','33554448','{AAE90194-C95B-11D3-9A06-00105A0DF099}',NULL)       
INSERT INTO ToolOptionSet VALUES ('{A9E5146F-6C9A-11D3-843A-005004848CBA}','33554448','{AAE90371-C95B-11D3-9A06-00105A0DF099}',NULL)       
INSERT INTO ToolOptionSet VALUES ('{A9E5146F-6C9A-11D3-843A-005004848CBA}','33554448','{AAE9037C-C95B-11D3-9A06-00105A0DF099}',NULL)       
INSERT INTO ToolOptionSet VALUES ('{A9E5146F-6C9A-11D3-843A-005004848CBA}','33554448','{AAE903D4-C95B-11D3-9A06-00105A0DF099}',NULL)       
INSERT INTO ToolOptionSet VALUES ('{A9E5146F-6C9A-11D3-843A-005004848CBA}','33554448','{AAE9040E-C95B-11D3-9A06-00105A0DF099}',NULL)      
	// DLL Debug settings
INSERT INTO ToolOptionSet VALUES ('{A9E5146F-6C9A-11D3-843A-005004848CBA}','33554688','{AAE90166-C95B-11D3-9A06-00105A0DF099}',NULL)       
INSERT INTO ToolOptionSet VALUES ('{A9E5146F-6C9A-11D3-843A-005004848CBA}','33554688','{AAE90167-C95B-11D3-9A06-00105A0DF099}',NULL)       
INSERT INTO ToolOptionSet VALUES ('{A9E5146F-6C9A-11D3-843A-005004848CBA}','33554688','{AAE90169-C95B-11D3-9A06-00105A0DF099}',NULL)       
INSERT INTO ToolOptionSet VALUES ('{A9E5146F-6C9A-11D3-843A-005004848CBA}','33554688','{AAE9016B-C95B-11D3-9A06-00105A0DF099}',NULL)       
INSERT INTO ToolOptionSet VALUES ('{A9E5146F-6C9A-11D3-843A-005004848CBA}','33554688','{AAE902F1-C95B-11D3-9A06-00105A0DF099}',NULL)       
INSERT INTO ToolOptionSet VALUES ('{A9E5146F-6C9A-11D3-843A-005004848CBA}','33554688','{AAE90371-C95B-11D3-9A06-00105A0DF099}',NULL)       
INSERT INTO ToolOptionSet VALUES ('{A9E5146F-6C9A-11D3-843A-005004848CBA}','33554688','{AAE9037C-C95B-11D3-9A06-00105A0DF099}',NULL)       
INSERT INTO ToolOptionSet VALUES ('{A9E5146F-6C9A-11D3-843A-005004848CBA}','33554688','{AAE903D4-C95B-11D3-9A06-00105A0DF099}',NULL)       
INSERT INTO ToolOptionSet VALUES ('{A9E5146F-6C9A-11D3-843A-005004848CBA}','33554688','{AAE90403-C95B-11D3-9A06-00105A0DF099}',NULL)      
	// ATL DLL Debug settings
INSERT INTO ToolOptionSet VALUES ('{A9E5146F-6C9A-11D3-843A-005004848CBA}','33554689','{AAE9016B-C95B-11D3-9A06-00105A0DF099}',NULL)       
INSERT INTO ToolOptionSet VALUES ('{A9E5146F-6C9A-11D3-843A-005004848CBA}','33554689','{AAE90173-C95B-11D3-9A06-00105A0DF099}',NULL)       
INSERT INTO ToolOptionSet VALUES ('{A9E5146F-6C9A-11D3-843A-005004848CBA}','33554689','{AAE90194-C95B-11D3-9A06-00105A0DF099}',NULL)       
INSERT INTO ToolOptionSet VALUES ('{A9E5146F-6C9A-11D3-843A-005004848CBA}','33554689','{AAE90371-C95B-11D3-9A06-00105A0DF099}',NULL)       
INSERT INTO ToolOptionSet VALUES ('{A9E5146F-6C9A-11D3-843A-005004848CBA}','33554689','{AAE9037C-C95B-11D3-9A06-00105A0DF099}',NULL)       
INSERT INTO ToolOptionSet VALUES ('{A9E5146F-6C9A-11D3-843A-005004848CBA}','33554689','{AAE903D4-C95B-11D3-9A06-00105A0DF099}',NULL)       
INSERT INTO ToolOptionSet VALUES ('{A9E5146F-6C9A-11D3-843A-005004848CBA}','33554689','{AAE90403-C95B-11D3-9A06-00105A0DF099}',NULL)      
	// ATL EXE Debug settings
INSERT INTO ToolOptionSet VALUES ('{A9E5146F-6C9A-11D3-843A-005004848CBA}','16777473','{AAE90168-C95B-11D3-9A06-00105A0DF099}',NULL)       	
INSERT INTO ToolOptionSet VALUES ('{A9E5146F-6C9A-11D3-843A-005004848CBA}','16777473','{AAE90173-C95B-11D3-9A06-00105A0DF099}',NULL)       
INSERT INTO ToolOptionSet VALUES ('{A9E5146F-6C9A-11D3-843A-005004848CBA}','16777473','{AAE90194-C95B-11D3-9A06-00105A0DF099}',NULL)       
INSERT INTO ToolOptionSet VALUES ('{A9E5146F-6C9A-11D3-843A-005004848CBA}','16777473','{AAE90365-C95B-11D3-9A06-00105A0DF099}',NULL)       
INSERT INTO ToolOptionSet VALUES ('{A9E5146F-6C9A-11D3-843A-005004848CBA}','16777473','{AAE9037C-C95B-11D3-9A06-00105A0DF099}',NULL)       
INSERT INTO ToolOptionSet VALUES ('{A9E5146F-6C9A-11D3-843A-005004848CBA}','16777473','{AAE903D4-C95B-11D3-9A06-00105A0DF099}',NULL)       
INSERT INTO ToolOptionSet VALUES ('{A9E5146F-6C9A-11D3-843A-005004848CBA}','16777473','{AAE90403-C95B-11D3-9A06-00105A0DF099}',NULL)      
	// MFC DLL Debug settings
INSERT INTO ToolOptionSet VALUES ('{A9E5146F-6C9A-11D3-843A-005004848CBA}','33554704','{AAE9016B-C95B-11D3-9A06-00105A0DF099}',NULL)       
INSERT INTO ToolOptionSet VALUES ('{A9E5146F-6C9A-11D3-843A-005004848CBA}','33554704','{AAE90173-C95B-11D3-9A06-00105A0DF099}',NULL)       
INSERT INTO ToolOptionSet VALUES ('{A9E5146F-6C9A-11D3-843A-005004848CBA}','33554704','{AAE90194-C95B-11D3-9A06-00105A0DF099}',NULL)       
INSERT INTO ToolOptionSet VALUES ('{A9E5146F-6C9A-11D3-843A-005004848CBA}','33554704','{AAE90371-C95B-11D3-9A06-00105A0DF099}',NULL)       
INSERT INTO ToolOptionSet VALUES ('{A9E5146F-6C9A-11D3-843A-005004848CBA}','33554704','{AAE9037C-C95B-11D3-9A06-00105A0DF099}',NULL)       
INSERT INTO ToolOptionSet VALUES ('{A9E5146F-6C9A-11D3-843A-005004848CBA}','33554704','{AAE903D4-C95B-11D3-9A06-00105A0DF099}',NULL)       
INSERT INTO ToolOptionSet VALUES ('{A9E5146F-6C9A-11D3-843A-005004848CBA}','33554704','{AAE90403-C95B-11D3-9A06-00105A0DF099}',NULL)      
	// MFC ActiveX Control release settings
INSERT INTO ToolOptionSet VALUES ('{A9E5146F-6C9A-11D3-843A-005004848CBA}','33558544','{AAE90183-C95B-11D3-9A06-00105A0DF099}',NULL)       
INSERT INTO ToolOptionSet VALUES ('{A9E5146F-6C9A-11D3-843A-005004848CBA}','33558544','{AAE90194-C95B-11D3-9A06-00105A0DF099}',NULL)       
INSERT INTO ToolOptionSet VALUES ('{A9E5146F-6C9A-11D3-843A-005004848CBA}','33558544','{AAE90371-C95B-11D3-9A06-00105A0DF099}',NULL)       
INSERT INTO ToolOptionSet VALUES ('{A9E5146F-6C9A-11D3-843A-005004848CBA}','33558544','{AAE9037C-C95B-11D3-9A06-00105A0DF099}',NULL)       
INSERT INTO ToolOptionSet VALUES ('{A9E5146F-6C9A-11D3-843A-005004848CBA}','33558544','{AAE903D4-C95B-11D3-9A06-00105A0DF099}',NULL)       
INSERT INTO ToolOptionSet VALUES ('{A9E5146F-6C9A-11D3-843A-005004848CBA}','33558544','{AAE9040E-C95B-11D3-9A06-00105A0DF099}',NULL)      
	// MFC ActiveX Control debug settings
INSERT INTO ToolOptionSet VALUES ('{A9E5146F-6C9A-11D3-843A-005004848CBA}','33558800','{AAE9016B-C95B-11D3-9A06-00105A0DF099}',NULL)       
INSERT INTO ToolOptionSet VALUES ('{A9E5146F-6C9A-11D3-843A-005004848CBA}','33558800','{AAE90173-C95B-11D3-9A06-00105A0DF099}',NULL)       
INSERT INTO ToolOptionSet VALUES ('{A9E5146F-6C9A-11D3-843A-005004848CBA}','33558800','{AAE90194-C95B-11D3-9A06-00105A0DF099}',NULL)       
INSERT INTO ToolOptionSet VALUES ('{A9E5146F-6C9A-11D3-843A-005004848CBA}','33558800','{AAE90371-C95B-11D3-9A06-00105A0DF099}',NULL)       
INSERT INTO ToolOptionSet VALUES ('{A9E5146F-6C9A-11D3-843A-005004848CBA}','33558800','{AAE9037C-C95B-11D3-9A06-00105A0DF099}',NULL)       
INSERT INTO ToolOptionSet VALUES ('{A9E5146F-6C9A-11D3-843A-005004848CBA}','33558800','{AAE903D4-C95B-11D3-9A06-00105A0DF099}',NULL)       
INSERT INTO ToolOptionSet VALUES ('{A9E5146F-6C9A-11D3-843A-005004848CBA}','33558800','{AAE90403-C95B-11D3-9A06-00105A0DF099}',NULL)      
	// Concole application release settings
INSERT INTO ToolOptionSet VALUES ('{A9E5146F-6C9A-11D3-843A-005004848CBA}','50331648','{AAE90166-C95B-11D3-9A06-00105A0DF099}',NULL)       
INSERT INTO ToolOptionSet VALUES ('{A9E5146F-6C9A-11D3-843A-005004848CBA}','50331648','{AAE9016E-C95B-11D3-9A06-00105A0DF099}',NULL)       
INSERT INTO ToolOptionSet VALUES ('{A9E5146F-6C9A-11D3-843A-005004848CBA}','50331648','{AAE90189-C95B-11D3-9A06-00105A0DF099}',NULL)       
INSERT INTO ToolOptionSet VALUES ('{A9E5146F-6C9A-11D3-843A-005004848CBA}','50331648','{AAE90365-C95B-11D3-9A06-00105A0DF099}',NULL)       
INSERT INTO ToolOptionSet VALUES ('{A9E5146F-6C9A-11D3-843A-005004848CBA}','50331648','{AAE9037C-C95B-11D3-9A06-00105A0DF099}',NULL)       
INSERT INTO ToolOptionSet VALUES ('{A9E5146F-6C9A-11D3-843A-005004848CBA}','50331648','{AAE903D4-C95B-11D3-9A06-00105A0DF099}',NULL)       
INSERT INTO ToolOptionSet VALUES ('{A9E5146F-6C9A-11D3-843A-005004848CBA}','50331648','{AAE9040E-C95B-11D3-9A06-00105A0DF099}',NULL)      
	// Concole application debug settings
INSERT INTO ToolOptionSet VALUES ('{A9E5146F-6C9A-11D3-843A-005004848CBA}','50331904','{AAE90166-C95B-11D3-9A06-00105A0DF099}',NULL)       
INSERT INTO ToolOptionSet VALUES ('{A9E5146F-6C9A-11D3-843A-005004848CBA}','50331904','{AAE90167-C95B-11D3-9A06-00105A0DF099}',NULL)       
INSERT INTO ToolOptionSet VALUES ('{A9E5146F-6C9A-11D3-843A-005004848CBA}','50331904','{AAE9016E-C95B-11D3-9A06-00105A0DF099}',NULL)       
INSERT INTO ToolOptionSet VALUES ('{A9E5146F-6C9A-11D3-843A-005004848CBA}','50331904','{AAE9016F-C95B-11D3-9A06-00105A0DF099}',NULL)       
INSERT INTO ToolOptionSet VALUES ('{A9E5146F-6C9A-11D3-843A-005004848CBA}','50331904','{AAE90365-C95B-11D3-9A06-00105A0DF099}',NULL)       
INSERT INTO ToolOptionSet VALUES ('{A9E5146F-6C9A-11D3-843A-005004848CBA}','50331904','{AAE9037C-C95B-11D3-9A06-00105A0DF099}',NULL)       
INSERT INTO ToolOptionSet VALUES ('{A9E5146F-6C9A-11D3-843A-005004848CBA}','50331904','{AAE903D4-C95B-11D3-9A06-00105A0DF099}',NULL)       
INSERT INTO ToolOptionSet VALUES ('{A9E5146F-6C9A-11D3-843A-005004848CBA}','50331904','{AAE90403-C95B-11D3-9A06-00105A0DF099}',NULL)      


// VCRC X86
	//EXE Release settings
INSERT INTO ToolOptionSet VALUES ('{A9E51470-6C9A-11D3-843A-005004848CBA}','16777216','{AAE90162-C95B-11D3-9A06-00105A0DF099}',NULL)       
INSERT INTO ToolOptionSet VALUES ('{A9E51470-6C9A-11D3-843A-005004848CBA}','16777216','{AF53B9B3-D81A-11d3-9918-00105A1E7FA9}',NULL)        
INSERT INTO ToolOptionSet VALUES ('{A9E51470-6C9A-11D3-843A-005004848CBA}','16777216','{AAE90180-C95B-11D3-9A06-00105A0DF099}',NULL)       
INSERT INTO ToolOptionSet VALUES ('{A9E51470-6C9A-11D3-843A-005004848CBA}','16777216','{AC19F042-D2D2-11d3-9917-00105A1E7FA9}',NULL)        
INSERT INTO ToolOptionSet VALUES ('{A9E51470-6C9A-11D3-843A-005004848CBA}','16777216','{CF87FD63-D430-11d3-9918-00105A1E7FA9}',NULL)        
	//MFC EXE Release settings
INSERT INTO ToolOptionSet VALUES ('{A9E51470-6C9A-11D3-843A-005004848CBA}','16777232','{AAE90162-C95B-11D3-9A06-00105A0DF099}',NULL)       
INSERT INTO ToolOptionSet VALUES ('{A9E51470-6C9A-11D3-843A-005004848CBA}','16777232','{AF53B9B3-D81A-11d3-9918-00105A1E7FA9}',NULL)        
INSERT INTO ToolOptionSet VALUES ('{A9E51470-6C9A-11D3-843A-005004848CBA}','16777232','{AAE90180-C95B-11D3-9A06-00105A0DF099}',NULL)       
INSERT INTO ToolOptionSet VALUES ('{A9E51470-6C9A-11D3-843A-005004848CBA}','16777232','{AC19F042-D2D2-11d3-9917-00105A1E7FA9}',NULL)        
INSERT INTO ToolOptionSet VALUES ('{A9E51470-6C9A-11D3-843A-005004848CBA}','16777232','{CF87FD63-D430-11d3-9918-00105A1E7FA9}',NULL)        
	// EXE Debug settings
INSERT INTO ToolOptionSet VALUES ('{A9E51470-6C9A-11D3-843A-005004848CBA}','16777472','{AC19F042-D2D2-11d3-9917-00105A1E7FA9}',NULL)        
INSERT INTO ToolOptionSet VALUES ('{A9E51470-6C9A-11D3-843A-005004848CBA}','16777472','{AAE90162-C95B-11D3-9A06-00105A0DF099}',NULL)       
INSERT INTO ToolOptionSet VALUES ('{A9E51470-6C9A-11D3-843A-005004848CBA}','16777472','{AF53B9B3-D81A-11d3-9918-00105A1E7FA9}',NULL)        
INSERT INTO ToolOptionSet VALUES ('{A9E51470-6C9A-11D3-843A-005004848CBA}','16777472','{AAE90161-C95B-11D3-9A06-00105A0DF099}',NULL)       
INSERT INTO ToolOptionSet VALUES ('{A9E51470-6C9A-11D3-843A-005004848CBA}','16777472','{CF87FD63-D430-11d3-9918-00105A1E7FA9}',NULL)        
	//MFC EXE Debug settings
INSERT INTO ToolOptionSet VALUES ('{A9E51470-6C9A-11D3-843A-005004848CBA}','16777488','{AAE90162-C95B-11D3-9A06-00105A0DF099}',NULL)       
INSERT INTO ToolOptionSet VALUES ('{A9E51470-6C9A-11D3-843A-005004848CBA}','16777488','{AF53B9B3-D81A-11d3-9918-00105A1E7FA9}',NULL)        
INSERT INTO ToolOptionSet VALUES ('{A9E51470-6C9A-11D3-843A-005004848CBA}','16777488','{AAE90161-C95B-11D3-9A06-00105A0DF099}',NULL)       
INSERT INTO ToolOptionSet VALUES ('{A9E51470-6C9A-11D3-843A-005004848CBA}','16777488','{AC19F042-D2D2-11d3-9917-00105A1E7FA9}',NULL)        
INSERT INTO ToolOptionSet VALUES ('{A9E51470-6C9A-11D3-843A-005004848CBA}','16777488','{CF87FD63-D430-11d3-9918-00105A1E7FA9}',NULL)        
	//DLL Release settings
INSERT INTO ToolOptionSet VALUES ('{A9E51470-6C9A-11D3-843A-005004848CBA}','33554432','{AAE90162-C95B-11D3-9A06-00105A0DF099}',NULL)       
INSERT INTO ToolOptionSet VALUES ('{A9E51470-6C9A-11D3-843A-005004848CBA}','33554432','{AF53B9B3-D81A-11d3-9918-00105A1E7FA9}',NULL)        
INSERT INTO ToolOptionSet VALUES ('{A9E51470-6C9A-11D3-843A-005004848CBA}','33554432','{AAE90180-C95B-11D3-9A06-00105A0DF099}',NULL)       
INSERT INTO ToolOptionSet VALUES ('{A9E51470-6C9A-11D3-843A-005004848CBA}','33554432','{AC19F042-D2D2-11d3-9917-00105A1E7FA9}',NULL)        
INSERT INTO ToolOptionSet VALUES ('{A9E51470-6C9A-11D3-843A-005004848CBA}','33554432','{CF87FD63-D430-11d3-9918-00105A1E7FA9}',NULL)        
	//ATL DLL Release MinSize settings
INSERT INTO ToolOptionSet VALUES ('{A9E51470-6C9A-11D3-843A-005004848CBA}','33554433','{AAE90162-C95B-11D3-9A06-00105A0DF099}',NULL)       
INSERT INTO ToolOptionSet VALUES ('{A9E51470-6C9A-11D3-843A-005004848CBA}','33554433','{AF53B9B3-D81A-11d3-9918-00105A1E7FA9}',NULL)        
INSERT INTO ToolOptionSet VALUES ('{A9E51470-6C9A-11D3-843A-005004848CBA}','33554433','{AAE90180-C95B-11D3-9A06-00105A0DF099}',NULL)       
INSERT INTO ToolOptionSet VALUES ('{A9E51470-6C9A-11D3-843A-005004848CBA}','33554433','{AC19F042-D2D2-11d3-9917-00105A1E7FA9}',NULL)        
INSERT INTO ToolOptionSet VALUES ('{A9E51470-6C9A-11D3-843A-005004848CBA}','33554433','{CF87FD63-D430-11d3-9918-00105A1E7FA9}',NULL)        
	//ATL DLL Release MinDep settings
INSERT INTO ToolOptionSet VALUES ('{A9E51470-6C9A-11D3-843A-005004848CBA}','33554434','{AAE90162-C95B-11D3-9A06-00105A0DF099}',NULL)       
INSERT INTO ToolOptionSet VALUES ('{A9E51470-6C9A-11D3-843A-005004848CBA}','33554434','{AF53B9B3-D81A-11d3-9918-00105A1E7FA9}',NULL)        
INSERT INTO ToolOptionSet VALUES ('{A9E51470-6C9A-11D3-843A-005004848CBA}','33554434','{AAE90180-C95B-11D3-9A06-00105A0DF099}',NULL)       
INSERT INTO ToolOptionSet VALUES ('{A9E51470-6C9A-11D3-843A-005004848CBA}','33554434','{AC19F042-D2D2-11d3-9917-00105A1E7FA9}',NULL)        
INSERT INTO ToolOptionSet VALUES ('{A9E51470-6C9A-11D3-843A-005004848CBA}','33554434','{CF87FD63-D430-11d3-9918-00105A1E7FA9}',NULL)        
	//ATL EXE Release MinSize settings
INSERT INTO ToolOptionSet VALUES ('{A9E51470-6C9A-11D3-843A-005004848CBA}','16777217','{AAE90162-C95B-11D3-9A06-00105A0DF099}',NULL)       
INSERT INTO ToolOptionSet VALUES ('{A9E51470-6C9A-11D3-843A-005004848CBA}','16777217','{AF53B9B3-D81A-11d3-9918-00105A1E7FA9}',NULL)        
INSERT INTO ToolOptionSet VALUES ('{A9E51470-6C9A-11D3-843A-005004848CBA}','16777217','{AAE90180-C95B-11D3-9A06-00105A0DF099}',NULL)       
INSERT INTO ToolOptionSet VALUES ('{A9E51470-6C9A-11D3-843A-005004848CBA}','16777217','{AC19F042-D2D2-11d3-9917-00105A1E7FA9}',NULL)        
INSERT INTO ToolOptionSet VALUES ('{A9E51470-6C9A-11D3-843A-005004848CBA}','16777217','{CF87FD63-D430-11d3-9918-00105A1E7FA9}',NULL)        
	//ATL EXE Release MinDep settings
INSERT INTO ToolOptionSet VALUES ('{A9E51470-6C9A-11D3-843A-005004848CBA}','16777218','{AAE90162-C95B-11D3-9A06-00105A0DF099}',NULL)       
INSERT INTO ToolOptionSet VALUES ('{A9E51470-6C9A-11D3-843A-005004848CBA}','16777218','{AF53B9B3-D81A-11d3-9918-00105A1E7FA9}',NULL)        
INSERT INTO ToolOptionSet VALUES ('{A9E51470-6C9A-11D3-843A-005004848CBA}','16777218','{AAE90180-C95B-11D3-9A06-00105A0DF099}',NULL)       
INSERT INTO ToolOptionSet VALUES ('{A9E51470-6C9A-11D3-843A-005004848CBA}','16777218','{AC19F042-D2D2-11d3-9917-00105A1E7FA9}',NULL)        
INSERT INTO ToolOptionSet VALUES ('{A9E51470-6C9A-11D3-843A-005004848CBA}','16777218','{CF87FD63-D430-11d3-9918-00105A1E7FA9}',NULL)        
	//MFC DLL Release settings
INSERT INTO ToolOptionSet VALUES ('{A9E51470-6C9A-11D3-843A-005004848CBA}','33554448','{AAE90162-C95B-11D3-9A06-00105A0DF099}',NULL)       
INSERT INTO ToolOptionSet VALUES ('{A9E51470-6C9A-11D3-843A-005004848CBA}','33554448','{AF53B9B3-D81A-11d3-9918-00105A1E7FA9}',NULL)        
INSERT INTO ToolOptionSet VALUES ('{A9E51470-6C9A-11D3-843A-005004848CBA}','33554448','{AAE90180-C95B-11D3-9A06-00105A0DF099}',NULL)       
INSERT INTO ToolOptionSet VALUES ('{A9E51470-6C9A-11D3-843A-005004848CBA}','33554448','{AC19F042-D2D2-11d3-9917-00105A1E7FA9}',NULL)        
INSERT INTO ToolOptionSet VALUES ('{A9E51470-6C9A-11D3-843A-005004848CBA}','33554448','{CF87FD63-D430-11d3-9918-00105A1E7FA9}',NULL)        
	// DLL Debug settings
INSERT INTO ToolOptionSet VALUES ('{A9E51470-6C9A-11D3-843A-005004848CBA}','33554688','{AAE90162-C95B-11D3-9A06-00105A0DF099}',NULL)       
INSERT INTO ToolOptionSet VALUES ('{A9E51470-6C9A-11D3-843A-005004848CBA}','33554688','{AF53B9B3-D81A-11d3-9918-00105A1E7FA9}',NULL)        
INSERT INTO ToolOptionSet VALUES ('{A9E51470-6C9A-11D3-843A-005004848CBA}','33554688','{AAE90161-C95B-11D3-9A06-00105A0DF099}',NULL)       
INSERT INTO ToolOptionSet VALUES ('{A9E51470-6C9A-11D3-843A-005004848CBA}','33554688','{AC19F042-D2D2-11d3-9917-00105A1E7FA9}',NULL)        
INSERT INTO ToolOptionSet VALUES ('{A9E51470-6C9A-11D3-843A-005004848CBA}','33554688','{CF87FD63-D430-11d3-9918-00105A1E7FA9}',NULL)        
	// ATL DLL Debug settings
INSERT INTO ToolOptionSet VALUES ('{A9E51470-6C9A-11D3-843A-005004848CBA}','33554689','{AAE90162-C95B-11D3-9A06-00105A0DF099}',NULL)       
INSERT INTO ToolOptionSet VALUES ('{A9E51470-6C9A-11D3-843A-005004848CBA}','33554689','{AF53B9B3-D81A-11d3-9918-00105A1E7FA9}',NULL)        
INSERT INTO ToolOptionSet VALUES ('{A9E51470-6C9A-11D3-843A-005004848CBA}','33554689','{AAE90161-C95B-11D3-9A06-00105A0DF099}',NULL)       
INSERT INTO ToolOptionSet VALUES ('{A9E51470-6C9A-11D3-843A-005004848CBA}','33554689','{AC19F042-D2D2-11d3-9917-00105A1E7FA9}',NULL)        
INSERT INTO ToolOptionSet VALUES ('{A9E51470-6C9A-11D3-843A-005004848CBA}','33554689','{CF87FD63-D430-11d3-9918-00105A1E7FA9}',NULL)        
	// ATL EXE Debug settings
INSERT INTO ToolOptionSet VALUES ('{A9E51470-6C9A-11D3-843A-005004848CBA}','16777473','{AAE90162-C95B-11D3-9A06-00105A0DF099}',NULL)       
INSERT INTO ToolOptionSet VALUES ('{A9E51470-6C9A-11D3-843A-005004848CBA}','16777473','{AF53B9B3-D81A-11d3-9918-00105A1E7FA9}',NULL)        
INSERT INTO ToolOptionSet VALUES ('{A9E51470-6C9A-11D3-843A-005004848CBA}','16777473','{AAE90161-C95B-11D3-9A06-00105A0DF099}',NULL)       
INSERT INTO ToolOptionSet VALUES ('{A9E51470-6C9A-11D3-843A-005004848CBA}','16777473','{AC19F042-D2D2-11d3-9917-00105A1E7FA9}',NULL)        
INSERT INTO ToolOptionSet VALUES ('{A9E51470-6C9A-11D3-843A-005004848CBA}','16777473','{CF87FD63-D430-11d3-9918-00105A1E7FA9}',NULL)        
	// MFC DLL Debug settings
INSERT INTO ToolOptionSet VALUES ('{A9E51470-6C9A-11D3-843A-005004848CBA}','33554704','{AAE90162-C95B-11D3-9A06-00105A0DF099}',NULL)       
INSERT INTO ToolOptionSet VALUES ('{A9E51470-6C9A-11D3-843A-005004848CBA}','33554704','{AF53B9B3-D81A-11d3-9918-00105A1E7FA9}',NULL)        
INSERT INTO ToolOptionSet VALUES ('{A9E51470-6C9A-11D3-843A-005004848CBA}','33554704','{AAE90161-C95B-11D3-9A06-00105A0DF099}',NULL)       
INSERT INTO ToolOptionSet VALUES ('{A9E51470-6C9A-11D3-843A-005004848CBA}','33554704','{AC19F042-D2D2-11d3-9917-00105A1E7FA9}',NULL)        
INSERT INTO ToolOptionSet VALUES ('{A9E51470-6C9A-11D3-843A-005004848CBA}','33554704','{CF87FD63-D430-11d3-9918-00105A1E7FA9}',NULL)        
	// MFC ActiveX Control release settings
INSERT INTO ToolOptionSet VALUES ('{A9E51470-6C9A-11D3-843A-005004848CBA}','33558544','{AAE90162-C95B-11D3-9A06-00105A0DF099}',NULL)       
INSERT INTO ToolOptionSet VALUES ('{A9E51470-6C9A-11D3-843A-005004848CBA}','33558544','{AF53B9B3-D81A-11d3-9918-00105A1E7FA9}',NULL)        
INSERT INTO ToolOptionSet VALUES ('{A9E51470-6C9A-11D3-843A-005004848CBA}','33558544','{AAE90180-C95B-11D3-9A06-00105A0DF099}',NULL)       
INSERT INTO ToolOptionSet VALUES ('{A9E51470-6C9A-11D3-843A-005004848CBA}','33558544','{AC19F042-D2D2-11d3-9917-00105A1E7FA9}',NULL)        
INSERT INTO ToolOptionSet VALUES ('{A9E51470-6C9A-11D3-843A-005004848CBA}','33558544','{CF87FD63-D430-11d3-9918-00105A1E7FA9}',NULL)        
	// MFC ActiveX Control debug settings
INSERT INTO ToolOptionSet VALUES ('{A9E51470-6C9A-11D3-843A-005004848CBA}','33558800','{AAE90162-C95B-11D3-9A06-00105A0DF099}',NULL)       
INSERT INTO ToolOptionSet VALUES ('{A9E51470-6C9A-11D3-843A-005004848CBA}','33558800','{AF53B9B3-D81A-11d3-9918-00105A1E7FA9}',NULL)        
INSERT INTO ToolOptionSet VALUES ('{A9E51470-6C9A-11D3-843A-005004848CBA}','33558800','{AAE90161-C95B-11D3-9A06-00105A0DF099}',NULL)       
INSERT INTO ToolOptionSet VALUES ('{A9E51470-6C9A-11D3-843A-005004848CBA}','33558800','{AC19F042-D2D2-11d3-9917-00105A1E7FA9}',NULL)        
INSERT INTO ToolOptionSet VALUES ('{A9E51470-6C9A-11D3-843A-005004848CBA}','33558800','{CF87FD63-D430-11d3-9918-00105A1E7FA9}',NULL)        
	// Concole application release settings
INSERT INTO ToolOptionSet VALUES ('{A9E51470-6C9A-11D3-843A-005004848CBA}','50331648','{AF53B9B3-D81A-11d3-9918-00105A1E7FA9}',NULL)        
INSERT INTO ToolOptionSet VALUES ('{A9E51470-6C9A-11D3-843A-005004848CBA}','50331648','{AAE90180-C95B-11D3-9A06-00105A0DF099}',NULL)       
INSERT INTO ToolOptionSet VALUES ('{A9E51470-6C9A-11D3-843A-005004848CBA}','50331648','{AC19F042-D2D2-11d3-9917-00105A1E7FA9}',NULL)        
INSERT INTO ToolOptionSet VALUES ('{A9E51470-6C9A-11D3-843A-005004848CBA}','50331648','{CF87FD63-D430-11d3-9918-00105A1E7FA9}',NULL)        
	// Concole application debug settings
INSERT INTO ToolOptionSet VALUES ('{A9E51470-6C9A-11D3-843A-005004848CBA}','50331904','{AAE90162-C95B-11D3-9A06-00105A0DF099}',NULL)       
INSERT INTO ToolOptionSet VALUES ('{A9E51470-6C9A-11D3-843A-005004848CBA}','50331904','{AF53B9B3-D81A-11d3-9918-00105A1E7FA9}',NULL)        
INSERT INTO ToolOptionSet VALUES ('{A9E51470-6C9A-11D3-843A-005004848CBA}','50331904','{AAE90161-C95B-11D3-9A06-00105A0DF099}',NULL)       
INSERT INTO ToolOptionSet VALUES ('{A9E51470-6C9A-11D3-843A-005004848CBA}','50331904','{AC19F042-D2D2-11d3-9917-00105A1E7FA9}',NULL)        
INSERT INTO ToolOptionSet VALUES ('{A9E51470-6C9A-11D3-843A-005004848CBA}','50331904','{CF87FD63-D430-11d3-9918-00105A1E7FA9}',NULL)        
    // Static Library release settings
INSERT INTO ToolOptionSet VALUES ('{A9E51470-6C9A-11D3-843A-005004848CBA}','67108864','{AF53B9B3-D81A-11d3-9918-00105A1E7FA9}',NULL)        
INSERT INTO ToolOptionSet VALUES ('{A9E51470-6C9A-11D3-843A-005004848CBA}','67108864','{AC19F042-D2D2-11d3-9917-00105A1E7FA9}',NULL)        
INSERT INTO ToolOptionSet VALUES ('{A9E51470-6C9A-11D3-843A-005004848CBA}','67108864','{CF87FD63-D430-11d3-9918-00105A1E7FA9}',NULL)        
	// Static Library debug settings
INSERT INTO ToolOptionSet VALUES ('{A9E51470-6C9A-11D3-843A-005004848CBA}','67109120','{AF53B9B3-D81A-11d3-9918-00105A1E7FA9}',NULL) 
INSERT INTO ToolOptionSet VALUES ('{A9E51470-6C9A-11D3-843A-005004848CBA}','67109120','{AC19F042-D2D2-11d3-9917-00105A1E7FA9}',NULL) 
INSERT INTO ToolOptionSet VALUES ('{A9E51470-6C9A-11D3-843A-005004848CBA}','67109120','{CF87FD63-D430-11d3-9918-00105A1E7FA9}',NULL) 

// MIDL X86
	//EXE Release settings
INSERT INTO ToolOptionSet VALUES ('{A9E51471-6C9A-11D3-843A-005004848CBA}','16777216','{AAE90176-C95B-11D3-9A06-00105A0DF099}',NULL)       
INSERT INTO ToolOptionSet VALUES ('{A9E51471-6C9A-11D3-843A-005004848CBA}','16777216','{AAE903C2-C95B-11D3-9A06-00105A0DF099}',NULL)       
	//MFC EXE Release settings
INSERT INTO ToolOptionSet VALUES ('{A9E51471-6C9A-11D3-843A-005004848CBA}','16777232','{AAE90176-C95B-11D3-9A06-00105A0DF099}',NULL)       
INSERT INTO ToolOptionSet VALUES ('{A9E51471-6C9A-11D3-843A-005004848CBA}','16777232','{AAE903C2-C95B-11D3-9A06-00105A0DF099}',NULL)       
	// EXE Debug settings
INSERT INTO ToolOptionSet VALUES ('{A9E51471-6C9A-11D3-843A-005004848CBA}','16777472','{AAE90176-C95B-11D3-9A06-00105A0DF099}',NULL)       
INSERT INTO ToolOptionSet VALUES ('{A9E51471-6C9A-11D3-843A-005004848CBA}','16777472','{AAE90177-C95B-11D3-9A06-00105A0DF099}',NULL)       
	//MFC EXE Debug settings
INSERT INTO ToolOptionSet VALUES ('{A9E51471-6C9A-11D3-843A-005004848CBA}','16777488','{AAE90176-C95B-11D3-9A06-00105A0DF099}',NULL)       
INSERT INTO ToolOptionSet VALUES ('{A9E51471-6C9A-11D3-843A-005004848CBA}','16777488','{AAE90177-C95B-11D3-9A06-00105A0DF099}',NULL)       
	//DLL Release settings
INSERT INTO ToolOptionSet VALUES ('{A9E51471-6C9A-11D3-843A-005004848CBA}','33554432','{AAE90176-C95B-11D3-9A06-00105A0DF099}',NULL)       
INSERT INTO ToolOptionSet VALUES ('{A9E51471-6C9A-11D3-843A-005004848CBA}','33554432','{AAE903C2-C95B-11D3-9A06-00105A0DF099}',NULL)       
	//ATL DLL Release MinSize settings
INSERT INTO ToolOptionSet VALUES ('{A9E51471-6C9A-11D3-843A-005004848CBA}','33554433','{AAE90176-C95B-11D3-9A06-00105A0DF099}',NULL)       
INSERT INTO ToolOptionSet VALUES ('{A9E51471-6C9A-11D3-843A-005004848CBA}','33554433','{AAE903C2-C95B-11D3-9A06-00105A0DF099}',NULL)       
	//ATL DLL Release MinDep settings
INSERT INTO ToolOptionSet VALUES ('{A9E51471-6C9A-11D3-843A-005004848CBA}','33554434','{AAE90176-C95B-11D3-9A06-00105A0DF099}',NULL)       
INSERT INTO ToolOptionSet VALUES ('{A9E51471-6C9A-11D3-843A-005004848CBA}','33554434','{AAE903C2-C95B-11D3-9A06-00105A0DF099}',NULL)       
	//ATL EXE Release MinSize settings
INSERT INTO ToolOptionSet VALUES ('{A9E51471-6C9A-11D3-843A-005004848CBA}','16777217','{AAE90176-C95B-11D3-9A06-00105A0DF099}',NULL)       
INSERT INTO ToolOptionSet VALUES ('{A9E51471-6C9A-11D3-843A-005004848CBA}','16777217','{AAE903C2-C95B-11D3-9A06-00105A0DF099}',NULL)       
	//ATL EXE Release MinDep settings
INSERT INTO ToolOptionSet VALUES ('{A9E51471-6C9A-11D3-843A-005004848CBA}','16777218','{AAE90176-C95B-11D3-9A06-00105A0DF099}',NULL)       
INSERT INTO ToolOptionSet VALUES ('{A9E51471-6C9A-11D3-843A-005004848CBA}','16777218','{AAE903C2-C95B-11D3-9A06-00105A0DF099}',NULL)       
	//MFC DLL Release settings
INSERT INTO ToolOptionSet VALUES ('{A9E51471-6C9A-11D3-843A-005004848CBA}','33554448','{AAE90176-C95B-11D3-9A06-00105A0DF099}',NULL)       
INSERT INTO ToolOptionSet VALUES ('{A9E51471-6C9A-11D3-843A-005004848CBA}','33554448','{AAE903C2-C95B-11D3-9A06-00105A0DF099}',NULL)       
	// DLL Debug settings
INSERT INTO ToolOptionSet VALUES ('{A9E51471-6C9A-11D3-843A-005004848CBA}','33554688','{AAE90176-C95B-11D3-9A06-00105A0DF099}',NULL)       
INSERT INTO ToolOptionSet VALUES ('{A9E51471-6C9A-11D3-843A-005004848CBA}','33554688','{AAE90177-C95B-11D3-9A06-00105A0DF099}',NULL)       
	// ATL DLL Debug settings
INSERT INTO ToolOptionSet VALUES ('{A9E51471-6C9A-11D3-843A-005004848CBA}','33554689','{AAE90176-C95B-11D3-9A06-00105A0DF099}',NULL)       
INSERT INTO ToolOptionSet VALUES ('{A9E51471-6C9A-11D3-843A-005004848CBA}','33554689','{AAE90177-C95B-11D3-9A06-00105A0DF099}',NULL)       
	// ATL EXE Debug settings
INSERT INTO ToolOptionSet VALUES ('{A9E51471-6C9A-11D3-843A-005004848CBA}','16777473','{AAE90176-C95B-11D3-9A06-00105A0DF099}',NULL)       
INSERT INTO ToolOptionSet VALUES ('{A9E51471-6C9A-11D3-843A-005004848CBA}','16777473','{AAE90177-C95B-11D3-9A06-00105A0DF099}',NULL)       
	// MFC DLL Debug settings
INSERT INTO ToolOptionSet VALUES ('{A9E51471-6C9A-11D3-843A-005004848CBA}','33554704','{AAE90176-C95B-11D3-9A06-00105A0DF099}',NULL)       
INSERT INTO ToolOptionSet VALUES ('{A9E51471-6C9A-11D3-843A-005004848CBA}','33554704','{AAE90177-C95B-11D3-9A06-00105A0DF099}',NULL)       
	// MFC ActiveX Control release settings
INSERT INTO ToolOptionSet VALUES ('{A9E51471-6C9A-11D3-843A-005004848CBA}','33558544','{AAE90176-C95B-11D3-9A06-00105A0DF099}',NULL)       
INSERT INTO ToolOptionSet VALUES ('{A9E51471-6C9A-11D3-843A-005004848CBA}','33558544','{AAE903C2-C95B-11D3-9A06-00105A0DF099}',NULL)       
	// MFC ActiveX Control debug settings
INSERT INTO ToolOptionSet VALUES ('{A9E51471-6C9A-11D3-843A-005004848CBA}','33558800','{AAE90176-C95B-11D3-9A06-00105A0DF099}',NULL)       
INSERT INTO ToolOptionSet VALUES ('{A9E51471-6C9A-11D3-843A-005004848CBA}','33558800','{AAE90177-C95B-11D3-9A06-00105A0DF099}',NULL)       
	// Concole application release settings
INSERT INTO ToolOptionSet VALUES ('{A9E51471-6C9A-11D3-843A-005004848CBA}','50331648','{AAE90176-C95B-11D3-9A06-00105A0DF099}',NULL)       
INSERT INTO ToolOptionSet VALUES ('{A9E51471-6C9A-11D3-843A-005004848CBA}','50331648','{AAE903C2-C95B-11D3-9A06-00105A0DF099}',NULL)       
	// Concole application debug settings
INSERT INTO ToolOptionSet VALUES ('{A9E51471-6C9A-11D3-843A-005004848CBA}','50331904','{AAE90176-C95B-11D3-9A06-00105A0DF099}',NULL)       
INSERT INTO ToolOptionSet VALUES ('{A9E51471-6C9A-11D3-843A-005004848CBA}','50331904','{AAE90177-C95B-11D3-9A06-00105A0DF099}',NULL)       

// BSC X86
INSERT INTO ToolOptionSet VALUES ('{A9E51472-6C9A-11D3-843A-005004848CBA}','16777216','{AAE90178-C95B-11D3-9A06-00105A0DF099}',NULL)       
INSERT INTO ToolOptionSet VALUES ('{A9E51472-6C9A-11D3-843A-005004848CBA}','16777232','{AAE90178-C95B-11D3-9A06-00105A0DF099}',NULL)       
INSERT INTO ToolOptionSet VALUES ('{A9E51472-6C9A-11D3-843A-005004848CBA}','16777472','{AAE90178-C95B-11D3-9A06-00105A0DF099}',NULL)       
INSERT INTO ToolOptionSet VALUES ('{A9E51472-6C9A-11D3-843A-005004848CBA}','16777488','{AAE90178-C95B-11D3-9A06-00105A0DF099}',NULL)       
INSERT INTO ToolOptionSet VALUES ('{A9E51472-6C9A-11D3-843A-005004848CBA}','33554432','{AAE90178-C95B-11D3-9A06-00105A0DF099}',NULL)       
INSERT INTO ToolOptionSet VALUES ('{A9E51472-6C9A-11D3-843A-005004848CBA}','33554433','{AAE90176-C95B-11D3-9A06-00105A0DF099}',NULL)       
INSERT INTO ToolOptionSet VALUES ('{A9E51472-6C9A-11D3-843A-005004848CBA}','33554434','{AAE90176-C95B-11D3-9A06-00105A0DF099}',NULL)       
//ATL EXE Release MinSize settings
INSERT INTO ToolOptionSet VALUES ('{A9E51472-6C9A-11D3-843A-005004848CBA}','16777217','{AAE90176-C95B-11D3-9A06-00105A0DF099}',NULL)       
//ATL EXE Release MinDep settings
INSERT INTO ToolOptionSet VALUES ('{A9E51472-6C9A-11D3-843A-005004848CBA}','16777218','{AAE90176-C95B-11D3-9A06-00105A0DF099}',NULL)       
INSERT INTO ToolOptionSet VALUES ('{A9E51472-6C9A-11D3-843A-005004848CBA}','33554448','{AAE90178-C95B-11D3-9A06-00105A0DF099}',NULL)       
INSERT INTO ToolOptionSet VALUES ('{A9E51472-6C9A-11D3-843A-005004848CBA}','33554688','{AAE90178-C95B-11D3-9A06-00105A0DF099}',NULL)       
INSERT INTO ToolOptionSet VALUES ('{A9E51472-6C9A-11D3-843A-005004848CBA}','33554689','{AAE90176-C95B-11D3-9A06-00105A0DF099}',NULL)       
// ATL EXE Debug settings
INSERT INTO ToolOptionSet VALUES ('{A9E51472-6C9A-11D3-843A-005004848CBA}','16777473','{AAE90176-C95B-11D3-9A06-00105A0DF099}',NULL)       
INSERT INTO ToolOptionSet VALUES ('{A9E51472-6C9A-11D3-843A-005004848CBA}','33554704','{AAE90178-C95B-11D3-9A06-00105A0DF099}',NULL)       
INSERT INTO ToolOptionSet VALUES ('{A9E51472-6C9A-11D3-843A-005004848CBA}','33558544','{AAE90178-C95B-11D3-9A06-00105A0DF099}',NULL)       
INSERT INTO ToolOptionSet VALUES ('{A9E51472-6C9A-11D3-843A-005004848CBA}','33558800','{AAE90178-C95B-11D3-9A06-00105A0DF099}',NULL)       
INSERT INTO ToolOptionSet VALUES ('{A9E51472-6C9A-11D3-843A-005004848CBA}','50331648','{AAE90178-C95B-11D3-9A06-00105A0DF099}',NULL)       
INSERT INTO ToolOptionSet VALUES ('{A9E51472-6C9A-11D3-843A-005004848CBA}','50331904','{AAE90178-C95B-11D3-9A06-00105A0DF099}',NULL)       
INSERT INTO ToolOptionSet VALUES ('{A9E51472-6C9A-11D3-843A-005004848CBA}','67108864','{AAE90178-C95B-11D3-9A06-00105A0DF099}',NULL)       


// COFF X86
INSERT INTO ToolOptionSet VALUES ('{A9E51473-6C9A-11D3-843A-005004848CBA}','67108864','{AAE90179-C95B-11D3-9A06-00105A0DF099}',NULL)       
INSERT INTO ToolOptionSet VALUES ('{A9E51473-6C9A-11D3-843A-005004848CBA}','67109120','{AAE90179-C95B-11D3-9A06-00105A0DF099}',NULL)       
